candidate_id,vector,source_name,source_type,linear_prefilter_score,predicted_terminal_R_error_m,predicted_terminal_Z_error_m,predicted_terminal_Ip_error_A,predicted_late_RZ_rms_m,action_rms,delta_action_rms,repair_excess_rms,predicted_terminal_velocity_m_per_s,predicted_late_velocity_rms_m_per_s,proposal_rank_score,population_index,generation
s21g001_bc460db25d98c5d6,"[2.415683345523593,1.2134774513649513,0.47907036778035206,1.171504546461472,1.8784632928826452,0.10337591932725043,-0.34590544639889226,2.1786969706242534,-0.261960531873909,-0.8351852201650649,-1.3573135959693288,0.15977816185308458,-0.38147750995002294,-0.22123391397199035,0.06203426961659384]",stage2_1_best,anchor_best,2.947634467971685,-0.027034781159106402,0.032356932650176695,910.0316666423132,0.04186285671224476,0.46423275701462735,0.2510738098680628,0.06666684661029114,0.025682655346729942,0.0956928808711816,3.565933709682447,0,1
s21g001_bd35696f7b749e38,"[2.415683345523593,1.2134774513649513,0.47907036778035206,1.171504546461472,1.8784632928826452,0.10337591932725043,-0.26590544639889224,2.1786969706242534,-0.261960531873909,-0.8351852201650649,-1.2773135959693287,0.15977816185308458,-0.38147750995002294,-0.22123391397199035,0.06203426961659384]",damped_archive_00,anchor_damped,2.904674654523741,-0.02695800829421313,0.03183113554108735,917.7573506530716,0.04163010218179959,0.4617039613440122,0.2454642201904484,0.06575194255408535,0.03517376481220182,0.10426167924073138,3.6545587893872993,1,1
s21g001_1fb6156d9ad01715,"[2.415683345523593,1.2134774513649513,0.47907036778035206,1.171504546461472,1.8784632928826452,0.10337591932725043,-0.26590544639889224,2.1786969706242534,-0.261960531873909,-0.8351852201650649,-1.3573135959693288,0.15977816185308458,-0.38147750995002294,-0.14123391397199037,0.06203426961659384]",damped_archive_01,anchor_damped,2.920349309590149,-0.027158167541716516,0.03189360816497022,922.3677180085906,0.041709692936993156,0.46299792575255216,0.2513985011359627,0.06575194255408535,0.030994647724665807,0.10155512628158578,3.6243465349697876,2,1
s21g001_63c19d8845bea51c,"[2.415683345523593,1.2134774513649513,0.47907036778035206,1.171504546461472,1.8784632928826452,0.10337591932725043,-0.26590544639889224,2.1786969706242534,-0.226960531873909,-0.8351852201650649,-1.3573135959693288,0.15977816185308458,-0.38147750995002294,-0.22123391397199035,0.06203426961659384]",damped_archive_02,anchor_damped,2.9112512525363368,-0.027091345935297273,0.031860488224950495,899.2772343796569,0.041659837034064215,0.46504097289640595,0.2512337419564906,0.060653041006048194,0.03284121340936838,0.10379887733093392,3.6493237887588728,3,1
s21g001_a873691f2698c894,"[2.415683345523593,1.2134774513649513,0.47907036778035206,1.171504546461472,1.8784632928826452,0.10337591932725043,-0.26590544639889224,2.2586969706242535,-0.261960531873909,-0.8351852201650649,-1.3573135959693288,0.15977816185308458,-0.38147750995002294,-0.22123391397199035,0.06203426961659384]",damped_archive_03,anchor_damped,2.917906291630747,-0.027081529002904725,0.031878983376930674,909.5502591146869,0.041673615726633306,0.46446703815194074,0.2510631699624203,0.0786609648395056,0.03161302262011721,0.10435060386552025,3.660672857863466,4,1
s21g001_1b61c9b23e72f941,"[2.415683345523593,1.2134774513649513,0.47907036778035206,1.171504546461472,1.8784632928826452,0.10337591932725043,-0.26590544639889224,2.1786969706242534,-0.261960531873909,-0.8351852201650649,-1.3573135959693288,0.15977816185308458,-0.46147750995002296,-0.22123391397199035,0.06203426961659384]",damped_archive_04,anchor_damped,2.923254681216331,-0.027176894864193724,0.03192850590834069,911.0294244592515,0.04172160976297543,0.4653517125995663,0.250056554589371,0.06575194255408535,0.030563725275131744,0.10189670308455158,3.6308406032781932,5,1
s21g001_794cbf5904d43420,"[2.415683345523593,1.2134774513649513,0.47907036778035206,1.171504546461472,1.8784632928826452,0.10337591932725043,-0.26590544639889224,2.1786969706242534,-0.261960531873909,-0.8351852201650649,-1.3573135959693288,0.12477816185308457,-0.38147750995002294,-0.22123391397199035,0.06203426961659384]",damped_archive_05,anchor_damped,2.9215212784274502,-0.02716924335493942,0.03190639015519042,929.3019857078434,0.041713808058674015,0.4639711371567938,0.2501769357838752,0.06575194255408535,0.030035932333028058,0.10189205785762714,3.627926226056481,6,1
s21g001_ea023a37b923f803,"[2.322758309646906,1.4308406360843704,0.5997018582620294,1.281875236156665,1.9328697783597217,0.0856682885260331,0.04513322861476793,1.8468177480204557,-0.18779167480382203,-0.8972904606294464,-1.0318539392660229,0.07999671066322822,-0.44946963664677453,-0.4418277543739529,0.029514385972582095]",precise_archive_00,anchor_precise,2.7464134482642995,-0.026078756313551166,0.030653694648844418,933.1654892361803,0.040701686327094436,0.45795852235816464,0.22272936522508907,0.03413394014556501,0.08079354958570406,0.1414294799262161,4.275028722670314,7,1
s21g001_46261a350131ad70,"[2.318598194909734,1.3374512932664322,0.574558559950427,1.1964576812115744,1.8234452501909102,0.10521470787144416,-0.0215364361177653,1.8517852883086172,-0.4188591875971501,-0.6103390022064451,-0.901881653767449,0.31380941777069893,-0.64880594644225,-0.6309414571240329,0.08126849830297136]",precise_archive_01,anchor_precise,2.773372790426576,-0.027073945519585307,0.03001817021111937,823.4505018375494,0.0409142585947553,0.45289903685147653,0.20880257565171437,0.0339808579101658,0.07910587482881934,0.1229807573945993,3.9754710053694287,8,1
s21g001_f79bcef630f797d0,"[2.220974234746594,1.2737054564415586,0.4486918949954881,1.3448137536553675,2.062484208689524,0.04658160163475672,0.30859869457205164,1.7658500522590823,-0.23676304935122824,-1.007892673107946,-0.647590666666096,0.028988913296983693,-0.3187899187357653,-0.37152809739327,0.11836190539686756]",precise_archive_02,anchor_precise,2.6955261833751663,-0.026289904587391777,0.029405324934066057,1016.1945031772811,0.04049852748033753,0.44552252246364543,0.20385926431193485,0.052321481616354,0.11294676348055441,0.15790736032415487,4.762777920596058,9,1
s21g001_1f16f3fce79ba3a0,"[2.2836541170804106,1.4104346227009428,0.5588554722888872,1.2449034855037144,1.866091749092972,0.06701691783338905,-0.032447940493811195,2.516754241968375,-0.19055100741252376,-0.7308691653750885,-1.4103236560594568,-0.21634027248337886,-0.5745584855427442,0.04737458448213268,-0.013383337135488095]",precise_archive_03,anchor_precise,2.7766174581164473,-0.0256812124787118,0.031097152995619846,1181.19883529867,0.04074088471730168,0.4645592793784022,0.25450984745992056,0.11085796443337094,0.07709215185667663,0.14416926513659953,4.335639959494462,10,1
s21g001_aa1c3364297e7f64,"[2.415683345523593,1.2134774513649513,0.47907036778035206,1.171504546461472,1.8784632928826452,0.10337591932725043,-0.26590544639889224,2.1786969706242534,-0.261960531873909,-0.8351852201650649,-1.3573135959693288,0.15977816185308458,-0.38147750995002294,-0.22123391397199035,0.027034269616593838]",damped_archive_fill_06,anchor_damped,2.9221269702769477,-0.02718387969438174,0.031902660039474534,926.3059264334188,0.04171699705211889,0.4640135321094304,0.25044906933212296,0.06575194255408535,0.03056265149363343,0.10212113143015444,3.63268677509556,11,1
s21g001_861b6b4e944a436d,"[2.415683345523593,1.2134774513649513,0.47907036778035206,1.171504546461472,1.8784632928826452,0.10337591932725043,-0.34590544639889226,2.1786969706242534,-0.261960531873909,-0.8351852201650649,-1.2773135959693287,0.15977816185308458,-0.38147750995002294,-0.22123391397199035,0.06203426961659384]",tail_fd_n2_m0_m,sensitivity,2.9301105414468953,-0.026805105692462528,0.03228716808987961,918.2967489445,0.0417758561837202,0.46184835022119425,0.24615046298145074,0.06666684661029114,0.030181352803779586,0.09799213263908364,3.5861523072893373,12,1
s21g001_07109070aa84fae5,"[2.415683345523593,1.2134774513649513,0.47907036778035206,1.171504546461472,1.8784632928826452,0.10337591932725043,-0.18590544639889223,2.1786969706242534,-0.261960531873909,-0.8351852201650649,-1.2773135959693287,0.15977816185308458,-0.38147750995002294,-0.22123391397199035,0.06203426961659384]",tail_fd_n2_m0_p,sensitivity,2.879653677367746,-0.027111368841560846,0.03137367662591167,917.2167719962345,0.041485867371278046,0.4616772098116923,0.2449218229260907,0.06483960193625792,0.04137917187847425,0.11117540281847506,3.742979995125199,13,1
s21g001_7c91e2a982568638,"[2.415683345523593,1.2134774513649513,0.47907036778035206,1.171504546461472,1.8784632928826452,0.10337591932725043,-0.26590544639889224,2.0986969706242533,-0.261960531873909,-0.8351852201650649,-1.2773135959693287,0.15977816185308458,-0.38147750995002294,-0.22123391397199035,0.06203426961659384]",tail_fd_n2_m1_m,sensitivity,2.9102833330253035,-0.0270686899267496,0.03185603458378783,917.7406843927274,0.04167729255917371,0.46128277503248355,0.24488333701959233,0.05335603024723167,0.034468374557485235,0.10221648815913802,3.6309994219407002,14,1
s21g001_3b484e26a8eb095c,"[2.415683345523593,1.2134774513649513,0.47907036778035206,1.171504546461472,1.8784632928826452,0.10337591932725043,-0.26590544639889224,2.2586969706242535,-0.261960531873909,-0.8351852201650649,-1.2773135959693287,0.15977816185308458,-0.38147750995002294,-0.22123391397199035,0.06203426961659384]",tail_fd_n2_m1_p,sensitivity,2.9004247837893447,-0.02685185353626085,0.031809218816633594,917.8153414168737,0.04158640560658127,0.4621085722956569,0.2461251445326858,0.0786609648395056,0.03607923284997604,0.10662362421718256,3.6849434909742946,15,1
s21g001_17fdbf279904b174,"[2.415683345523593,1.2134774513649513,0.47907036778035206,1.171504546461472,1.8784632928826452,0.10337591932725043,-0.26590544639889224,2.1786969706242534,-0.29696053187390903,-0.8351852201650649,-1.2773135959693287,0.15977816185308458,-0.38147750995002294,-0.22123391397199035,0.06203426961659384]",tail_fd_n2_m2_m,sensitivity,2.917256343297431,-0.027065218565650695,0.0318800957335648,927.6674566644324,0.04169717109135668,0.4606548441409605,0.24467650385694587,0.07097993545052682,0.03304211019622259,0.10231535501594677,3.6359167515976565,16,1
s21g001_41c83606e3d44c23,"[2.415683345523593,1.2134774513649513,0.47907036778035206,1.171504546461472,1.8784632928826452,0.10337591932725043,-0.26590544639889224,2.1786969706242534,-0.226960531873909,-0.8351852201650649,-1.2773135959693287,0.15977816185308458,-0.38147750995002294,-0.22123391397199035,0.06203426961659384]",tail_fd_n2_m2_p,sensitivity,2.8937680194261404,-0.026861670468653398,0.031790723664653416,907.5423166818437,0.04157259674834552,0.46266073141025554,0.2462764257307583,0.060653041006048194,0.03733991086641801,0.10609812909883598,3.674260277336824,17,1
s21g001_e4c1ab2d5f75b1f4,"[2.415683345523593,1.2134774513649513,0.47907036778035206,1.171504546461472,1.8784632928826452,0.10337591932725043,-0.26590544639889224,2.1786969706242534,-0.261960531873909,-0.9151852201650649,-1.2773135959693287,0.15977816185308458,-0.38147750995002294,-0.22123391397199035,0.06203426961659384]",tail_fd_n3_m0_m,sensitivity,2.9145964025239404,-0.026863556269918543,0.03206334009036038,918.661460830881,0.041678385285940374,0.4639463600628795,0.24673251253439837,0.06575194255408535,0.031066147127937004,0.10305721605888173,3.638726430749509,18,1
s21g001_9074cd16ab1a2a8f,"[2.415683345523593,1.2134774513649513,0.47907036778035206,1.171504546461472,1.8784632928826452,0.10337591932725043,-0.26590544639889224,2.1786969706242534,-0.261960531873909,-0.755185220165065,-1.2773135959693287,0.15977816185308458,-0.38147750995002294,-0.22123391397199035,0.06203426961659384]",tail_fd_n3_m0_p,sensitivity,2.894871173211164,-0.02705246031850783,0.03159893099181431,916.8532404752659,0.0415822510803905,0.45963023202460324,0.2443626201580939,0.06575194255408535,0.039765786922085565,0.10559375301849587,3.674969940519331,19,1
s21g001_06a164d5de55750f,"[2.415683345523593,1.2134774513649513,0.47907036778035206,1.171504546461472,1.8784632928826452,0.10337591932725043,-0.26590544639889224,2.1786969706242534,-0.261960531873909,-0.8351852201650649,-1.3573135959693288,0.15977816185308458,-0.38147750995002294,-0.22123391397199035,0.06203426961659384]",tail_fd_n3_m1_m,sensitivity,2.9222063039472856,-0.027187683760857007,0.03190090010138444,909.4922683508848,0.041717449763310446,0.46408910998224934,0.25040645931724936,0.06575194255408535,0.030675067355152193,0.10196242747282934,3.630901775500674,20,1
s21g001_88a2f726364c6f86,"[2.415683345523593,1.2134774513649513,0.47907036778035206,1.171504546461472,1.8784632928826452,0.10337591932725043,-0.26590544639889224,2.1786969706242534,-0.261960531873909,-0.8351852201650649,-1.1973135959693286,0.15977816185308458,-0.38147750995002294,-0.22123391397199035,0.06203426961659384]",tail_fd_n3_m1_p,sensitivity,2.887253662436858,-0.026728332827569368,0.03176137098079025,926.022432955262,0.04154303916740714,0.45948609685437636,0.24059640064694376,0.06575194255408535,0.03990861147883292,0.10665205823495895,3.682351066066703,21,1
s21g001_470edb922d4abf1a,"[2.415683345523593,1.2134774513649513,0.47907036778035206,1.171504546461472,1.8784632928826452,0.10337591932725043,-0.26590544639889224,2.1786969706242534,-0.261960531873909,-0.8351852201650649,-1.2773135959693287,0.12477816185308457,-0.38147750995002294,-0.22123391397199035,0.06203426961659384]",tail_fd_n3_m2_m,sensitivity,2.9039971616133022,-0.026939567888295546,0.03183662559489333,937.5670680100302,0.041626486224078586,0.46158537891835916,0.245230071002952,0.06575194255408535,0.03456296521444845,0.10420788978748484,3.651661590475271,22,1
s21g001_148c8d0e6df122c5,"[2.415683345523593,1.2134774513649513,0.47907036778035206,1.171504546461472,1.8784632928826452,0.10337591932725043,-0.26590544639889224,2.1786969706242534,-0.261960531873909,-0.8351852201650649,-1.2773135959693287,0.19477816185308458,-0.38147750995002294,-0.22123391397199035,0.06203426961659384]",tail_fd_n3_m2_p,sensitivity,2.905353918609371,-0.026976448700130717,0.03182564548728138,897.9476332961167,0.04163372136399865,0.4618567213243987,0.2457311188413073,0.06575194255408535,0.03586908286844672,0.1043063010580588,3.657571895940129,23,1
s21g001_5665bd9c10e74563,"[2.415683345523593,1.2134774513649513,0.47907036778035206,1.171504546461472,1.8784632928826452,0.10337591932725043,-0.26590544639889224,2.1786969706242534,-0.261960531873909,-0.8351852201650649,-1.2773135959693287,0.15977816185308458,-0.46147750995002296,-0.22123391397199035,0.06203426961659384]",tail_fd_n4_m0_m,sensitivity,2.905724042286828,-0.02694721939754996,0.031858741348043604,919.2945067614419,0.04163427506393312,0.46297306869405075,0.24510726023316964,0.06575194255408535,0.035062422732181346,0.10419595485245361,3.6544439198565306,24,1
s21g001_0c546bfc7642193c,"[2.415683345523593,1.2134774513649513,0.47907036778035206,1.171504546461472,1.8784632928826452,0.10337591932725043,-0.26590544639889224,2.1786969706242534,-0.261960531873909,-0.8351852201650649,-1.2773135959693287,0.15977816185308458,-0.3014775099500229,-0.22123391397199035,0.06203426961659384]",tail_fd_n4_m0_p,sensitivity,2.903628854251873,-0.026968797190876415,0.0318035297341311,916.220194544705,0.04162593439006213,0.4605857745607676,0.24588952845182643,0.06575194255408535,0.03581513905221629,0.10464679407134798,3.660336048850131,25,1
s21g001_17fd6459f7f403a9,"[2.415683345523593,1.2134774513649513,0.47907036778035206,1.171504546461472,1.8784632928826452,0.10337591932725043,-0.26590544639889224,2.1786969706242534,-0.261960531873909,-0.8351852201650649,-1.2773135959693287,0.15977816185308458,-0.38147750995002294,-0.30123391397199034,0.06203426961659384]",tail_fd_n4_m1_m,sensitivity,2.906522935225743,-0.02698752451335351,0.03183842747750157,904.8819009953659,0.04163782981816311,0.4629079368246897,0.244586583352036,0.06575194255408535,0.034757925593670254,0.10454230097701023,3.6591979290127785,26,1
s21g001_2f8aa7e5bc414234,"[2.415683345523593,1.2134774513649513,0.47907036778035206,1.171504546461472,1.8784632928826452,0.10337591932725043,-0.26590544639889224,2.1786969706242534,-0.261960531873909,-0.8351852201650649,-1.2773135959693287,0.15977816185308458,-0.38147750995002294,-0.14123391397199037,0.06203426961659384]",tail_fd_n4_m1_p,sensitivity,2.9028302099068126,-0.026928492075072752,0.03182384360467314,930.6328003107774,0.041622378989452063,0.4606512347627406,0.24640745213051055,0.06575194255408535,0.03558305149124979,0.10392126940100353,3.6491215494813622,27,1
s21g001_dd0aa93bda40e35b,"[2.415683345523593,1.2134774513649513,0.47907036778035206,1.171504546461472,1.8784632928826452,0.10337591932725043,-0.26590544639889224,2.1786969706242534,-0.261960531873909,-0.8351852201650649,-1.2773135959693287,0.15977816185308458,-0.38147750995002294,-0.22123391397199035,0.027034269616593838]",tail_fd_n4_m2_m,sensitivity,2.9045968013631254,-0.026954204227737977,0.03183289547917745,934.5710087356056,0.04162965400323321,0.46162799297411133,0.24550768797581515,0.06575194255408535,0.035061348950683004,0.10442038319805654,3.6563573057914627,28,1
s21g001_8091e088fa622b28,"[2.415683345523593,1.2134774513649513,0.47907036778035206,1.171504546461472,1.8784632928826452,0.10337591932725043,-0.26590544639889224,2.1786969706242534,-0.261960531873909,-0.8351852201650649,-1.2773135959693287,0.15977816185308458,-0.38147750995002294,-0.22123391397199035,0.09703426961659384]",tail_fd_n4_m2_p,sensitivity,2.904753222485148,-0.026961812360688397,0.03182937560299724,900.9436925705413,0.041630550471520186,0.46180939159616735,0.24543394918727343,0.06575194255408535,0.03534477910139599,0.1040349342803436,3.6519894826220765,29,1
s21g001_8374c7e3e943b19d,"[2.1972467542117213,1.3240923364679058,0.549851656694034,1.097138028294717,1.8764131408292495,0.0066214632172290865,-0.09745631318351954,1.8372362192597393,-0.4629092446965937,-1.1802762700454374,-1.2089157758620175,0.1340276451792662,-0.6106225303370286,-0.5787584302145486,0.020893811673849096]",damped_parent_22,damped_tail,3.0149381954651138,-0.02612309200691787,0.03415834462554773,989.2295907849511,0.042222809771449286,0.46858380779185665,0.23217489301390884,0.03864151472897353,0.0,0.06581844854175126,3.296522626413919,30,1
s21g001_b59532965a842f91,"[2.176698824324,1.3342272818156236,0.5201675538336353,1.1207414812433465,1.883880061618622,-0.04114045191136527,-0.0944216635087408,1.7733367292763622,-0.4434303517341243,-0.8676740537824147,-1.08439814089439,0.05495000784935916,-0.2820480624820772,-0.8958590829453609,0.10677240858793119]",damped_parent_22,damped_tail,2.9854789907369153,-0.026494587844265616,0.03334237814497579,959.3313681033214,0.042136780100596155,0.4540074799066895,0.2168388499230469,0.028563579419177556,0.009071455296462794,0.06991164116497284,3.3060556283534606,31,1
s21g001_a51948e2795921e0,"[2.227648326887195,1.3224873190563715,0.5568486350093673,1.1690462859055832,1.7785321210821425,-0.022827277459345742,-0.24731978113009018,2.030383158901242,-0.30044636509014677,-1.2588552460819813,-1.0292649675582606,0.05212990023265952,-0.24437615759580913,-0.5093048669307118,0.14227970516852192]",damped_parent_18,damped_tail,2.9508611780450047,-0.02540116183597918,0.03380982721972041,955.8704887901913,0.04188570522024748,0.46432918715611443,0.2328917953346165,0.0463870797866387,0.007174013873922299,0.0777425601246621,3.3455163722301036,32,1
s21g001_33ae79127b19e7b2,"[2.2334168932597214,1.290774657812911,0.5433395328981836,1.1885504303544803,1.886014628962634,-0.014684068367534723,-0.29839713489508113,2.200286866102226,-0.28985198909650045,-1.1228942104462252,-1.2743319415891357,0.04749399259832728,0.21382069878980228,-0.13783438998345304,0.15141749660525708]",damped_parent_21,damped_tail,2.9840718515343974,-0.025704855116539083,0.03386215935030656,975.9622849569314,0.042047737459704304,0.45756321396480804,0.2542247846177476,0.07631618228741087,0.004188531913764344,0.07734573121410773,3.3735394234280642,33,1
s21g001_808e7e4641469075,"[2.388055851527881,1.2111965248487515,0.497491459683687,1.1409288444038208,1.880784942916907,0.09717718092685362,-0.5444278149553825,2.3377948146149787,-0.29624829455095064,-0.6094051387529014,-1.3792699491603142,0.22354102576572088,-0.6326281176216254,0.16899663618650482,-0.011895193660773774]",damped_parent_11,damped_tail,2.994963185313355,-0.02650956013367045,0.03314525038801812,981.51867553802,0.04210879704298456,0.4594815378590509,0.258796882692368,0.10026266213458629,0.02137609869857633,0.07641071132839579,3.390464793529593,34,1
s21g001_6d49e59dc933d700,"[2.119540251695873,1.3991290810215313,0.5234865541876651,1.2721533734269515,1.9187539142730394,0.053043206758740566,-0.30915614824121523,2.1312233236942237,-0.3964247210371468,-0.5482055370111384,-1.0931920775436343,0.19041012959083145,-0.460776011458091,0.09334498832493371,-0.025063745635516804]",damped_parent_23,damped_tail,2.869751997573492,-0.025128287914329306,0.032713797251830386,1062.5286838255888,0.04142974930882192,0.43896418510323126,0.22670194991519385,0.08291109286773743,0.04281899428601642,0.08458033600956844,3.398922477648746,35,1
s21g001_6637bd2b3b8162ac,"[2.260624341249677,1.328014558510664,0.553743569384908,1.1637354388160037,1.884959368803744,-0.004627551772280532,-0.11651752140336,1.882925974488843,-0.4240190165435783,-1.016713889577599,-1.1080588817092807,-0.027271018251435297,-0.33146687770984895,-0.9447408022321238,-0.12900782859078663]",damped_parent_22,damped_tail,2.9369407708430577,-0.026446837744501184,0.032861844935820526,1086.1583409621417,0.04179569224169317,0.46737228521690466,0.22374618253987896,0.04282280762513269,0.014280719105447738,0.0841098403572201,3.4039188745985705,36,1
s21g001_e68c8fc4a64bcf67,"[2.3182323583480327,1.2739570217805787,0.5241090298695255,1.071133226563857,1.932694210004446,0.1337424964754465,-0.25059050734265154,2.2371708261398724,-0.2896328121769398,-0.9672875928984397,-1.2504637048609608,0.019761510378345976,-0.40436223259269055,-0.1039217565716389,0.1396077895641087]",damped_parent_19,damped_tail,2.9255242561433596,-0.025258811108822554,0.03347169086163211,978.0548439509294,0.041696469585053346,0.4610216695438693,0.2449778023670459,0.08086975697920072,0.014233373334241461,0.0865251948370681,3.419244475423395,37,1
s21g001_70ba9ec6d04a5cc7,"[2.3431802432409863,1.2567043555450044,0.5155502254906575,1.0762609335517062,2.008928551539893,0.14259415017198895,-0.3030962201843457,1.9992998667121018,-0.4234157850616056,-0.7198910838507189,-1.4002512210749176,0.2332542525341344,-0.19667228895524413,-0.05433271964545175,0.13956260432503162]",damped_parent_19,damped_tail,3.020573138317257,-0.026756715701929168,0.033484478296396336,881.9349064004346,0.042283658749600085,0.4509395183108401,0.2501364967639227,0.06966429535689951,0.021596249071933832,0.07734657460660067,3.4257590866257908,38,1
s21g001_bdb83e3424152ef8,"[2.3265252501178075,1.2597881700790476,0.521582967759613,1.1023135250795408,1.9553510662290983,0.1409901216025784,-0.17444247387764375,1.8580314292521172,-0.4795546868778731,-1.1596662758203224,-1.0571013327478394,0.2345338959817987,-0.25247215170883464,-0.18197463513576528,0.1194957278872196]",damped_parent_20,damped_tail,2.974168547591475,-0.026093133041349192,0.03350714450967433,926.2241555818291,0.04203617605880451,0.45475413452092056,0.23390680070875455,0.05104108719385717,0.020868325706236538,0.08256350782499855,3.432498226797789,39,1
s21g001_45a067e420c15aa9,"[2.2340630423732386,1.31744698689557,0.5160392743758906,1.1658254631419336,1.8620120404367748,-0.018746361224466816,-0.07661373973525461,1.9070790297739417,-0.37219479270043254,-0.9538924991995956,-1.1202641649463698,0.0747240013927139,-0.5578226081051691,-0.8032291349712838,-0.2121794873029863]",damped_parent_22,damped_tail,2.9273958525237695,-0.02655383655568644,0.032612000895345175,1088.8316804709211,0.04176529274619315,0.4651575588464059,0.2234779377189912,0.03809610292646824,0.019838149393883824,0.08715946040036636,3.4349603284452583,40,1
s21g001_0a4c7aa1d423ac00,"[2.229208456042118,1.3020435666015435,0.5471832954099296,1.1541573301953387,1.8351528850702556,-0.01724804192245678,-0.007841700098575717,1.9503092184836484,-0.24709572799641077,-1.1673196407821176,-1.2092991106592057,0.007183896484872575,-0.07099351129858089,-0.5344189608557989,0.1514257364780856]",damped_parent_18,damped_tail,2.909021704674642,-0.026436138258193798,0.03252360213561034,932.2127498186564,0.041657095147664795,0.4635871259442956,0.242586938667204,0.024657194454603692,0.012151061736880351,0.08952953181541218,3.435199304581962,41,1
s21g001_949b4c714f9159e1,"[2.262067666225587,1.2910900231239477,0.5562499374458136,1.1961432029550438,1.8510306419268026,-0.03756237109842302,-0.3236434746017008,1.6665578400993617,-0.3395243575467265,-1.2350327969554438,-1.2394462503383332,0.13410054524741774,-0.0027149614671498276,0.11450362589450813,0.10458959003811874]",damped_parent_21,damped_tail,3.1170089673502974,-0.027019754196485835,0.03459990363231333,1014.1109506635075,0.042869883113841774,0.45166166401006,0.2506441572940107,0.015659389206665597,0.005493832629984043,0.07015811259363604,3.4380057938197024,42,1
s21g001_bdda4fac8a0578ff,"[2.338076939176891,1.2481567473199087,0.5010931009943984,1.0351454418574542,1.9850813845742832,0.12551171391520816,-0.17449098962472792,1.8767971795267038,-0.28901390676396493,-0.8999772786879611,-1.2143301035441392,0.0834214331395587,-0.1677699900912511,-0.6074159344334492,0.18977386846642402]",damped_parent_17,damped_tail,2.97030438218171,-0.026271688278325267,0.03334910915892825,841.2226735265467,0.042034265063441496,0.4587920900835879,0.23597751069266243,0.03330805378846097,0.018577126037507916,0.08437005875267681,3.4450731615006394,43,1
s21g001_2dee61b95f12c756,"[2.2831112957733803,1.3228248267352334,0.5231140851758853,1.2138201743337587,1.8812961744620333,-0.03093360616007204,-0.26729137114767576,1.8814837000761728,-0.36537757989988306,-1.1524290276763127,-1.1315920198300775,0.1488031129974584,0.4212555067245458,-0.6169709644338126,0.2070305826236324]",damped_parent_21,damped_tail,3.0062197356451255,-0.02650168906146333,0.03362377010570964,858.9303334291872,0.04222491690232242,0.4590869047367947,0.24235938336923965,0.04027206169663965,0.01938940968671965,0.080933055575006,3.445138324431062,44,1
s21g001_19dce1f5f66ad3b3,"[2.270917378897093,1.2644497404569752,0.5186383306345299,1.0177561377568543,1.9664841934681414,0.15572979651049443,-0.11593416353210315,2.0100952621313586,-0.25967272070803565,-0.7326742961432895,-1.2544809594030137,0.06608943224387093,-0.1462917177010441,-0.3128084425901076,0.23004405252742005]",damped_parent_17,damped_tail,2.9132987299832243,-0.02582706794053835,0.03288342366453426,852.0798138801692,0.041725754692524604,0.45102326540392973,0.2385440555327599,0.04453452155122478,0.029216919007549542,0.08790501775862126,3.445449712017833,45,1
s21g001_29cb459249dbdc77,"[2.3576314604663975,1.2558997934955747,0.5237178539139652,1.0565021058690987,2.0025478165077546,0.13458517352187765,-0.35039511684274677,1.8697079152975855,-0.25930001571137673,-1.0546373160737146,-1.3544054160903447,0.1132261716636693,-0.11878685577692519,-0.5924353477278933,0.0529147473207808]",damped_parent_17,damped_tail,3.0742477193023476,-0.026110535376931643,0.034848039312663316,864.5110565898758,0.04257994765483069,0.4682145487366029,0.24958394161837077,0.035492183819568555,0.00391355765648298,0.07611113880485827,3.4513226312371255,46,1
s21g001_610ed46916b013cf,"[2.2422193684982967,1.303962555696391,0.5277745558272517,1.1775483006949927,1.8229846156636906,-0.046574281813013055,-0.1988864174261135,2.10130141018574,-0.2623465363746231,-0.9702804310783659,-1.1367699133207874,-0.02087234250443084,0.1363190194445216,-0.7363525597692119,0.08791955779176924]",damped_parent_18,damped_tail,2.9188703998219556,-0.026143325834292352,0.03273724633017004,966.1450928967861,0.041725715357788504,0.4597082770340637,0.23535765933014488,0.05285481417667036,0.02020609975281716,0.08943848390223251,3.453111182352127,47,1
s21g001_116f4a96aa32d7d0,"[2.3593433545410307,1.2239530323157655,0.4629289376408793,1.163220029546003,1.824533197445506,0.09286846377432995,-0.012603787728953486,2.227477110804062,-0.3478162326551779,-0.9460467802683441,-1.4465339006396825,0.10952179712438193,-0.41598859402676464,-0.1812408078317098,0.1908175683726796]",damped_parent_04,damped_tail,2.8997276774342873,-0.027830079321521373,0.03105171327159202,902.9770684132782,0.04152994044592893,0.46780222268308974,0.25470565928345335,0.08217067257120446,0.026130306359504283,0.10460008700202818,3.6348020123538127,48,1
s21g001_7f8203a66616a71b,"[2.4229280712414543,1.2048076586812997,0.47433561467581914,1.1445315842124497,1.8679292836688328,0.10867587096999341,-0.17387266694478798,2.2675616548476603,-0.2511509370178976,-0.8465671280480358,-1.2943697594403432,0.15868789420031187,-0.27834589281499666,-0.2548204841511559,0.14959021288348587]",damped_parent_08,damped_tail,2.8848746890412844,-0.027060610028527776,0.03142297648598968,862.6102461617302,0.04150324279412001,0.46215099852686564,0.24738274919056713,0.07698975827871857,0.04138645602798088,0.1122760691388199,3.7642085656129733,49,1
s21g001_99ac108bb2d21b82,"[2.4220785143942845,1.2172705270538648,0.4850541624316066,1.2026626099100313,1.8642183415560603,0.1075785651641264,-0.28590444544671034,2.237956194216546,-0.2163526827469211,-0.8028246507123811,-1.4630996860335899,0.13196628126521795,-0.27181925292282527,-0.5145370763857087,0.01618024748054752]",damped_parent_10,damped_tail,2.9276396001618674,-0.0275916687991844,0.03167307355725335,870.3242724619377,0.04172024346819881,0.4724009323773615,0.255377915067903,0.0688468215373283,0.03332468881920253,0.10891680788314169,3.737594938697709,50,1
s21g001_18e19d30f91c92ea,"[2.213602808002654,1.362085406723546,0.5307259931732075,1.3168805848158365,1.9714031688610834,0.06940008805056672,-0.29758903814046983,2.1458686520134678,-0.43211258029430766,-0.7714600673298241,-1.1892754551136129,0.23442269658846393,-1.0955285894633056,-0.25828754952803434,-0.08402981444161983]",damped_parent_23,damped_tail,2.928084123654713,-0.025890977861307785,0.032973090397647814,1016.0366131187402,0.04167572023248315,0.4673245684774884,0.23237967539675283,0.09493932947445204,0.04604315354905887,0.10311051018678659,3.6933486684743526,51,1
s21g001_0e2d154e420a06e0,"[2.219351875547663,1.2838991888674738,0.5424350527427659,1.0932999893281241,1.8277374934709798,4.217515128922614e-05,0.09986786839995113,1.9015597007661893,-0.2619090872993426,-1.3334396864292772,-1.0513315035599602,0.1698933406607294,-0.26554234885000777,-0.583236133982775,0.16288929391372928]",damped_parent_18,damped_tail,2.912777292349631,-0.026064134893090674,0.03282914283497551,847.9281334111001,0.04170309524555042,0.4666011334350032,0.23754980984575214,0.016779726870104268,0.018054505745224256,0.09164169923229838,3.47006914105118,52,1
s21g001_64b17dcc2a3bccae,"[2.436260586759823,1.1932980026619924,0.451890934752594,1.192103972034103,1.9177691239045753,0.11552615899171428,-0.1095471146373064,2.287052228111858,-0.23152522974326276,-0.8590053435254202,-1.545127784851599,0.1361927186508933,-0.4019802858180327,-0.13205100329763086,-0.02864366187128807]",damped_parent_06,damped_tail,2.9190156150227344,-0.027960992928579564,0.031171868471841488,953.2232317659764,0.04165689176624645,0.47028084061834924,0.2647745370954172,0.07959936120654103,0.04234735075763954,0.12063687483878052,3.9277426611957975,53,1
s21g001_461554184fbb9b8d,"[2.4446043195237723,1.1773594437839559,0.4995186532547575,1.1412602421881775,1.8863573297629144,0.09154391721697883,-0.23224149825446733,2.0139770612530628,-0.24481131320710298,-0.9225383786627623,-1.346215450441392,0.26405064820802754,-0.4570516989657646,0.009794095726530505,0.07593621544753]",damped_parent_00,damped_tail,2.979359952808381,-0.027545102143678224,0.0323314493497217,876.5705240138668,0.04210968437152468,0.46244607860669906,0.2538423580313909,0.039019094906196414,0.03129881176188786,0.100622340384722,3.67176209942052,54,1
s21g001_39123edcb9418464,"[2.4259573879048912,1.2162770502918379,0.4842388788070542,1.2234073377367118,1.8906273110302891,0.10519977644620775,-0.33881640742354824,2.435108133575918,-0.2911979364990704,-1.0450341231680158,-1.4819456089166474,0.2002282336135826,-0.28320324058910673,-0.28811622349716226,-0.03146927697238657]",damped_parent_10,damped_tail,2.9853701197535343,-0.027149622007782925,0.032618892380024335,915.627901842603,0.04194180845904924,0.475253006901516,0.2644146562907538,0.11426631673431134,0.018282836997133782,0.10524547982382396,3.717049010774317,55,1
s21g001_38282753f93a7f08,"[2.438074359730026,1.2084876881552418,0.47446795941186276,1.1636338834821593,1.8695181602723758,0.10583767727007634,-0.4018003558568858,2.3344925159412746,-0.24935268668355323,-0.8586886154803511,-1.437310776831521,0.16515588047825303,-0.5804151318783155,-0.2910471240392076,0.027817617395204462]",damped_parent_15,damped_tail,2.9843677700061435,-0.02701202230698274,0.032779635440291645,904.9267538741078,0.042017209041034766,0.47300354008635764,0.2571024763354518,0.09078757262576863,0.01957787020995437,0.09566563559035451,3.59265742421359,56,1
s21g001_8aa3d928bd91a267,"[2.41691344348996,1.1858909921238887,0.4807949624720806,1.0698355861939055,1.9134111000686052,0.10137122599892585,-0.33746836079199616,2.4309004693555143,-0.2658302556296789,-1.281139450060187,-1.6438105991562557,0.19962960671876595,-0.46270270345421616,-0.2147857854650469,0.020258239890596753]",damped_parent_10,damped_tail,3.1093852863656197,-0.026662825511679977,0.03464229589754859,890.5216798664696,0.04262874223684539,0.48648687161092447,0.275568871603611,0.11026698016283751,0.0,0.08347063476016875,3.5622628327378765,57,1
s21g001_8f33d02929561d7f,"[2.302544100938009,1.3175935585850382,0.522728860851346,1.12615447782678,1.860300528792594,-0.004239804895720584,0.15550163575985843,2.112203890146407,-0.37867846217760226,-1.1894896200455563,-0.9263672557561747,0.219553939232974,0.17700034868033696,-0.5868984774395853,0.21967351797766246]",damped_parent_21,damped_tail,2.813216540626129,-0.026015710038482687,0.031399594964298054,836.8314375418231,0.041096805137649,0.45749628506326984,0.23250992226314923,0.06831169325643649,0.05290766725767776,0.11620152170470534,3.7888708715606407,58,1
s21g001_cb1c6e508f8ecf9e,"[2.4089378976055804,1.1916339485359912,0.46742440523326956,1.0972654135899225,1.90000434783056,0.09620745571173074,-0.3146421582564931,2.106177326220635,-0.2505178923272823,-1.020809442012383,-1.1999001368170574,0.10686553196314252,-0.27190871128003247,-0.2237331539173399,0.11355677028168322]",damped_parent_02,damped_tail,2.962754216245854,-0.02623336252175057,0.03319483460334224,932.2541920758704,0.04198747277470426,0.4616577705456897,0.2446333849703437,0.0532357641389624,0.020122766271958484,0.09017597995050561,3.5054875949333186,59,1
s21g001_96a9f2a53cbb99da,"[2.3809472784529575,1.209004296400341,0.49371622562471007,1.1935652413409377,1.9414466761001619,0.09420495817068636,-0.3261863463706408,1.9416275810856305,-0.38849029017834574,-0.8012142992792923,-1.422339116704212,0.18391367800783168,-0.5794294738504708,-0.0690622316411349,0.01643521752733386]",damped_parent_10,damped_tail,3.01575717563564,-0.027724082092740687,0.03272156697857835,977.3102100755241,0.04226577189789207,0.46164303564618503,0.25151910621435714,0.05075318409070711,0.02222246670659312,0.08596565191321708,3.5133975716402235,60,1
s21g001_7b8f6881495aef46,"[2.4162688053224852,1.1775440556337622,0.4994910718524913,1.1225654013029192,1.9158082910631264,0.12098895934513984,-0.45782389859436756,2.2489698528610984,-0.30661601928910537,-0.5983971813324787,-1.1569778250922673,0.16470249339461568,-0.20729089147435478,-0.401474322118114,0.08016997731929613]",damped_parent_05,damped_tail,2.969479188113031,-0.026567447172555214,0.032696680578422496,887.9045031835703,0.04204854730815585,0.45121726765952436,0.23660164342300058,0.08757557293158623,0.04406148483495627,0.09763938450544322,3.657102905147285,61,1
s21g001_37ffee98eff577a7,"[2.353420683083017,1.1981563463918399,0.4922118322702015,1.1739506674036255,1.9054561148451652,0.07537568366580452,-0.09227826060316191,2.5336979830781807,-0.3412893605017776,-0.9891092933076415,-1.411868129847346,0.16110787436022012,-0.18347500169970826,-0.335143973374992,-0.08459438506234526]",damped_parent_04,damped_tail,2.9241434889516285,-0.027055876119575495,0.03169412215075183,978.9166119138536,0.04155022077657776,0.4682164170578968,0.2582219826025105,0.13628994534064495,0.029031892896462082,0.11660168721083289,3.8373802420587753,62,1
s21g001_6c0463059e28317c,"[2.4309883930417726,1.2469052016679705,0.4515238488915933,1.142768084875841,1.8708857030398134,0.11503451566723204,-0.2881150648967958,1.9683761561629283,-0.26828762180676985,-1.0752674686070287,-1.0724551055408647,0.047249884592446556,-0.21772754527197186,-0.6093212849163154,-0.06046992057289196]",damped_parent_14,damped_tail,2.966678035869466,-0.026431460660071182,0.033111340872062855,1002.3401612649359,0.0420319290980984,0.4624379210243852,0.23261211494074954,0.03715557289225385,0.0303884470410398,0.09879627719947222,3.6334448410951508,63,1
s21g001_35f85aba5eb72638,"[2.450745067486331,1.2434856052949155,0.4767446805820108,1.1820389981919257,1.873400233420432,0.09717123186610503,-0.1391817707699008,2.322228815950017,-0.29917954718296924,-0.7883011584117576,-1.1807769990247192,0.23666160052786672,-0.4215360004769084,0.02788672557403607,-0.0013106672048065968]",damped_parent_03,damped_tail,2.834821291227337,-0.0268347292073271,0.030808471569677406,968.3612388652255,0.04119941353545711,0.4559865856224976,0.2419881629438869,0.09418611023269992,0.06295728563171582,0.1266207596011815,4.01568107425002,64,1
s21g001_058f9e2156a52a99,"[2.306938649794837,1.2182906283254962,0.4923136924172341,1.1483715262329466,1.874887747619589,0.088606574004068,-0.30227729838600265,2.2157935650820075,-0.14371842095276735,-0.5632846187528173,-1.3968544859910212,0.2158754039408736,-0.31048534450653265,-0.2614426362121706,0.04827737530875319]",damped_parent_07,damped_tail,2.8869553164625015,-0.026791869035644122,0.03176977867858627,835.5780791312536,0.041545275424658544,0.4600614400474223,0.25236388583886804,0.054379646471250154,0.037331287582649385,0.09605656229471492,3.535478297994847,65,1
s21g001_209f13fd30740131,"[2.2229108012027217,1.4485436199880333,0.6176961182896566,1.2761217967797431,1.9320487110684774,0.09690441232011776,-0.150313088981832,2.1140176596625584,-0.527565270849393,-0.8789207991197981,-1.5637317563897424,-0.01610940854597038,-0.25079767118211904,-0.11104058638781228,0.1937720316820058]",precise_parent_13,precise_tail,2.9667093920148897,-0.026705216698995837,0.03295427881718233,999.3046345102921,0.04182533552465534,0.46080489665278107,0.2547892133887525,0.09881029768258225,0.012594639456098292,0.08338916967691974,3.4242552502823056,66,1
s21g001_ece61340a06d639a,"[2.235259556158737,1.2704195372201643,0.5848135793480969,1.2128760474258986,1.9870831508710083,0.04006119211451645,-0.15195154640124786,1.9872359072242718,-0.20017847362396493,-1.1989439596188811,-0.8339797713148367,0.4275878646110086,-0.3481757427699946,-0.4872532822247896,0.08499285494435593]",precise_parent_07,precise_tail,2.8319627159538765,-0.02460559090823755,0.03287881588105094,744.1619175136693,0.04123050677257775,0.46621181409184476,0.2266386411198833,0.03693827234788547,0.04660717840006881,0.10788614990708353,3.6645531209137214,67,1
s21g001_902e4b1c2642dcd0,"[2.255708682385512,1.5064497203663758,0.5447046242824988,1.142518337576548,1.8080278019850051,0.08467216326104236,-0.016285108556345212,2.0477013267959836,0.053270485688767105,-0.8597604158971264,-1.5100360907179404,-0.11479792449546153,-0.6520595243971934,-0.9449727437138699,-0.15809523468245978]",precise_parent_06,precise_tail,2.889617791765751,-0.026023027302934487,0.032755585200129195,939.575648098511,0.0414779419293923,0.4873949566236562,0.2494290173946849,0.029040941283152325,0.03859512391555371,0.11068896851985355,3.7381363212970378,68,1
s21g001_4343b0806818c8c0,"[2.2816455079322155,1.3944384518477906,0.5824851514399334,1.2820804559561065,1.8972398486661812,0.07388674988861779,-0.13248119135413788,2.0146210875361525,-0.5693523607300243,-0.85607458733898,-0.9622597537479993,0.0017435532664444864,0.3407971092712082,-0.5931529977130546,-0.1469350568885846]",precise_parent_08,precise_tail,2.850232176977723,-0.02633166737472592,0.03153339718018768,1146.9413656968281,0.04128307516160752,0.44684169662658657,0.21980654431616484,0.08756617405041141,0.05912587277780399,0.10864525639498647,3.7398340490021225,69,1
s21g001_fe66e8e8ebea450d,"[2.37068245300251,1.4563998412163477,0.6354817655681427,1.2854768340986311,1.9128858407979794,0.07267339536416303,-0.1886698870493912,2.55877716207928,-0.6874829942163818,-0.8694308393225701,-1.2026650395237215,0.13602392858424497,-0.4448245919413149,-0.18495413180219117,0.16940077816801752]",precise_parent_04,precise_tail,2.940241376560335,-0.026056029869942265,0.03218386478952639,990.4590257408054,0.04138947080161694,0.45534168368448025,0.2378338912644202,0.20061623836958342,0.03884141675148013,0.10789939069568658,3.749792427807037,70,1
s21g001_d7c36b593dcb790a,"[2.282442455962173,1.2706234224305943,0.5106683236444832,1.090975702492609,1.9373859734095995,0.13782647157310146,-0.05292143983461099,1.8047787911855009,-0.24315088954489936,-0.39657681759664254,-1.2601902587241358,0.13651512731122886,-0.24601568294782106,-0.3296375428657147,-0.16951556325718337]",precise_parent_10,precise_tail,2.8648718058485354,-0.027330287625448424,0.030983086290376313,995.4812786940238,0.04148432456260505,0.444169432028838,0.232712453846868,0.020962926470882663,0.0663167657032361,0.10699842481785307,3.7629618646929766,71,1
s21g001_7d428bab2a80c169,"[2.2981279800848573,1.4416087185753736,0.6113462679038499,1.315691304647567,1.90886640815133,0.10639824143429605,-0.11462151828990422,1.6782161953142227,-0.3620866537612608,-0.8453009361860699,-1.2624435487272674,0.02008822928882488,-0.2336445805176873,-0.2386436024680042,0.0600902911088889]",precise_parent_13,precise_tail,2.8977114014846457,-0.027291016058826223,0.0316965581763577,1002.8432440870129,0.04157121111896399,0.45058564214850444,0.23293508950087885,0.03146887007887201,0.05071899608348663,0.11341630449738281,3.8238577593945298,72,1
s21g001_32d2e17a299bedcb,"[2.3095185767732467,1.466797852309923,0.6129622996729688,1.318619409953916,1.9378293334396748,0.08891417115633725,-0.4029168855188965,2.031381926680015,-0.6362034886534548,-0.8993868876179794,-0.7489047152501747,0.2830592622031528,0.18066777878324708,-0.5965928623391207,-0.21051025816645721]",precise_parent_08,precise_tail,2.9079226985601783,-0.025098262164347074,0.033120740710622217,1056.1557215638895,0.04158726911857788,0.4434706807495541,0.21472321347032183,0.10820376111699671,0.07757127305640943,0.10480390607957055,3.832479100105703,73,1
s21g001_5c8b14413414dd79,"[2.1506539263884537,1.3362750216197026,0.6009789433459414,1.211707534286893,1.9647976840483516,0.040513742545245375,0.15940260200689935,1.679640391625295,-0.20926264158172636,-1.4539560854747082,-0.7214014920368564,0.2453840788853384,-0.5820967868161294,-0.40664797133811603,-0.08697526978734682]",precise_parent_07,precise_tail,2.8548386524422784,-0.02514357949557544,0.03277024270609047,948.2560838316749,0.04137637675063644,0.46380782561294737,0.2170956158919304,0.024910863607385193,0.060273524712453105,0.114487324438095,3.833967659491058,74,1
s21g001_1a60c33dbfd43e62,"[2.0663345873334205,1.3913018815279725,0.39854087253484205,1.4526103046515255,1.9938055731568127,-0.044623257952623264,-0.09763759004616315,2.0287542997165526,-0.24104118949872075,-0.8103035209027388,-0.8705001895489396,-0.05205467388165928,-0.2513698956257588,-0.7454593541312415,0.07969799326890108]",precise_parent_15,precise_tail,2.860790725200979,-0.025377616876759657,0.03233271255999795,1040.4037133099773,0.04144297199739155,0.44559154512826743,0.20888248499847115,0.07233570022342586,0.061829266237213514,0.11398670317684757,3.8391337134943457,75,1
s21g001_fbd08664b20cbfbf,"[2.2504150896752537,1.4880537685207966,0.5364500298251152,1.0431540159282089,1.8275796985056336,0.09451819799540823,0.05167350671657191,1.8969890655145356,-0.11144193410329162,-0.49131909436746823,-1.2291099966805399,-0.10671364239116359,-0.7033842386538098,-0.9582907394397365,-0.07315660853672473]",precise_parent_06,precise_tail,2.8308694742819163,-0.025823704808033865,0.03192627682522996,971.4777769715147,0.04123800983943921,0.4654922166658009,0.22429826214285345,0.021771700106951713,0.0666032236110355,0.11577640211730311,3.8574004967900577,76,1
s21g001_ba33743203a7efba,"[2.3398559093893265,1.3790747616721375,0.5914823666275913,1.3202655414311355,1.9607896038447226,0.05419164774950414,-0.2569843301400878,2.039071959851726,-0.4294265111269126,-0.9922309452204501,-1.109508653061448,0.17478329722526398,0.28833684377095803,-0.9323411460244344,-0.04876999723481201]",precise_parent_08,precise_tail,2.9086223837796488,-0.02648471547329856,0.032350917415170065,901.3227276718935,0.04158149032878433,0.4661115956874705,0.23443179393195218,0.07964728015505067,0.05283966686863642,0.11451139878382657,3.8586793769401018,77,1
s21g001_214bbc7f465573db,"[2.313797670736827,1.357789868877231,0.6055654292444201,1.1833008819074058,2.021581028358526,0.020003398613745574,0.08111319845428787,1.970464102918403,-0.19952718815593704,-1.199436894444382,-0.5522751983030132,0.24143653725942937,-0.009954368222490344,-0.5410034586417395,0.013539286752342347]",precise_parent_05,precise_tail,2.6595738020434676,-0.023786500575577962,0.031212241244566008,903.654264138906,0.04021951675896861,0.4584205292648524,0.21601629054933788,0.04018942554149716,0.09965470437787376,0.14551910333157664,4.383588518943612,78,1
s21g001_7fe5d40ba3d8b06d,"[2.2964482745756634,1.518857533161352,0.5644460108749236,1.1808054652660214,1.7894258215910175,0.10259848135550752,0.015460740498782405,1.9650781227750163,-0.06716366647179552,-0.35035896155261204,-1.39507033986678,-0.2003243209723225,-0.7745072850325774,-0.6741647408020972,-0.12667215408375068]",precise_parent_06,precise_tail,2.777879314358773,-0.026669357339477062,0.03055425688083018,1056.739507498005,0.040897882651923276,0.4683625450251595,0.24016821429018015,0.029163531975493505,0.09423776308816006,0.1407740121867252,4.376831737038516,79,1
s21g001_a4f343c7a6a59555,"[2.2488669364516323,1.3795653871100328,0.4713781029303919,1.3420165787041463,2.011421696035371,0.04717771496681877,-0.16369070175456457,1.7676818853369105,-0.3638707704518955,-0.5876396118802384,-0.9724184171335757,-0.03233931852638312,-0.7003610428745366,-0.1230171737235128,-0.10105309565720434]",precise_parent_11,precise_tail,2.871196176590577,-0.02627518446977084,0.03184500711627533,1212.2723118175527,0.041518254552210455,0.4396919013741883,0.2118185679537892,0.05194713554220377,0.07859778100638587,0.12009304674185162,4.024864659783186,80,1
s21g001_e306230ab9242da3,"[2.213153462789865,1.263957730964881,0.45721791052624344,1.2993046974296147,2.0447383980906615,0.07241846183032002,0.38467959739933116,1.5020796196229393,-0.24418550693464489,-1.4051599417561178,-1.1064465474282956,0.015742059691091766,-0.02411891405751765,-0.25033947373723253,0.19283274953352536]",precise_parent_02,precise_tail,2.947238397529677,-0.028568150911732926,0.031053494467362178,934.52763132986,0.0419013209699475,0.45268794225626435,0.2382515594822825,0.04285237232284499,0.04619997644438226,0.11948379416232328,3.9499082307334175,81,1
s21g001_df34565d09d1b846,"[2.2320557342082394,1.333761942697636,0.5875059090422605,1.1374219513077242,1.9365820722815337,0.03763430588736755,0.2668072519678571,2.1565857953588314,-0.17886387463365935,-1.1625088954282303,-0.9244893992248366,0.2612762346700543,-0.41979367641549215,-0.6244316668321191,-0.03751096802160182]",precise_parent_07,precise_tail,2.672520053901292,-0.024807721454559672,0.030721942576908974,860.4129925538,0.04023055906500914,0.4719786996182372,0.23030769231829648,0.04623011241754076,0.0834839037331925,0.14579226279270946,4.298054683154144,82,1
s21g001_1d35483eef1757fa,"[2.429252141666506,1.3209752683293168,0.4968214508507626,1.2037943468321006,1.9430363726147557,-0.012160494784840388,0.09323704911118186,2.146918612219089,-0.3077994508206683,-0.7389286825281197,-0.7857131296317538,0.21306428655764628,-1.370844340519637,0.1216400408246789,-0.16476949397080892]",precise_parent_12,precise_tail,2.74774508333955,-0.025889843366983634,0.03036039351685714,1166.6088896430192,0.040785511641344724,0.46619487966020606,0.2156522096483957,0.07486391000843848,0.13492389792463824,0.17486679439526898,5.3724968472658094,83,1
s21g001_a6058c37b02cd0e7,"[2.278263825402598,1.4331106063181367,0.6100797573067903,1.3103426658942783,1.8778102546945525,0.09410861017242589,-0.01325740247258235,2.2964297939272575,-0.5476323507987086,-0.5796984119181767,-1.2064109348023593,0.0071004021333160305,-0.5426998158172337,0.1258529359200932,0.18481662033631113]",precise_parent_13,precise_tail,2.7869467981887124,-0.026589520897301266,0.03026310683333694,1068.8242260619518,0.04078940454898387,0.44798368473554234,0.23224155272030836,0.12857409935671513,0.0783612631500327,0.1275575090395725,4.059473540179856,84,1
s21g001_98c30dc2776de5f2,"[2.2284117092649396,1.3975021462480823,0.4744334310113894,1.3278555271416548,2.0525039661961455,0.04652284092201161,0.10303684976627621,1.640089330499056,-0.4076237026583082,-0.6421008527897776,-1.3484731183953718,0.11294049929188196,-0.606668791204957,-0.15446825342227138,0.004769284994116534]",precise_parent_11,precise_tail,2.919779224392042,-0.0280509756419276,0.031153313935632768,1046.7884292257586,0.041719962888689614,0.4470805765788784,0.23144886066218143,0.05424552344419902,0.06714581292618331,0.12104292958974773,4.029919233403633,85,1
s21g001_b5cd5143d7d436bb,"[2.2322207699703656,1.4312052994457478,0.6019303461901411,1.1323783946268793,1.9702445137237512,0.039283018742060194,-0.0032344309334893517,1.9528914989751887,-0.14443137832107056,-0.6226757353854407,-1.1260169204032613,0.21193383804566082,0.059247863592110414,-0.5200231763687794,0.112363453655066]",precise_parent_05,precise_tail,2.7287161109482887,-0.02505048484974237,0.031264272963891865,789.9298571331601,0.040609703969452605,0.452685581625638,0.2287260596136874,0.025153656060221467,0.07781261212387564,0.12337096948607516,3.9299599494179294,86,1
s21g001_04c946ae1b95eb30,"[2.3337898498019465,1.4593789728106032,0.5950123723316104,1.2906604857945791,1.909861806894485,0.08211932635658335,-0.0283122767469053,2.2917262451815157,-0.5555128019140185,-0.6236379752687848,-0.4441001709883159,0.08528594560556352,-0.22238410277125287,-0.9232723303886812,-0.08243477809542728]",precise_parent_08,precise_tail,2.685601430050771,-0.024719142595550858,0.030149024673376996,1068.7121139860974,0.040279799962233104,0.4451969087850459,0.1884627741332147,0.1325855202625952,0.11505819483099786,0.15192741506983223,4.649271081209717,87,1
s21g001_b6009dd8819368dc,"[2.28960416734248,1.2802971267247272,0.44937821819930046,1.3888880442071188,2.044325317516024,0.04636390290864297,0.3739868158536355,2.1128975423435685,-0.22563450872362398,-0.928586900026154,-0.7100460542888786,-0.024448245352810566,-0.23580849059669953,-0.7380309313418448,0.054012159820206115]",precise_parent_02,precise_tail,2.6361160502175105,-0.02642202335856514,0.02838314535314885,1008.8298380747292,0.04010206130258969,0.4566261509998725,0.20992460459897674,0.07202706359326527,0.1511174427767053,0.19664864111221267,5.948987626448677,88,1
s21g001_cfd1f4a0b9408559,"[2.2922062217496393,1.3165719455661433,0.5982957895820423,1.1890583098611898,1.8143004673423764,0.10551245692500451,-0.015160547991196236,2.0740546559638724,-0.5008827630530862,-0.5128717650324327,-1.0290061801729875,0.1558357096843528,-0.5433668302790505,-0.2793117838958543,0.08541578711812857]",precise_parent_01,precise_tail,2.7679524631184806,-0.026991605651273898,0.029829656092128835,967.9956755459207,0.04083296235933272,0.4464334038806686,0.21658592392130674,0.0802394688496279,0.07359509537473609,0.11897174624776166,3.8775487616717745,89,1
s21g001_a23a6fbd6637127a,"[2.0599289993035557,1.39799209788944,0.569458785126016,1.2018745258273924,1.924533971016173,0.08594124466657829,-0.15059555740296876,2.022597506850827,-0.2676931377876718,-0.6377601221595669,-1.11100287093356,0.08099761648757989,-0.45345010461520474,0.18942273527479384,-0.1716931046292687]",bridge_p10_d26,bridge,2.8155599853940645,-0.024347919104751314,0.032764036464469126,1155.8064631980342,0.04116192389047044,0.4428372909560706,0.22867085618620153,0.04243336773715294,0.04321347072358055,0.08915034157118466,3.397525048360114,90,1
s21g001_330cd11043f8b0ea,"[2.2523166881249725,1.522079043898231,0.521669626411004,1.141012311337448,1.8099569177719421,0.091087926258857,-0.3308958172033364,2.1978366380851058,-0.2817866268439454,-0.7805240923177944,-1.1539311508130154,0.10992941692858099,-0.47144626958469416,-0.18932799263455596,0.0019211693119799145]",bridge_p14_d00,bridge,2.911342790433997,-0.024204012048284707,0.03405431973214337,1010.4863664349577,0.041637634619632116,0.450687438387088,0.2302270409033252,0.07640829035217794,0.026335643528207397,0.0856391442347823,3.4123317012778456,91,1
s21g001_fc4f655e136f835a,"[2.328221985104903,1.2620758606988793,0.5220002310206936,1.0803510681264679,1.8996480195943568,0.13362663747896908,-0.30905069639943794,2.164873387769926,-0.27119508820111815,-0.7680764616357368,-1.211837471326683,0.17217120974120706,-0.37907273994529866,-0.16105484864083847,0.07844243420404554]",bridge_p09_d11,bridge,2.903910965635743,-0.025659999754446328,0.032883358151248876,907.1763688247192,0.04162481013635274,0.4556903249961669,0.24014372483188295,0.0655844391906481,0.0248693701398785,0.08670529521834977,3.4142154948547203,92,1
s21g001_972919a9aac0d8b0,"[2.2273127591928366,1.3534011679287263,0.5973279681988698,1.1903806892953355,1.9500966354806033,0.03927360541055638,-0.3445403107924365,2.1636903552922906,-0.21875400100005366,-0.8059701627817945,-1.1986772897068454,0.1313473127917819,-0.3972620360336679,-0.31551872656592195,0.07033827129209697]",bridge_p07_d00,bridge,2.864000176294812,-0.024760654494810352,0.03321427835342776,913.8830126762223,0.041343369753224585,0.460108653640737,0.23756324762769357,0.06186814953460506,0.027733508324837994,0.09011897321250939,3.4188132448719513,93,1
s21g001_f8a2abd383e7180e,"[2.3162078790035796,1.2618126628306212,0.523612146605626,1.092369958677923,1.9633976550329215,0.13919663031774104,-0.20620758328942754,2.115841820700717,-0.29182003837739,-0.9468808755614134,-1.4886150366552922,0.19665913161530907,-0.2582280038726357,-0.11483290486296145,0.018954998388240878]",bridge_p10_d15,bridge,2.964576476137215,-0.026387955898659277,0.03324392578695444,905.3349152439914,0.04191103673759432,0.46542044846424746,0.260509966780707,0.06369397835054211,0.007533811958495125,0.0837756262725576,3.4227561286574746,94,1
s21g001_72226ce705efc35f,"[2.2248053577971656,1.403146919157328,0.5928985320121709,1.2092673557652955,1.9699365604892687,0.03168309324015041,-0.32491990702466234,1.8714554730786557,-0.3142816109342003,-0.7722975303338383,-1.1692605451522788,0.06108340953108471,-0.245782418599731,0.15262250567007696,-0.1927945888467439]",bridge_p05_d26,bridge,2.8982011567759733,-0.02502913627474901,0.03343036545417185,1189.4938089662428,0.041596737229415044,0.4457130898084496,0.2363384143360741,0.03828942989817539,0.03696266249899418,0.0859034539278476,3.425680722229182,95,1
s21g001_fe054933ffc1ac0e,"[2.3162078790035796,1.2618126628306212,0.523612146605626,1.092369958677923,1.9633976550329215,0.13919663031774104,-0.2938164481180006,2.1562165904977206,-0.33357646902943744,-0.6754961493823988,-1.3310513083504598,0.13992954557139542,-0.35481833632170834,-0.26422865973757464,0.09441187161362963]",bridge_p10_d05,bridge,2.939861191775065,-0.02618091404265399,0.03291207471219795,904.4342715855819,0.04180413165234069,0.45574256403244645,0.24350378360978403,0.07696493634770253,0.02311854747165533,0.0849393414905885,3.4275225077125993,96,1
s21g001_06c06de2d582f794,"[2.31401303337185,1.2699711466768617,0.5289746063536235,1.065542295798188,1.90308968523829,0.13854116192782642,-0.21070128274712824,2.1944546972611088,-0.2743189258655617,-0.8686194582086338,-1.2884651031373036,0.1599132924761637,-0.3677730281945489,-0.19961805656613596,0.050394853064940924]",bridge_p09_d04,bridge,2.906210537583013,-0.025748935088107272,0.03289035292624773,912.2995971547534,0.041606077405283895,0.46021293802545,0.2452656836326079,0.06979665302783761,0.018833022452033114,0.08920044686645803,3.4358112151731977,97,1
s21g001_3eb7d7f0be3f567a,"[2.3162078790035796,1.2618126628306212,0.523612146605626,1.092369958677923,1.9633976550329215,0.13919663031774104,-0.2642525763666865,2.1666162335152945,-0.25960429512354327,-0.9174076342046297,-1.3399470454818534,0.2335023848235101,-0.2919751292767579,-0.11264162714900859,0.05127757346475392]",bridge_p10_d01,bridge,2.9354511370556335,-0.02573890665721723,0.03330843744405945,876.094757066694,0.04176509763296016,0.4617415533179898,0.2519405813404686,0.06751217312441725,0.01738379764315808,0.08725045639776112,3.440849750978218,98,1
s21g001_796044efe1403c9f,"[2.236793100159791,1.3565975477975019,0.5729457372030695,1.2404978330212033,1.8403928639561156,0.07853447562961427,-0.29634048116232187,1.8047030955984618,-0.3600070595465102,-0.7500988926154593,-1.153837827681614,0.11176651137568977,-0.38618782191506723,0.03077125742768537,-0.19490722947358066]",bridge_p01_d26,bridge,2.9135021443843843,-0.026476921292735933,0.03246911865832339,1140.4468649122573,0.0417162131828954,0.44538468208089027,0.2317369495888693,0.022812659413450155,0.036175877099784065,0.08685632628512002,3.4496678293458083,99,1
s21g001_a8b6c33b522b5046,"[2.2606992592583808,1.404269133696333,0.5980014101488207,1.1817397989137477,1.990161646202365,0.03404118924906222,-0.30477141287489196,1.7797709425252541,-0.46267610100758305,-0.8740967286841221,-1.0826513090550378,0.04850159186629943,-0.0651185609222919,-0.33089427298562535,0.17995504442598262]",bridge_p05_d16,bridge,2.9516512327527855,-0.02543789982815481,0.03379658888360404,989.993419284332,0.041895105507255156,0.44557420313468876,0.22456285932221615,0.04411211111672253,0.03594701225270533,0.0836626261928712,3.4518410782958773,100,1
s21g001_4a8ae1a763b9d50a,"[2.247030050762817,1.3147295601497544,0.5387612828747051,1.2193129789239745,1.8868501948214873,0.03526256019140543,-0.11545843520034342,1.8568217021858586,-0.4423623358324415,-0.8884508921875045,-1.161685449590777,0.06306811825349867,-0.17578745607978774,-0.6231708830097401,0.0537832060152702]",bridge_p08_d18,bridge,2.915140756391958,-0.027046841400836907,0.03204175826855608,984.3449412624177,0.04169046328483594,0.4549386828943047,0.22622267361676313,0.042223455513414915,0.024125875683102375,0.08954415009043956,3.4566928451058816,101,1
s21g001_7d525866e69d3437,"[2.2523166881249725,1.522079043898231,0.521669626411004,1.141012311337448,1.8099569177719421,0.091087926258857,-0.1792148807404318,1.665372891955387,-0.4255304187621385,-0.921558044366761,-0.9691173368838707,0.0342656844083634,-0.13881769506787572,-0.4202337003141774,0.13391641342314042]",bridge_p14_d16,bridge,2.9949598923300194,-0.02564286145240835,0.03405733091319798,1005.6325036550625,0.042215900260020686,0.43648926644015285,0.2122631658513065,0.029550436717317222,0.03171973225265563,0.08268050198431079,3.47451909337087,102,1
s21g001_eaa13cc9109f44e1,"[2.3162078790035796,1.2618126628306212,0.523612146605626,1.092369958677923,1.9633976550329215,0.13919663031774104,-0.2648914110021835,2.3475939259075065,-0.27903720219341155,-0.8806509870544996,-1.4889610563236555,0.19331263367699394,-0.3851895994374426,-0.12661315563883488,0.04799962095517306]",bridge_p10_d15,bridge,2.9617043358549755,-0.0259985628276993,0.033341118595038494,889.8928314516452,0.041838170287795816,0.46699581866622075,0.26088543101998674,0.0993854822300877,0.011261300921416214,0.0885793636833664,3.4761526658862256,103,1
s21g001_3faef8e3b5309ebd,"[2.2273127591928366,1.3534011679287263,0.5973279681988698,1.1903806892953355,1.9500966354806033,0.03927360541055638,-0.2669067024397733,2.033338367456422,-0.30087689990784633,-0.6440253222304932,-1.178712473653037,0.10922307788134908,-0.2218269352238957,-0.3935204993137935,-0.08454132545456827]",bridge_p07_d29,bridge,2.847494347040023,-0.025501482452184643,0.03239595159643279,1008.3798387221977,0.04128652843859259,0.4513117996869972,0.23062726760935823,0.05274531521558202,0.04011861297904872,0.09407886769638776,3.4791311233549553,104,1
s21g001_58402b1fbba13ba3,"[2.247030050762817,1.3147295601497544,0.5387612828747051,1.2193129789239745,1.8868501948214873,0.03526256019140543,-0.10337584382389461,2.048487401545068,-0.4691239222630736,-0.9923699699969885,-0.9947906439437856,0.10735128829226043,-0.2644778221339652,-0.6313313766095379,0.07096267678240802]",bridge_p08_d18,bridge,2.8820983980211192,-0.02621318087038238,0.03215019403926719,974.5455907948199,0.04147307965135964,0.4555411639361679,0.220452965555519,0.07571685138441331,0.028436944052047726,0.09435794918471972,3.4891239578992943,105,1
s21g001_ef115ff5a58e65b6,"[2.2672975865638523,1.500740350305654,0.5512969356210442,1.1449038256707602,1.8182732640682946,0.08880741139026146,-0.1309341107299454,1.8382203890454492,-0.38908287665035435,-1.0677761749583736,-0.9236604463031137,0.06152368257606721,-0.14472559645223732,-0.4982698799561356,0.1045831360111393]",bridge_p06_d20,bridge,2.908504098238561,-0.024982646629250205,0.033559545318790816,981.3646176535804,0.041675375071451345,0.4474691101009239,0.2159113445090722,0.03767096684888907,0.03310638334008214,0.09157608674130176,3.4919669179489548,106,1
s21g001_82ee7d097549a790,"[2.347603234860112,1.25130655749461,0.5124870654646703,1.1005504832877397,1.8949535296226712,0.1269231432620234,-0.2486351313030984,2.2552215070481907,-0.21842665305209613,-0.7502585903723524,-1.5465708792863206,0.16390279537431496,-0.33721358497266674,-0.06523384654020387,0.06430175781274149]",bridge_p09_d15,bridge,2.9355605727200453,-0.02677318168854248,0.032473925129369134,885.44873562867,0.04175471414997726,0.4651750116818624,0.264126166996399,0.07192897702402093,0.020761230957987035,0.09140927050767096,3.4937641353596227,107,1
s21g001_0465d1258745f1b5,"[2.337583402326264,1.2568741352295811,0.5174052377673883,1.0901076707883428,1.8973805146696743,0.1303887551443204,-0.24857652679568587,2.150626794838079,-0.2326311403282998,-0.7337821462602903,-1.2673538214226214,0.1635614217996766,-0.3434808305671846,-0.19810003412554128,0.04722652578036141]",bridge_p09_d02,bridge,2.883547109831886,-0.02605500510348191,0.03234555813195358,903.6986476889433,0.04151460405668996,0.4569428447706115,0.24310079229998702,0.057108090081279046,0.031263450512892366,0.09429931968790556,3.4957597367450264,108,1
s21g001_f0736665c951c00e,"[2.139377341676185,1.4646041538029442,0.5216916111293313,1.2584268432936105,1.9066878190066086,0.06906129276500574,-0.14529974348858435,2.1962372150599103,-0.4294991027021776,-0.7439979266338939,-1.1571579632604394,0.18978575803931397,-0.4667153469458939,-0.19578961652580215,-0.03622229383186521]",bridge_p13_d31,bridge,2.873387346388931,-0.025146257825945928,0.032794733372615,1024.6980960383844,0.041379753041933275,0.44674874195724895,0.2265488312913891,0.09619897978171935,0.03643221691865354,0.09448601378438141,3.5001375134812553,109,1
s21g001_b936d7a532b6b663,"[2.2273127591928366,1.3534011679287263,0.5973279681988698,1.1903806892953355,1.9500966354806033,0.03927360541055638,-0.19999160746516376,2.166221280211887,-0.2816478250788223,-0.752470565341434,-1.2898318058860734,0.1799027635641605,-0.4248747051300233,-0.2849946407915898,0.07955736778217454]",bridge_p07_d07,bridge,2.849863723358335,-0.025563127717049272,0.032401317890429715,894.3122037797693,0.04124450131956915,0.4594161646920726,0.2401555151569945,0.0699658314401517,0.03372510729845429,0.09738474419896313,3.5061183697139002,110,1
s21g001_b7debbf3586d6e68,"[2.2273127591928366,1.3534011679287263,0.5973279681988698,1.1903806892953355,1.9500966354806033,0.03927360541055638,-0.2011740119842395,1.8826852074292912,-0.07869077999829673,-0.6319562772620558,-1.4831333941345237,0.12611774985185806,-0.5595530171387066,-0.41785099921969787,0.00742286271676466]",bridge_p07_d28,bridge,2.8905518072951364,-0.026492309753602172,0.03235453473833588,850.1520163948699,0.04150696875614693,0.4674530490494805,0.25099884860174615,0.022523001302992226,0.03528578650978531,0.09476651608781425,3.517874859974059,111,1
s21g001_79f98390ff15b289,"[2.2458850521473157,1.3341884227364131,0.47687243595487805,1.2872556265360158,1.9856491623665942,0.06217134796965901,-0.24976691193008566,1.9333900278480198,-0.28344646371483945,-0.8164525139090177,-1.3792159865613527,0.14620016996400942,-0.3760674543896403,-0.1512241652987463,0.07171370398901675]",bridge_p11_d07,bridge,2.948625952350845,-0.026581303710358495,0.03286970947826919,947.3847213764275,0.0418675171960184,0.456709048204846,0.24617325757186648,0.04720312828832454,0.027380378565513154,0.09143000149227765,3.5182288681515868,112,1
s21g001_8c0f815934d0d7b2,"[2.3403780091011104,1.255321295857758,0.5160335224627055,1.0930202498619634,1.896703610257161,0.12942216988328542,-0.2694499972346798,2.1118508621289807,-0.20615981741940662,-0.8193195810898499,-1.14333217593603,0.1973498083268357,-0.233081667348246,-0.197987887950379,0.04102880163420076]",bridge_p09_d08,bridge,2.874422437116839,-0.0256473626265441,0.032543628743789715,891.3265807866774,0.04148750750134234,0.4546120969734276,0.2380337823797627,0.04767939629647509,0.03544633594079887,0.09619492421743062,3.519873056661637,113,1
s21g001_119343fa9f891a5d,"[2.318598194909734,1.3374512932664322,0.574558559950427,1.1964576812115744,1.8234452501909102,0.10521470787144416,-0.19473924325623226,2.0396677663020926,-0.2612760350012557,-0.7980056022517662,-1.3148078465904416,0.171861762242507,-0.25856361994165006,-0.40486381869476284,0.09614797226612654]",bridge_p01_d13,bridge,2.845795750172084,-0.02673641526150694,0.0314849577342389,840.1376486001755,0.04125112572655629,0.46290041002938215,0.2419713642364961,0.04210800562667548,0.03582669531698016,0.10251424335605966,3.5738161294850865,114,1
s21g001_f7042491c552eb51,"[2.220974234746594,1.2737054564415586,0.4486918949954881,1.3448137536553675,2.062484208689524,0.04658160163475672,0.16558950000992825,1.7684249081028158,-0.22365961903501108,-1.076313159986288,-1.3002476343731144,0.20187008080679375,-0.41254479336449396,-0.2914529628661874,0.02548420527478732]",bridge_p02_d03,bridge,2.8878477494187487,-0.027769924362838316,0.031050857885411245,908.001629528444,0.04151043693826342,0.46236538315875453,0.242870467710573,0.052321481616354,0.049959221382653754,0.12278942073900974,3.955225802411785,115,1
s21g001_e65f72b85bfd0d72,"[2.220974234746594,1.2737054564415586,0.4486918949954881,1.3448137536553675,2.062484208689524,0.04658160163475672,-0.24820551957178072,2.259222082251655,-0.2805646547972896,-0.9133354995412193,-1.3255720575381915,0.15272331620810703,-0.3003354241432259,-0.21670965378987866,0.038195964860151796]",bridge_p02_d03,bridge,2.948087061775597,-0.026214446836705263,0.0328964525628251,960.181562877151,0.0418003550954649,0.45841939191521,0.2469120966088414,0.09977243542601046,0.032545505439490634,0.10488742628538145,3.70024860165665,116,1
s21g001_975417f9e9e689e2,"[2.3358348728516263,1.4193718884917756,0.5928155970029876,1.26039760478245,1.9181948482800986,0.07844562084953344,-0.018215014976400414,1.8351719167319258,-0.3879285948511893,-1.0405660339347302,-1.139072654094819,0.11433861509220976,-0.45561907080406694,-0.661181692060894,-0.05479757319810761]",bridge_p04_d22,bridge,2.8602005981615837,-0.02665512499820888,0.03177182989634547,976.8321608600818,0.041326737304148,0.4659923892760072,0.2267793171947834,0.04082102006809867,0.04714629110608724,0.11778696903100304,3.8397926997168614,117,1
s21g001_c63e689a56d1adf0,"[2.380678424047593,1.3414587151520878,0.49604223945535897,1.2193787656372734,1.9165078948202323,-0.008709561563883703,-0.4485956029496451,2.536732197737168,-0.2875478142328353,-0.6371500703144287,-1.48399834482001,0.15688270327363685,-0.5139049753883074,-0.13049009367360925,-0.0851547377648782]",bridge_p12_d30,bridge,3.0193932756052018,-0.026470467887210303,0.033308217756401734,1026.7779121796593,0.042120690237773165,0.45952343137593155,0.25927239986559464,0.1387543868298229,0.029524786148438904,0.09836446208066,3.6788151115312324,118,1
s21g001_ff1028a02745c3f4,"[2.244170169351564,1.3292719489984892,0.48941310816571393,1.2481432631451637,1.9928007761671505,0.0781916324420538,0.10190408863947713,1.8386346183658497,-0.3259557816996446,-0.872641045217297,-1.070977411436319,0.07150763893021389,-0.5238916142515146,-0.379836820371506,0.139290787979569]",bridge_p11_d20,bridge,2.802362645567113,-0.02651692041035114,0.03096425704137372,958.7409142291799,0.04105622971369562,0.4541981409464768,0.22137550334377007,0.03646777232476367,0.05992747339509741,0.12064009075458135,3.8740702652531023,119,1
s21g001_37a0630fd958531f,"[2.220974234746594,1.2737054564415586,0.4486918949954881,1.3448137536553675,2.062484208689524,0.04658160163475672,0.2882862586950649,1.6873562569307872,-0.20112954758267684,-0.870377104312884,-1.28382294199804,0.19873032123053888,-0.4125848570458818,-0.21835148854067465,0.026311625892596724]",bridge_p02_d08,bridge,2.8656219208551232,-0.028669532839771472,0.02982605826388711,905.4285278476455,0.04141468008790976,0.45187655473143074,0.23355466116969112,0.052321481616354,0.0770491714900051,0.139430871977255,4.337064963732439,120,1
s21g001_17f993f99f9d8887,"[2.286852234287113,1.3446590934429765,0.566565825370214,1.2560871898935044,1.8463661346748608,0.09866002853751174,-0.2404311382846431,2.49934613023631,-0.24506982539653432,-0.5739545831284893,-1.6734364891949478,0.033550654119344415,-0.39677118537836037,-0.36896669891718503,-0.04766664725375403]",bridge_p03_d30,bridge,2.862993300398224,-0.027057628665793088,0.03120364989444356,958.6786724097146,0.04118517782885071,0.47460970928739615,0.26636139472138765,0.1151463804567826,0.04366411683597535,0.1163916308250409,3.810278491062843,121,1
s21g001_83954b4c5a0e4d6f,"[2.415683345523593,1.2134774513649513,0.47907036778035206,1.2322084257938282,1.9083868598950375,0.09363672238658091,-0.0820291173148388,2.012946215185841,-0.2074658687321354,-0.9645859265279769,-1.208820254047226,0.10370623719299457,-0.32690085993568535,-0.33961144601153614,0.020960543032946574]",bridge_p00_d15,bridge,2.8520450028281745,-0.02739209675201215,0.030854602530570444,941.1234561517922,0.041353358139088116,0.46385147902313395,0.24131058512746742,0.03488387986536178,0.053005741622595394,0.125174049092203,3.9688365722007424,122,1
s21g001_08df7d988bd01e77,"[2.234091607817553,1.412366904178846,0.5262617559964659,1.145157281160957,1.8428968726667128,0.02575253593667921,0.03200109724589431,1.9928303402299719,-0.16029638053061135,-0.910079100103921,-1.0888602220754973,0.112733305000112,-0.26059014897370336,-0.19482389530940486,0.07773579439333289]",bridge_p14_d27,bridge,2.7930204668177687,-0.025321959485755108,0.031833176242198266,946.6926730891828,0.04101648414197781,0.450520760024442,0.23073914262185402,0.022382100298128874,0.05247574642476913,0.11239383571507067,3.710504435455561,123,1
s21g001_efcbcbf62de333e8,"[2.322758309646906,1.4308406360843704,0.5997018582620294,1.281875236156665,1.9328697783597217,0.0856682885260331,0.04038177945256138,1.7951729208776381,-0.22760990956997787,-0.6470189556271024,-1.1622359687114583,0.22211920546683805,-0.6530463345210533,-0.08443092692915757,-0.09359661725978424]",bridge_p00_d23,bridge,2.7682538323079924,-0.026907109790555328,0.030191962125931462,968.5765500172456,0.040845513303649404,0.45191346769594226,0.2287044484068266,0.03413394014556501,0.09636639421499285,0.14455751388727803,4.451577563380559,124,1
s21g001_f0785e584c847d90,"[2.204441540482506,1.3737963456225506,0.5344573391594588,1.3132528436859066,1.930741130276002,-0.015008746692578555,-0.01688914412390444,2.190988326299115,-0.22825298769755528,-0.6596062795457449,-1.2731807702999796,0.14544599167192374,-0.5207845323133979,-0.5050350922040381,-0.18256948316125668]",bridge_p15_d24,bridge,2.809243068767109,-0.026514876814466293,0.03098238239423004,1016.232324061366,0.04104164019747264,0.46006432697390043,0.23503109724056281,0.07096635631382245,0.07131525396873696,0.12946568124791466,4.076736929833131,125,1
s21g001_175bae5e354119a2,"[2.216965657715427,1.3547474526532324,0.476498092631801,1.3069699067801337,2.003904648776355,0.05515354332749778,-0.2847541289890626,2.202805563850414,-0.1657466642350101,-0.4038461696108865,-1.4461306361077773,-0.02469808820887724,-1.2017354451749886,0.20998164442054507,-0.3194036664469534]",bridge_p11_d25,bridge,2.8726630205765056,-0.025949854120226212,0.03223229634889471,1262.7896511757099,0.04142819049043869,0.46924067634992195,0.2602669124762669,0.0708098194468435,0.07943837336609706,0.12567945520751111,4.120225106264997,126,1
s21g001_377a3734b943051d,"[2.3518198102747556,1.3628621815204425,0.5619754037786129,1.2473577583035547,1.9158546209596286,0.0912061967850108,-0.28338608013079586,2.250054192205785,-0.27629957681488554,-0.7924735165796516,-1.3102250567570908,0.12285333996861832,-0.34185269797176987,-0.24978470287084317,0.015169102765866846]",bridge_p08_d03,bridge,2.8594419476626234,-0.026009246226989413,0.0320903581314188,951.127011141165,0.04128466810575035,0.4614149094450889,0.24458611788712828,0.08345963717672307,0.043892672023209935,0.1128513374207755,3.754674363917173,127,1
s21g001_d1d0ab7b00a1b616,"[2.2897011744534317,1.4245630026580178,0.5875760911535907,1.2792203283301034,1.9409721993269058,0.08490207655878304,-0.13854705343178136,2.0858571290573624,-0.3344145846165682,-0.7225742172253544,-1.0634294943063898,0.180321938297117,-0.5759038203498905,-0.1774674833017865,-0.11614094306523096]",bridge_p00_d23,bridge,2.7757635219766774,-0.02547748750258505,0.03141186864972911,1038.4050406325441,0.040850375394333546,0.452693509051258,0.22417210609892418,0.06788839610861662,0.07235420676887486,0.12598465301085401,3.9906817469042792,128,1
s21g001_bcad69efbc7f9705,"[2.415683345523593,1.2134774513649513,0.47907036778035206,1.2322084257938282,1.9083868598950375,0.09363672238658091,-0.08540733066495938,1.9592050040570237,-0.23987997155876084,-0.8151810519670392,-1.1649663052219978,0.09937404374986986,-0.35894769174120705,-0.188672826109418,0.06633683418543997]",bridge_p00_d03,bridge,2.8435895511941545,-0.02759397421746379,0.030482324266154076,958.8859486930523,0.04133771213679308,0.4551406011877989,0.23570065630599238,0.03202670215048867,0.06221490419973973,0.12603385982972096,4.011558550387106,129,1
s21g001_a1d7014377d0c953,"[2.341257053374606,1.387569780044055,0.5756875438540983,1.2599035566791312,1.922038987470377,0.08919337647597092,-0.24520155854846679,2.2557472552336044,-0.3049519174149329,-1.0442053661084465,-1.3394906658275874,0.16385782328779705,-0.4457673577467537,-0.28348899455543497,0.07773294289189292]",bridge_p13_d10,bridge,2.894328795193532,-0.025817588328808094,0.03277577817015395,901.1042565351781,0.04143308088156381,0.4710633897010765,0.24874569303857216,0.08919308780342357,0.032505291188518644,0.11072843660629815,3.72826071739017,130,1
s21g001_83a5961121e162e8,"[2.216965657715427,1.3547474526532324,0.476498092631801,1.3069699067801337,2.003904648776355,0.05515354332749778,-0.2935678106132737,2.172402954917708,-0.25799757843058163,-0.9095780442504415,-1.3480312493333289,0.1447250334275903,-0.5279110873413871,-0.3168826258431826,0.0774250150526054]",bridge_p11_d13,bridge,2.952123863663839,-0.025727756682186964,0.03351916375696079,921.7087303983026,0.041831682748588186,0.46453720430440787,0.244784394640741,0.0777920862129662,0.023722832597967272,0.09456892332875853,3.5531341930617697,131,1
s21g001_51eb66662e9bef71,"[2.3454285528724945,1.3946339657517084,0.5791492700646469,1.249717230705524,1.9134211586094083,0.08144096062769704,-0.1560153951205312,2.2076194485774674,-0.3559939483232706,-0.8953091553657837,-1.359115322068488,0.14131655414446992,-0.2980216439792422,-0.3532681378834626,0.00525558981448037]",bridge_p04_d10,bridge,2.8745147414186047,-0.026432452573229348,0.03198369378923043,946.2613029273125,0.041339012985647544,0.46388267758504576,0.2451345312979884,0.08791538889003897,0.040099150473806106,0.1149960632136501,3.790358852875295,132,1
s21g001_8c1819cb8e5e0654,"[2.322758309646906,1.4308406360843704,0.5997018582620294,1.281875236156665,1.9328697783597217,0.0856682885260331,-0.18953320701984822,2.0752591130937756,-0.22929317014357065,-0.8649182370575116,-1.3941231129647833,0.1477758166398349,-0.4586211919857818,-0.2070002062909009,0.10625722749998451]",bridge_p13_d07,bridge,2.837649090708234,-0.02601794390671719,0.03203210323654418,878.0012874776767,0.04115378447648433,0.4676794870013895,0.2492993732442821,0.054373014754115746,0.047598485464524276,0.11652764228162255,3.7995605863777087,133,1
s21g001_a2fc2f0e1981d3c2,"[2.2523166881249725,1.522079043898231,0.521669626411004,1.141012311337448,1.8099569177719421,0.091087926258857,0.21722245670966478,2.038223381535767,0.002299707685090132,-0.928225963767929,-1.1604691334932826,0.024403853230059933,-0.10877708448650188,-0.531898637127755,0.06361952512884789]",bridge_p14_d17,bridge,2.7436596673188265,-0.02536526182042087,0.031172426370698517,867.0114762189005,0.0407042881870076,0.45808913328586304,0.23536256235695951,0.030480300682807496,0.0832919422133183,0.14042949216063547,4.268302582089271,134,1
s21g001_f5740557ea653586,"[2.415683345523593,1.2134774513649513,0.47907036778035206,1.1547338171432586,1.8407847865717586,0.09661752313963405,-0.03029429774200498,2.1757476441595327,-0.1310256915450112,-0.7943441518425487,-1.3817383556708338,0.09983877423145888,-0.45336921609252867,-0.1650493574603495,0.05465160591391906]",bridge_p14_d02,bridge,2.8349904063911398,-0.027611553935348643,0.030406982800373884,912.4226365154645,0.04124443321344685,0.46563873968788216,0.25314523207272577,0.04357207262559656,0.059987603456735074,0.12820026382619962,4.029233343219994,135,1
s21g001_c6d0abe50b99e79e,"[2.262448098066158,1.3153764120015714,0.5273739995583907,1.2295810521851904,1.9129626452251831,0.037142618193756395,-0.12340322977680285,1.9148864388519096,-0.47384523569785786,-0.9816115630196722,-1.033561238987814,0.13416878085685888,0.039015429278274956,-0.3417719091225333,0.037079492606184754]",bridge_p08_d21,bridge,2.901802580648342,-0.026506054443783178,0.032195049136577225,1018.0633710094226,0.04162927094218399,0.44632366601812273,0.22631815429446941,0.057246360111063356,0.03455643005387419,0.09469926937046905,3.526514575935275,136,1
s21g001_339203989b292e47,"[2.2332768650314865,1.4911298349447968,0.5434233226421732,1.1674735926286672,1.8332768156608292,0.07815772311539852,-0.04668399873518363,2.2464139354244,-0.2702139235027587,-0.8048891850371758,-1.312955013754252,0.15308397200358229,-0.27206365655843695,-0.34520558734306284,-0.06814271834364813]",bridge_p06_d31,bridge,2.818026730631799,-0.02524183387203005,0.032212879980029675,967.766262138488,0.04104577360365299,0.4579964135867883,0.23968376074754488,0.07715513525045077,0.04373405340587943,0.11093897091882628,3.684954683041922,137,1
s21g001_9c44dfac19af8d52,"[2.157496674686232,1.427334457736558,0.5257459785205705,1.094951096042665,1.9169462103970027,0.061663583141185994,-0.3363083296591776,2.1649271917320756,-0.13114373649811575,-0.8141099415319281,-1.5390559603307064,0.20909618781613015,-0.4347333992194199,-0.3260917598394053,-0.19999949559218602]",global_0063,global,2.9719057869250047,-0.024541533504854995,0.034851632954398234,950.4570780107715,0.04193801830357975,0.4696225547753264,0.25918853354834076,0.046281717677931385,0.0,0.06608970048346176,3.2558159400745943,138,1
s21g001_3fc271ba2939d035,"[2.202267971307005,1.4000657420018965,0.5047873760849346,1.2287303457908485,1.738796923760058,0.0328911362625791,-0.34809866861465266,2.0590638241272647,-0.39039079740467175,-0.9658426253203759,-1.353606450142191,0.21373287746879832,-0.2959123755167539,0.03742422890713126,-0.30338453759744083]",global_0026,global,3.021559339403076,-0.026340037565758645,0.033899323338856986,1153.944837961997,0.042267911425063164,0.45414828565356424,0.250132950752554,0.0656783008032886,0.0,0.06138590215901278,3.266494223355009,139,1
s21g001_d2862003cc19cd0e,"[2.092200090111459,1.4397152407942881,0.5662074010981948,1.0477070227214014,1.897123659159201,0.016947427633015835,-0.22708413927872684,2.0853004848078167,-0.17393606151419339,-0.6992527812211115,-1.2270900969387526,0.2455742599025299,-0.7316506501443674,0.029323176490721192,-0.13893791045186024]",global_0020,global,2.884800950074046,-0.023512169839942754,0.034366759719625606,1013.3391535216251,0.04151623097820375,0.4552621039571763,0.23893469215574234,0.03666814088609386,0.02476788323134345,0.07475291873045917,3.2694915572826684,140,1
s21g001_560bec413ea1bf4f,"[2.176529372133496,1.3646082310639884,0.5615986227324343,1.1429968276895817,1.790710054411966,-0.027214332014584057,-0.44377330160892037,2.0976394960727656,-0.23846001785512916,-0.7320269193332016,-1.675199349043076,0.17429185267314462,-0.8388113606495157,-0.33522925210556964,0.010907441652604884]",global_0071,global,3.0711416878781073,-0.026440991733822305,0.03464722904341621,903.6848580176047,0.042497616126851344,0.4780072899964908,0.2654285407015677,0.050054577684181575,0.0,0.05526254242989778,3.2696483466061634,141,1
s21g001_6ee42672dff27b0d,"[2.2212819530734165,1.3939533963573214,0.4991823901390224,1.1338193890056465,1.847016322291017,0.028338206810749163,-0.35163573287766153,1.9383281403171781,-0.23634099024729532,-0.7727730113829983,-1.4238191603532646,0.20220694987539922,-0.40835284231923863,-0.4009611159976258,-0.021580273533668724]",global_0005,global,3.0275234814036005,-0.026022601440826465,0.03435010454495971,908.0839356918586,0.04232658810941881,0.45928182980745014,0.24644548167506883,0.02703460677169292,0.003188712191583316,0.06506872309212441,3.3030853745085986,142,1
s21g001_e7e498f379522897,"[2.2158458944245747,1.3440926431437832,0.5669405283535185,1.1724392711229306,1.8786443195640499,0.03964347980231956,-0.36311576302530746,1.8105522738430782,-0.25717652394193846,-0.7806423322630439,-1.2857143294711013,-0.0068338447386890044,-0.5070564137482195,-0.21441400329766627,0.021008762401973524]",global_0024,global,2.983514414722749,-0.025997359921697383,0.03381895227338373,1037.069158328577,0.04209137732044132,0.45476317214357426,0.23898409519830346,0.013197074443619396,0.012049395876087868,0.07115270930981897,3.317672015395297,143,1
s21g001_0657962b6729f47e,"[2.3233413153554836,1.3219419204961937,0.41931376451196345,1.0850250772819445,1.857067173529089,0.12746406763140872,-0.4887997252702647,2.241163277791651,-0.34643214899578667,-0.8153023017221595,-1.3808240962822287,0.3281868528626805,-0.44627280423148485,-0.1164707139113616,-0.10667679837729455]",global_0037,global,3.0893836490443363,-0.025822313304810107,0.034929029967263006,946.8652867361488,0.04264370917261795,0.45651128006100694,0.2519065829884281,0.09166229034646395,0.0006815171612836743,0.05982223460385706,3.322015389286705,144,1
s21g001_8c96bd8e1733e087,"[2.1346722138702106,1.3876544399079551,0.5195431992522838,1.2157085830006547,1.8127308042052,-0.10257543480583715,-0.2783296142865567,1.926792510467897,-0.3325231811282795,-0.6521867713532332,-1.2127067614631788,0.032438279946524165,-0.1204265395884383,-0.3108396658860011,0.11130561819300638]",global_0029,global,2.9868493720503553,-0.026357563286802277,0.033364549135938254,1029.1346723533752,0.042168794131960154,0.43922080271268077,0.22947132746533,0.039717268481980414,0.021126923726792313,0.07132496156857195,3.333142773045162,145,1
s21g001_37e426f6d138e259,"[2.1064283189475184,1.3991141729677554,0.5758447666733993,1.2962710459308007,1.686015923264539,0.16174273018965862,-0.32960497764602814,2.029002979989547,-0.24953757589282075,-1.0331916578198728,-1.3218554308251869,0.19403698487781287,-0.3207968183009947,-0.09304073961866305,0.0053204386058941094]",global_0061,global,3.000720751551078,-0.026250477606043376,0.03376260337516058,897.6104847987117,0.042189567405525985,0.45796782242295675,0.24846608127934797,0.039631518323719854,0.0029157383198000486,0.07202553461614344,3.3382173514874953,146,1
s21g001_cbc1dbeefd5a2f68,"[2.331552774152613,1.2337874798045974,0.5433934050507325,1.1163726708956354,1.792307487790641,0.07528963221913904,-0.12967580821363886,2.1201626094003316,-0.40231850351147813,-1.1104182864106915,-1.3908993604007713,0.23801949611281187,-0.25812303709440143,-0.35489379407916843,-0.1117774061931277]",global_0015,global,3.022316944414795,-0.02753130153038552,0.032897268760558665,956.9637866346966,0.04226762138006111,0.4662269939407397,0.2533046312575182,0.0741944042273432,0.0,0.08215676000747076,3.461049603384929,147,1
s21g001_c15fea3a4a1ce186,"[2.2940296599903074,1.334824948124534,0.4680671631739217,1.2656784195970174,1.9417108692523652,0.023120013209916405,-0.24531308500113894,2.427696350434779,-0.2557563243706027,-0.7833460693906164,-1.2858107309497189,0.23421126958449245,-0.36246211119731425,-0.20025928550134145,-0.0754260349936439]",global_0060,global,2.915741402763448,-0.02599967983282525,0.03251718837972421,972.8459195570795,0.04160599508696282,0.4555199926688544,0.24499336689719442,0.11318426162194399,0.04603716335121593,0.11382190216426696,3.832023768892354,148,1
s21g001_171dccdaa308492a,"[2.188167582437598,1.3282990208017558,0.478524307914274,1.0910655128541389,1.6066791892730237,0.13457980936345965,-0.06069472105955595,1.7511799568129072,-0.30781026908941245,-1.0790430534656947,-1.364209583947627,0.2963410504719551,-0.21368557475537586,-0.03139063963702396,-0.07248117035578966]",global_0022,global,3.2234154794136365,-0.028575100436231127,0.03434786044383722,915.3287307609244,0.04358509203787333,0.4408481900614941,0.2499666924986101,0.0019573389510839545,0.0,0.06314180175498232,3.482563142789893,149,1
s21g001_cfad08de46292b17,"[2.3774348378963834,1.299723851385177,0.47595494246290787,0.9625448439519706,1.7841921363076223,0.06822351135782714,-0.21779343756092825,2.1244256843536515,-0.3422912483565132,-0.8556794271201912,-1.6326147771273058,0.1590066345241685,-0.3053242845934552,-0.08373607204767214,-0.2644367702991589]",global_0046,global,3.1189322370023063,-0.027303849859227736,0.034272358368859966,1096.3121436713554,0.042835472840533316,0.4600681815365023,0.2665743510975375,0.06826811330393179,0.0,0.06161193229153874,3.3656742000476214,150,1
s21g001_1d2e0ae3e1f2d286,"[2.3737854503450473,1.2339584572352933,0.5184066704236505,1.2094205975740862,1.7724064453849457,0.16382922939090366,-0.4298882910672933,2.1286380489010215,-0.27311002889316033,-0.7474318525287953,-0.9539448063432897,0.24104119961434778,-0.01583677384336446,-0.3666186448635272,0.07533012808066117]",global_0049,global,2.881558079632733,-0.026417462583191553,0.031804670930866315,840.4918695754459,0.041582737882497896,0.44962644666008494,0.22760312231641378,0.06008626200971999,0.05944269128215727,0.10765634994068199,3.7585710831388255,151,1
s21g001_db9b402bbcafd8a2,"[2.321707971977284,1.3506185704665614,0.5564833836131662,1.347052177865809,2.2136759995433914,-0.07181631635122367,-0.5477341269668904,2.4870686674649503,-0.2051225792231287,-0.4849453481879655,-1.2073154764731933,-0.06896362562615165,-0.655832950190158,-0.38328264916198374,0.018063897764119284]",global_0058,global,2.9568981209446448,-0.02491378594967253,0.03356702775666548,1079.2560324186452,0.0417447926755069,0.4563055303218581,0.24063694500897512,0.15169258330701396,0.07686200925716595,0.12906607206329906,4.246443329551514,152,1
s21g001_b48a62c3f8c75ea0,"[2.3752033405446715,1.291263151360362,0.5154644922751564,1.2224091077192933,2.007624384611215,0.16533892781807313,-0.33009923373988964,2.3114561138099607,-0.18040966718426166,-0.911801630300427,-1.3588182989576414,0.19493914489927927,-0.7490919853570955,-0.1038336229130066,-0.16572289078467678]",global_0065,global,2.9383034815877274,-0.025850262463825935,0.033163614041187825,982.4416854499323,0.04174107358663875,0.4721699706103168,0.2539371639625852,0.08982599328372975,0.04564099597938098,0.11628191364778075,3.8901084232807186,153,1
s21g001_ea4bd77737a974c2,"[2.3242491789872575,1.3836559713757783,0.5803178931638203,1.24796515828003,2.1508641761010634,0.026145041139703493,-0.48626052967648564,2.431183142860931,-0.07388350795351883,-0.5906027569944332,-1.6072175534884583,-0.1700417992894459,-0.8280460679204908,-0.14276770443132664,0.1296330756342693]",global_0034,global,2.9515693750019687,-0.024973721730736753,0.03399258784253724,1020.2563585340395,0.04172448546242457,0.47678284396932336,0.27148321911072115,0.11067313977342504,0.05534153309925942,0.11897426326815543,3.9788302558171664,154,1
s21g001_306ec072fbb772e3,"[2.064498332939969,1.2357960444868437,0.5052526838710062,1.2400556757223837,2.0038473142105637,-0.014150578039908983,-0.1567789969800237,1.9864266919439066,-0.34839538430704853,-0.9284784904934423,-1.1446150407944122,0.22740218319881156,-0.5796402499091846,-0.11403532961905702,-0.12064705650557028]",global_0012,global,3.0468192901262845,-0.02584344069930855,0.03432911866547353,1059.3804854667724,0.04253592068757881,0.4463366261970215,0.23058876251573998,0.05959048584695526,0.013782362192112645,0.07502803507765109,3.419366055986955,155,1
s21g001_57c4bade2317b8b6,"[2.418499129638277,1.2225196591632248,0.4776446565738497,1.1899129241248223,1.8674863817244376,0.09044743742843321,-0.04446390151073193,1.8329567286780226,-0.19426498855115448,-1.1389637230217131,-1.65756152977382,0.2908708486763937,-0.13024197185847847,-0.6388169496818343,-0.0860978485834338]",random_tail_0006,random_tail,3.023304980494683,-0.029226317204106955,0.03175885214307128,784.1052840014418,0.042255377682714944,0.4846592317915788,0.2697060435679431,0.01406968816614405,0.013586183121865375,0.10350673567189786,3.726152314922802,156,1
s21g001_0cea60fbc801b98b,"[2.379623828952677,1.2118628337740915,0.48106180912285446,1.1775933255238997,1.8444046347036618,0.10745773933658366,-0.4785692556557,1.773719661585388,-0.3112510460599141,-0.4397300746669635,-1.64461246342122,0.08044603929402191,-0.7264367056555148,-0.5436343309666014,0.1610140018241119]",random_tail_0055,random_tail,3.1210943825551403,-0.029239841823347934,0.0328382885977896,836.5086071032601,0.0428778829900484,0.4717545815220812,0.26027966002445385,0.01233883128812349,0.03841596334895709,0.08395170009289413,3.6308596176078054,157,1
s21g001_36951f765658d630,"[2.421608037093343,1.2372123103550072,0.4711910206990806,1.1526773174435625,1.9007707165364847,0.09494158165968891,-0.5837766400765233,2.056581850510457,-0.10714611324224652,-0.6557099540763838,-1.659877471545424,0.07337856437523291,-0.00694121543339149,-0.19180825558860884,-0.07044756600786217]",random_tail_0030,random_tail,3.0538403269116943,-0.027198329031416613,0.03371847682762,946.089309614701,0.04248008899331182,0.46912320246550193,0.27707874550266753,0.03153972528126871,0.033903425534075646,0.08747855990506104,3.5914832049138736,158,1
s21g001_2c945ed33c0cdc17,"[2.283840761865046,1.4497982644065002,0.6077911577023903,1.2759273001828848,1.9583201490229074,0.08694950887371508,-0.011897472823021449,1.9875637853254693,-0.5058434298216569,-0.6446378871856373,-0.9265414403316798,0.23381410078686207,-0.22352240889335406,-0.9772067492686747,-0.2128473932254837]",random_tail_0045,random_tail,2.768978361278046,-0.026146903684269196,0.030713849371791876,977.0266883380682,0.04080229952361625,0.4554020052191279,0.20934034952022512,0.07698275316262737,0.08194602675642117,0.1264146611090116,4.042751982133695,159,1
s21g001_b6c855d2f137ff45,"[2.4078184049360876,1.2138931952741956,0.47379484292363305,1.1782525844391392,1.8752236153040562,0.09559363600380023,-0.2196787962295061,1.8972751516058304,-0.3008026253315459,-1.1562774152567639,-1.6731227174702408,0.007346369950909315,-0.7148057659153493,-0.3444058800027001,0.04213379443066651]",random_tail_0128,random_tail,3.0850330913124826,-0.028490724572751147,0.03322029050682732,974.8566830789823,0.042586140244982675,0.48908691912026575,0.2679555487528218,0.02811666565943307,0.0,0.08598690024226081,3.565626647175196,160,1
s21g001_f4553046cf16703b,"[2.231405843887606,1.3621575238136305,0.5479115078355073,1.1514755662383998,1.862255309811313,-0.013501630009557689,-0.23716046623609757,1.850426274896133,-0.5059168429545582,-0.7827215181833374,-1.3383490110514429,-0.05415882017863004,0.07374518625453069,-0.4768895359803063,-0.14113671951203322]",random_tail_0076,random_tail,3.0237976342554775,-0.027036881769301746,0.03340861965962672,1177.6583110094543,0.042307307715280115,0.44922806227922163,0.23520603402868862,0.05005009133538167,0.012361938336279694,0.06877809517258553,3.336623961847527,161,1
s21g001_f315e2a81245886c,"[2.2278617654883077,1.3363042812344297,0.5492810939783102,1.1459376697514556,1.863975339197982,-0.026722713140515622,-0.2791777590458264,1.8890489733088687,-0.44938152578821794,-1.1354584483049508,-0.995066699198887,0.11605642140799839,-0.4864963467187786,-0.9152637521070932,0.12979905172678172]",random_tail_0110,random_tail,3.0149096988927995,-0.025665878021784883,0.03441544173732704,916.7383632655947,0.04224243127966679,0.4681429728053457,0.22030489553161312,0.04825594436093605,0.004310557246076344,0.06644538872028675,3.3025343598671597,162,1
s21g001_89aa9590d1ee25d3,"[2.42669704912602,1.2195400660734814,0.4759915606811687,1.161285540870144,1.8802688921564135,0.09655731548795742,-0.2028917510190269,1.9561790895422642,-0.4159462043136635,-0.679339681335569,-1.075734143594804,0.22367236478626465,-0.7198127680418017,-0.1997979071359756,0.10083539389823792]",random_tail_0102,random_tail,2.899525040706314,-0.0274228761933053,0.03128411587788313,939.5358878100997,0.04166515357480801,0.4529117478634632,0.2262719289664235,0.053059301577375276,0.058733078554670116,0.10902093358814095,3.7928218062120704,163,1
s21g001_1b9ea914a6eb47e0,"[2.3850152250932597,1.2255029353707925,0.46186780821593354,1.20798160201487,1.8694485531635605,0.10234978256901724,-0.08057126752224636,2.259364003057077,-0.12207020731914212,-0.870563692679206,-1.7355398827002289,0.016000065563913007,-0.7696922839150622,-0.21968416997230836,0.15057306108351393]",random_tail_0127,random_tail,2.9258217756706952,-0.02822442268662162,0.03125730481660615,876.1429692130514,0.041670904594432526,0.4874702849644299,0.2762833156994658,0.058207847339546925,0.041840913729837406,0.12053550463111255,3.9314674598158668,164,1
s21g001_3c2bd2d6765a8c15,"[2.4448217399548073,1.1391525866894077,0.39726945792141444,1.0736319309789633,2.130588255834747,0.02641902123478878,-0.2590228129629747,1.8331693693294606,-0.48942171098702947,-0.9017953853545043,-1.206092519020447,-0.0025678372649909353,0.13105219502357343,0.04201544091940862,0.05279126965865841]",random_tail_0037,random_tail,3.0903886633228907,-0.02732396307968865,0.033712162988605174,1162.048721521558,0.042763556299900925,0.440838465530098,0.24355438367394447,0.06518843920936025,0.03257442711315264,0.08454051376893848,3.592088329324689,165,1
s21g001_ec65ba1f5d833c1e,"[2.1588328984248673,1.3852101408607136,0.5368056466973908,1.2673857489906855,2.001726989800767,0.07824059104069699,0.16354398576554025,1.9095359739806144,-0.48871289489001113,-0.2829842518162103,-1.466476179624494,0.2417282395839853,-0.8490143294981671,-0.32541726448493014,-0.20880472628006674]",random_tail_0116,random_tail,2.8143924210393676,-0.027989016180343107,0.029847659545352984,1037.1327479221654,0.04105547213408752,0.4587353567630865,0.23932800787262126,0.061727438646672086,0.09474922554383325,0.13098446962212007,4.24380250532206,166,1
s21g001_816d02dd089a8a2c,"[2.216041450347265,1.3828041783893357,0.548206116015974,1.1230188420918246,1.8661528302139,0.027691469473604808,-0.6054947466136369,2.6,-0.07510197084800888,-0.5577676476631444,-1.0683630477598005,0.12642591233762124,-0.7152218637646182,-0.24136276365798265,-0.08902869285257042]",random_tail_0123,random_tail,2.875221791343612,-0.02310833312993188,0.03413504393876479,999.6143624991855,0.04137204147728227,0.4594370777072251,0.23788970705994572,0.11325392257386152,0.03980880071423887,0.0936720682397525,3.501027376784657,167,1
s21g001_3c914b98c03557cc,"[2.3955468884755313,1.202447865488562,0.47544151044971145,1.1708200645045597,1.871812422235287,0.1019581850335803,0.14940981259365343,2.2944075164561544,-0.10956372623275282,-0.6057648117680896,-1.0336625922660245,0.19697394058400788,-0.6941499785197147,-0.37018543982380603,-0.05088186313593459]",random_tail_0115,random_tail,2.6985596658439275,-0.02709533727741742,0.028719112045929474,905.1707773554081,0.040489993713520266,0.46063247014689623,0.2281349786853916,0.06044555791755542,0.12747528193742305,0.17608100315790012,5.282601607270827,168,1
s21g001_ee7dfe18d0466cf5,"[2.4256786387691243,1.2036508849873386,0.4930943537871358,1.1628666453152516,1.8943035192017974,0.1009162583980472,-0.31288803613492966,1.9809230381368363,-0.16095147307956106,-0.7931408679119474,-1.3436815696308066,0.2372723764573539,-0.14122433311826926,-0.36523310301199263,0.006294244412826576]",random_tail_0131,random_tail,2.962242840837503,-0.027434250998587095,0.03225323552562494,830.4099633367878,0.042012620286834626,0.4613824901439489,0.25104227706905485,0.025199789898067173,0.0375520981796466,0.10316079264789599,3.7033381376400287,169,1
s21g001_e451caca5e3d612f,"[2.3118660822099137,1.2468203658768093,0.526401979564459,1.097481916646472,1.9628879644920412,0.1401324482250038,-0.33546186703739267,2.1805042279049847,-0.07405644949774742,-0.6798635784244753,-0.8881224801467233,0.25931747397915944,-0.2688099680197325,-0.5866965121791251,-0.2435967804092662]",random_tail_0121,random_tail,2.8361466121175902,-0.024641311856501313,0.0326797683249789,910.2803980701174,0.04131966247790667,0.4540589915569828,0.22420191834967615,0.05001939585304344,0.055959691774108214,0.10635684408820473,3.681014249224627,170,1
s21g001_1f5982e059d7c225,"[2.440677532919133,1.2199294183773712,0.4867906769421712,1.1895244096376525,1.8826419230493558,0.11739866109763007,-0.06812644699122611,1.9862011510566502,-0.2026660490912254,-0.4264288697239165,-1.6586563884660268,0.31503618783953136,-0.0079598828907948,0.03901802164953075,0.1385061138392456]",random_tail_0003,random_tail,2.903315851364904,-0.029430600500079174,0.02965175208987375,756.0640262679372,0.04165627866551953,0.4600237294898466,0.2699760749624541,0.029548372414284246,0.08436586598514882,0.12937149355773775,4.240335745833132,171,1
s21g001_d38813b2f71a828e,"[2.402831130597714,1.2170967201570306,0.47989686887388705,1.1470746696042222,1.874162362577163,0.11199648811341391,-0.012076086113040396,1.8242367327543567,-0.13693377914201074,-0.5892808500672915,-0.980687683734524,0.054331663846812525,-0.15219968024422775,-0.26078649207996596,-0.04843601874830513]",random_tail_0017,random_tail,2.8080138743441805,-0.027602276791419578,0.029808990437475757,993.9733966336062,0.04121495575019626,0.4397874338326867,0.21921930096509873,0.011990153720955965,0.08803519004351752,0.1344940878653927,4.255033566952477,172,1
s21g001_30b725b431364c5c,"[2.3488847109303084,1.2721653596206075,0.51866927766114,1.0779481079809579,1.9583393935114517,0.1440323826650037,0.16058444536371463,2.222887060980079,-0.4493966923725325,-1.124102640975894,-1.1615506702922744,-0.08586743804999909,-0.25212416455730724,-0.40856175248827425,0.16549455515691003]",random_tail_0018,random_tail,2.863771140971924,-0.026223160177601512,0.031811134302923774,1024.1027076060818,0.04130621425917939,0.4621878794721681,0.23935921723804018,0.09989914127330608,0.039256136281026324,0.11587418978137393,3.790451499958773,173,1
s21g001_0c7d14305e29cc71,"[2.2917423171531723,1.4366389812193157,0.5914875074921921,1.3381846495200282,1.9173903509932912,0.08338900969992853,-0.04668943505434492,1.6868900116152172,-0.3049495122343907,-0.47967134984875376,-0.7850340735241905,0.0010257176685707775,-0.12117221700616448,-0.36807332674761056,-0.05762259063040411]",random_tail_0001,random_tail,2.7452573119426513,-0.026658976401959356,0.029827349490079924,1081.3001555657138,0.0408079386799005,0.4304387575016813,0.1965333791106475,0.03627765131329993,0.11594098809289381,0.14829384691758166,4.6451574843261145,174,1
s21g001_643042cd009509a1,"[2.4258997538328644,1.2186438640855612,0.4757970936494297,1.1456040640730831,1.898701990585584,0.09994526945703973,-0.2986041781317293,1.9533073742661449,-0.30302144642536855,-0.7832995066844305,-1.693345747027325,0.26465404808635595,-0.765261001968093,-0.6673924479574503,0.0012127816294488433]",random_tail_0089,random_tail,3.078727301052844,-0.028711511136498058,0.03287655967112022,793.5348336424431,0.04256582794764643,0.48781869254900456,0.26328698900735126,0.03889094459573969,0.019561757332977044,0.08980159872463905,3.6163017469788152,175,1
s21g001_0d1e5bf7df4135ea,"[2.1612335071400977,1.3296544046442997,0.5430122461575644,1.1460508050275011,1.7685114794422128,-0.10010749772075436,-0.48789895714857767,1.8463935707745467,-0.12831945246663987,-0.14349920268225108,-1.340322096463478,-0.0006846899553210328,-0.9730830872934004,0.38252489153059316,-0.37360992992737535]",random_tail_0140,random_tail,3.0390069049704485,-0.026598943367017736,0.03366098201861502,1315.9774504447814,0.04255573638195998,0.4461725917040761,0.26046351927017464,0.004754259982265761,0.06918549149329924,0.08592344602985592,3.686423540678338,176,1
s21g001_0c9d9b0c51a8ec20,"[2.141419762512564,1.4179008393137547,0.5357464188068647,1.2595065877186347,1.9827629072937691,0.07386746515421955,0.0030507564068517623,2.279568360506512,-0.3881810272067653,-0.5033769834608115,-0.8751894209421416,0.060743698598246076,-0.4664519430451219,-0.5103400142932009,-0.08022681581431562]",random_tail_0027,random_tail,2.7145315220422925,-0.024656724162896437,0.030917528166604577,1077.201744340433,0.04047481007476434,0.4435558168420794,0.2047442622773337,0.10513726145961758,0.09242634503342465,0.13571900038390644,4.210800605249052,177,1
s21g001_3ca94cfaaf234deb,"[2.380928250691042,1.3220943231571591,0.49109776627207596,1.2085999925464095,1.9245813326928933,-0.031097105717856753,0.0848029166753953,2.072391964984458,-0.2674952579187742,-0.4633073989668514,-1.0926425494813277,0.25325823146642795,-0.5497789887892084,0.47658647189503867,-0.16553758662245377]",random_tail_0008,random_tail,2.764362342049669,-0.027041880367479343,0.02962428226252453,1145.386081543049,0.040917541055306116,0.4419076732345665,0.2347334719919603,0.05730303459021323,0.11985633402827207,0.15032192203483669,4.735940486160143,178,1
s21g001_77aa4a2d1f410ac4,"[2.436254690547006,1.1997873086926842,0.47875024900026797,1.1862135103544535,1.8889612740633377,0.11094256096330041,-0.6329368320615352,1.846777970076803,-0.1137330902592624,-1.0495666571652518,-1.6231362064089363,0.11835150096298724,-0.12101150745866879,0.12884826511414318,0.13105735721961737]",random_tail_0073,random_tail,3.190887919355742,-0.02755564857716819,0.035131734056465205,872.881910412747,0.04325151929607214,0.4721799958853984,0.2826998309548286,0.01733584165924849,0.012372180988378346,0.0758870041835266,3.570569830796851,179,1
s21g001_a315b784e2c30ada,"[2.4305601186226347,1.208364782276229,0.4882658793040716,1.1681689371654922,1.8840866027186787,0.08866666567083178,-0.1267281580600717,2.4917290156932226,-0.28124077707912554,-0.5038972803702593,-1.4102531463126464,0.038599669192355635,-0.5403105298949267,-0.33531021627377133,-0.030991312068653985]",random_tail_0048,random_tail,2.861461350241349,-0.027621796402942156,0.030336894113877362,1005.8161762106938,0.04128489031564279,0.4630834698321654,0.2497983309374004,0.11953429110399717,0.0736491275385963,0.1383108468604662,4.29475101314508,180,1
s21g001_cd4b65d7757e3281,"[2.322065710230956,1.3090892777421386,0.5719592636785948,1.1729724551986396,1.8246652012905817,0.10561043438472976,-0.14382135333324247,1.4347218794709509,-0.5164756586449599,-0.19556846756474527,-1.2937297593002486,0.18715771840083045,-0.8988885484045508,-1.0424111121962303,-0.015186162156002894]",random_tail_0015,random_tail,3.0455880636337644,-0.030253887692360037,0.0308145546881338,858.1715784464941,0.04249027391163287,0.4617771387446035,0.22126622506254798,0.005618561428547792,0.0881923327587601,0.11696576044333913,4.207078420689639,181,1
s21g001_99587f9784c10c4d,"[2.3364781046148826,1.4383032636579691,0.5958633207744447,1.2850831247336254,1.9415653792738259,0.07421422255644677,0.1824823746580082,1.624252923599202,-0.06196476977342705,-0.5334508354756899,-0.9144632130580206,0.10798604513700175,-0.18922237962889704,-0.3519792032614373,0.07260545300861396]",random_tail_0005,random_tail,2.7559163206281188,-0.027755887282684855,0.02901448102315954,856.2311589929704,0.04085214300325629,0.43190353083180005,0.1976367549502926,0.03800983971903242,0.13210391314227765,0.16757121075954165,5.191924049892921,182,1
s21g001_a6e2d53b4b22f02a,"[2.32469939401476,1.4142008745076244,0.5857940880045588,1.2975057094179323,1.940379085803052,0.07790872491419515,0.28670945159681394,1.946832424155062,-0.3061769448926297,-1.2216821495534371,-1.0321195404836176,0.13550073692037523,-0.44790644195034857,-0.6404605508172465,0.17442053619596462]",random_tail_0130,random_tail,2.718239169097874,-0.026405121528454423,0.03007561825201286,845.9691904907304,0.040477425621981825,0.4742172528047087,0.23094802713650184,0.04595037485225734,0.08674037000079846,0.154425911684365,4.531653924644088,183,1
s21g001_135cb36139cea1d6,"[2.114760659389452,1.3989863926241122,0.5353714489401745,1.2897467374085916,1.974693539860611,0.08380638763308845,-0.4684748781706264,2.460484581880055,-0.38216831140923413,-0.9504295369995438,-1.0189186862565942,0.22684331359998533,-0.7030357085724857,0.23271034513995686,-0.05118723066483141]",random_tail_0086,random_tail,2.9325948040704475,-0.023360525546288313,0.034563945829855815,1079.7787222787629,0.041602406838012564,0.457194778481904,0.2337584487279857,0.13943404181872338,0.02555305206631258,0.08237365110602551,3.3965005462919957,184,1
s21g001_29ed8530b5383839,"[2.414838125300138,1.2190587148543934,0.47358774522565067,1.1670218465664153,1.8704010506496094,0.0947327796188488,-0.024864947183483366,2.5689005597959094,-0.28644598403584537,-1.1178887289991448,-1.6672365189152463,0.10567729384954236,-0.7275940276244485,-0.2990148075224667,0.05369572861788444]",random_tail_0050,random_tail,2.952933051909918,-0.027649499200892325,0.03178476856850183,919.0348898517441,0.04165588494371547,0.49215848067998913,0.2749554841527252,0.1314934861092793,0.03345550873851767,0.12973838864554893,4.086190755925601,185,1
s21g001_0b78d93545bf39a0,"[2.3969993071911135,1.3697841031334876,0.4758923119110244,1.2305070925041348,1.93906948487649,-0.021857674923641934,0.07296579620711185,1.777386719091088,-0.26470274495621304,-0.7938723691315617,-1.2267357709315536,0.2795347865268666,-0.7118642291618875,0.1384928952052771,-0.21620815553197778]",random_tail_0132,random_tail,2.906959339018002,-0.027696674447879488,0.031197117295523658,1093.164228913658,0.04170307083614313,0.45058522647046295,0.23883093487653004,0.04436349557585817,0.07978186230366018,0.13177061290242273,4.2583665709646175,186,1
s21g001_e958d750c7e8ff69,"[2.1508627934554183,1.4716558568020104,0.5269260195205789,1.2092533607756188,1.8780993421657266,0.052141206688401096,0.16345985087178083,2.49578253264295,-0.33624127163686296,-0.7446280024669877,-1.129902898185547,0.08747563729136901,-0.18035721352898143,-0.6559040831105534,-0.20011010303306964]",random_tail_0049,random_tail,2.7519901011808234,-0.024964095009065046,0.03117668869996553,1061.088828013395,0.04058317553519504,0.45569013633288347,0.22598943763449067,0.1267240061862612,0.08596760130007312,0.1462311012640012,4.400584871243282,187,1
s21g001_7daf89b1a3c4ce00,"[2.299360632910637,1.2862163447298902,0.5249743764479108,1.052180277626851,1.9001709682498347,0.15039766924422865,0.4737822821530854,2.3810872694340706,-0.08528872725016975,-0.38711028627695476,-1.0774356888125096,0.2467364267583612,-0.2158635211239464,-0.3392156949315613,-0.20773114620533129]",random_tail_0105,random_tail,2.6144565560010733,-0.026632272802224688,0.02783177476311576,912.4184652993208,0.03997738442049997,0.45044346903143195,0.230213783250328,0.07349271160326766,0.19921789610923263,0.21630850915246244,7.044837634122149,188,1
s21g001_3db385b82e964e5f,"[2.4419536203185017,1.1919109519624174,0.47676375665482323,1.1661566210421446,1.886885175210711,0.1156227674954752,-0.4431413861008113,2.2675168490476496,-0.1543126616994255,-0.624592395516377,-1.1418837622849722,0.30179670924758817,-0.2712776400918285,-0.30769806623865514,-0.0881668535291891]",random_tail_0124,random_tail,2.906408920906691,-0.026498446250117325,0.03204918577479919,869.8801383549799,0.04170709376690815,0.4554607667372968,0.2412951391530062,0.06819842432616957,0.05456035526258446,0.11049194738407057,3.8041486321170455,189,1
s21g001_a9a88e7344b4334d,"[2.294026150362374,1.264409582327946,0.5216522738387681,1.088327048870795,1.9451414684498212,0.12524163498456575,-0.36099470736452033,1.9628467991871363,-0.0766673927112051,-0.4407433607076303,-1.1858959133778058,0.3341143399504595,-0.7265036890898979,-0.230050225586278,-0.11055594538897179]",random_tail_0117,random_tail,2.886324900626317,-0.025632209011190454,0.03269918226748518,841.2721327285653,0.04159929039860157,0.4567966129531696,0.2422603539453426,0.021281797438592064,0.05255641867545377,0.09713185970375743,3.59624998168413,190,1
s21g001_9640b7ac01df0d65,"[2.220855870191782,1.3110032260053448,0.5448774912666304,1.1321454428451552,1.8565816445436012,-0.03378925558085425,0.0505211325237534,2.049899657932695,-0.29767730261367065,-0.6711309482769963,-1.2679056422309851,0.05604779113185004,0.16043685019050227,-0.9583356152325557,0.1133901321244691]",random_tail_0004,random_tail,2.8513537905171544,-0.027129274549683835,0.031063710210683895,861.2281548979372,0.04133444079542444,0.4627195058341124,0.23255401073602938,0.046977422529436125,0.05136729279713073,0.10976600190174556,3.7268621337199805,191,1
