generation,candidate_id,population_index,source_name,source_type,linear_prefilter_score,parameter_vector,validation_id,candidate_label,candidate_n_modes,candidate_target_fraction,sequence_scale,success,failure_reason,n_trajectory_steps,terminal_R_error_m,terminal_Z_error_m,terminal_Ip_error_A,terminal_RZ_euclidean_error_m,terminal_RZ_box_max_error_m,terminal_normalized_RZ_distance,min_normalized_RZ_distance,min_normalized_RZ_distance_after_step0,min_RZ_euclidean_error_after_step0_m,closest_step_after_step0,closest_velocity_after_step0_m_per_s,relative_distance_reduction,relative_distance_reduction_after_step0,first_step_within_2x_RZ_only,first_step_within_1x_RZ_only,first_step_within_2x,first_step_within_1x,first_step_after_step0_within_2x,first_step_after_step0_within_1x,terminal_within_2x_RZ_only,terminal_within_1x_RZ_only,terminal_within_2x,terminal_within_1x,gate_ip_tolerance_A,terminal_Ip_safe,late_Ip_safe_fraction,late_fraction_within_2x,late_fraction_within_1x,late_R_rms_m,late_Z_rms_m,late_RZ_euclidean_rms_m,terminal_velocity_m_per_s,max_velocity_m_per_s,late_velocity_mean_m_per_s,late_velocity_rms_m_per_s,max_current_utilization,wall_time_s,first_step_after_step0_within_30mm,ever_after_step0_within_30mm,terminal_within_30mm,late_fraction_within_30mm,longest_streak_after_step0_within_30mm_steps,trailing_streak_within_30mm_steps,first_step_after_step0_within_40mm,ever_after_step0_within_40mm,terminal_within_40mm,late_fraction_within_40mm,longest_streak_after_step0_within_40mm_steps,trailing_streak_within_40mm_steps,first_step_after_step0_within_80mm,ever_after_step0_within_80mm,terminal_within_80mm,late_fraction_within_80mm,longest_streak_after_step0_within_80mm_steps,trailing_streak_within_80mm_steps,gate_tier,gate_label,strict_gate_pass,relaxed_gate_pass,terminal_RZ_reduction_vs_zero_action_fraction,continuous_objective,selection_score,position_excess_objective,velocity_excess_objective,precise_streak_deficit,action_rms,delta_action_rms,repair_excess_rms,generation_rank
3,g003_c201563452ae7dc5,102,gaussian_0103,gaussian,2.9404431068921326,"[2.0084988747951944, 1.6174115039756771, 0.5149455144031581, 0.9883772558483095, 1.8176712813085234, 0.056018186992064053, 0.17642676582858285, 2.2565982006900382, -0.2766849966716696, -0.6151085602136542, -1.4509738238527923, 0.17643321939342502, -1.0284447817862195, 0.07239966963844044, -0.1817550853205905]",g003_c201563452ae7dc5,,,,,True,,11,-0.024484202999999982,0.0325922564,891.6209000000017,0.04076433948671987,0.0325922564,1.3588113162239959,0.5817437020072838,0.7822107631927147,0.023466322895781436,1,0.6286033127714411,0.0,-0.34459687400779276,0,0,0,0,1,1,True,False,True,False,10000.0,True,1.0,1.0,0.0,0.02480363567867375,0.03346117575484965,0.04165177818265765,0.019108190354546646,0.6498912742080074,0.08038978411784194,0.08974976147091726,0.41,754.4748108386993,1,True,False,0.0,2,0,1,True,True,1.0,10,10,1,True,True,1.0,10,10,1,PASS_DAMPED_HOLD_40MM,False,True,0.530527396717339,39.231374040265244,1000039.2313740402,0.01405374988548702,0.0,1.0,0.4562712370759506,0.2469813171905941,0.07865868233896656,1
3,g003_0b23c97389dbf6cd,149,gaussian_0512,gaussian,3.1169480799765013,"[2.2353618564291855, 1.5358706153369241, 0.2237553043687618, 1.201462978272504, 1.9795571328585613, -0.09754304158673104, 0.11235011616239643, 1.7175107573728334, -0.0908571278543098, -1.2092945988698065, -1.1505521599242252, -0.06769589756460645, 0.2875843271427243, 0.28309417759380273, 0.2203967249564637]",g003_0b23c97389dbf6cd,,,,,True,,11,-0.02654390799999995,0.0333215948,878.7097000000031,0.04260173390752832,0.0333215948,1.4200577969176107,0.5817437020072838,0.7822498089827636,0.023467494269482907,1,0.6287458611153455,0.0,-0.3446639925514302,0,0,0,0,1,1,True,False,True,False,10000.0,True,1.0,1.0,0.0,0.026663287243458036,0.033666160418704794,0.0429457942523493,0.021670202436526117,0.6507820701044681,0.06476697668870286,0.07134630601475633,0.41259999999999997,731.1758289337158,1,True,False,0.0,2,0,1,True,True,1.0,10,10,1,True,True,1.0,10,10,1,PASS_DAMPED_HOLD_40MM,False,True,0.509366589186654,39.58016448563949,1000039.5801644856,0.01525708648662827,0.0,1.0,0.43031662339006166,0.2432187258491874,0.07272095437053995,2
3,g003_b65d457339c54366,186,gaussian_0427,gaussian,2.9877411107123826,"[2.1944648692473665, 1.2105069117613725, 0.34019189374590963, 1.144282683355113, 2.0442919978785388, -0.03600001255184125, -0.3261146898958955, 2.0388299830304906, -0.11012246123363165, -0.24913058177790576, -1.2947943202579106, 0.3443919622285614, -0.762852975791264, -0.7126488506183435, -0.1132109394099632]",g003_b65d457339c54366,,,,,True,,11,-0.02686512299999999,0.0316129052,651.8021000000008,0.04148627012626365,0.0316129052,1.3828756708754548,0.5817437020072838,0.7820447580131689,0.023461342740395064,1,0.6282464577348845,0.0,-0.34431151607615895,0,0,0,0,1,1,True,False,True,False,10000.0,True,1.0,1.0,0.0,0.026749516904417316,0.03262655065932313,0.04219038353161875,0.05553622215979975,0.6502679011768469,0.08587441355168421,0.08858861486153179,0.41395000000000004,763.5103025436401,1,True,False,0.0,2,0,1,True,True,1.0,10,10,1,True,True,1.0,10,10,1,PASS_DAMPED_HOLD_40MM,False,True,0.5222131038573614,39.613510181581205,1000039.6135101815,0.008506068805976184,0.0,1.0,0.459476839159414,0.2424100697491866,0.04275606185662242,3
3,g003_cedd11db8d10d7e6,82,gaussian_0523,gaussian,2.9137475435590203,"[2.2140237499454414, 1.604007882318585, 0.39184153966825747, 1.291913931384788, 2.295676828373954, 0.006801782369453395, -0.0644870170065458, 2.005960614199115, -0.2495321176970029, -0.8965743892490923, -0.9118897987173394, -0.010791827358092476, 0.4487509840117231, -0.2734293827434155, 0.155388396613033]",g003_cedd11db8d10d7e6,,,,,True,,11,-0.02376490099999995,0.0325194575,802.0010000000002,0.04027760712398522,0.0325194575,1.3425869041328407,0.5817437020072838,0.782187418085912,0.02346562254257736,1,0.6285641902455467,0.0,-0.344556744468406,0,0,0,0,1,1,True,False,True,False,10000.0,True,1.0,1.0,0.0,0.024734145086788725,0.03331666838675123,0.041494316786363214,0.05291505367105748,0.650162080202076,0.09255597071224944,0.09707661595844495,0.4113,790.3313677310944,1,True,False,0.0,2,0,1,True,True,1.0,10,10,1,True,True,1.0,10,10,1,PASS_DAMPED_HOLD_40MM,False,True,0.5361329704200455,39.759771341802704,1000039.7597713418,0.012827374325276536,0.0,1.0,0.4343327965624096,0.22023811698668666,0.11185557510906276,4
3,g003_a4f9e9931975e1df,171,gaussian_0424,gaussian,3.0952891540642926,"[2.050032697209727, 1.5208479568311553, 0.4074878776062667, 1.1358182960831877, 1.8264203599345021, -0.010375321244646669, -0.3383971078019638, 1.8349668450985341, -0.19830356453975861, -0.6333024428238884, -1.3415468231686045, -0.07889374853754336, -1.1462790397676323, 0.2187012230952903, -0.05679574930989252]",g003_a4f9e9931975e1df,,,,,True,,11,-0.025066393999999992,0.0341598618,1035.7921999999999,0.04237003972571108,0.0341598618,1.4123346575237028,0.5817437020072838,0.7821824003545623,0.02346547201063687,1,0.6285446944950006,0.0,-0.3445481191385016,0,0,0,0,1,1,True,False,True,False,10000.0,True,1.0,1.0,0.0,0.02545933931284459,0.03413163218400061,0.04258105533908783,0.048655044213903514,0.6498382484834466,0.061726038021637154,0.06412654734450417,0.41090000000000004,755.9038293361664,1,True,False,0.0,2,0,1,True,True,1.0,10,10,1,True,True,1.0,10,10,1,PASS_DAMPED_HOLD_40MM,False,True,0.5120349525668242,39.880247462067096,1000039.8802474621,0.019101344493229037,0.0,1.0,0.4536280324692208,0.24430981807238572,0.020642725679633142,5
3,g003_20ca14b03e49c1f6,124,gaussian_0147,gaussian,2.9582895232412443,"[1.852541243025014, 1.67431109111028, 0.4376938979549551, 1.142074450350397, 1.8123520072025807, 0.19847642641141028, 0.3322114675254958, 1.65040834302136, -0.2775555011317332, -0.7238596905127801, -0.9071693035695356, 0.08589465143483058, -0.7305747938314763, -0.45899964942086346, 0.027683649495553284]",g003_20ca14b03e49c1f6,,,,,True,,11,-0.025219902999999988,0.0321557879,765.9109000000026,0.04086610090036967,0.0321557879,1.3622033633456558,0.5817437020072838,0.7823309169969385,0.023469927509908152,1,0.6289080564048164,0.0,-0.34480341479853827,0,0,0,0,1,1,True,False,True,False,10000.0,True,1.0,1.0,0.0,0.02544455763169248,0.03336868122422125,0.04196301228124854,0.04681681565617626,0.6497442860383621,0.09195126613167681,0.09715909422731685,0.41,773.805939912796,1,True,False,0.0,2,0,1,True,True,1.0,10,10,1,True,True,1.0,10,10,1,PASS_DAMPED_HOLD_40MM,False,True,0.5293554362150608,39.97154915625345,1000039.9715491562,0.013754515159661748,0.0,1.0,0.4274947945772639,0.19143325588487092,0.029549265504454438,6
3,g003_1b6904a5258e2b40,114,gaussian_0211,gaussian,2.9489904555307715,"[1.773162608371734, 1.6005502365613482, 0.5301066306218019, 1.3620159675914647, 1.840499384428444, -0.1535937803369067, 0.12565081215072885, 1.8834758414484791, -0.07990529687467894, -0.7180463959499673, -0.9226951077281882, -0.14541452652574208, -1.5533771062240191, -0.14155032245720658, -0.07061270271506348]",g003_1b6904a5258e2b40,,,,,True,,11,-0.024516404999999963,0.032438185,1047.702500000003,0.040660668467429904,0.032438185,1.3553556155809967,0.5817437020072838,0.7823525853884977,0.023470577561654934,1,0.6289738785282195,0.0,-0.3448406621146407,0,0,0,0,1,1,True,False,True,False,10000.0,True,1.0,1.0,0.0,0.02519707109512467,0.03344334239182911,0.041873016873756316,0.04456122947043325,0.6509088983991588,0.09359529781426974,0.09945624118352249,0.41,779.9520492553711,1,True,False,0.0,2,0,1,True,True,1.0,10,10,1,True,True,1.0,10,10,1,PASS_DAMPED_HOLD_40MM,False,True,0.5317213496655251,39.982811026239006,1000039.9828110263,0.014120678707904327,0.0,1.0,0.45890716430993156,0.21298616365035133,0.044389591714213694,7
3,g003_06d00150cb999868,75,gaussian_0474,gaussian,2.8977506437119263,"[2.0159502328449004, 1.3943685507956571, 0.3978401195580795, 1.0905146590740677, 2.2384113618937866, 0.11130235382637177, 0.22294823548598142, 1.4712379641350626, -0.3708117772323687, -0.8223203354679438, -0.46827898820255287, 0.11821242958399644, 0.4282395326783902, -1.0919630659114532, 0.1703012470425001]",g003_06d00150cb999868,,,,,True,,11,-0.02502043300000001,0.0316518577,637.4651000000013,0.040346773890467855,0.0316518577,1.3448924630155952,0.5817437020072838,0.7821263510187406,0.023463790530562217,1,0.6284078884830037,0.0,-0.34445177200895244,0,0,0,0,1,1,True,False,True,False,10000.0,True,1.0,1.0,0.0,0.02552861858158394,0.03293278981065977,0.04166868142138756,0.06293408690372758,0.64994259173996,0.09624800966420705,0.09969292535313247,0.4115,744.9893088340759,1,True,False,0.0,2,0,1,True,True,1.0,10,10,1,True,True,1.0,10,10,1,PASS_DAMPED_HOLD_40MM,False,True,0.5353363942377716,39.98630717941655,1000039.9863071794,0.010714248570106912,0.0,1.0,0.4297775930938139,0.18868390703962964,0.06891980650330032,8
3,g003_2b2965b279fbe7a7,1,hall_of_fame_best,best,3.0536126073057686,"[1.888485910623166, 1.289310418565609, 0.33498289818476573, 1.378098012074175, 2.2450380327629667, -0.12506600976863216, 0.027764717267660832, 2.0728985120833494, -0.33137738684091944, -0.831351493702766, -0.926976774227326, 0.10818252785867964, -0.8605830514203279, 0.6282488105175572, -0.26705945962327676]",g003_2b2965b279fbe7a7,,,,,True,,11,-0.025048351999999996,0.0331164805,1178.8474999999999,0.0415225386822962,0.0331164805,1.3840846227432066,0.5817437020072838,0.7822396041816266,0.023467188125448797,1,0.628718401503521,0.0,-0.3446464508039187,0,0,0,0,1,1,True,False,True,False,10000.0,True,1.0,1.0,0.0,0.025818335075410558,0.033797759401241294,0.04253087074832079,0.05226271042414653,0.6517803786719868,0.0804444116535879,0.08335751392534085,0.41174999999999995,790.7695426940918,1,True,False,0.0,2,0,1,True,True,1.0,10,10,1,True,True,1.0,10,10,1,PASS_DAMPED_HOLD_40MM,False,True,0.5217954080567597,40.16372976262403,1000040.1637297627,0.01654344782688227,0.0,1.0,0.43546385961772605,0.22070852159648735,0.11472837903390892,9
3,g003_5ad0a6790df63225,116,gaussian_0669,gaussian,2.9501523550967392,"[1.7462574994541693, 1.657437286454181, 0.3894131421979216, 1.4233832085189602, 1.9164782757077743, 0.10989574356761336, -0.5169407147685778, 2.3536919233287006, -0.2799280620120869, -0.22182519421451857, -1.1004914852782284, -0.19183003528526807, -0.6260968560809701, -0.19929115236555822, -0.11420321660419727]",g003_5ad0a6790df63225,,,,,True,,11,-0.022779353999999974,0.0334225604,1059.885000000002,0.04044708286575143,0.0334225604,1.3482360955250479,0.5817437020072838,0.7823858285653932,0.023471574856961795,1,0.629051723257262,0.0,-0.34489780614006077,0,0,0,0,1,1,True,False,True,False,10000.0,True,1.0,1.0,0.0,0.023810975313762014,0.034144153992509106,0.041626743774366495,0.04999230071182936,0.6492525512459073,0.0890100352218071,0.09450186855484795,0.41,788.2892050743103,1,True,False,0.0,2,0,1,True,True,1.0,10,10,1,True,True,1.0,10,10,1,PASS_DAMPED_HOLD_40MM,False,True,0.5341811611013598,40.213995626081406,1000040.2139956261,0.0195169620713063,0.0,1.0,0.43510446743948633,0.22561405702963896,0.10717954878505356,10
3,g003_d5df7b1d4b910f47,103,gaussian_0367,gaussian,2.9411896754541167,"[1.8825050841417803, 1.4801607274027793, 0.5924186212330069, 1.1696476518141252, 1.9293832652813239, 0.05739961032129242, 0.12473235967666126, 1.6734834418116145, 0.06879646397972541, -0.7481765428526141, -0.7683600594298242, 0.016273124227082766, -0.8496291160517856, -0.08200019078663573, -0.195888665633768]",g003_d5df7b1d4b910f47,,,,,True,,11,-0.024447732000000055,0.0323050338,859.4462000000021,0.04051304492090133,0.0323050338,1.350434830696711,0.5817437020072838,0.7822147678983213,0.023466443036949638,1,0.6286261688403939,0.0,-0.3446037579767861,0,0,0,0,1,1,True,False,True,False,10000.0,True,1.0,1.0,0.0,0.02530365050459174,0.03331848931175164,0.041837739648262956,0.06220701193723592,0.6508759691521627,0.09549296093710329,0.098955883233075,0.41,748.4552142620087,1,True,False,0.0,2,0,1,True,True,1.0,10,10,1,True,True,1.0,10,10,1,PASS_DAMPED_HOLD_40MM,False,True,0.5334214927701905,40.21556421624948,1000040.2155642163,0.013119173908120228,0.0,1.0,0.4287364194818038,0.18937898992892982,0.02117390074117355,11
3,g003_366b0de6e249278f,190,gaussian_0706,gaussian,3.0393491700992232,"[2.0126635454537323, 1.6201257364992028, 0.3531217662464933, 1.3430864585725129, 1.8654123391271902, -0.19979653375225861, -0.05787214864191015, 1.7123822902414527, -0.05288195489538275, -0.9075016859160496, -0.8194262151576448, -0.42144175909836556, -0.6939545253361894, 0.8595872939892719, -0.22337525921798188]",g003_366b0de6e249278f,,,,,True,,11,-0.02500643899999999,0.0331861059,1425.623300000003,0.04155285328670867,0.0331861059,1.3850951095569555,0.5817437020072838,0.7822724343153357,0.023468173029460068,1,0.628771394089183,0.0,-0.34470288482047234,0,0,0,0,1,1,True,False,True,False,10000.0,True,1.0,1.0,0.0,0.025832078326936368,0.0337406863907424,0.04249388413415989,0.06154376743997412,0.6499983241082705,0.08013114144095039,0.0815919445206086,0.4104,791.760006904602,1,True,False,0.0,2,0,1,True,True,1.0,10,10,1,True,True,1.0,10,10,1,PASS_DAMPED_HOLD_40MM,False,True,0.5214462824133614,40.24364435775662,1000040.2436443578,0.01596260235381099,0.0,1.0,0.4330112602278654,0.21409108450899197,0.06164340114759499,12
3,g003_751f9f1683229d7f,183,gaussian_0454,gaussian,3.1254635593893845,"[1.5286122254278731, 1.4477251264867639, 0.4405989049794461, 1.5154096811354867, 2.149954883728865, -0.0675390956080758, 0.21531681629532046, 1.3606438131552172, -0.21926659642671695, -0.8344439364380977, -0.6166925757250552, -0.6530021702499316, -0.4885411245424315, -0.2745676065109869, -0.0873620010321881]",g003_751f9f1683229d7f,,,,,True,,11,-0.02536806700000005,0.0336137306,1331.7450000000026,0.04211201382225585,0.0336137306,1.4037337940751953,0.5817437020072838,0.7824714721524374,0.02347414416457312,1,0.6292916958763777,0.0,-0.3450450249010868,0,0,0,0,1,1,True,False,True,False,10000.0,True,1.0,1.0,0.0,0.02570981873589349,0.03442649941492288,0.0429671809803504,0.026508035571980764,0.6517350206458573,0.07087690238195743,0.07639648161237385,0.41,755.4275615215302,1,True,False,0.0,2,0,1,True,True,1.0,10,10,1,True,True,1.0,10,10,1,PASS_DAMPED_HOLD_40MM,False,True,0.5150065717353121,40.26374049573484,1000040.2637404958,0.02236931440631686,0.0,1.0,0.41032743646625863,0.17222678770412556,0.08328486575403382,13
3,g003_831289e423950095,134,gaussian_0442,gaussian,2.9722874949253564,"[1.7684716150422297, 1.6185523828339148, 0.3926107176447743, 1.0844848457202305, 1.7806231064089273, 0.057980280178717994, 0.2593807718179016, 1.5578176530203243, -0.0960600835470474, -0.602205483640752, -0.9167106101224078, -0.24875091359270962, -0.18389441998484848, 0.3272556623919328, -0.0509258858281661]",g003_831289e423950095,,,,,True,,11,-0.025162118999999983,0.0323593041,1049.345400000002,0.04099093551514087,0.0323593041,1.3663645171713623,0.5817437020072838,0.7823324822605746,0.023469974467817237,1,0.6289053150449795,0.0,-0.34480610543984774,0,0,0,0,1,1,True,False,True,False,10000.0,True,1.0,1.0,0.0,0.02539852229105037,0.03361355832061834,0.042130229497862846,0.061336219118041324,0.6492911658620968,0.08778404687577376,0.09064565857731684,0.41,763.3812675476074,1,True,False,0.0,2,0,1,True,True,1.0,10,10,1,True,True,1.0,10,10,1,PASS_DAMPED_HOLD_40MM,False,True,0.5279177474823508,40.27011977958815,1000040.2701197796,0.015572187192900495,0.0,1.0,0.40413535750846646,0.19289164599904782,0.008278514044293436,14
3,g003_1deea76f7faee6c3,163,gaussian_0641,gaussian,3.2061286461824205,"[1.7308199483584132, 1.2260020002795196, 0.4368805493790807, 1.436887127336942, 1.7885425071824803, -0.074341856582998, 0.0004874808202003367, 1.5231565622259626, -0.28202839456896445, -0.891308182774857, -0.36636337116829193, -0.0975107361783078, 0.18937703344611986, -1.0006608078826666, -0.0422608024365361]",g003_1deea76f7faee6c3,,,,,True,,11,-0.02740469099999998,0.0330114108,901.4751000000033,0.042904199465924504,0.0330114108,1.4301399821974836,0.5817437020072838,0.7823252166348321,0.023469756499044963,1,0.6289504567056796,0.0,-0.34479361604680847,0,0,0,0,1,1,True,False,True,False,10000.0,True,1.0,1.0,0.0,0.027600628444094576,0.03386424171728085,0.04368731575177613,0.027695533909323992,0.6529944079477072,0.07521432413551798,0.08043252496094415,0.4106,766.5900287628174,1,True,False,0.0,2,0,1,True,True,1.0,10,10,1,True,True,1.0,10,10,1,PASS_DAMPED_HOLD_40MM,False,True,0.5058831697349575,40.40602610782445,1000040.4060261078,0.01722822676269385,0.0,1.0,0.40877772238237353,0.17703221883259462,0.030720814278327072,15
3,g003_4804fb4f1999f0aa,157,gaussian_0716,gaussian,3.2473068484971614,"[1.7528987271052539, 1.765072240857731, 0.3096904383463731, 1.1701134036008227, 1.7064622500125581, 0.1484833001413814, -0.1159505463319564, 1.26261548135166, -0.08978915167065919, -0.5324311352060983, -0.7303017648707149, -0.3252679317452463, -0.41063753373570683, -0.025850844593692746, 0.1707502687362468]",g003_4804fb4f1999f0aa,,,,,True,,11,-0.025529201999999973,0.0350726244,946.0665000000008,0.04338005459955391,0.0350726244,1.4460018199851303,0.5817437020072838,0.7824043871472475,0.02347213161441742,1,0.6290658191803475,0.0,-0.34492970778642196,0,0,0,0,1,1,True,False,True,False,10000.0,True,1.0,1.0,0.0,0.025658423588349546,0.035276975719625854,0.04362132181585337,0.013203128140895477,0.6487221959680834,0.037257758983102275,0.04057623041433036,0.41,738.8560485839844,1,True,False,0.0,2,0,1,True,True,1.0,10,10,1,True,True,1.0,10,10,1,PASS_DAMPED_HOLD_40MM,False,True,0.5004028663329315,40.49321084785083,1000040.4932108478,0.03104633158119168,0.0,1.0,0.38635936068954146,0.16490757922892008,0.027985424175536757,16
3,g003_3b46fd0507f16f5b,140,gaussian_0696,gaussian,2.975855112094632,"[1.6733073969364922, 1.4195857839442407, 0.294120935465128, 1.0488941434890982, 1.9620775788344842, -0.0007906595988402595, 0.09548112501075111, 1.881358563191563, -0.15678555619845938, -0.3187357490690837, -0.8808332675818153, -0.2762186369676094, -0.9385964190506453, -1.0540905412619146, 0.018692081463149914]",g003_3b46fd0507f16f5b,,,,,True,,11,-0.023492904000000037,0.0334783298,964.1406000000025,0.04089883989248088,0.0334783298,1.363294663082696,0.5817437020072838,0.7823989244497931,0.023471967733493793,1,0.6291069741526363,0.0,-0.3449203175731106,0,0,0,0,1,1,True,False,True,False,10000.0,True,1.0,1.0,0.0,0.024205036361370516,0.03449116799954079,0.042136972544640834,0.04622986642608697,0.6512520589904126,0.08656403321271086,0.09304908458152128,0.41,761.3481879234314,1,True,False,0.0,2,0,1,True,True,1.0,10,10,1,True,True,1.0,10,10,1,PASS_DAMPED_HOLD_40MM,False,True,0.5289783895107886,40.626735867869506,1000040.6267358678,0.023156808302829426,0.0,1.0,0.4455846014485192,0.19690492474734947,0.012426700917832517,17
3,g003_0a37d27a4cb3d248,135,gaussian_0502,gaussian,2.9723406601310423,"[1.7967082578992766, 1.4711455192556597, 0.3267280038095659, 1.1753263437338484, 1.9995100679537183, 0.04392421971916008, -0.034510202041081656, 1.5229747869239147, -0.07570245626499578, -0.6345420537954314, -0.45384663862951913, 0.005263366338965032, -0.10416951208823014, -0.3288859882075891, 0.04141489437650277]",g003_0a37d27a4cb3d248,,,,,True,,11,-0.02390449699999997,0.0329387312,816.1862000000001,0.04069870992904887,0.0329387312,1.3566236643016292,0.5817437020072838,0.7823041628704627,0.02346912488611388,1,0.6288564897032296,0.0,-0.3447574252564367,0,0,0,0,1,1,True,False,True,False,10000.0,True,1.0,1.0,0.0,0.02487761118669339,0.03388857882490473,0.042039639783519475,0.07351240419610162,0.6501524957412576,0.08790921614946594,0.09056219487167894,0.4102,768.1762056350708,1,True,False,0.0,2,0,1,True,True,1.0,10,10,1,True,True,1.0,10,10,1,PASS_DAMPED_HOLD_40MM,False,True,0.5312832357590124,40.66036080950199,1000040.6603608095,0.01746536474642387,0.0,1.0,0.40135033817755356,0.16207216987765163,0.02659719084247839,18
3,g003_8754f146c4cb39bf,153,gaussian_0291,gaussian,3.0630405265504264,"[1.6428529650375838, 1.3626961513675084, 0.2908909978858753, 1.668388866213444, 2.0158158000490554, -0.10300768912148987, 0.00016790618453690898, 2.003671732847267, -0.38958792846968815, -0.8456975598475773, -0.6827254209216844, 0.0932315004522542, -0.986767262746818, 0.33825440283753905, -0.3843021696038685]",g003_8754f146c4cb39bf,,,,,True,,11,-0.02527852500000005,0.0327883172,1244.0621000000028,0.041401419915063825,0.0327883172,1.3800473305021275,0.5817437020072838,0.7824200309352732,0.023472600928058196,1,0.6291706763431223,0.0,-0.3449565989894926,0,0,0,0,1,1,True,False,True,False,10000.0,True,1.0,1.0,0.0,0.026065263332783934,0.033710779680467554,0.04261237636265308,0.06256584072838736,0.6520933057132169,0.09136938647907242,0.09377409002530977,0.41009999999999996,779.7891039848328,1,True,False,0.0,2,0,1,True,True,1.0,10,10,1,True,True,1.0,10,10,1,PASS_DAMPED_HOLD_40MM,False,True,0.5231903023117616,40.73450689653485,1000040.7345068966,0.016073535183360448,0.0,1.0,0.43044010374439107,0.19934587232368256,0.1020292207736891,19
3,g003_36c64ce11153a14f,150,gaussian_0091,gaussian,3.1491583864853268,"[1.5449278140084695, 1.7239880740916336, 0.2832509224269288, 1.2213193256289616, 1.3952570904429709, 0.02906251995957702, 0.2594677311744081, 1.9464303053304128, -0.25487733472416674, -0.8109005284491663, -0.810888254070429, 0.3921079348649123, -0.7741130177318517, 0.32479028823244593, 0.03162271625540122]",g003_36c64ce11153a14f,,,,,True,,11,-0.02505084000000002,0.0341068539,767.9917000000023,0.042318105671940776,0.0341068539,1.4106035223980258,0.5817437020072838,0.7825078311407113,0.02347523493422134,1,0.6293334273402432,0.0,-0.34510752491294505,0,0,0,0,1,1,True,False,True,False,10000.0,True,1.0,1.0,0.0,0.025556153936507113,0.03485520677454155,0.043220393835809674,0.037777943122978594,0.6484272392197172,0.0691559675536126,0.07306402132495098,0.41,783.7255690097809,1,True,False,0.0,2,0,1,True,True,1.0,10,10,1,True,True,1.0,10,10,1,PASS_DAMPED_HOLD_40MM,False,True,0.5126330639487222,40.77872616188449,1000040.7787261619,0.026712456995608234,0.0,1.0,0.41277054903241706,0.2076962885591008,0.02306701691191143,20
3,g003_7cf9349e82f1a72f,100,gaussian_0587,gaussian,2.9388434662226746,"[1.8478760443679287, 1.550419026125941, 0.2602172765322962, 1.2407845571521203, 2.0484399599303287, -0.06254150855478524, 0.028946049435528892, 1.664916004278039, -0.26364834148843436, -0.68811001921675, -0.5019943580187105, 0.014419667809569336, 0.14660240561145912, -0.3515951248636994, 0.002455216441693328]",g003_7cf9349e82f1a72f,,,,,True,,11,-0.023758147000000007,0.0328068576,936.9204000000027,0.04050604219694004,0.0328068576,1.3502014065646681,0.5817437020072838,0.7823543940588997,0.023470631821766993,1,0.6289880604459657,0.0,-0.3448437711648904,0,0,0,0,1,1,True,False,True,False,10000.0,True,1.0,1.0,0.0,0.024714130896056136,0.03388205741120752,0.04193783590463102,0.07529144457625313,0.6498328222555197,0.09286730222366474,0.09586218280975896,0.4104,762.718992471695,1,True,False,0.0,2,0,1,True,True,1.0,10,10,1,True,True,1.0,10,10,1,PASS_DAMPED_HOLD_40MM,False,True,0.5335021413735918,40.849729888057986,1000040.849729888,0.017547832684847275,0.0,1.0,0.40676987983506724,0.1747373342093298,0.054433568535854376,21
3,g003_746ed0006f71d256,170,gaussian_0098,gaussian,3.1826057923664286,"[1.7552655512504138, 1.3073652364205643, 0.35409109528573834, 0.972801656015124, 1.7618327091920394, -0.17462823783146597, 0.37096019402993385, 1.601115253426344, -0.2744379053313698, -0.5976256897932497, -0.5328116993710177, -0.0807958312227576, -1.0546886727206108, -1.0637579288379535, -0.07670348357055633]",g003_746ed0006f71d256,,,,,True,,11,-0.026395237999999988,0.0336069291,1000.3898000000008,0.042733292321199295,0.0336069291,1.4244430773733099,0.5817437020072838,0.7823214622456436,0.023469643867369303,1,0.6289233016754264,0.0,-0.34478716236424073,0,0,0,0,1,1,True,False,True,False,10000.0,True,1.0,1.0,0.0,0.026494296725013182,0.0345815203000516,0.04356408274273573,0.035571192476182074,0.6527078222874417,0.07224308010775311,0.07685573137429694,0.41075,770.9781582355499,1,True,False,0.0,2,0,1,True,True,1.0,10,10,1,True,True,1.0,10,10,1,PASS_DAMPED_HOLD_40MM,False,True,0.5078514641600368,40.85752195667247,1000040.8575219567,0.024055671958756773,0.0,1.0,0.42453448753625533,0.17081571374058313,0.0,22
3,g003_13a4a464e72ebca1,131,gaussian_0057,gaussian,2.971181579405057,"[1.9797665345526811, 1.29537091189377, 0.3946696517848209, 1.245637258948566, 2.1962610476564928, -0.17327599838317662, -0.0064229880608395185, 1.552907560315758, -0.2879030680210022, -0.5385402731453232, -0.3927462982317464, 0.2249019054772247, -0.5190847407474608, -0.13896866186364382, -0.0982719899746839]",g003_13a4a464e72ebca1,,,,,True,,11,-0.025309753000000046,0.0319622087,920.8254000000015,0.0407696747828992,0.0319622087,1.3589891594299734,0.5817437020072838,0.7821702169464392,0.023465106508393178,1,0.6285468976889487,0.0,-0.34452717622484197,0,0,0,0,1,1,True,False,True,False,10000.0,True,1.0,1.0,0.0,0.026037653822233584,0.03324413130261979,0.042227143908063446,0.08143682818599698,0.6510687956240829,0.09579731404826636,0.0976535119437163,0.4119,736.4891958236694,1,True,False,0.0,2,0,1,True,True,1.0,10,10,1,True,True,1.0,10,10,1,PASS_DAMPED_HOLD_40MM,False,True,0.530465951458612,40.891554772229135,1000040.8915547723,0.012780561184249587,0.0,1.0,0.406582890635537,0.16955286098911113,0.0756306510422736,23
3,g003_38d2e8d8a5000278,128,gaussian_0583,gaussian,2.9684567078033544,"[2.018799576347076, 1.3998392503296246, 0.32793841721322503, 1.0920019293973253, 1.9850778700954383, 0.15310058824511494, -0.19299590971729846, 1.534564140214524, -0.15685894061960032, -0.215210790205706, -0.4753269703236296, 0.24472877659274953, -0.3085679748622039, -0.17153975637816635, -0.02701282897190857]",g003_38d2e8d8a5000278,,,,,True,,11,-0.025014698000000002,0.0320660858,720.2722000000031,0.04066901737888642,0.0320660858,1.3556339126295474,0.5817437020072838,0.7821733651271093,0.02346520095381328,1,0.6285356342581848,0.0,-0.34453258785312313,0,0,0,0,1,1,True,False,True,False,10000.0,True,1.0,1.0,0.0,0.025717071034477876,0.03337293064629372,0.042132175857825235,0.08673038228612855,0.6500110963640269,0.09076988646368872,0.09295738407639263,0.41185000000000005,774.8744003772736,1,True,False,0.0,2,0,1,True,True,1.0,10,10,1,True,True,1.0,10,10,1,PASS_DAMPED_HOLD_40MM,False,True,0.5316251973607062,40.89643981968762,1000040.8964398197,0.013651022691478512,0.0,1.0,0.3985285423076302,0.1685325457248666,0.03138295887150165,24
3,g003_ee96f3540ec0d899,0,current_mean,state_mean,3.044552760436697,"[1.7410907069025434, 1.4577274847045356, 0.38629732345895834, 1.0917601073386702, 1.7448165683033423, 0.01352185537985467, 0.1973765448187879, 1.5447956804198941, -0.15318133628764444, -0.5701879463289593, -0.4588339852150294, 0.03615076824063413, -0.24428014019303, -0.18832386669678366, 6.962709422200612e-05]",g003_ee96f3540ec0d899,,,,,True,,11,-0.02532452399999996,0.0326558706,854.2624000000033,0.04132477949693764,0.0326558706,1.3774926498979216,0.5817437020072838,0.7823251072388698,0.023469753217166097,1,0.6289121547472273,0.0,-0.3447934279984258,0,0,0,0,1,1,True,False,True,False,10000.0,True,1.0,1.0,0.0,0.025856758545982125,0.03393290759110897,0.04266162420832053,0.07466673267540268,0.6508808304841563,0.0890118692491165,0.0911400500685958,0.41,759.5260236263275,1,True,False,0.0,2,0,1,True,True,1.0,10,10,1,True,True,1.0,10,10,1,PASS_DAMPED_HOLD_40MM,False,True,0.5240729506526256,41.12246594082648,1000041.1224659408,0.018218201763045394,0.0,1.0,0.389540132511593,0.15774613207586782,0.0,25
3,g003_7e59304057cc9f3a,180,gaussian_0392,gaussian,3.205777030164722,"[1.7322911326694383, 1.4761537406569867, 0.1070868311965823, 0.9561853313055818, 1.7625098313489125, 0.030351157033626452, 0.40286870958020643, 1.3176870350651197, -0.19977363337579762, -0.6964383512805483, -0.430993137833459, 0.22044570225085552, 0.17647694996681065, -0.5997989222550393, -0.2729835047147099]",g003_7e59304057cc9f3a,,,,,True,,11,-0.02651199000000004,0.0338648542,876.3305,0.04300830110277968,0.0338648542,1.4336100367593227,0.5817437020072838,0.7823893202204968,0.023471679606614903,1,0.6290567388763182,0.0,-0.3449038081906056,0,0,0,0,1,1,True,False,True,False,10000.0,True,1.0,1.0,0.0,0.026468885886165642,0.03483548399771022,0.04375057560089448,0.0466967949479293,0.6502535933151184,0.06856737038987565,0.07038651529408559,0.41104999999999997,779.4291071891785,1,True,False,0.0,2,0,1,True,True,1.0,10,10,1,True,True,1.0,10,10,1,PASS_DAMPED_HOLD_40MM,False,True,0.5046842574730206,41.17799373662266,1000041.1779937366,0.026607866505249662,0.0,1.0,0.3814824343628515,0.15874042239444974,0.0056452989619682195,26
3,g003_bb5eb1fcc5aab340,112,gaussian_0376,gaussian,2.9484210598710825,"[1.6544116588692985, 1.6761010977561517, 0.39188657279714384, 1.0755848759651172, 1.812964516527632, -0.05161143547761115, 0.2243277825321985, 1.6560230407984693, -0.1255937254586713, -0.4085422248207544, -0.6681175868029858, 0.03295995019325763, -0.26014103020468643, -0.635829878566213, -0.13817316381675018]",g003_bb5eb1fcc5aab340,,,,,True,,11,-0.023657276000000005,0.032828717,876.1285000000025,0.04046469285199463,0.032828717,1.3488230950664877,0.5817437020072838,0.7824048206101816,0.02347214461830545,1,0.6290707487553977,0.0,-0.34493045289622304,0,0,0,0,1,1,True,False,True,False,10000.0,True,1.0,1.0,0.0,0.024260001868674146,0.034191419001018984,0.04192375011817663,0.0777567984481901,0.6495041150634896,0.09408404790659362,0.0977359301927593,0.41,768.9891698360443,1,True,False,0.0,2,0,1,True,True,1.0,10,10,1,True,True,1.0,10,10,1,PASS_DAMPED_HOLD_40MM,False,True,0.5339783513370054,41.227872405384005,1000041.2278724054,0.020653390892491054,0.0,1.0,0.40697540211828176,0.16786556800747135,0.015823194836605225,27
3,g003_380a42031d8e8082,182,gaussian_0640,gaussian,3.138341611583915,"[2.136382248660597, 1.395677842851354, 0.16041494420030658, 0.9907611085198731, 1.6799038997684204, -0.04346018028744263, 0.28186798695026943, 1.5469394376552268, -0.3562449124849706, -0.741314726171056, -0.6849057621144966, 0.23449035295103032, 0.15767385793736152, 0.22256875724983535, 0.2699447979008969]",g003_380a42031d8e8082,,,,,True,,11,-0.028205990999999986,0.0319874502,770.4540000000015,0.04264709718831471,0.0319874502,1.4215699062771572,0.5817437020072838,0.7822415831898866,0.023467247495696595,1,0.6287317658204077,0.0,-0.34464985265984444,0,0,0,0,1,1,True,False,True,False,10000.0,True,1.0,1.0,0.0,0.027894756514296445,0.03327734347772954,0.04342233330817993,0.07010981469120771,0.65087970812496,0.09480246122042757,0.09617436846888125,0.4133,742.2338573932648,1,True,False,0.0,2,0,1,True,True,1.0,10,10,1,True,True,1.0,10,10,1,PASS_DAMPED_HOLD_40MM,False,True,0.5088441517378351,41.30535692073369,1000041.3053569207,0.013049881038653843,0.0,1.0,0.3937489011762498,0.19169110938445644,0.027436438923744057,28
3,g003_7dbb4eee26fe362c,145,gaussian_0599,gaussian,3.1653327580573523,"[1.6253732708107185, 1.1140182557454579, 0.30771817085196357, 1.3272980141875186, 1.8970901045571376, 0.024397816058238108, -0.11294562881052322, 2.0450952628433843, -0.12691020789468305, -0.2738414106388681, -0.811501748455505, -0.10192854590769657, -0.9477306547855047, -0.26379664771725897, -0.12820069538840695]",g003_7dbb4eee26fe362c,,,,,True,,11,-0.025663685000000047,0.0335636478,1003.6980000000003,0.04225095479893528,0.0335636478,1.4083651599645093,0.5817437020072838,0.7824377787961311,0.023473133363883934,1,0.6292627943726097,0.0,-0.34498710703074276,0,0,0,0,1,1,True,False,True,False,10000.0,True,1.0,1.0,0.0,0.026246800656681543,0.034641342704785444,0.04346167471579956,0.05672832685418442,0.6547640465860097,0.08050238151176435,0.08442664347403073,0.41135,723.9326817989349,1,True,False,0.0,2,0,1,True,True,1.0,10,10,1,True,True,1.0,10,10,1,PASS_DAMPED_HOLD_40MM,False,True,0.5134064235949116,41.41679088488525,1000041.4167908849,0.02471026321154652,0.0,1.0,0.4182637113646918,0.20460573741241816,0.034817253640967265,29
3,g003_78dac54c96ad0082,164,gaussian_0590,gaussian,3.07852847260045,"[1.4998848641225855, 1.3768825561349871, 0.4941302345129865, 1.4841585034904665, 1.8450160425716717, 0.04596416376861921, 0.03621490070179731, 1.8254835420137692, -0.3111953835832293, -0.7461263189769947, -0.6982496871977337, 0.3014387447489769, -1.4901144453734705, 0.35420444923195205, -0.46281568048240335]",g003_78dac54c96ad0082,,,,,True,,11,-0.024512666999999988,0.03353364,1081.3892000000014,0.04153764383186038,0.03353364,1.3845881277286793,0.5817437020072838,0.78247058650628,0.023474117595188398,1,0.6292985552492697,0.0,-0.3450435025018681,0,0,0,0,1,1,True,False,True,False,10000.0,True,1.0,1.0,0.0,0.02547821813194531,0.03432675755155206,0.04274886996380165,0.07296914818997083,0.6531947840655027,0.08987523440163414,0.09196144455801641,0.41,757.8613064289093,1,True,False,0.0,2,0,1,True,True,1.0,10,10,1,True,True,1.0,10,10,1,PASS_DAMPED_HOLD_40MM,False,True,0.5216214458638686,41.43614060625996,1000041.4361406063,0.021428305003373914,0.0,1.0,0.44603690226429926,0.20674109255279655,0.035342725436828454,30
3,g003_68e84e72803fc1d6,122,gaussian_0700,gaussian,2.957160066536479,"[1.6466861047821235, 1.6718256003394085, 0.28211703969136076, 1.0551889381512527, 1.889559234705557, -0.049620585905143406, 0.1496370583544187, 1.670521971514162, -0.21938297372776605, -0.6181169612086181, -0.5520484461303325, 0.17880661914503804, -0.10589503675662884, -0.17895673663308573, 0.19017877339983447]",g003_68e84e72803fc1d6,,,,,True,,11,-0.022252775999999974,0.033838163,759.0554000000011,0.04049947302028439,0.033838163,1.34998243400948,0.5817437020072838,0.7824187921572527,0.02347256376471758,1,0.6291050297214474,0.0,-0.3449544695671779,0,0,0,0,1,1,True,False,True,False,10000.0,True,1.0,1.0,0.0,0.023462141130264513,0.03474855988045273,0.04192772925143763,0.08333832870527702,0.6486366648410565,0.09288675471960259,0.09674763222226479,0.41,756.185791015625,1,True,False,0.0,2,0,1,True,True,1.0,10,10,1,True,True,1.0,10,10,1,PASS_DAMPED_HOLD_40MM,False,True,0.5335777969221615,41.77503402109483,1000041.7750340211,0.02563263585045461,0.0,1.0,0.4026012496568377,0.16985682329032276,0.014622349441347398,31
3,g003_6c85068b8c5e8208,178,gaussian_0674,gaussian,3.2326743857535747,"[1.7299603104621417, 1.4122315633629838, 0.19339079584946667, 0.9506749430471347, 1.697016264053761, -0.018566303620161477, 0.09172994072065664, 1.8579661961656933, -0.031295273872564325, -0.8348491053711415, -0.8120848755233436, -0.09456038233732256, -0.1731708934231719, -0.09515832744319935, 0.320683263525318]",g003_6c85068b8c5e8208,,,,,True,,11,-0.02436956999999995,0.0355095492,791.1410000000033,0.04306743579982581,0.0355095492,1.435581193327527,0.5817437020072838,0.782396783786192,0.02347190351358576,1,0.6291110902118133,0.0,-0.34491663783649523,0,0,0,0,1,1,True,False,True,False,10000.0,True,1.0,1.0,0.0,0.02519591604682357,0.035655509025295684,0.043659472160019565,0.052556993959438074,0.6510266773192199,0.059720513662696706,0.06317392309626839,0.41090000000000004,775.3525438308716,1,True,False,0.0,2,0,1,True,True,1.0,10,10,1,True,True,1.0,10,10,1,PASS_DAMPED_HOLD_40MM,False,True,0.5040032181009582,41.80192415465353,1000041.8019241546,0.03565262039215764,0.0,1.0,0.4040249469748968,0.2015650785579637,0.0,32
3,g003_eb008bd52ac04b12,155,gaussian_0447,gaussian,3.28266516663714,"[1.8440930986429398, 1.618872807938934, 0.30463282571408956, 0.7741388593849639, 1.587927705908161, 0.4012658751937185, 0.30638636666949143, 1.529898257415839, -0.24099968125243593, -0.36393797326019967, -0.697880570335242, 0.3192257088793974, 0.3806918508148147, -0.7330023301732199, 0.2455741707253374]",g003_eb008bd52ac04b12,,,,,True,,11,-0.02617695099999995,0.0345002198,380.35150000000067,0.043307019406843394,0.0345002198,1.4435673135614466,0.5817437020072838,0.782359011615266,0.02347077034845798,1,0.6289909017045067,0.0,-0.3448517086059841,0,0,0,0,1,1,True,False,True,False,10000.0,True,1.0,1.0,0.0,0.026068457273065,0.035415586914467126,0.043975314223934664,0.059347136913498036,0.6497446580441175,0.05822124134664648,0.06067191143811529,0.41,785.7823429107666,1,True,False,0.0,2,0,1,True,True,1.0,10,10,1,True,True,1.0,10,10,1,PASS_DAMPED_HOLD_40MM,False,True,0.5012439942031433,41.85419828660974,1000041.8541982867,0.03307410888463909,0.0,1.0,0.3894068522514975,0.1748971276336385,0.01830909422238972,33
3,g003_37d65aac1fe2fa4a,184,gaussian_0762,gaussian,3.106070134020642,"[1.7939899332893796, 1.7788691967220154, 0.5227252902303182, 1.3912461030178886, 1.3303035357366175, 0.0447036501348053, -0.21589527157814065, 2.007379311548047, -0.23181276530234207, -0.5594862609087868, -0.37655973188137676, -0.11638225039161179, -1.133959811521284, -0.24181364608232622, -0.05408789301559271]",g003_37d65aac1fe2fa4a,,,,,True,,11,-0.024695476999999966,0.0335269797,1015.4607000000033,0.04164042449425485,0.0335269797,1.3880141498084952,0.5817437020072838,0.7824472628257114,0.02347341788477134,1,0.6292149707718435,0.0,-0.3450034097935361,0,0,0,0,1,1,True,False,True,False,10000.0,True,1.0,1.0,0.0,0.02582238725858232,0.034329450388383365,0.042957034903501765,0.0843525054359199,0.6507055891220709,0.08958962154433892,0.09145679770165029,0.41,784.4411723613739,1,True,False,0.0,2,0,1,True,True,1.0,10,10,1,True,True,1.0,10,10,1,PASS_DAMPED_HOLD_40MM,False,True,0.5204377469311982,41.87282133576565,1000041.8728213358,0.021370415520527188,0.0,1.0,0.41916481164952846,0.18318322598720246,0.05844730791571212,34
3,g003_befc59805cce61b6,177,gaussian_0217,gaussian,3.340068213581037,"[1.5747931497506718, 1.1924689409820397, 0.2594843636293406, 1.066673518925749, 1.876680514575003, -0.1813710052422796, 0.5151989260610566, 1.3816786254691011, -0.27707793405044545, -0.8878124178662379, -0.2857766095421884, 0.23672372996079857, -0.32281204281361603, -0.5621852120106332, 0.1653072078080075]",g003_befc59805cce61b6,,,,,True,,11,-0.026900590999999974,0.0346900522,761.4446000000025,0.04389808102625904,0.0346900522,1.4632693675419683,0.5817437020072838,0.7824797604409242,0.023474392813227725,1,0.6293543072788744,0.0,-0.3450592722207538,0,0,0,0,1,1,True,False,True,False,10000.0,True,1.0,1.0,0.0,0.02701000695195249,0.035491377244405514,0.044600205540437005,0.02834500537280511,0.6546401827828228,0.0642306167533412,0.06792069580415082,0.41090000000000004,749.1801171302795,1,True,False,0.0,2,0,1,True,True,1.0,10,10,1,True,True,1.0,10,10,1,PASS_DAMPED_HOLD_40MM,False,True,0.4944368867984488,41.9324617562581,1000041.9324617563,0.03401083244967293,0.0,1.0,0.38535324517197417,0.16149928612062792,0.016778094348892336,35
3,g003_6894f0183c4c042d,176,gaussian_0112,gaussian,3.1438911504379043,"[1.7251872764284013, 1.35584257560974, 0.357589704268778, 1.1135567187950453, 1.8070679015389521, 0.19406872473509057, 0.15564018411872887, 1.3285877053925708, -0.12623929829264569, -0.49785940629845166, -0.09923841394212479, 0.3298392917556683, 0.27668600772044705, -0.7989683786766165, 0.10774578328620969]",g003_6894f0183c4c042d,,,,,True,,11,-0.026111695999999962,0.0330542182,483.96570000000065,0.04212365141829024,0.0330542182,1.404121713943008,0.5817437020072838,0.7823527867614569,0.02347058360284371,1,0.6290016856834916,0.0,-0.34484100826872627,0,0,0,0,1,1,True,False,True,False,10000.0,True,1.0,1.0,0.0,0.026559243742030073,0.034362057646155804,0.04342976437682224,0.08313732489630674,0.6521360368778745,0.08583571470881951,0.0870703419382438,0.41025,787.1856298446655,1,True,False,0.0,2,0,1,True,True,1.0,10,10,1,True,True,1.0,10,10,1,PASS_DAMPED_HOLD_40MM,False,True,0.5148725444807309,41.99779168328669,1000041.9977916833,0.022113680197482857,0.0,1.0,0.3840567790480207,0.14372240691597457,0.006900528446710262,36
3,g003_aa95b180962fa4b1,188,gaussian_0335,gaussian,3.186003738834658,"[1.7073613900035598, 1.3849828833987503, 0.26771945040787776, 1.0175053813858748, 1.7012909827399938, -0.10806176990673458, 0.4956101562935847, 1.3632018246174546, -0.2232207222146695, -1.1415423771280553, 0.08805367230733485, -0.04771674239251609, -0.9538374667734476, -0.6441990625793382, 0.05378758628855767]",g003_aa95b180962fa4b1,,,,,True,,11,-0.025442515000000054,0.0341018093,982.0869000000021,0.04254709117035845,0.0341018093,1.418236372345282,0.5817437020072838,0.7823865086166085,0.023471595258498255,1,0.6290818754710983,0.0,-0.34489897512773177,0,0,0,0,1,1,True,False,True,False,10000.0,True,1.0,1.0,0.0,0.026350024637514978,0.03477513611959821,0.043630653106895276,0.07797329728551806,0.6517119900516509,0.08529069910123964,0.08585812586012383,0.4105,790.4100830554962,1,True,False,0.0,2,0,1,True,True,1.0,10,10,1,True,True,1.0,10,10,1,PASS_DAMPED_HOLD_40MM,False,True,0.5099958957912167,42.244954192975975,1000042.244954193,0.02582473515176,0.0,1.0,0.41286360474751604,0.15225809900861115,0.0,37
3,g003_596eb055d876f156,156,gaussian_0535,gaussian,3.373183447774313,"[1.3383104453996524, 1.3748149301245969, 0.45120121851550765, 1.3125134218867867, 1.716833753077127, -0.07507105012693761, 0.2497217314247401, 1.4295332318845915, -0.2693692941451652, -0.48649627821728225, -0.6311541929494644, -0.029188241479199135, -0.8523143946049694, 0.5314496832430455, -0.010655831389385419]",g003_596eb055d876f156,,,,,True,,11,-0.026566655999999966,0.035223978,1058.3560000000034,0.044119336318294934,0.035223978,1.4706445439431646,0.5817437020072838,0.7826044196250382,0.023478132588751147,1,0.6296444751993185,0.0,-0.3452735576245905,0,0,0,0,1,1,True,False,True,False,10000.0,True,1.0,1.0,0.0,0.02659184107012394,0.035987013271304095,0.04474585048569026,0.03053483788494042,0.6537826418474397,0.05653579562239436,0.05909488053666495,0.41,680.1248466968536,1,True,False,0.0,2,0,1,True,True,1.0,10,10,1,True,True,1.0,10,10,1,PASS_DAMPED_HOLD_40MM,False,True,0.49188874547566364,42.33399428018422,1000042.3339942802,0.0402423490989078,0.0,1.0,0.3830788243776764,0.17059387265400533,0.0112448058293396,38
3,g003_7d6c84758db78341,166,gaussian_0049,gaussian,3.4396307413034597,"[1.9937962728499106, 1.6179842026398559, 0.2446281574491526, 0.994526614337752, 1.3136082265129956, -0.00789709534159514, -0.06173933835851192, 1.8968393166350004, -0.18230410891498744, -0.8239916350404769, -1.0225578407004787, -0.23675047877808436, -0.23658316506142285, 0.4038879711235889, 0.2584749368053459]",g003_7d6c84758db78341,,,,,True,,11,-0.026965757000000035,0.0360490703,998.7985000000008,0.04501874631836601,0.0360490703,1.5006248772788668,0.5817437020072838,0.7823294235310297,0.023469882705930895,1,0.6289203134863114,0.0,-0.3448008475753718,0,0,0,0,1,1,True,False,True,False,10000.0,True,1.0,1.0,0.0,0.0270968817363885,0.03581544310264106,0.04491087801941022,0.05118461276374046,0.6503734826108957,0.04106681063816568,0.04305536325906069,0.41090000000000004,768.6558079719543,1,True,False,0.0,2,0,1,True,True,1.0,10,10,1,True,True,1.0,10,10,1,PASS_DAMPED_HOLD_40MM,False,True,0.481530467640955,42.382058888839765,1000042.3820588888,0.03762961404279881,0.0,1.0,0.39802103427470414,0.22593669856517787,0.03619064248794904,39
3,g003_92bd9cd1c262e782,147,gaussian_0063,gaussian,3.163291183228892,"[1.638088315162147, 1.2965821614701372, 0.4679618212038271, 1.4093813552923766, 1.9017054306985237, -0.37422216443400913, 0.0883667229680844, 1.5596931034239492, -0.06536299132285296, -0.7764379193977189, -0.21978740009481673, -0.24692417239812914, -0.8692521312008747, 0.35635459677965253, -0.2454349165368934]",g003_92bd9cd1c262e782,,,,,True,,11,-0.02538117799999995,0.0336959063,1325.3164000000033,0.042185522374934045,0.0336959063,1.4061840791644682,0.5817437020072838,0.7823849492962609,0.02347154847888783,1,0.629092676282137,0.0,-0.3448962947027573,0,0,0,0,1,1,True,False,True,False,10000.0,True,1.0,1.0,0.0,0.026368271399242776,0.03456327597488855,0.04347304662317138,0.08765948519691148,0.6534595248873827,0.08811812726799269,0.08888550672495373,0.41,747.160698890686,1,True,False,0.0,2,0,1,True,True,1.0,10,10,1,True,True,1.0,10,10,1,PASS_DAMPED_HOLD_40MM,False,True,0.5141599922978943,42.38406895759626,1000042.3840689576,0.023731343462564534,0.0,1.0,0.405698077054011,0.16156036171454702,0.06409685184126208,40
3,g003_b86ab269e126373b,179,gaussian_0059,gaussian,3.3886965344724596,"[1.6254143207690137, 1.0263559360329433, 0.3526613755305493, 1.284933706939531, 1.8992882138563296, 0.24549718530016967, 0.25120613781800955, 1.3890347916129486, -0.25509569194207105, -0.6883470379628734, -0.41802424700323165, -0.19908535504882652, 0.34208219737708734, -0.08183654703278255, 0.23934694841725612]",g003_b86ab269e126373b,,,,,True,,11,-0.028340897999999948,0.033796127,827.8320000000022,0.044106515387712625,0.033796127,1.4702171795904209,0.5817437020072838,0.7824339497089192,0.023473018491267574,1,0.6292703054787037,0.0,-0.3449805249445102,0,0,0,0,1,1,True,False,True,False,10000.0,True,1.0,1.0,0.0,0.028300814241173564,0.034899048416189266,0.04493194483960086,0.05803635669629462,0.6557206809858195,0.08014767219653991,0.08123566847919465,0.41159999999999997,773.3611013889313,1,True,False,0.0,2,0,1,True,True,1.0,10,10,1,True,True,1.0,10,10,1,PASS_DAMPED_HOLD_40MM,False,True,0.49203640089539497,42.489689895006606,1000042.489689895,0.02742482983946906,0.0,1.0,0.3725393330582589,0.16748183658719015,0.029617117614976034,41
3,g003_4f961aedee62327e,185,gaussian_0488,gaussian,3.4453191841314967,"[1.4873689867281685, 1.214128017900841, 0.3119390128708848, 1.2536447518576865, 1.8130728326855279, 0.034618924610088496, 0.17943039909860126, 1.377292194914239, -0.15623911633186727, -0.32520837134817077, -0.7956112310648367, -0.13497070805601882, -1.3486824406802649, -0.048120017289552536, 0.09926502615628394]",g003_4f961aedee62327e,,,,,True,,11,-0.028100623000000047,0.0349679208,948.6618000000017,0.04485978709337801,0.0349679208,1.4953262364459339,0.5817437020072838,0.7825366677388592,0.023476100032165773,1,0.6295012373676634,0.0,-0.34515709416147905,0,0,0,0,1,1,True,False,True,False,10000.0,True,1.0,1.0,0.0,0.02759932751245201,0.03566142085487046,0.045093899992435564,0.04776852378435022,0.6548095422479685,0.06584033038623233,0.06688194377547972,0.41,774.1176052093506,1,True,False,0.0,2,0,1,True,True,1.0,10,10,1,True,True,1.0,10,10,1,PASS_DAMPED_HOLD_40MM,False,True,0.4833611608917367,42.74657067899285,1000042.746570679,0.036005963209099455,0.0,1.0,0.3974985394679441,0.1758964424487597,0.009757920331011355,42
3,g003_b4bf74ada3d0d5b1,173,gaussian_0031,gaussian,3.237601880041833,"[1.8219507897364082, 1.434522972177635, 0.4406630758616093, 0.6313767658913816, 1.897521479776316, 0.1571574274239545, 0.35991672812041703, 1.2864747619642114, -0.20295737519897086, -0.6757620171654075, -0.1311200485801618, 0.03630836001643212, 0.4141839000489338, -0.3823991580452678, 0.04729446202480345]",g003_b4bf74ada3d0d5b1,,,,,True,,11,-0.023847794000000033,0.0354674601,776.2827000000034,0.04273941979731978,0.0354674601,1.424647326577326,0.5817437020072838,0.7822489693641123,0.023467469080923366,1,0.628715986703817,0.0,-0.3446625492721158,0,0,0,0,1,1,True,False,True,False,10000.0,True,1.0,1.0,0.0,0.024879254911524748,0.03599597723650969,0.043757144584215646,0.07386659054560347,0.6511837200179765,0.06037874936797162,0.06748665107710003,0.41,743.9943313598633,1,True,False,0.0,2,0,1,True,True,1.0,10,10,1,True,True,1.0,10,10,1,PASS_DAMPED_HOLD_40MM,False,True,0.507780895564984,42.78704771962541,1000042.7870477196,0.04014148023480425,0.0,1.0,0.37527773107518203,0.1566600157592873,0.010510438075983775,43
3,g003_b61fc47dc30d782b,165,gaussian_0637,gaussian,3.496025582648798,"[1.8394664444543027, 1.7143054499075954, 0.4857210770717307, 0.7855592384981596, 1.4146871081386974, -0.05563208680278806, 0.1834040753292976, 1.5603854534098793, 0.027843730482793178, -0.7016713132116075, -0.5886984819702983, -0.22046223319321118, -0.08340150275989272, -0.22963060974092195, -0.08356479281023972]",g003_b61fc47dc30d782b,,,,,True,,11,-0.025580567,0.0371372253,976.4191000000028,0.045094776981646656,0.0371372253,1.5031592327215553,0.5817437020072838,0.7823829121369476,0.023471487364108423,1,0.6290493383745241,0.0,-0.3448927928869124,0,0,0,0,1,1,True,False,True,False,10000.0,True,1.0,1.0,0.0,0.02599379602240883,0.03697695549754307,0.04519925518768952,0.042729163384053186,0.6504429804502084,0.03708982476030406,0.037297126760725684,0.41,773.6256709098816,1,True,False,0.0,2,0,1,True,True,1.0,10,10,1,True,True,1.0,10,10,1,PASS_DAMPED_HOLD_40MM,False,True,0.4806548416926602,43.5783127682541,1000043.5783127683,0.05411027096364518,0.0,1.0,0.36898158773887985,0.17009845744351015,0.03487195571691617,44
3,g003_d1798ee6149fb5be,169,gaussian_0693,gaussian,3.393203780154894,"[1.5093857804090658, 1.254128483623357, 0.3091186731448723, 1.113240887553651, 1.9520568684100557, 0.14941920953862445, 0.4404803443480779, 0.7918629518730574, -0.015271262191097867, -0.7388958018797298, 0.5309984495845794, 0.2846193463181674, 0.3563443456503249, -0.6861976572257535, 0.171151910211515]",g003_d1798ee6149fb5be,,,,,True,,11,-0.026658885999999993,0.0347265002,495.7386000000006,0.043779287555893324,0.0347265002,1.4593095851964442,0.5817437020072838,0.7825254136266299,0.023475762408798895,1,0.6294677821270126,0.0,-0.34513774867962765,0,0,0,0,1,1,True,False,True,False,10000.0,True,1.0,1.0,0.0,0.02716217216546634,0.03579678843791219,0.04493543878961324,0.08439779344552821,0.6542683758414749,0.08045332278490937,0.08054433849173614,0.41,765.1484868526459,1,True,False,0.0,2,0,1,True,True,1.0,10,10,1,True,True,1.0,10,10,1,PASS_DAMPED_HOLD_40MM,False,True,0.49580500119666554,43.99675692873723,1000043.9967569287,0.03795461829849281,0.0,1.0,0.3616752075566448,0.14603995242951534,0.02483797613934421,45
3,g003_0cea0eadefe7be2d,189,gaussian_0359,gaussian,3.204218406094144,"[1.5205234732509816, 1.723180952703196, 0.5272745670118512, 1.2243411631424053, 2.1572458216828876, -0.007705282540381381, 0.2819100560208408, 1.4720190526219756, -0.1630921407633501, -0.9003844337620917, -0.6828164753752328, 0.1650571671356431, -0.5744064062443675, 0.9353203832415564, 0.14906155222585604]",g003_0cea0eadefe7be2d,,,,,True,,11,-0.02227758000000002,0.0361657059,871.9828000000016,0.042476450580312096,0.0361657059,1.415881686010403,0.5817437020072838,0.782531992883219,0.02347595978649657,1,0.6294070404226734,0.0,-0.3451490582246496,0,0,0,0,1,1,True,False,True,False,10000.0,True,1.0,1.0,0.0,0.023562943876657715,0.036351434055248974,0.04332019254351989,0.09495611683818037,0.6513916347188095,0.0765041230416274,0.08083465734057553,0.41,767.291862487793,1,True,False,0.0,2,0,1,True,True,1.0,10,10,1,True,True,1.0,10,10,1,PASS_DAMPED_HOLD_40MM,False,True,0.510809445627276,44.07254386436306,1000044.0725438644,0.044944929859016464,0.0,1.0,0.41215973009493634,0.19186112525911855,0.0744242931918644,46
3,g003_2a5937299c16de71,151,gaussian_0753,gaussian,3.5200203657560305,"[1.5816203812912508, 1.2427844591152366, 0.4074612768782026, 0.802923742631402, 2.0947150064370925, 0.5019508460438085, 0.33965663515699823, 1.5583713220716953, -0.2159346735222277, -0.40825603441146974, -0.48090842129131917, 0.32656118727500705, -0.6700222777977576, -0.9161955635883995, -0.10450994619159641]",g003_2a5937299c16de71,,,,,True,,11,-0.024513156000000036,0.0373875258,555.9910000000018,0.04470706770216543,0.0373875258,1.490235590072181,0.5817437020072838,0.7824352918889876,0.023473058756669628,1,0.6292290753400485,0.0,-0.3449828321118483,0,0,0,0,1,1,True,False,True,False,10000.0,True,1.0,1.0,0.0,0.025259372983797004,0.037572040892898735,0.04527354835212531,0.03899730828062334,0.6545990064650271,0.04783229922815827,0.05244209616887379,0.41,761.7659378051758,1,True,False,0.0,2,0,1,True,True,1.0,10,10,1,True,True,1.0,10,10,1,PASS_DAMPED_HOLD_40MM,False,True,0.4851199915527282,44.525288664839316,1000044.5252886649,0.06376285428628325,0.0,1.0,0.3920893244577821,0.16860871905707825,0.08423335959711013,47
3,g003_a58a95f3ca7e82c6,159,gaussian_0349,gaussian,3.504833486696762,"[1.7174017839549267, 1.57160370163148, 0.5487469632564053, 0.8561210526626578, 1.626312920011684, -0.16189158061310452, -0.24237877736990032, 1.5412121803519407, -0.1698036195518794, -0.38089288678411093, -0.5078624152789862, -0.032282316161674256, 0.018609498738991953, -0.6856793294706593, -0.4055391014887996]",g003_a58a95f3ca7e82c6,,,,,True,,11,-0.024049018000000033,0.0382536199,1075.0848000000005,0.04518511593675512,0.0382536199,1.5061705312251708,0.5817437020072838,0.7823752870811799,0.023471258612435396,1,0.6290349993927228,0.0,-0.34487968564442506,0,0,0,0,1,1,True,False,True,False,10000.0,True,1.0,1.0,0.0,0.024823440585451398,0.0377357886058454,0.04516849504028762,0.06534297689526389,0.6515077850811913,0.05609871339555432,0.05837750572964902,0.41,753.960953950882,1,True,False,0.0,2,0,1,True,True,1.0,10,10,1,True,True,1.0,10,10,1,PASS_DAMPED_HOLD_40MM,False,True,0.47961443076078614,45.47227730532242,1000045.4722773053,0.06657984078339099,0.0,1.0,0.37968476563294323,0.1638345002367327,0.017695472351809537,48
3,g003_a73fc1e4945cc3b9,175,gaussian_0140,gaussian,3.5110495070774426,"[1.3112227964008207, 1.463076674719477, 0.3186113947757368, 1.0386380049782704, 1.645378112887575, -0.1276425221256204, 0.3803118494533881, 1.5865875723651697, -0.3151587785231329, -0.9908604489781807, -0.6131380442022655, 0.40601549722192887, -1.0498053220672496, 0.26342259558142556, 0.01532595695432793]",g003_a73fc1e4945cc3b9,,,,,True,,11,-0.02448018900000004,0.0380155064,865.1304000000018,0.04521568732557501,0.0380155064,1.507189577519167,0.5817437020072838,0.7826208163150772,0.023478624489452316,1,0.6296530422536888,0.0,-0.3453017430436717,0,0,0,0,1,1,True,False,True,False,10000.0,True,1.0,1.0,0.0,0.025159914964672726,0.037678673122286094,0.04530677354751326,0.0816373019764893,0.6523728959990374,0.0467178170604995,0.052466288560562124,0.41,763.3440582752228,1,True,False,0.0,2,0,1,True,True,1.0,10,10,1,True,True,1.0,10,10,1,PASS_DAMPED_HOLD_40MM,False,True,0.47926234779621574,45.801024829640255,1000045.8010248296,0.06557259472898301,0.0,1.0,0.403589593165736,0.18509975522948052,0.0,49
3,g003_657ff94c37b638bb,160,gaussian_0708,gaussian,3.818018745819021,"[1.7190374403633857, 1.2278189583182253, 0.31881794664171037, 0.8458981167404725, 1.3895127183358476, -0.047812868758875804, 0.2529525692049087, 0.9378575121675592, -0.199962351356058, 0.01647632545584521, 0.24578760311892023, 0.1817291214360974, -0.34555711242107046, -0.568420111426933, -0.171636643843381]",g003_657ff94c37b638bb,,,,,True,,11,-0.030792059000000038,0.0360218173,850.7747000000018,0.04738905167920184,0.0360218173,1.5796350559733947,0.5817437020072838,0.7823688961973828,0.02347106688592148,1,0.6290648723466147,0.0,-0.3448686999065907,0,0,0,0,1,1,True,False,True,False,10000.0,True,1.0,1.0,0.0,0.02995103045194318,0.03696330172429489,0.04757467708239846,0.08673665276270119,0.6536486343841426,0.09503460585663433,0.09642285329150925,0.41119999999999995,751.3003225326538,1,True,False,0.0,2,0,1,True,True,1.0,10,10,1,True,True,1.0,10,10,1,PASS_DAMPED_HOLD_40MM,False,True,0.45423225939477535,47.77289559958283,1000047.7728955996,0.05444663618055655,0.0,1.0,0.31998797030050413,0.10531154880038075,0.0,50
3,g003_345162e03e70d995,146,gaussian_0625,gaussian,3.8645946595996516,"[1.317177428109743, 1.350154203781985, 0.24727999781582158, 0.8527225123856885, 1.3459309622130924, -0.0836186409114345, 0.3303299182452604, 1.6016055756488066, -0.33907549031692685, -0.25167908402952477, -0.4574872037396766, 0.15071352486459175, -0.7174562945345498, -0.14695155764237877, -0.2865902266997531]",g003_345162e03e70d995,,,,,True,,11,-0.027103654000000033,0.0391824758,1088.3125,0.04764319961935075,0.0391824758,1.5881066539783584,0.5817437020072838,0.7826352006951584,0.02347905602085475,1,0.629708944412843,0.0,-0.345326469362206,0,0,0,0,1,1,True,False,True,False,10000.0,True,1.0,1.0,0.0,0.02701130044990318,0.039168079465525876,0.04757886927000987,0.015086687530632558,0.6540275125326117,0.02601456076795249,0.03718320018274782,0.41,787.2191514968872,1,True,False,0.0,2,0,1,True,True,1.0,10,10,1,True,True,1.0,10,10,1,PASS_DAMPED_HOLD_40MM,False,True,0.4513053017503493,47.903446305517235,1000047.9034463055,0.09339581501972186,0.0,1.0,0.3429134208938374,0.15279996421020836,0.0,51
3,g003_515129043b86b145,48,gaussian_0134,gaussian,2.857373451838723,"[1.9388485981074406, 1.5659365776378937, 0.3695715765927254, 1.2833821254294604, 1.8827907809117468, -0.022784035070244103, 0.09912170974866108, 1.9602827838007144, -0.2631709014815304, -0.7292889057872477, -0.9601838858249547, 0.02504139594835183, -0.662416219876131, -0.41481935271086023, 0.11728716789567477]",g003_515129043b86b145,,,,,True,,11,-0.024984044999999955,0.0314186616,837.1822000000029,0.04014143496808924,0.0314186616,1.3380478322696412,0.5817437020072838,0.7822549635613303,0.02346764890683991,1,0.6287228258631995,0.0,-0.344672853117602,0,0,0,0,1,1,True,False,True,False,10000.0,True,1.0,1.0,0.0,0.025436571589495135,0.032673627740838165,0.041407549118178684,0.049628284185538205,0.6498266726029427,0.10069868314998232,0.10627976347375437,0.4102,768.8570640087128,1,True,False,0.0,2,0,1,True,True,1.0,10,10,1,True,True,1.0,10,10,3,POSITION_40MM_SPEED_FAIL,False,False,0.5377012307507182,39.93618812306924,3000039.936188123,0.009207701940965743,0.003943542928629946,1.0,0.4399452146455323,0.20551108865284048,0.04418605658172723,52
3,g003_9366437692edc75c,32,gaussian_0029,gaussian,2.811126772147751,"[1.9914686710290646, 1.4037825633211471, 0.568649548676512, 1.3016967949162577, 1.6801565634006812, -0.06815707221766094, 0.185356308710344, 2.161862098112214, -0.3342043079401289, -0.8418946943252293, -0.9185422374413046, -0.10578712592393869, -0.44037521583933736, -0.36373831081744123, 0.13007541234220138]",g003_9366437692edc75c,,,,,True,,11,-0.02655880300000002,0.0294433405,883.0780000000013,0.039651990071013464,0.0294433405,1.3217330023671157,0.5817437020072838,0.7821118320366236,0.023463354961098706,1,0.6283755805017005,0.0,-0.34442681431354993,0,0,0,0,1,1,True,True,True,True,10000.0,True,1.0,1.0,0.25,0.02680646180543228,0.03121980363637376,0.041149271361955314,0.08135374029948486,0.6498254424373184,0.1311894527919969,0.13507510440108675,0.41035,785.7390897274017,1,True,True,0.25,2,1,1,True,True,1.0,10,10,1,True,True,1.0,10,10,3,POSITION_40MM_SPEED_FAIL,False,False,0.5433380440264107,40.370305388122,3000040.3703053882,0.003928079604445689,0.12302629487471346,0.6666666666666666,0.4421882728666742,0.2113873536079949,0.06718013991305545,53
3,g003_0c5f266d0df46637,69,gaussian_0177,gaussian,2.888254167593837,"[2.104915600599863, 1.5602221267455199, 0.5309522324681339, 0.9354064313285597, 1.8217251206437102, -0.05628965582167105, 0.15411627746919912, 1.609066893656272, 0.028037307292015423, -0.5887038171095118, -0.5760931723439616, 0.1456247905559359, -0.3511490624516984, -0.1399531378300246, -0.23652105272949242]",g003_0c5f266d0df46637,,,,,True,,11,-0.02471315900000004,0.0316547444,843.5596000000005,0.04015922149131647,0.0316547444,1.3386407163772156,0.5817437020072838,0.7821301066149785,0.023463903198449355,1,0.628410686402354,0.0,-0.34445822776640184,0,0,0,0,1,1,True,False,True,False,10000.0,True,1.0,1.0,0.0,0.025471016859652716,0.03298946013489179,0.041678257879334726,0.08188713390483764,0.6494644508071237,0.10001760418583909,0.10239994405669346,0.4103,771.7246799468994,1,True,False,0.0,2,0,1,True,True,1.0,10,10,1,True,True,1.0,10,10,3,POSITION_40MM_SPEED_FAIL,False,False,0.5374963878545012,40.67357486394248,3000040.673574864,0.011130528324016271,0.0005759731475258259,1.0,0.4093300855944309,0.17604198472175622,0.019503303745624905,54
3,g003_34251a50b1a3454e,91,gaussian_0337,gaussian,2.9258862750340824,"[1.9989784158723554, 1.579091911279725, 0.4939012158727185, 1.194563560702942, 1.7377284881214752, 0.03536006290881657, -0.008433225191137206, 1.4286081835720579, -0.16784352679046885, -0.5868101992902869, -0.39007083799288295, -0.291576712961326, 0.05753594603631382, -0.1443826075818316, -0.1455699590907298]",g003_34251a50b1a3454e,,,,,True,,11,-0.025697158000000053,0.0312657772,1094.312600000001,0.04047088772435078,0.0312657772,1.3490295908116925,0.5817437020072838,0.7821937098200445,0.023465811294601336,1,0.6285659333048144,0.0,-0.3445675597709368,0,0,0,0,1,1,True,False,True,False,10000.0,True,1.0,1.0,0.0,0.02624064422966161,0.0326927862602066,0.041921231888426495,0.08425704340891209,0.6494936453655259,0.10225191220814951,0.10347518207116498,0.41,789.2788512706757,1,True,False,0.0,2,0,1,True,True,1.0,10,10,1,True,True,1.0,10,10,3,POSITION_40MM_SPEED_FAIL,False,False,0.5339070065565266,40.83987709643503,3000040.8398770965,0.009372661061726233,0.001207689042774647,1.0,0.39756689697652026,0.15835018052575325,0.01711940265624208,55
3,g003_9dd02fb064012459,96,gaussian_0422,gaussian,2.9361065468139254,"[2.0251400979764207, 1.611603616399809, 0.4339374850465543, 1.2541002909285979, 1.7755981485342474, -0.2328617577978748, -0.03381937231420937, 1.9296517269190765, -0.33202905461852045, -0.8443991726103969, -0.5397554567218671, 0.036752370891601056, -1.1255004052059387, 0.13154136777266093, 0.1760326135141695]",g003_9dd02fb064012459,,,,,True,,11,-0.024243969000000032,0.0324325212,998.5119000000013,0.040492449472233856,0.0324325212,1.3497483157411287,0.5817437020072838,0.7822183503257129,0.023466550509771384,1,0.6286291565400355,0.0,-0.34460991606217517,0,0,0,0,1,1,True,False,True,False,10000.0,True,1.0,1.0,0.0,0.02537144544277604,0.033274094688650335,0.04184346569304495,0.08383704648575495,0.6496444249561111,0.09855457167222187,0.10031594846357171,0.41009999999999996,762.7877676486969,1,True,False,0.0,2,0,1,True,True,1.0,10,10,1,True,True,1.0,10,10,3,POSITION_40MM_SPEED_FAIL,False,False,0.5336586853513396,40.86524701042513,3000040.8652470103,0.01261171761029845,9.98234316333194e-06,1.0,0.4378593671245885,0.18727599157117977,0.053748913564015635,56
3,g003_5d43b56032c1a17c,81,gaussian_0235,gaussian,2.9088332358761804,"[2.037079869277532, 1.4554585663773565, 0.3283538816021206, 0.927046456778766, 1.8278018004471326, 0.07754788555492736, 0.2741514804157445, 1.9060613064415053, -0.4450984393889351, -0.4849512626001401, -0.8183040699749546, 0.29599774035250637, -0.6682497980998165, -1.1130909526780361, 0.1972004864838655]",g003_5d43b56032c1a17c,,,,,True,,11,-0.025595032000000018,0.0313682433,584.5895000000019,0.0404854585105445,0.0313682433,1.3495152836848165,0.5817437020072838,0.7822025872280696,0.023466077616842086,1,0.6286110660407535,0.0,-0.3445828197694454,0,0,0,0,1,1,True,False,True,False,10000.0,True,1.0,1.0,0.0,0.02572846913997749,0.03287044645607156,0.0417423091659798,0.07474514144745423,0.6501886977918216,0.10384536199382036,0.1072164088090947,0.41159999999999997,767.325971364975,1,True,False,0.0,2,0,1,True,True,1.0,10,10,1,True,True,1.0,10,10,3,POSITION_40MM_SPEED_FAIL,False,False,0.5337391984916254,40.980174711197286,3000040.980174711,0.010688537468296832,0.0052076556099979405,1.0,0.4440479126011891,0.19381387537273434,0.044339913133640885,57
3,g003_395b97fd17df3d5b,83,gaussian_0131,gaussian,2.9153862511427895,"[1.7653084685655787, 1.4123577925923023, 0.49396941286145557, 1.088064699875352, 1.797034681185071, 0.04061429101260116, 0.31458170450540623, 2.0203925742866287, -0.08643141255701134, -0.7830423980119297, -1.0991638706535438, -0.014980402936106918, -0.061530750388206934, 0.01327945003722264, -0.11445454196571145]",g003_395b97fd17df3d5b,,,,,True,,11,-0.024577081999999972,0.0319217843,881.5385000000024,0.040286887104000094,0.0319217843,1.3428962368000033,0.5817437020072838,0.7822728036679569,0.023468184110038707,1,0.6287794232342203,0.0,-0.3447035197265658,0,0,0,0,1,1,True,False,True,False,10000.0,True,1.0,1.0,0.0,0.02516965763202796,0.03327283322750226,0.041720415821258086,0.06434495513012967,0.6514652132080145,0.10386239775862362,0.10839350562744304,0.41,761.9910471439362,1,True,False,0.0,2,0,1,True,True,1.0,10,10,1,True,True,1.0,10,10,3,POSITION_40MM_SPEED_FAIL,False,False,0.5360260952337711,41.00749671612512,3000041.007496716,0.013219028872420846,0.007045093671791784,1.0,0.4288561519694808,0.22967003300689573,0.007362264109181878,58
3,g003_b34eb6c16ecd0231,63,gaussian_0346,gaussian,2.8804576554257806,"[1.8869977505203381, 1.2629429135511243, 0.5832145509059404, 1.5373020702830613, 2.189048673831793, 0.09452628853097635, 0.25900766431196326, 1.9354753088354562, -0.334760223356974, -0.7412097871955146, -1.1572708029198862, 0.36514502163678386, -0.9098686883871037, 0.2228458963360823, -0.02769958777335387]",g003_b34eb6c16ecd0231,,,,,True,,11,-0.026984625999999956,0.0296881444,717.0743000000002,0.040119271656837506,0.0296881444,1.3373090552279168,0.5817437020072838,0.7821904530470232,0.023465713591410694,1,0.6286079449479213,0.0,-0.3445619614756563,0,0,0,0,1,1,True,True,True,True,10000.0,True,1.0,1.0,0.25,0.026942945208448314,0.03151254174408895,0.04146037365579809,0.08467558935765523,0.6517308344791167,0.13207810187727692,0.1357774856152417,0.41045000000000004,734.0461654663086,1,True,True,0.25,2,1,1,True,True,1.0,10,10,1,True,True,1.0,10,10,3,POSITION_40MM_SPEED_FAIL,False,False,0.5379564800093037,41.103841146026724,3000041.103841146,0.004971555215706158,0.12800284769488252,0.6666666666666666,0.4501512241070841,0.23292996189639106,0.08608454403220304,59
3,g003_cbe770dad47270c1,73,gaussian_0604,gaussian,2.8943595491849226,"[2.068565377743814, 1.4805776227252394, 0.5076265154976184, 1.1904021998370338, 2.1081128972180068, -0.3022429115946587, 0.07841962026883686, 1.514986596093837, -0.22793849141405542, -0.7451429860410923, -0.3822642980189015, -0.2893428849235949, 0.0950021922428583, 0.36487486826215065, -0.2315202831311591]",g003_cbe770dad47270c1,,,,,True,,11,-0.024696417999999998,0.0315892051,1320.513600000002,0.04009726849650222,0.0315892051,1.3365756165500742,0.5817437020072838,0.7820936199706139,0.023462808599118416,1,0.6283154573140365,0.0,-0.34439550831754706,0,0,0,0,1,1,True,False,True,False,10000.0,True,1.0,1.0,0.0,0.025621338643047557,0.03291604078760703,0.041712333128142466,0.09588423609763562,0.6495850656148234,0.10350874903974301,0.10504169157617466,0.4107,781.8381345272064,1,True,False,0.0,2,0,1,True,True,1.0,10,10,1,True,True,1.0,10,10,3,POSITION_40MM_SPEED_FAIL,False,False,0.5382098848502289,41.370092368924574,3000041.370092369,0.01061290847934386,0.0025418653949270376,1.0,0.40827432328517,0.17730690159225027,0.07369901450755705,60
3,g003_0b6a3775d3257744,123,gaussian_0151,gaussian,2.9581375528461247,"[2.1438709684054347, 1.5406400392844743, 0.32139342840240903, 0.8710067927905538, 1.7727993835295577, 0.10211476088664696, 0.14503135821283572, 1.6600581289551968, -0.03699337843012371, -0.6538796144406364, -0.28651377748059437, 0.1014897779604674, 0.36375411421890935, -0.9080974166366129, 0.010795085577829431]",g003_0b6a3775d3257744,,,,,True,,11,-0.02444810399999997,0.0323837361,658.274300000001,0.04057605393565591,0.0323837361,1.3525351311885305,0.5817437020072838,0.7822082826566658,0.023466248479699973,1,0.6286170573436308,0.0,-0.344592610040619,0,0,0,0,1,1,True,False,True,False,10000.0,True,1.0,1.0,0.0,0.02542496640469783,0.03363358952125967,0.042162154365788775,0.08834699231847518,0.650316848588477,0.09715357281097867,0.10035205258559453,0.4117,787.8350811004639,1,True,False,0.0,2,0,1,True,True,1.0,10,10,1,True,True,1.0,10,10,3,POSITION_40MM_SPEED_FAIL,False,False,0.5326958338594961,41.39489556584069,3000041.3948955657,0.01565489953843156,1.2394102302378684e-05,1.0,0.4103854981902061,0.17066604303887684,0.03384578292507388,61
3,g003_b67dfa4e76a992d8,71,gaussian_0297,gaussian,2.889517632058921,"[1.8046854589232586, 1.456035775307258, 0.2959698332302824, 1.1771499506203469, 1.918812743922768, -0.034625776934818636, 0.20332348164933628, 1.7649048138408667, -0.2751462363317924, -0.42701990577814414, -0.8422115287591905, 0.4222675323488163, -1.340154294994654, -0.24381850753448897, 0.01743827302642456]",g003_b67dfa4e76a992d8,,,,,True,,11,-0.02525761400000004,0.0314243195,724.6614000000009,0.04031668291180561,0.0314243195,1.3438894303935203,0.5817437020072838,0.7823094086051596,0.023469282258154787,1,0.6288732198886382,0.0,-0.34476644251726624,0,0,0,0,1,1,True,False,True,False,10000.0,True,1.0,1.0,0.0,0.02555326611497031,0.032983154245559816,0.041723588929152296,0.07628151150313876,0.6503757011220426,0.10678124244639839,0.1101877522274,0.4105,781.0384619235992,1,True,False,0.0,2,0,1,True,True,1.0,10,10,1,True,True,1.0,10,10,3,POSITION_40MM_SPEED_FAIL,False,False,0.5356829444398787,41.49354227086838,3000041.4935422707,0.011530911651544922,0.010379029544689375,1.0,0.4420612474981795,0.2011256615018803,0.022476154602740522,62
3,g003_3dfb3caed0fc3cad,47,gaussian_0237,gaussian,2.8561091818819784,"[1.9718580187178425, 1.7137334448486004, 0.5021590794878529, 1.1533820224303042, 1.9038763897176787, 0.027017635859679597, 0.12881971677357934, 1.7147497424962388, -0.16950540831206024, -0.6729685817601092, -0.6350987581488942, 0.09999223106009708, 0.36775867740137047, -0.637070537093708, 0.2773548768337135]",g003_3dfb3caed0fc3cad,,,,,True,,11,-0.023809678999999973,0.0317769808,587.8442000000032,0.039707396324193914,0.0317769808,1.3235798774731304,0.5817437020072838,0.7822959302765271,0.023468877908295813,1,0.6288241104721248,0.0,-0.3447432736740351,0,0,0,0,1,1,True,False,True,False,10000.0,True,1.0,1.0,0.0,0.024604344529692228,0.033193361117047605,0.041317949997338003,0.08214143961296017,0.6499983640718616,0.10691069602704323,0.11015555929037098,0.41,723.1266984939575,1,True,False,0.0,2,0,1,True,True,1.0,10,10,1,True,True,1.0,10,10,3,POSITION_40MM_SPEED_FAIL,False,False,0.5426999442007717,41.50711985253521,3000041.5071198526,0.01264268638525311,0.010313538450024022,1.0,0.4209399976473561,0.18577315459225438,0.04564660337995021,63
3,g003_dbc22c0264427dab,119,gaussian_0667,gaussian,2.955690358058071,"[1.7703263338212305, 1.7593173927486254, 0.4082362068279601, 1.1893348399408408, 1.6726482450476654, -0.21090668191477077, 0.3320441583416599, 1.7274911918822826, -0.20043220860968092, -0.9688073816693876, -0.49403941400088547, 0.022442240968576305, -0.7827926603212993, 0.18462331129425832, -0.12701162232489022]",g003_dbc22c0264427dab,,,,,True,,11,-0.023856133,0.0328649355,1108.5969000000005,0.04061057826641784,0.0328649355,1.353685942213928,0.5817437020072838,0.7823814607426613,0.023471443822279843,1,0.629007085737616,0.0,-0.344890297983605,0,0,0,0,1,1,True,False,True,False,10000.0,True,1.0,1.0,0.0,0.02489100023590532,0.033909755295144416,0.0420646335645565,0.08500397387762033,0.6494929016304645,0.09963908433574585,0.10195750741927997,0.41,780.2797677516937,1,True,False,0.0,2,0,1,True,True,1.0,10,10,1,True,True,1.0,10,10,3,POSITION_40MM_SPEED_FAIL,False,False,0.5322982258608513,41.51581544393011,3000041.515815444,0.017887249640638574,0.00038318352965360813,1.0,0.4202748767564891,0.181121951658338,0.0352787332326892,64
3,g003_4fa758a7ffa80b89,130,gaussian_0084,gaussian,2.9697679296511037,"[2.0093356360214507, 1.285085272763733, 0.222636227086341, 1.2469566762266058, 1.8870028961730327, -0.034752686889844356, -0.10478309983002959, 1.5519333697919702, -0.3593403023734997, -0.6144556888555202, -0.2530865703187528, 0.03368759625111161, -0.02726696236041018, 0.16972659745485782, -0.12756125151672304]",g003_4fa758a7ffa80b89,,,,,True,,11,-0.026041172,0.0314324737,1093.6694000000025,0.040818415476776844,0.0314324737,1.360613849225895,0.5817437020072838,0.7821838501860776,0.023465515505582325,1,0.6285775335863809,0.0,-0.3445506113554526,0,0,0,0,1,1,True,False,True,False,10000.0,True,1.0,1.0,0.0,0.02679965174836279,0.03281791419299855,0.04237023513992506,0.09495637717332218,0.6506615556584442,0.10364652158548024,0.10436965613623948,0.4131,770.0718507766724,1,True,False,0.0,2,0,1,True,True,1.0,10,10,1,True,True,1.0,10,10,3,POSITION_40MM_SPEED_FAIL,False,False,0.5299046171961498,41.588612097361114,3000041.5886120973,0.010049711643350953,0.0019093894748975296,1.0,0.3982285130716675,0.16456823758324793,0.025519497901879632,65
3,g003_d0ab8bf3bdb57761,172,gaussian_0065,gaussian,2.9864064635220013,"[1.421831934564831, 1.572931461601143, 0.4164249298276434, 1.3568895461444637, 2.029372398951312, 0.06972055136864974, 0.406683770017877, 1.4946306905915319, -0.20186035800409086, -0.8991672014444134, -0.40934314400810834, 0.14283069509070473, -0.2549464162723245, -0.47542044128694805, 0.18737463062875379]",g003_d0ab8bf3bdb57761,,,,,True,,11,-0.023472322000000045,0.0332338062,685.2117000000035,0.04068704676688693,0.0332338062,1.3562348922295646,0.5817437020072838,0.7825177343891844,0.02347553203167553,1,0.6293706825340687,0.0,-0.34512454830045897,0,0,0,0,1,1,True,False,True,False,10000.0,True,1.0,1.0,0.0,0.024375650214544894,0.03440570436706794,0.04216544576280346,0.07695266606014975,0.6505576319725361,0.09722125709464177,0.10053502728923618,0.41,776.483636379242,1,True,False,0.0,2,0,1,True,True,1.0,10,10,1,True,True,1.0,10,10,3,POSITION_40MM_SPEED_FAIL,False,False,0.5314175574522281,41.60196331195486,3000041.601963312,0.022561136104530914,2.8625420022741337e-05,1.0,0.4071860063508603,0.16456000770894455,0.045005726580811874,66
3,g003_63d9ef154a381b2f,167,gaussian_0174,gaussian,3.013580101922542,"[1.8255110179124319, 1.385561901789218, 0.4899328072594456, 1.1024654816335129, 1.7370238987211477, 0.21907920896710295, 0.3137953358621928, 1.6389305613222707, -0.12779419517840082, -0.6631872448847562, -0.7075211053159594, 0.09532417052485681, -0.5443437136621916, 0.23101421120598734, -0.07923022628087967]",g003_63d9ef154a381b2f,,,,,True,,11,-0.02615471800000002,0.0315959491,813.1544000000031,0.041016743815048454,0.0315959491,1.3672247938349489,0.5817437020072838,0.7822368985510599,0.023467106956531796,1,0.6286942497218112,0.0,-0.3446417999060106,0,0,0,0,1,1,True,False,True,False,10000.0,True,1.0,1.0,0.0,0.026547952202105214,0.03309350887135186,0.04242610158314699,0.07856501557776661,0.6511276256590286,0.10524845072478618,0.10757886264626303,0.41,766.8766884803772,1,True,False,0.0,2,0,1,True,True,1.0,10,10,1,True,True,1.0,10,10,3,POSITION_40MM_SPEED_FAIL,False,False,0.5276205198099176,41.609169690390054,3000041.6091696904,0.012144807686937972,0.005743915901092088,1.0,0.40603037711696804,0.18472093225142028,0.0,67
3,g003_1ab78e8ce81bf39a,106,gaussian_0150,gaussian,2.9435537006704426,"[2.040883783532389, 1.556234278542589, 0.45110314234277915, 1.1945367308123964, 1.9014247782565195, -0.020043426040924565, 0.0009647909437167368, 1.4111275881943421, 0.0858016479274824, -0.30149055012614573, -0.6042867130149128, -0.06686281147657802, -0.41612186876540447, -0.14164214442316175, -0.19004880203757332]",g003_1ab78e8ce81bf39a,,,,,True,,11,-0.026368218,0.0310011063,909.8101000000024,0.04069829864158235,0.0310011063,1.3566099547194117,0.5817437020072838,0.7821753187260884,0.02346525956178265,1,0.6285199299279496,0.0,-0.34453594603125604,0,0,0,0,1,1,True,False,True,False,10000.0,True,1.0,1.0,0.0,0.026494305650361386,0.03262866097104466,0.04203067628123707,0.09303687168624353,0.6496653928379749,0.10620581390551066,0.1073766074125409,0.4104,734.1003453731537,1,True,False,0.0,2,0,1,True,True,1.0,10,10,1,True,True,1.0,10,10,3,POSITION_40MM_SPEED_FAIL,False,False,0.5312879724528982,41.64704128552295,3000041.6470412854,0.009301563625970151,0.005441433691875323,1.0,0.3981617830165107,0.16343592339508325,0.03167372456035202,68
3,g003_cb310a0b5c1a96ae,60,gaussian_0266,gaussian,2.8758150393155058,"[1.7524241774877893, 1.5582818904099853, 0.4503483638997809, 1.132769442117987, 1.9931527936723608, 0.12345277319000839, 0.25887098266409886, 1.7806303847124623, -0.10410878578189972, -0.601136165143743, -0.8020341685258116, 0.08295089476798961, -0.048503451382525986, -0.6626673435730511, -0.0038304202365822566]",g003_cb310a0b5c1a96ae,,,,,True,,11,-0.023628446999999997,0.0320977,694.8092000000033,0.03985681689399956,0.0320977,1.3285605631333188,0.5817437020072838,0.782320815442797,0.02346962446328391,1,0.6288847732746451,0.0,-0.3447860505295197,0,0,0,0,1,1,True,False,True,False,10000.0,True,1.0,1.0,0.0,0.024363623479260563,0.03352521265487516,0.04144304564813955,0.07767765352163848,0.6501701120703782,0.1065398948848455,0.11054509281476606,0.41,781.8973395824432,1,True,False,0.0,2,0,1,True,True,1.0,10,10,1,True,True,1.0,10,10,3,POSITION_40MM_SPEED_FAIL,False,False,0.5409791052328426,41.70126734195911,3000041.701267342,0.015148869505112846,0.011119898247203068,1.0,0.4231583721445481,0.18926943194654156,0.03364889324650808,69
3,g003_f9140555a80e0a72,99,gaussian_0653,gaussian,2.9369290255251617,"[1.8204906417104476, 1.4750718729975905, 0.4887733469561294, 1.1345160429087882, 1.9739916466655658, -0.1638514297754104, 0.17250535405384107, 1.4091368287375343, -0.20658521797828658, -0.5301860681695258, -0.24842844635290498, -0.17054098403039783, 0.21974166211761367, -0.5265025287548981, 0.09654128829798359]",g003_f9140555a80e0a72,,,,,True,,11,-0.024820570000000042,0.0319083063,934.1281000000017,0.04042524837350442,0.0319083063,1.347508279116814,0.5817437020072838,0.7822375596813125,0.023467126790439375,1,0.628678915877935,0.0,-0.3446429363691133,0,0,0,0,1,1,True,False,True,False,10000.0,True,1.0,1.0,0.0,0.025444655574678274,0.033444324731007516,0.04202324778056888,0.0970138092529842,0.6505614301486425,0.10136282634492386,0.10368945554047858,0.41,770.1426248550415,1,True,False,0.0,2,0,1,True,True,1.0,10,10,1,True,True,1.0,10,10,3,POSITION_40MM_SPEED_FAIL,False,False,0.5344326234345077,41.76666586717749,3000041.766665867,0.01456050745897889,0.0013612082185168017,1.0,0.3943291689095602,0.1514612208123585,0.03447810083226397,70
3,g003_de187a373ba406fb,115,gaussian_0324,gaussian,2.949974158767883,"[1.7631439734417012, 1.687636011090846, 0.4537767002762063, 1.3376220979368678, 2.100120418270837, 0.07485657951858514, 0.14180052043266708, 2.151733848672229, -0.10640032121923088, -1.1568522181137637, -1.1634555735489789, -0.10942758495482915, -0.14300316796498952, 0.1917723780333657, 0.17177589803182503]",g003_de187a373ba406fb,,,,,True,,11,-0.022156646000000002,0.0339019985,867.5690000000031,0.04050015387950172,0.0339019985,1.3500051293167243,0.5817437020072838,0.7823944629645536,0.023471833888936606,1,0.6290694841237592,0.0,-0.34491264841360947,0,0,0,0,1,1,True,False,True,False,10000.0,True,1.0,1.0,0.0,0.02351623899463052,0.03425264397609478,0.041548250454209054,0.08181525143093978,0.6499537817807886,0.10418133635926223,0.10707613357882288,0.41,774.911214351654,1,True,False,0.0,2,0,1,True,True,1.0,10,10,1,True,True,1.0,10,10,3,POSITION_40MM_SPEED_FAIL,False,False,0.5335699556384991,41.90339833232851,3000041.903398332,0.02043148150344664,0.005007166642534477,1.0,0.4449631934895137,0.2431040369534367,0.07837414618564029,71
3,g003_644598104d2021b4,64,gaussian_0405,gaussian,2.880597352302273,"[1.7878318327695857, 1.440966864062751, 0.3276586815070404, 1.262491074573504, 2.2825901430884494, -0.07489023329985516, 0.26668898394274076, 1.6215215717942684, -0.24038555741766388, -0.8068835761608635, -0.6205049404967624, -0.18782836989816992, 0.3594254788895578, 0.30141733520965974, -0.05101665461475295]",g003_644598104d2021b4,,,,,True,,11,-0.02381876100000002,0.0319612097,1123.5967000000019,0.039860410196866966,0.0319612097,1.3286803398955658,0.5817437020072838,0.7823129310959128,0.02346938793287738,1,0.6288849513870113,0.0,-0.3447724975733692,0,0,0,0,1,1,True,False,True,False,10000.0,True,1.0,1.0,0.0,0.02473472801971068,0.033395112074023556,0.04155767414865339,0.09434543665616807,0.6507002292370928,0.10873157384351778,0.11124334430324044,0.4103,779.4369966983795,1,True,False,0.0,2,0,1,True,True,1.0,10,10,1,True,True,1.0,10,10,3,POSITION_40MM_SPEED_FAIL,False,False,0.5409377220711679,42.37080522642148,3000042.3708052263,0.01413730659621556,0.012641279112120908,1.0,0.41130548925854643,0.1937181675215623,0.08200879033959188,72
3,g003_8169811f23cd2252,58,gaussian_0303,gaussian,2.872501504879584,"[1.8615046183444697, 1.7002389941953602, 0.4328739534612126, 1.3354576711840866, 1.726658619595061, -0.043529181369454814, 0.05542817160071478, 1.780636547696648, -0.4040667368290234, -0.8547932391836981, -0.46424550685685706, 0.06229028661097992, -0.13580844151027296, 0.40012953645449956, -0.1076764215278676]",g003_8169811f23cd2252,,,,,True,,11,-0.02396865199999998,0.0318535934,1076.1630000000005,0.039864115331832296,0.0318535934,1.32880384439441,0.5817437020072838,0.7823452745041313,0.023470358235123938,1,0.6289473068272913,0.0,-0.3448280949233824,0,0,0,0,1,1,True,False,True,False,10000.0,True,1.0,1.0,0.0,0.025087671577776915,0.03312533338735919,0.04155332690914278,0.10075048022209773,0.6495611797254848,0.11006550543257138,0.11175824407124488,0.41,769.7371251583099,1,True,False,0.0,2,0,1,True,True,1.0,10,10,1,True,True,1.0,10,10,3,POSITION_40MM_SPEED_FAIL,False,False,0.5408950509674633,42.535922738795605,3000042.5359227387,0.012004823915215535,0.013881952420272476,1.0,0.41301067102733036,0.18413827656796516,0.038812002724444405,73
3,g003_276d96493388ef20,29,gaussian_0461,gaussian,2.8096558901262667,"[2.2542609425876075, 1.1846709828411057, 0.5030361958893675, 1.1037964500566606, 2.0691966647718973, 0.003638848069725399, 0.19336701923948918, 1.563767787455888, -0.09883738237930483, -0.8906907122732086, -0.40095345904978286, -0.00035310370387021256, -0.1596905512045158, 0.020831704911700083, -0.32094092158090404]",g003_276d96493388ef20,,,,,True,,11,-0.02633623399999996,0.0293293677,1019.8685000000005,0.03941838442890014,0.0293293677,1.3139461476300047,0.5817437020072838,0.7819926983639273,0.023459780950917813,1,0.6281359014758681,0.0,-0.34422202709834626,0,0,0,0,1,1,True,True,True,True,10000.0,True,1.0,1.0,0.25,0.027103031570812574,0.031148776478476393,0.041289473191535725,0.10997444356846327,0.6502209788558618,0.13466887690731957,0.13612985326832389,0.41350000000000003,756.2124562263489,1,True,True,0.25,2,1,1,True,True,1.0,10,10,1,True,True,1.0,10,10,3,POSITION_40MM_SPEED_FAIL,False,False,0.5460284212120925,42.55142854232075,3000042.5514285425,0.0036582913173705124,0.14048558216910714,0.6666666666666666,0.42302864881515556,0.18601888645359782,0.031047531387410225,74
3,g003_b4a9332a51e704b3,137,gaussian_0712,gaussian,2.97276350729764,"[2.0543726100065802, 1.6214710073538516, 0.4052331825554491, 1.1251296008346618, 1.4861821377192206, -0.06676050581921353, -0.07891803200392494, 1.743422939846712, -0.22810562094032458, -0.5045596101824923, -0.1588479298073459, -0.21926236025576085, 0.31365884776252007, -0.36331131686170526, -0.11877305712044435]",g003_b4a9332a51e704b3,,,,,True,,11,-0.025260139000000015,0.0319063501,1087.0942000000032,0.04069508322885078,0.0319063501,1.356502774295026,0.5817437020072838,0.7822256763840273,0.023466770291520816,1,0.6286456425222193,0.0,-0.3446225093369956,0,0,0,0,1,1,True,False,True,False,10000.0,True,1.0,1.0,0.0,0.026198281955968652,0.033347316378470285,0.04240746970865186,0.10675212224958844,0.6498072255480655,0.103602095463838,0.10551706223752541,0.41035,792.4697942733765,1,True,False,0.0,2,0,1,True,True,1.0,10,10,1,True,True,1.0,10,10,3,POSITION_40MM_SPEED_FAIL,False,False,0.5313250035493106,42.734746081668504,3000042.7347460818,0.013655147939769461,0.007602913060611586,1.0,0.39549641812978725,0.16223172615083126,0.02969742267868522,75
3,g003_1978a82aad416c71,54,gaussian_0374,gaussian,2.8662711529877205,"[1.8794318695217522, 1.4582543486594821, 0.4050341350665899, 1.0324072521334422, 2.0231322675735397, 0.009643265210555207, 0.28463773919815016, 1.517717739264693, -0.09915680305754491, -0.4862297996062348, -0.6994675394562855, 0.2023034043101188, -0.28496375423047177, 0.3987281838173302, -0.1800293519665746]",g003_1978a82aad416c71,,,,,True,,11,-0.02489722800000005,0.0312315999,888.2270000000026,0.039941016441718984,0.0312315999,1.3313672147239661,0.5817437020072838,0.7822264027637134,0.023466792082911397,1,0.6286594028530301,0.0,-0.34462375796192024,0,0,0,0,1,1,True,False,True,False,10000.0,True,1.0,1.0,0.0,0.02537799463229,0.03293575839726166,0.04157892245789123,0.10157509523559521,0.6502225449526065,0.11072282652642117,0.11288688148233222,0.4103,790.0208148956299,1,True,False,0.0,2,0,1,True,True,1.0,10,10,1,True,True,1.0,10,10,3,POSITION_40MM_SPEED_FAIL,False,False,0.5400094003054284,42.76503746585689,3000042.765037466,0.011333074669768722,0.01685526393408716,1.0,0.40537532038381313,0.18220081519168957,0.02024323925219485,76
3,g003_39cf501c070c6191,141,gaussian_0717,gaussian,2.9763948361066097,"[1.8877585766264606, 1.2361535885280226, 0.35643147017021437, 1.122933324120444, 1.8777912005733366, -0.16711022625739105, 0.2625739316125409, 1.7146707014445357, -0.3567089616584823, -0.5960241147262811, -0.5775068353485238, -0.1871001138644139, -0.3616061081086296, 0.1675209090442605, 0.07323185266341242]",g003_39cf501c070c6191,,,,,True,,11,-0.02631872199999996,0.0313833651,1134.5190000000002,0.04095840246778651,0.0313833651,1.3652800822595503,0.5817437020072838,0.782241839375786,0.02346725518127358,1,0.6287412010500651,0.0,-0.3446502930357325,0,0,0,0,1,1,True,False,True,False,10000.0,True,1.0,1.0,0.0,0.026699480195517433,0.03303849709969686,0.04247828307873925,0.09342565988132448,0.6521346820872738,0.11014329136409282,0.11197086668479193,0.4119,790.1390979290009,1,True,False,0.0,2,0,1,True,True,1.0,10,10,1,True,True,1.0,10,10,3,POSITION_40MM_SPEED_FAIL,False,False,0.5282924223728674,42.82454675112876,3000042.824546751,0.011965595674086504,0.014330164918506123,1.0,0.40503987397549945,0.18270609216393313,0.020793873518813424,77
3,g003_8cca44fa6ce81158,105,gaussian_0196,gaussian,2.9433306979028484,"[1.918010158351316, 1.5442701418623401, 0.44049334459807593, 1.358263795185608, 1.4776947537647538, -0.03142707233981702, -0.23171415133847467, 1.837994486395191, -0.19013671951043537, -0.21463253560980672, -0.7217144599295381, -0.09351597455189398, -0.5093543254275038, 0.17220081722316413, 0.1381188318890484]",g003_8cca44fa6ce81158,,,,,True,,11,-0.026804579999999967,0.0306618449,914.8796000000002,0.04072633351589674,0.0306618449,1.3575444505298913,0.5817437020072838,0.7822019702304777,0.02346605910691433,1,0.6285765274771256,0.0,-0.3445817591690645,0,0,0,0,1,1,True,False,True,False,10000.0,True,1.0,1.0,0.0,0.027002682106531683,0.0323752836262651,0.04215808144149251,0.10007347072992984,0.6493173095678288,0.11240266042152695,0.11335909541896366,0.41,782.5254752635956,1,True,False,0.0,2,0,1,True,True,1.0,10,10,1,True,True,1.0,10,10,3,POSITION_40MM_SPEED_FAIL,False,False,0.5309651018853188,42.878984294482585,3000042.8789842944,0.0080536865345654,0.017847082836113203,1.0,0.4083280746361922,0.20275124096514383,0.005899955113244793,78
3,g003_314af2ddbe4ea78e,94,gaussian_0258,gaussian,2.929307368905267,"[1.7336725012869691, 1.7080551270223008, 0.20227730683376438, 1.1209821143934562, 1.9706466654308314, 0.12675506861617963, 0.34836067139176174, 1.519150063074979, -0.2693658221984505, -0.414946997331081, -0.6608377342147527, -0.0034992086036990874, -0.33775488645699153, 0.4858615077307643, 0.08144232409063433]",g003_314af2ddbe4ea78e,,,,,True,,11,-0.024099219999999977,0.032171545,967.4879000000001,0.040196774899180956,0.032171545,1.339892496639365,0.5817437020072838,0.7824589086019574,0.023473767258058723,1,0.6292242035837872,0.0,-0.34502342853410145,0,0,0,0,1,1,True,False,True,False,10000.0,True,1.0,1.0,0.0,0.024612122102818976,0.03385909010420645,0.0418592228438231,0.10438509809972916,0.6490193985442427,0.10587055711764548,0.10891299593821106,0.41,735.1323387622833,1,True,False,0.0,2,0,1,True,True,1.0,10,10,1,True,True,1.0,10,10,3,POSITION_40MM_SPEED_FAIL,False,False,0.5370638947398262,42.98371461130861,3000042.9837146113,0.01816497909419042,0.009867058193881522,1.0,0.39622513561975337,0.17168425517316577,0.04138172208963988,79
3,g003_ef8a777e3ccb2853,57,gaussian_0047,gaussian,2.8723312439978925,"[1.9281216886404002, 1.330296242308814, 0.5649395528510215, 1.0774838613579134, 2.063108912736287, 0.052758320741989634, 0.23316659377149057, 1.708098138550214, -0.2274725881057466, -0.7062504258723659, -0.696838925744379, 0.16572627835450449, -0.692728778305637, 0.5466695783229693, -0.2908534314428403]",g003_ef8a777e3ccb2853,,,,,True,,11,-0.024312860999999963,0.0315012662,1009.4968000000008,0.039792524200012516,0.0315012662,1.3264174733337506,0.5817437020072838,0.7821572130702125,0.023464716392106375,1,0.628503720354229,0.0,-0.34450482295108614,0,0,0,0,1,1,True,False,True,False,10000.0,True,1.0,1.0,0.0,0.0253152128539028,0.03291968687882196,0.041527891663773256,0.09680257059831514,0.6512138621337825,0.11308260996648599,0.11545292233033466,0.4104,778.5861864089966,1,True,False,0.0,2,0,1,True,True,1.0,10,10,1,True,True,1.0,10,10,3,POSITION_40MM_SPEED_FAIL,False,False,0.5417195479530782,43.03442521523372,3000043.0344252153,0.010872561332980972,0.023879280854735563,1.0,0.42752198203710334,0.20093889091300496,0.03199508811367097,80
3,g003_5018ff9d9bc12e94,142,gaussian_0766,gaussian,2.9764788670101363,"[1.6554726522424583, 1.5026724438625185, 0.3901597888782019, 1.06528730491705, 1.7675233892024584, 0.20318448883920454, 0.08467622761287812, 1.8623033123081276, -0.037832234331585765, -0.3495932722655808, -0.6309160911141001, 0.11166494847870603, -0.7689366302498, -0.2410937844268548, -0.2513532751785544]",g003_5018ff9d9bc12e94,,,,,True,,11,-0.023030011000000017,0.0330923137,848.4062000000013,0.04031727461869576,0.0330923137,1.3439091539565255,0.5817437020072838,0.7823772695964537,0.02347131808789361,1,0.6290323619417159,0.0,-0.34488309352880264,0,0,0,0,1,1,True,False,True,False,10000.0,True,1.0,1.0,0.0,0.02426513345133991,0.03433738158277973,0.042045837788926926,0.09959521981117074,0.6506707245567964,0.10465170447714629,0.10904697233348228,0.41,767.883504152298,1,True,False,0.0,2,0,1,True,True,1.0,10,10,1,True,True,1.0,10,10,3,POSITION_40MM_SPEED_FAIL,False,False,0.535676129901054,43.0783561202239,3000043.0783561203,0.021880561068244687,0.008184770840279347,1.0,0.4125576468411208,0.18050999775739937,0.001005695126703581,81
3,g003_1a1438df21430c4a,79,gaussian_0068,gaussian,2.899908295242114,"[1.8759978410923588, 1.4610428568093874, 0.3674743432497397, 1.014773379919114, 2.0817867373326866, -0.03418010043753424, 0.258855451815742, 1.4009401865968862, -0.31275692217831663, -0.944035816691208, -0.055722316131146976, -0.06718129024087302, -0.26236333807742057, -0.7139720822179031, -0.06016553841944875]",g003_1a1438df21430c4a,,,,,True,,11,-0.023091395000000015,0.0327056273,1003.2645000000011,0.04003586617187807,0.0327056273,1.3345288723959359,0.5817437020072838,0.7822341973152305,0.023467025919456912,1,0.628674406117563,0.0,-0.34463715656252425,0,0,0,0,1,1,True,False,True,False,10000.0,True,1.0,1.0,0.0,0.024506709866789534,0.03370097145827142,0.04166934491597179,0.10707002438758512,0.6502207343471775,0.10669049866434141,0.10960099463665621,0.4105,737.8666305541992,1,True,False,0.0,2,0,1,True,True,1.0,10,10,1,True,True,1.0,10,10,3,POSITION_40MM_SPEED_FAIL,False,False,0.538917039916443,43.1144532595186,3000043.1144532594,0.016001356923583163,0.01421643428541493,1.0,0.41408920131189153,0.1584275963730438,0.02888882608451238,82
3,g003_71308ac4654c82e2,132,gaussian_0008,gaussian,2.9712198502431018,"[1.7498902811356485, 1.4393012287520845, 0.6655078157213343, 1.2273348833717588, 1.7271233052577721, -0.003307446273917115, -0.008115619942630603, 1.7719043257746685, -0.10658903919949125, -0.44393754137737035, -0.48667483259659977, -0.14814416576958728, -0.6650372303528707, 0.22315118886147198, 0.27312275890315385]",g003_71308ac4654c82e2,,,,,True,,11,-0.024270970000000003,0.0323429444,835.2977000000028,0.040436939018704064,0.0323429444,1.3478979672901357,0.5817437020072838,0.7822871421795217,0.023468614265385653,1,0.6288162920328765,0.0,-0.3447281671984942,0,0,0,0,1,1,True,False,True,False,10000.0,True,1.0,1.0,0.0,0.025371491979471517,0.03372078444682167,0.04219957237903481,0.10445650518871336,0.6520648994296325,0.10689275220116361,0.10981641257303115,0.41,789.9414772987366,1,True,False,0.0,2,0,1,True,True,1.0,10,10,1,True,True,1.0,10,10,3,POSITION_40MM_SPEED_FAIL,False,False,0.5342979852260873,43.17087028266448,3000043.1708702827,0.016568836898900038,0.011622239430099284,1.0,0.40829659474919916,0.178988688734519,0.010309045152677552,83
3,g003_9331ccb25796082d,53,gaussian_0184,gaussian,2.8660234547749104,"[1.670949290021174, 1.5423171237106212, 0.5293367129982547, 1.4071380895831411, 1.8464719462510717, -0.0518848495174609, 0.30073284484246804, 2.2702366859718612, -0.251923245487825, -0.7050118536553659, -1.0979270771613794, -0.04814390570815299, -0.36694754857658934, -0.5064958262315, -0.23381879783906157]",g003_9331ccb25796082d,,,,,True,,11,-0.024926972000000047,0.0312425564,986.7015000000029,0.039968128095971264,0.0312425564,1.3322709365323755,0.5817437020072838,0.782370732708252,0.02347112198124756,1,0.6290159545746526,0.0,-0.3448718568137696,0,0,0,0,1,1,True,False,True,False,10000.0,True,1.0,1.0,0.0,0.02524734417651331,0.032833349082776464,0.0414180781779983,0.07397113039251829,0.6511443062944255,0.11517833020309146,0.11941403151514993,0.41,762.9726448059082,1,True,False,0.0,2,0,1,True,True,1.0,10,10,1,True,True,1.0,10,10,3,POSITION_40MM_SPEED_FAIL,False,False,0.5396971622301552,43.25804369169007,3000043.2580436915,0.01070427276828683,0.03769046196712339,1.0,0.44030416541812967,0.21764330172610533,0.08091583086801574,84
3,g003_5d019d40a5f7fa65,154,gaussian_0373,gaussian,3.0247025662050655,"[1.6178110706456392, 1.5549229484520593, 0.4018493959836509, 1.1424112553740062, 1.7628664702616341, 0.1757256051740755, 0.098789851933178, 1.5168663898308181, -0.06097719228291808, -0.7025423319125538, -0.1800322973700867, -0.23100595594614637, -0.3483226227291638, -0.4634922835926938, 0.028758275938921322]",g003_5d019d40a5f7fa65,,,,,True,,11,-0.023056764000000007,0.0337012221,908.3353000000025,0.04083364712079028,0.0337012221,1.3611215706930095,0.5817437020072838,0.7824102375607396,0.023472307126822186,1,0.6291131321298209,0.0,-0.3449397644719897,0,0,0,0,1,1,True,False,True,False,10000.0,True,1.0,1.0,0.0,0.02449358481640576,0.03457903494728393,0.04237505581169123,0.10696558714936755,0.6500874671048568,0.09829847795407988,0.1024161727104485,0.41,749.805127620697,1,True,False,0.0,2,0,1,True,True,1.0,10,10,1,True,True,1.0,10,10,3,POSITION_40MM_SPEED_FAIL,False,False,0.5297291981986313,43.3131290461234,3000043.313129046,0.023876059872759765,0.005435729490215034,1.0,0.3967966442527463,0.14445813688266734,0.0,85
3,g003_0f62fd9351e2490e,133,gaussian_0482,gaussian,2.971422515748826,"[1.726915862554673, 1.6080897329885069, 0.41850355163217834, 1.2107185586622164, 1.7278004274146452, 0.20167194859117532, 0.023792895607642, 1.4884761074134443, -0.031924767243919086, -0.5427502028646689, -0.384856271059041, 0.15309736770402588, 0.5661283923345508, 0.6871101954443862, 0.07684273775900034]",g003_0f62fd9351e2490e,,,,,True,,11,-0.024371052000000004,0.0323975935,715.8637000000017,0.040540747898601306,0.0323975935,1.3513582632867103,0.5817437020072838,0.7823760213716775,0.023471280641150324,1,0.6290301318815552,0.0,-0.3448809478677978,0,0,0,0,1,1,True,False,True,False,10000.0,True,1.0,1.0,0.0,0.025317905886079396,0.033817344517704975,0.04224463455500029,0.11198510322864147,0.6498448751182188,0.09994329487543492,0.10226244081759413,0.41,786.1844577789307,1,True,False,0.0,2,0,1,True,True,1.0,10,10,1,True,True,1.0,10,10,3,POSITION_40MM_SPEED_FAIL,False,False,0.5331024445721024,43.466660666661454,3000043.4666606667,0.017319161365723073,0.014876133785430788,1.0,0.3955880822522996,0.1697841372572879,0.009376763483991982,86
3,g003_3ecf8845e9f34a9a,191,gaussian_0522,gaussian,3.1115337566410566,"[1.747180613863434, 1.283217607551027, 0.4205064358690657, 1.224630769742363, 1.7731017787410428, -0.3956787855799022, 0.3483665632945879, 1.5104434403254794, -0.3399880831743954, -0.5688402805367146, -0.3433431315048552, -0.03054270740685259, -0.6178706822544914, 0.5880691960660654, -0.21980281645409858]",g003_3ecf8845e9f34a9a,,,,,True,,11,-0.027340322000000028,0.0319060281,1301.7008000000023,0.042017708602227165,0.0319060281,1.4005902867409057,0.5817437020072838,0.7823190419772519,0.023469571259317555,1,0.6289275087452421,0.0,-0.34478300199536466,0,0,0,0,1,1,True,False,True,False,10000.0,True,1.0,1.0,0.0,0.027468104050803747,0.033586650367067254,0.043388475693730014,0.09817282418952261,0.6528111059487374,0.10949110116023923,0.11055131155308974,0.41045000000000004,777.4804134368896,1,True,False,0.0,2,0,1,True,True,1.0,10,10,1,True,True,1.0,10,10,3,POSITION_40MM_SPEED_FAIL,False,False,0.5160926611386356,43.615555693290396,3000043.6155556934,0.01596626542179915,0.011133017549036473,1.0,0.3939706891399397,0.1638790874369846,0.03363362041933529,87
3,g003_6c8253702d2eb7b7,129,gaussian_0600,gaussian,2.968947113122041,"[1.8248641014218197, 1.4325447059077752, 0.35694643878901605, 1.2733705467900907, 2.3016537890452042, -0.07729438891502513, 0.28533577636288876, 1.2578523359588978, 0.047782407623660844, -1.0029410422533265, -0.1268295631304473, 0.013429817451548622, -0.4863507894836713, 0.24781037931647923, -0.14699792425092767]",g003_6c8253702d2eb7b7,,,,,True,,11,-0.024093096999999952,0.032502513,1001.3829000000005,0.040458505587411105,0.032502513,1.3486168529137035,0.5817437020072838,0.78227574810428,0.0234682724431284,1,0.6287875629400113,0.0,-0.3447085811244167,0,0,0,0,1,1,True,False,True,False,10000.0,True,1.0,1.0,0.0,0.02533368650433477,0.03357841167378214,0.04206311213443321,0.11148318760053891,0.6506958880323406,0.10604486694302587,0.10740400059355079,0.4104,788.234090089798,1,True,False,0.0,2,0,1,True,True,1.0,10,10,1,True,True,1.0,10,10,3,POSITION_40MM_SPEED_FAIL,False,False,0.5340496085006882,43.644096560395546,3000043.6440965603,0.015125766148876412,0.01866828222584706,1.0,0.4065099941815638,0.15482719869078002,0.08582893085295024,88
3,g003_dfe026d701fdceba,77,gaussian_0146,gaussian,2.8990491562627088,"[1.740551101381846, 1.4022373244094741, 0.365269603734722, 1.6211014867392048, 2.0267273283540077, 0.028656856906564235, 0.29855403042423695, 1.6068073600907327, -0.25710704622372765, -0.7697322374022028, -0.6812834958109986, 0.1959346721129575, -0.5882753023439264, -0.4602162431272381, -0.08668592201623398]",g003_dfe026d701fdceba,,,,,True,,11,-0.02707627800000001,0.029865727,807.8279000000002,0.04031236137429577,0.029865727,1.3437453791431924,0.5817437020072838,0.7823252008491951,0.023469756025475852,1,0.6289158954820121,0.0,-0.34479358891177125,0,0,0,0,1,1,True,True,True,True,10000.0,True,1.0,1.0,0.25,0.027019962762006706,0.03184513670020025,0.04176351420935109,0.10058540871151445,0.6512639270637628,0.13692767489088706,0.13936183314846376,0.41005,780.0646831989288,1,True,True,0.25,2,1,1,True,True,1.0,10,10,1,True,True,1.0,10,10,3,POSITION_40MM_SPEED_FAIL,False,False,0.5357327144960228,43.76763016020375,3000043.7676301603,0.006446590716453713,0.15496966121670172,0.6666666666666666,0.4243695111979047,0.1828641341370492,0.072013199593565,89
3,g003_1ff62bcc45ee9c49,46,gaussian_0111,gaussian,2.855768130908647,"[1.9332103072942657, 1.7590583907268245, 0.5179890996610902, 1.2024602685427428, 1.88814998759787, 0.10303346541119637, 0.14745503597497908, 1.9018355897039925, -0.056347933779378606, -0.8556118451945351, -0.7870756351555931, 0.0613556705722604, -0.28566726564307554, 0.02633824507446761, 0.25751892016290945]",g003_1ff62bcc45ee9c49,,,,,True,,11,-0.022649897999999946,0.0324558254,670.1020000000026,0.039577752359194,0.0324558254,1.3192584119731334,0.5817437020072838,0.7823532580772291,0.023470597742316874,1,0.6289712914693211,0.0,-0.3448418184464223,0,0,0,0,1,1,True,False,True,False,10000.0,True,1.0,1.0,0.0,0.024019246019095757,0.033539245633525616,0.04125294143442155,0.09484914483491237,0.650363071338778,0.11512553590723495,0.11820545792539673,0.41,783.5603733062744,1,True,False,0.0,2,0,1,True,True,1.0,10,10,1,True,True,1.0,10,10,3,POSITION_40MM_SPEED_FAIL,False,False,0.5441930210055173,43.82838878808215,3000043.8283887883,0.014868128517741117,0.033143869827339016,1.0,0.4284547067488901,0.20395799666173023,0.05603421122905687,90
3,g003_b611696f1c8e65fd,93,gaussian_0562,gaussian,2.9273011804263027,"[1.9552098506087452, 1.656759166725553, 0.45205742593824294, 0.775272861098772, 1.82070419696455, 0.21326816842897578, 0.25415359580889996, 1.919305328133269, 0.004729214826208583, -0.03538072699266148, -0.9171605200457498, -0.09218433989886088, -0.2924016183788575, -0.6313582542680339, 0.2041519527351612]",g003_b611696f1c8e65fd,,,,,True,,11,-0.02352348999999998,0.0324289328,624.642200000002,0.040062329741629044,0.0324289328,1.3354109913876349,0.5817437020072838,0.7822518262501933,0.023467554787505798,1,0.628702250943028,0.0,-0.3446674601737228,0,0,0,0,1,1,True,False,True,False,10000.0,True,1.0,1.0,0.0,0.024154185200225206,0.034095443180082986,0.04178425431108046,0.10522780148365121,0.6498158630000673,0.10866733347076221,0.11312443596999369,0.41,775.9689438343048,1,True,False,0.0,2,0,1,True,True,1.0,10,10,1,True,True,1.0,10,10,3,POSITION_40MM_SPEED_FAIL,False,False,0.5386122656667047,43.91575468666718,3000043.9157546866,0.02013539516251967,0.019958072788292987,1.0,0.4196558007923508,0.1976155712778122,0.028737969074435297,91
3,g003_0024251e886fab0f,25,gaussian_0241,gaussian,2.805094379296937,"[2.165003985695344, 1.5653007656270863, 0.5253146491020951, 1.330797702291652, 2.1437021743935922, 0.11066235167114385, 0.0644231713923154, 1.4879857851909817, 0.03271281774163798, -0.8886968086283938, -0.46018076669038216, -0.0784119883833235, 0.2288960141484899, -0.22969617575118856, 0.28672948088819705]",g003_0024251e886fab0f,,,,,True,,11,-0.024883105999999988,0.0303776349,642.1204000000034,0.039267921594157915,0.0303776349,1.3089307198052638,0.5817437020072838,0.7821099976114064,0.02346329992834219,1,0.6283574043893041,0.0,-0.3444236609915443,0,0,0,0,1,1,True,False,True,False,10000.0,True,1.0,1.0,0.0,0.025776097479323502,0.031881244535468915,0.0409978164588549,0.09364454559057216,0.6492111592048176,0.1204468964152104,0.12224573627156732,0.4106,720.8805754184723,1,True,False,0.0,2,0,1,True,True,1.0,10,10,1,True,True,1.0,10,10,3,POSITION_40MM_SPEED_FAIL,False,False,0.5477612636820836,44.06843720340032,3000044.0684372033,0.005558612922629616,0.04948727822641258,1.0,0.41865350528656775,0.17980164936576287,0.06972013508451286,92
3,g003_eecd2b1e6d4ae4f3,187,gaussian_0761,gaussian,2.9978539656240852,"[1.90975335648481, 1.213444134215498, 0.45995753720446797, 1.0272085239403115, 1.8487525553944715, -0.017703561750809983, -0.020314305746556766, 2.0895801428982814, -0.32944875760319475, 0.05743653577623575, -0.7343038994487874, 0.5341606091627843, -0.744307998726704, -0.9436500844279401, -0.5161665357477961]",g003_eecd2b1e6d4ae4f3,,,,,True,,11,-0.02602721699999999,0.0316002529,776.1643000000004,0.04093888137344555,0.0316002529,1.3646293791148516,0.5817437020072838,0.7822141232108887,0.02346642369632666,1,0.6286797431879831,0.0,-0.34460264977839833,0,0,0,0,1,1,True,False,True,False,10000.0,True,1.0,1.0,0.0,0.0262263884431203,0.03338763751406069,0.04245654000904627,0.11068034371855764,0.6522708667319661,0.10767679165539928,0.1109635160667799,0.41155,752.861941576004,1,True,False,0.0,2,0,1,True,True,1.0,10,10,1,True,True,1.0,10,10,3,POSITION_40MM_SPEED_FAIL,False,False,0.5285172418865545,44.229162878500155,3000044.2291628784,0.014529156411458426,0.02342684264930746,1.0,0.43281868996287365,0.2075218386966822,0.05807498509038793,93
3,g003_e057c1321d6aadda,120,gaussian_0670,gaussian,2.9561861725298293,"[1.4982080276193397, 1.7551093818641945, 0.33482158308054927, 1.550520847448325, 1.5494447068952053, -0.18061955918636474, 0.20444877512610213, 1.774950623207309, -0.1979705986272039, -0.8279563482795449, -0.3644751062273186, -0.12293351410517114, -1.3634222026515959, 0.4441189898292761, -0.09067755886847483]",g003_e057c1321d6aadda,,,,,True,,11,-0.024170239000000038,0.0324062492,1236.0088000000032,0.04042728584173842,0.0324062492,1.347576194724614,0.5817437020072838,0.7825712002447112,0.023477136007341335,1,0.6295058700090159,0.0,-0.34521645450475874,0,0,0,0,1,1,True,False,True,False,10000.0,True,1.0,1.0,0.0,0.025268036120898958,0.03373118165703087,0.04214577399202286,0.10525724656220248,0.6490160608707645,0.11358753029773541,0.11531992289492966,0.41,746.6701192855835,1,True,False,0.0,2,0,1,True,True,1.0,10,10,1,True,True,1.0,10,10,3,POSITION_40MM_SPEED_FAIL,False,False,0.5344091584273969,44.32478281303609,3000044.324782813,0.016754197755128677,0.026233867892237944,1.0,0.43617305687676605,0.1810287684117911,0.029807345811549115,94
3,g003_50bb0c60ca1bd6de,152,gaussian_0500,gaussian,3.276553433666103,"[1.8680250819967417, 1.13047507067966, 0.36907461684221887, 1.0933382008026247, 2.2505447667166627, 0.22283545939062605, 0.30392680071435985, 1.6417203991911729, -0.4123604826555066, -0.5396992153489898, -1.6946241192119504, 0.387557763344109, -0.5446550510966126, 0.2257133344214143, 0.21772215461627215]",g003_50bb0c60ca1bd6de,,,,,True,,11,-0.02860976000000004,0.0333214576,572.4004000000023,0.043918537132356765,0.0333214576,1.4639512377452255,0.5817437020072838,0.7822591094438545,0.023467773283315636,1,0.6288063563194525,0.0,-0.3446799797654881,0,0,0,0,1,1,True,False,True,False,10000.0,True,1.0,1.0,0.0,0.027516240874609414,0.03412295310271765,0.04383513933272933,0.11143958205177386,0.6532196831256805,0.09414465900660922,0.09547182686133877,0.41235,767.166081905365,1,True,False,0.0,2,0,1,True,True,1.0,10,10,1,True,True,1.0,10,10,3,POSITION_40MM_SPEED_FAIL,False,False,0.4942012989904861,44.497275516058224,3000044.497275516,0.019489114944742886,0.013086403751926629,1.0,0.43854649276532265,0.2641144815373811,0.08023355098921484,95
3,g003_388a31824dedadb2,74,gaussian_0618,gaussian,2.897048248218569,"[1.5692259370797406, 1.5828295465984583, 0.23366179667272588, 1.3899723501400971, 1.8815542389895785, -0.19265331607596808, 0.4622335178131252, 1.997443819163989, -0.24840391373474097, -0.6053327900169277, -1.021517714586432, 0.10491425451192621, -0.5755651679471443, 0.32922605939128047, 0.07444547135675161]",g003_388a31824dedadb2,,,,,True,,11,-0.02532692999999997,0.0314291859,962.5065000000031,0.04036393327664758,0.0314291859,1.3454644425549191,0.5817437020072838,0.7824574514432191,0.023473723543296573,1,0.6292115401158569,0.0,-0.3450209237218735,0,0,0,0,1,1,True,False,True,False,10000.0,True,1.0,1.0,0.0,0.02542620529207684,0.033239207941945195,0.04184897681141928,0.09695236051498438,0.6492319646093941,0.11774696705127047,0.12051015424276296,0.41,789.6241779327393,1,True,False,0.0,2,0,1,True,True,1.0,10,10,1,True,True,1.0,10,10,3,POSITION_40MM_SPEED_FAIL,False,False,0.5351387739205541,44.823442404303385,3000044.823442404,0.013717669008747341,0.04206664270619269,1.0,0.42135426127331277,0.21520352991131872,0.058909269048331825,96
3,g003_00edf6514628b71a,30,gaussian_0694,gaussian,2.810209280835422,"[2.101787050078938, 1.320974832248888, 0.3632246606829296, 0.875615975881343, 2.072597110736708, -0.07468331542925302, 0.6138616385436777, 1.6288257205621726, -0.47925913184574576, -1.0203162390742333, -0.6622404562663378, 0.2622963370692447, 0.15899515571413522, -0.7587624712737756, 0.09429621356521678]",g003_00edf6514628b71a,,,,,True,,11,-0.025851540000000006,0.0302780082,739.7890000000007,0.039812810764009963,0.0302780082,1.3270936921336653,0.5817437020072838,0.7820982624790004,0.023462947874370012,1,0.6283606571208848,0.0,-0.34440348865041615,0,0,0,0,1,1,True,False,True,False,10000.0,True,1.0,1.0,0.0,0.0260516325840259,0.032015884150432224,0.04127595423763062,0.0843937907601002,0.6501800467755674,0.12145392969644445,0.1247642736117376,0.41265,719.2101881504059,1,True,False,0.0,2,0,1,True,True,1.0,10,10,1,True,True,1.0,10,10,3,POSITION_40MM_SPEED_FAIL,False,False,0.5414859127186684,44.849313270413816,3000044.8493132703,0.006633319370996995,0.061326924751700256,1.0,0.4383779440912325,0.21794279673611747,0.018431224891968037,97
3,g003_1c04edd6ef9368da,86,gaussian_0271,gaussian,2.9220060614216155,"[1.7544023751893272, 1.4228442829243704, 0.40723807348562063, 1.2566253031652266, 1.7911946359138373, 0.08243450113343459, 0.1733347652092083, 1.4700814304362624, -0.18382786800160522, -0.7136966537069984, -0.0069620763412505116, -0.0875175936739142, -0.8537432471007146, -0.8087378983559911, 0.012141264433729534]",g003_1c04edd6ef9368da,,,,,True,,11,-0.024892420000000026,0.0314912489,882.8144000000029,0.04014139173892894,0.0314912489,1.3380463912976315,0.5817437020072838,0.7823170812199961,0.023469512436599883,1,0.6288990256552774,0.0,-0.3447796315123684,0,0,0,0,1,1,True,False,True,False,10000.0,True,1.0,1.0,0.0,0.025914978989752906,0.03299949888198761,0.04195894496411506,0.10574328894758901,0.6510571659048066,0.11765432554646846,0.11944569466353266,0.41,794.7367572784424,1,True,False,0.0,2,0,1,True,True,1.0,10,10,1,True,True,1.0,10,10,3,POSITION_40MM_SPEED_FAIL,False,False,0.5377017286100403,44.88962507850375,3000044.8896250785,0.011532269958112785,0.041112040888284025,1.0,0.4173135317966179,0.1438886820376154,0.0039053148387279937,98
3,g003_53d5268042875322,55,gaussian_0635,gaussian,2.86825479111377,"[2.0766488703469945, 1.5934902954747736, 0.32062652519851803, 1.3639911239495317, 1.6280899531488575, -0.2033524341092009, 0.031052164022872197, 1.9596084983032298, -0.09431061646917942, -0.8123970739198638, -0.396201474123967, -0.08863237249602438, -0.9318671321383521, -0.4200105115535756, -0.002511471270247512]",g003_53d5268042875322,,,,,True,,11,-0.025332331999999957,0.030921149,1009.5388000000021,0.03997304716979208,0.030921149,1.332434905659736,0.5817437020072838,0.7822518010117129,0.02346755403035139,1,0.6287219616177716,0.0,-0.3446674167895309,0,0,0,0,1,1,True,False,True,False,10000.0,True,1.0,1.0,0.0,0.026310043957362816,0.03237433193812597,0.04171709219826242,0.0926004758694479,0.6502349975300228,0.12103195897256208,0.12318720418046483,0.4115,778.8081274032593,1,True,False,0.0,2,0,1,True,True,1.0,10,10,1,True,True,1.0,10,10,3,POSITION_40MM_SPEED_FAIL,False,False,0.5396405104992189,44.899542830212035,3000044.8995428304,0.007850143266625989,0.05376464377065655,1.0,0.4361985176573009,0.18450095256175414,0.04459329454663769,99
3,g003_7fd3a9dbfcc83107,121,gaussian_0719,gaussian,2.9569235126128994,"[1.774820023801527, 1.530472086010321, 0.5048751965100389, 1.1660148332914657, 1.7883421538666908, 0.13510548066644393, -0.10085706665600885, 1.7263895362223336, -0.08314195036061937, 0.001166484470136675, -1.0057216427373936, 0.12001827887378436, 0.4652771863873876, 0.26755132918577085, -0.05364833210011365]",g003_7fd3a9dbfcc83107,,,,,True,,11,-0.025322450999999968,0.0317821493,728.1591000000008,0.04063657882714648,0.0317821493,1.3545526275715496,0.5817437020072838,0.7822971978674705,0.023468915936024112,1,0.6288279579655013,0.0,-0.34474545262490136,0,0,0,0,1,1,True,False,True,False,10000.0,True,1.0,1.0,0.0,0.025440969593885806,0.033526690135920065,0.04208659983114604,0.11768070742119197,0.6505937649758734,0.10336923955200611,0.10615700792952484,0.41,714.0522649288177,1,True,False,0.0,2,0,1,True,True,1.0,10,10,1,True,True,1.0,10,10,3,POSITION_40MM_SPEED_FAIL,False,False,0.5319987839690953,44.90761182762258,3000044.907611828,0.015415009966666705,0.03505161615580243,1.0,0.40814490867493053,0.2085095387684692,0.007474218635958056,100
3,g003_0dfe2bae70e34bd1,68,gaussian_0569,gaussian,2.885648838424175,"[1.7210894257052562, 1.6767530767720453, 0.39944127743252417, 1.2319938018438141, 2.1693069274879715, -0.13136771586310164, 0.25614555066784556, 1.651329042970782, -0.20537105496100239, -0.7136775200470071, -0.48814033952428515, 0.04662528644248484, -0.9739645589063922, 0.29003278645981123, -0.14011511972123872]",g003_0dfe2bae70e34bd1,,,,,True,,11,-0.022113138000000032,0.0330300855,1109.3387000000002,0.03974892980124566,0.0330300855,1.3249643267081888,0.5817437020072838,0.7823617735086422,0.023470853205259268,1,0.628958194155079,0.0,-0.34485645621797656,0,0,0,0,1,1,True,False,True,False,10000.0,True,1.0,1.0,0.0,0.023576460508599368,0.034138998892420794,0.04148880253140905,0.11228439532140538,0.6494346493559088,0.11220158031524484,0.11549985708494781,0.41,773.9226756095886,1,True,False,0.0,2,0,1,True,True,1.0,10,10,1,True,True,1.0,10,10,3,POSITION_40MM_SPEED_FAIL,False,False,0.5422216136343898,45.309933398127576,3000045.309933398,0.019937392085231296,0.039115193806637305,1.0,0.4241682013717294,0.17262477231747064,0.07427525461102448,101
3,g003_d908a2c0d0b71735,92,gaussian_0620,gaussian,2.926783122314019,"[1.63187284752341, 1.5258802596951073, 0.4505290726885803, 1.2806212437687718, 1.9796558417461063, 0.014265737195548894, 0.15936367079382938, 1.4202947139246773, -0.14758094536132157, -0.5492396220997747, -0.3390312186505465, -0.20296610351422725, -0.18599577755854485, 0.6692988922931813, -0.23268843139372533]",g003_d908a2c0d0b71735,,,,,True,,11,-0.023835861000000014,0.0323006163,1214.9370000000017,0.04014321963882752,0.0323006163,1.3381073212942507,0.5817437020072838,0.7823863046454427,0.02347158913936328,1,0.6290538226220778,0.0,-0.3448986245074068,0,0,0,0,1,1,True,False,True,False,10000.0,True,1.0,1.0,0.0,0.024884532953862868,0.03378963318935486,0.04196402377517006,0.11730846918220335,0.6504485691593993,0.10736905298480535,0.11014878658642044,0.41,709.6747589111328,1,True,False,0.0,2,0,1,True,True,1.0,10,10,1,True,True,1.0,10,10,3,POSITION_40MM_SPEED_FAIL,False,False,0.5376806771485244,45.39082031731455,3000045.3908203174,0.017261497856834594,0.040258097460799,1.0,0.39698738861427973,0.1553001730357232,0.034484800961062524,102
3,g003_95d7397b1a26812d,40,gaussian_0355,gaussian,2.839396908674912,"[2.0530426756301665, 1.480788555057723, 0.44996146197214787, 1.0095724992627069, 1.7511437708425825, 0.13725975413088126, 0.3788379103843358, 1.7102720898007095, -0.1779620104916311, -0.7146321096827094, -0.8057765870657092, 0.10508649434732079, 0.7580893135418537, 0.21766803131457177, 0.0693335045479138]",g003_95d7397b1a26812d,,,,,True,,11,-0.02627418299999995,0.0297695769,714.1457000000009,0.03970592400539874,0.0297695769,1.3235308001799582,0.5817437020072838,0.7821296876628697,0.02346389062988609,1,0.6284099373934235,0.0,-0.3444575076002748,0,0,0,0,1,1,True,True,True,True,10000.0,True,1.0,1.0,0.25,0.02647160483656458,0.031850390426773754,0.041414891439688094,0.12335443681917742,0.6494276356063247,0.13344932895258013,0.13482905069250734,0.41090000000000004,767.9417703151703,1,True,True,0.25,2,1,1,True,True,1.0,10,10,1,True,True,1.0,10,10,3,POSITION_40MM_SPEED_FAIL,False,False,0.5427169005245178,45.54287775230116,3000045.5428777523,0.006421164596297373,0.17584924912821945,0.6666666666666666,0.4171403896356366,0.2128113746405946,0.009346246830163954,103
3,g003_2c646a803f4f68f6,72,gaussian_0701,gaussian,2.892286769552028,"[1.5772487751718545, 1.5440363699474482, 0.40305707058821005, 1.1216086429963992, 1.8886289211066893, 0.054785987980481184, 0.2136452337129712, 1.7268009740900507, -0.29223126620251794, -0.5973799999532954, -0.5374477612416964, 0.13039320924793638, 0.289224464988144, 0.13134088169401661, 0.16967383422660498]",g003_2c646a803f4f68f6,,,,,True,,11,-0.022509011999999995,0.0326728353,782.8041000000012,0.039675808596134114,0.0326728353,1.3225269532044706,0.5817437020072838,0.7824427216512497,0.023473281649537495,1,0.6292026810246233,0.0,-0.34499560365064874,0,0,0,0,1,1,True,False,True,False,10000.0,True,1.0,1.0,0.0,0.023753876714106722,0.03410509942145141,0.04156205559757682,0.11276782849651246,0.6501977197322002,0.11294395493997347,0.116550383955023,0.41,787.147941827774,1,True,False,0.0,2,0,1,True,True,1.0,10,10,1,True,True,1.0,10,10,3,POSITION_40MM_SPEED_FAIL,False,False,0.5430637320877029,45.65697671243123,3000045.6569767124,0.0199315794967615,0.04369326535750381,1.0,0.40338054005670376,0.17992631597510492,0.005877922609911704,104
3,g003_8d8fdd8632ab526f,61,gaussian_0723,gaussian,2.8785209966140135,"[1.9881043442568065, 1.4269497954013375, 0.3987236843237022, 1.1798167904368309, 1.7721996534544164, 0.20420767730140388, 0.08681407167420939, 1.6632962551380521, -0.1810404062509647, -0.402050213445642, -0.8750429917339464, -0.00317057066131117, 0.6100070060950643, -0.3658235372315114, -0.002237379668239039]",g003_8d8fdd8632ab526f,,,,,True,,11,-0.027176615999999987,0.0298225369,717.5058000000026,0.040347889218189804,0.0298225369,1.3449296406063267,0.5817437020072838,0.7821521582517409,0.02346456474755223,1,0.6284730892370143,0.0,-0.3444961338695299,0,0,0,0,1,1,True,True,True,True,10000.0,True,1.0,1.0,0.25,0.026953858680135476,0.03184688846329654,0.041722114070866116,0.1284856020077279,0.6495506771273253,0.1298960974712945,0.13083743967763764,0.41115,770.9689588546753,1,True,True,0.25,2,1,1,True,True,1.0,10,10,1,True,True,1.0,10,10,3,POSITION_40MM_SPEED_FAIL,False,False,0.5353235492900617,45.82413886661315,3000045.8241388667,0.006224704450760891,0.17623772076146113,0.6666666666666666,0.417409112894467,0.19624504955929595,0.0035343870984953533,105
3,g003_dfa079fb1c027835,11,gaussian_0401,gaussian,2.774740400505081,"[1.997955491414331, 1.4069753264916915, 0.38057025492109586, 1.0287342438482492, 2.0117395806228386, -0.04767690123543821, 0.40366136003468156, 1.928721911521743, -0.18241768480098516, -0.7306111598933135, -1.1691365834381604, 0.22261563211273272, -0.5400329470548256, 0.1106176032261105, -0.13658923342146673]",g003_dfa079fb1c027835,,,,,True,,11,-0.02516781300000004,0.0302227958,867.601200000001,0.039329838509348965,0.0302227958,1.3109946169782987,0.5817437020072838,0.7821545729826442,0.023464637189479328,1,0.6284858725277297,0.0,-0.34450028471962935,0,0,0,0,1,1,True,False,True,False,10000.0,True,1.0,1.0,0.0,0.025466948984067518,0.03198901637529909,0.040888417176704835,0.08518195580162537,0.6500447320307087,0.12474189531291306,0.1284427475991681,0.41145000000000004,780.8723487854004,1,True,False,0.0,2,0,1,True,True,1.0,10,10,1,True,True,1.0,10,10,3,POSITION_40MM_SPEED_FAIL,False,False,0.5470481822062646,46.00781169933536,3000046.0078116995,0.006590827399059145,0.08089898909899824,1.0,0.4441199497515832,0.23447442606502394,0.023387696031678885,106
3,g003_47d48ce3f7d6d1da,36,gaussian_0143,gaussian,2.8235160140226063,"[1.901840376702736, 1.4004714723527165, 0.39310549791887667, 1.1745922456432205, 1.8728206727552303, 0.00010529776797326036, 0.2275444666242537, 1.6569373300091474, -0.26272444947243767, -0.8517699604198415, -0.26206992894021586, 0.35782808125520016, -0.4337715797442326, -0.6591212408547359, 0.06375972637147508]",g003_47d48ce3f7d6d1da,,,,,True,,11,-0.024715183999999946,0.0307449428,648.3099000000002,0.03944732979466577,0.0307449428,1.3149109931555254,0.5817437020072838,0.782214456213983,0.02346643368641949,1,0.6286366366224171,0.0,-0.34460322220074374,0,0,0,0,1,1,True,False,True,False,10000.0,True,1.0,1.0,0.0,0.02569517716751515,0.032355651156738004,0.04131743326304906,0.10380670506964464,0.6504228952421256,0.12414868690732338,0.12627518746546534,0.41085,776.0440151691437,1,True,False,0.0,2,0,1,True,True,1.0,10,10,1,True,True,1.0,10,10,3,POSITION_40MM_SPEED_FAIL,False,False,0.5456950647444038,46.26131644358265,3000046.261316444,0.007963280307245583,0.07048764798326046,1.0,0.42488994363377214,0.1706427049725833,0.012666307883498372,107
3,g003_bc5a30b5d51524ef,101,gaussian_0176,gaussian,2.9395288953308287,"[1.5748100379285856, 1.6520038953772187, 0.2635932255350423, 1.3707107970497254, 1.8945026986869467, -0.31199658223434906, 0.23965752279556823, 1.6299374702838956, -0.19609807151333536, -0.7717561658177199, -0.20386371889885452, -0.01582016256243437, -0.4518707389830715, 0.2875036951191793, -0.03492980184935328]",g003_bc5a30b5d51524ef,,,,,True,,11,-0.023239280999999945,0.0328173311,1148.411500000002,0.04021245331889097,0.0328173311,1.340415110629699,0.5817437020072838,0.7824617249821663,0.023473851749464984,1,0.6292189031250897,0.0,-0.34502826980732726,0,0,0,0,1,1,True,False,True,False,10000.0,True,1.0,1.0,0.0,0.024514768113840017,0.034138142034199744,0.04202840226825834,0.11820128058436502,0.6485263467281083,0.10914155923515396,0.11227289124612352,0.41,738.1972246170044,1,True,False,0.0,2,0,1,True,True,1.0,10,10,1,True,True,1.0,10,10,3,POSITION_40MM_SPEED_FAIL,False,False,0.5368833303394386,46.27563964100839,3000046.275639641,0.020145271163550655,0.04819104744499579,1.0,0.40172533897370694,0.15529108589161164,0.061897374549506584,108
3,g003_40cf4691ef08f511,125,gaussian_0354,gaussian,2.965304308683851,"[1.860770017201904, 1.2470861772462005, 0.30019953683983064, 1.295661434575413, 1.7635046597953326, -0.16545070782956053, 0.1905923827078243, 1.7109198641486838, -0.1832501552760638, -0.7585912502948494, -0.19500306691304892, -0.027046642271879924, -0.5494291297271111, -0.3677724897470551, -0.11659147950161221]",g003_40cf4691ef08f511,,,,,True,,11,-0.02641715499999997,0.0309387388,1041.8098000000027,0.04068257165947906,0.0309387388,1.3560857219826354,0.5817437020072838,0.7822768988702252,0.023468306966106755,1,0.6288296394632261,0.0,-0.34471055925661004,0,0,0,0,1,1,True,False,True,False,10000.0,True,1.0,1.0,0.0,0.027136641526567615,0.03263458978675787,0.04244306496815935,0.10433409861455972,0.6519928117427081,0.12284321952686349,0.12418387674063787,0.4122,771.455178976059,1,True,False,0.0,2,0,1,True,True,1.0,10,10,1,True,True,1.0,10,10,3,POSITION_40MM_SPEED_FAIL,False,False,0.5314690961341053,46.34230928204382,3000046.342309282,0.009604328388845609,0.06036443050070936,1.0,0.40915622424075243,0.16047837384929448,0.021968882152715672,109
3,g003_5a5f69826ad37bfb,22,gaussian_0497,gaussian,2.8024286475750033,"[1.8205594687923496, 1.4911359044831545, 0.39181921978599626, 1.3399924402628, 1.6870471610024456, 0.045650270816951714, -0.03647347833177178, 2.1951959429880086, -0.31428983486465223, -0.3754131736052915, -0.9288694424495605, 0.06340084389225406, -0.9417807461468426, 0.10532092670345558, -0.07594337650369963]",g003_5a5f69826ad37bfb,,,,,True,,11,-0.02527156900000005,0.0302501908,961.3000000000029,0.039417334297973124,0.0302501908,1.3139111432657706,0.5817437020072838,0.7822610976015064,0.02346783292804519,1,0.6287359944500246,0.0,-0.3446833973489447,0,0,0,0,1,1,True,False,True,False,10000.0,True,1.0,1.0,0.0,0.025770166899183062,0.0320774495730348,0.041146862251237835,0.09988589269337633,0.649938179466913,0.1254007033814719,0.12777970190762142,0.41,790.0373854637146,1,True,False,0.0,2,0,1,True,True,1.0,10,10,1,True,True,1.0,10,10,3,POSITION_40MM_SPEED_FAIL,False,False,0.5460405153047799,46.443321537229416,3000046.443321537,0.00697329290065629,0.07717118380763041,1.0,0.4351042141759326,0.21128700246529802,0.07164891581960604,110
3,g003_1e9133aa66f602e7,21,gaussian_0734,gaussian,2.7945691924955636,"[2.032081525245377, 1.406811809596548, 0.567362788642698, 1.1781380450326093, 1.9548743321126114, -6.502959933738645e-05, 0.25759660031324266, 1.5568978824564381, -0.08181584679603676, -0.9942500715616214, -0.3933487311930869, -0.26393823148712003, -0.3381683734789419, -0.7833618935504844, -0.23357407166922417]",g003_1e9133aa66f602e7,,,,,True,,11,-0.02514609099999998,0.030058852,1023.0717000000004,0.03919005583229225,0.030058852,1.306335194409742,0.5817437020072838,0.7820802156894914,0.023462406470684743,1,0.6282910542273943,0.0,-0.34437246675976785,0,0,0,0,1,1,True,False,True,False,10000.0,True,1.0,1.0,0.0,0.0260121228967298,0.03162619870383907,0.04094932211953315,0.08864838181777465,0.6495696456247506,0.127159807221144,0.12999342607437164,0.41054999999999997,748.3330135345459,1,True,False,0.0,2,0,1,True,True,1.0,10,10,1,True,True,1.0,10,10,3,POSITION_40MM_SPEED_FAIL,False,False,0.5486580239973481,46.608087242986066,3000046.608087243,0.004827284949680456,0.0899605607678796,1.0,0.43557323776953316,0.17786950305898128,0.023688855707712116,111
3,g003_adeceb9ea9e0fc08,84,gaussian_0453,gaussian,2.915755283105634,"[1.8035371017293262, 1.4706366156396034, 0.5169504728660217, 1.3636905603426646, 1.816894735597955, -0.303898207778599, -0.04901658346935281, 1.6554378575024544, -0.19935274522426993, -0.579910899450971, -0.10763789631265613, -0.14276549800500118, -0.038905554346675086, -0.13934700391825428, -0.050857762006275876]",g003_adeceb9ea9e0fc08,,,,,True,,11,-0.024542014999999973,0.0317029574,1092.7569000000003,0.040092243740734175,0.0317029574,1.3364081246911392,0.5817437020072838,0.782247215318568,0.02346741645955704,1,0.6287095638024496,0.0,-0.3446595341203605,0,0,0,0,1,1,True,False,True,False,10000.0,True,1.0,1.0,0.0,0.025664594988152833,0.03322079463642399,0.04197966927193896,0.11941280716459918,0.6505136500135845,0.11318760291971285,0.11544432479413248,0.41,775.2540016174316,1,True,False,0.0,2,0,1,True,True,1.0,10,10,1,True,True,1.0,10,10,3,POSITION_40MM_SPEED_FAIL,False,False,0.5382677536934627,46.656565566932635,3000046.656565567,0.012910945306062729,0.06153842503565676,1.0,0.3982938445293814,0.1574035175553737,0.04625661982306281,112
3,g003_bcb8a451f1ce250d,50,gaussian_0552,gaussian,2.8621340055334525,"[1.7588160366783623, 1.6635936292162479, 0.36933667508236967, 1.2613062791392202, 1.6038379670661704, -0.0645895793269007, 0.4490269955972849, 1.632346439451069, -0.21255096659256292, -0.9792503414544593, -0.44372986978122964, -0.047438726071367336, -0.5071265032225345, 0.3848945055817057, -0.4388036161875688]",g003_bcb8a451f1ce250d,,,,,True,,11,-0.02527407599999998,0.0308412526,1261.013500000001,0.03987432481673867,0.0308412526,1.329144160557956,0.5817437020072838,0.7823716043229147,0.023471148129687442,1,0.6290062533309632,0.0,-0.3448733550932693,0,0,0,0,1,1,True,False,True,False,10000.0,True,1.0,1.0,0.0,0.025968850116239027,0.03254892432181101,0.04163908801675017,0.10155420018594243,0.6490332162418863,0.1252989954875817,0.12706043171363152,0.41,791.7697017192841,1,True,False,0.0,2,0,1,True,True,1.0,10,10,1,True,True,1.0,10,10,3,POSITION_40MM_SPEED_FAIL,False,False,0.5407774709080898,46.68264546691973,3000046.682645467,0.009215610563311038,0.07346825027460972,1.0,0.41733220402571697,0.179656537631267,0.01281491672024073,113
3,g003_a4a4cf9b89cf06c5,85,gaussian_0472,gaussian,2.915782896200454,"[1.9318566277625948, 1.3340224107613639, 0.3558135789631848, 1.2339230927887552, 1.6745313627651073, 0.0789998469879056, 0.11290878829309504, 1.7451853378799256, -0.2574789818103508, -0.6173195047172119, -0.4075317996209765, -0.06479549144806512, -0.23521560461921912, -0.5441683124255284, 0.1648305067089882]",g003_a4a4cf9b89cf06c5,,,,,True,,11,-0.026596025000000023,0.0303384985,812.0045000000027,0.040345669371509116,0.0303384985,1.3448556457169705,0.5817437020072838,0.7822075726780354,0.02346622718034106,1,0.6286335410129826,0.0,-0.34459138960861796,0,0,0,0,1,1,True,False,True,False,10000.0,True,1.0,1.0,0.0,0.027053111853667315,0.03217337711114743,0.04203566409256716,0.10373060130103204,0.6507012372636904,0.12497753596180555,0.12655886864700425,0.41159999999999997,773.2796957492828,1,True,False,0.0,2,0,1,True,True,1.0,10,10,1,True,True,1.0,10,10,3,POSITION_40MM_SPEED_FAIL,False,False,0.5353491147036853,46.73914046116257,3000046.739140461,0.007401986373450022,0.07192908898760862,1.0,0.4105469094863436,0.17140932912555162,0.0,114
3,g003_9772952c306ac220,158,gaussian_0713,gaussian,3.230940498374379,"[1.7263792232716537, 1.924294126681832, 0.27381609558888165, 1.0222687272986515, 1.707176390047015, 0.00045565535595312213, 0.6428174150599768, 1.0917012957056624, -0.2527578518959348, -0.49518139735778643, -0.9055312705443807, 0.010802400974999127, -0.4183205197972495, -0.39860051465085056, 0.36297615625351326]",g003_9772952c306ac220,,,,,True,,11,-0.027899747999999946,0.0335171375,698.6648000000023,0.04360956826955992,0.0335171375,1.4536522756519974,0.5817437020072838,0.7825191166580994,0.02347557349974298,1,0.6293642816412335,0.0,-0.34512692437932363,0,0,0,0,1,1,True,False,True,False,10000.0,True,1.0,1.0,0.0,0.026727395595026904,0.03472236046611155,0.04381775886135266,0.11792633621963147,0.6481319386320421,0.10415822929473065,0.10578553860951231,0.41,792.9531118869781,1,True,False,0.0,2,0,1,True,True,1.0,10,10,1,True,True,1.0,10,10,3,POSITION_40MM_SPEED_FAIL,False,False,0.497759615356627,46.97396395767927,3000046.9739639577,0.025708882042873697,0.035482598726142844,1.0,0.388488461866988,0.1607389700543415,0.04894796124877748,115
3,g003_70e24b9fb3688e8e,127,gaussian_0765,gaussian,2.967216558154591,"[1.971101466707148, 1.3111800713335093, 0.4036108765071986, 1.1601976582807232, 1.87265317756253, -0.12250633088339785, 0.32640193846916726, 1.3460273387780526, -0.00751819030726239, -0.6596466219745415, -0.24081816897632105, -0.27406877974544197, -0.38185604318861166, -0.37016682746406554, 0.1403077663265856]",g003_70e24b9fb3688e8e,,,,,True,,11,-0.027393467999999976,0.0303988501,932.3641000000025,0.04092055933719984,0.0303988501,1.364018644573328,0.5817437020072838,0.7821698847520129,0.023465096542560387,1,0.6285416760432656,0.0,-0.3445266051925727,0,0,0,0,1,1,True,False,True,False,10000.0,True,1.0,1.0,0.0,0.02755326937217943,0.03226743483051899,0.04243076718181833,0.10475551486000197,0.6508456357025713,0.12516606589184248,0.12630130223068722,0.4117,776.3257236480713,1,True,False,0.0,2,0,1,True,True,1.0,10,10,1,True,True,1.0,10,10,3,POSITION_40MM_SPEED_FAIL,False,False,0.5287282521509674,47.032367527132365,3000047.032367527,0.007905975601989324,0.07143734206136514,1.0,0.39670885352355006,0.1514310507893541,0.020362782371936613,116
3,g003_bbf9ad942baf6a76,108,gaussian_0545,gaussian,2.9439575952374564,"[1.633386823968859, 1.6907987649770817, 0.3552271255534091, 1.0262766042030815, 1.7670403523999814, -0.04420389143670461, 0.3955338813251886, 1.483338271049781, -0.1837893798043951, -0.36597545027989264, -0.4240311394822238, -0.4393284697490943, 0.7726762584344996, -0.646982091096015, 0.30344686936816606]",g003_bbf9ad942baf6a76,,,,,True,,11,-0.024421837999999974,0.0322637142,914.4243999999999,0.040464471147878905,0.0322637142,1.3488157049292968,0.5817437020072838,0.7824321283416819,0.023472963850250453,1,0.6291427701279156,0.0,-0.34497739406878075,0,0,0,0,1,1,True,False,True,False,10000.0,True,1.0,1.0,0.0,0.02473158184841892,0.03411038943615429,0.04213276407039005,0.1217686859211632,0.6490938491855872,0.10714658937814711,0.11134521024263168,0.41,786.9071078300476,1,True,False,0.0,2,0,1,True,True,1.0,10,10,1,True,True,1.0,10,10,3,POSITION_40MM_SPEED_FAIL,False,False,0.5339809046473173,47.237784303914246,3000047.2377843037,0.02054335276234033,0.06025894821837628,1.0,0.40059458301657563,0.1608068919108563,0.013678384716375702,117
3,g003_1c2efa7a790a4d01,76,gaussian_0438,gaussian,2.8985214207856798,"[2.214871576296753, 1.5854754853660018, 0.3338205967295677, 0.9233199653003997, 1.8884828621686824, -0.1418576927421504, 0.053354241771996824, 1.6155381679267142, -0.0889211375748726, -0.42717705476526036, -0.052440731192693546, 0.15930357804520984, -0.07931048413304548, -0.7516867715469198, -0.059649368029514524]",g003_1c2efa7a790a4d01,,,,,True,,11,-0.02383796199999999,0.032025325,806.5656000000017,0.039923299884516913,0.032025325,1.3307766628172306,0.5817437020072838,0.7822087685142922,0.023466263055428767,1,0.6286223829317603,0.0,-0.34459344521532703,0,0,0,0,1,1,True,False,True,False,10000.0,True,1.0,1.0,0.0,0.025067729054943665,0.03353827117733952,0.04187131086480132,0.12281125216557999,0.650542541544378,0.11063622689704411,0.11508582483456052,0.4117,781.0921883583069,1,True,False,0.0,2,0,1,True,True,1.0,10,10,1,True,True,1.0,10,10,3,POSITION_40MM_SPEED_FAIL,False,False,0.5402134374206029,47.714654968659296,3000047.7146549686,0.015220963405291844,0.07479353363007199,1.0,0.40324108568501543,0.15175469760763988,0.050543166420414856,118
3,g003_ec90185296e3c47f,181,gaussian_0745,gaussian,3.4015519462995965,"[1.7184330394370686, 1.2593350046599632, 0.46896605585307394, 0.7866187724287809, 1.7236230093727698, 0.10934360565957252, -0.08900803517727773, 2.202064204297532, -0.26772822871285673, -0.5758927061745425, -0.61724855167602, 0.2844835557507449, -0.5333828295030918, -0.45635420705829344, -0.07278831620901312]",g003_ec90185296e3c47f,,,,,True,,11,-0.022777308999999968,0.0375115252,735.4134000000013,0.04388530879590247,0.0375115252,1.4628436265300824,0.5817437020072838,0.7823356507440961,0.02347006952232288,1,0.6289784706350486,0.0,-0.3448115519681222,0,0,0,0,1,1,True,False,True,False,10000.0,True,1.0,1.0,0.0,0.024383014799044433,0.03721600178481103,0.04449227123374888,0.11186304724721556,0.6534503706235313,0.08916162606915716,0.09584694850970313,0.41015,779.7337448596954,1,True,False,0.0,2,0,1,True,True,1.0,10,10,1,True,True,1.0,10,10,3,POSITION_40MM_SPEED_FAIL,False,False,0.4945839813499791,47.90754629452036,3000047.9075462944,0.057890153718953216,0.014073188998966877,1.0,0.4038663906337909,0.18811701638698208,0.06652516575144712,119
3,g003_ce129c6e5c40d813,43,gaussian_0205,gaussian,2.849330627218269,"[1.9692618340117845, 1.5781676679401209, 0.34622620325049425, 1.1976490769804737, 1.9708568303349845, 0.14130326961873532, 0.038461290774144924, 1.5485733195937996, 0.0974381745010661, -0.4841167954909094, -0.24378113025251416, 0.030748380487236875, -0.35827476156953625, -0.4819754726211062, -0.11504922993862984]",g003_ce129c6e5c40d813,,,,,True,,11,-0.023988837999999957,0.0312981995,780.9960000000028,0.03943401628710981,0.0312981995,1.3144672095703271,0.5817437020072838,0.782271189196914,0.023468135675907414,1,0.6287711934192235,0.0,-0.34470074449919785,0,0,0,0,1,1,True,False,True,False,10000.0,True,1.0,1.0,0.0,0.025124339333383774,0.03291871657011098,0.04141104113110795,0.11930061123877779,0.6498532643169408,0.1193511123445928,0.1220864688027933,0.41045000000000004,754.1810810565948,1,True,False,0.0,2,0,1,True,True,1.0,10,10,1,True,True,1.0,10,10,3,POSITION_40MM_SPEED_FAIL,False,False,0.5458483930487457,47.96060414236111,3000047.9606041424,0.011073019581443496,0.08603256983671959,1.0,0.40505522923411164,0.14764232578381686,0.039906117319969285,120
3,g003_dc17f16d08ead2fe,49,gaussian_0073,gaussian,2.861784513479114,"[1.6409615011014769, 1.6860244641104247, 0.2312037260494255, 1.3973217771662938, 1.7224299844414324, 0.04407935038735791, 0.2660743398785911, 1.6837244511918548, -0.3425902201551496, -0.43002721029153723, -0.7981701849074806, -0.015845928605942992, -0.8787248864753816, 0.9572948155216234, 0.14292507690215214]",g003_dc17f16d08ead2fe,,,,,True,,11,-0.02545946099999996,0.0308873329,1066.9384000000027,0.04002763405556144,0.0308873329,1.3342544685187145,0.5817437020072838,0.7824677240546609,0.023474031721639824,1,0.6292397747597459,0.0,-0.3450385820332679,0,0,0,0,1,1,True,False,True,False,10000.0,True,1.0,1.0,0.0,0.025710854500204126,0.03285106968212129,0.041716193718869594,0.11412989678961775,0.6488292891956073,0.12444139706241267,0.12636940896224366,0.41,765.8342654705048,1,True,False,0.0,2,0,1,True,True,1.0,10,10,1,True,True,1.0,10,10,3,POSITION_40MM_SPEED_FAIL,False,False,0.5390118471211313,48.37868160786114,3000048.378681608,0.011344389732876223,0.08949997123033057,1.0,0.42291742565641915,0.20287573463868788,0.021499871926148984,121
3,g003_050a977edeb556ae,51,gaussian_0414,gaussian,2.864183354049464,"[1.9094354211127251, 1.4191880506703591, 0.2829269944979444, 1.1642910990849298, 2.036226275645724, -0.22284947061160013, 0.28112671464243427, 1.7178250621573776, -0.2544361962403719, -1.0571678604276986, -0.1673575268870155, -0.030601968014235807, -0.5410133042171285, -0.32935097099957167, -0.18195245500067148]",g003_050a977edeb556ae,,,,,True,,11,-0.023507363999999975,0.0320599619,1156.7042000000001,0.03975471442807691,0.0320599619,1.3251571476025639,0.5817437020072838,0.7822368292648527,0.02346710487794558,1,0.6286868347533576,0.0,-0.3446416808050956,0,0,0,0,1,1,True,False,True,False,10000.0,True,1.0,1.0,0.0,0.02500369552633519,0.033244309884844475,0.04159770341849706,0.11987217169425822,0.650517830762405,0.12002806754563936,0.12252207539185479,0.4114,774.1206250190735,1,True,False,0.0,2,0,1,True,True,1.0,10,10,1,True,True,1.0,10,10,3,POSITION_40MM_SPEED_FAIL,False,False,0.5421549935480183,48.52732282356762,3000048.5273228236,0.012796760799520118,0.09021470878024679,1.0,0.4260281989509521,0.17101734874217842,0.0536226687712003,122
3,g003_04c6a757f278ad29,24,gaussian_0272,gaussian,2.8048450061101327,"[1.9659987868395274, 1.574268308327285, 0.3621793125195885, 1.1562953276684895, 2.114886280301309, -0.013628691508335374, -0.03907116749330841, 1.9557292954437928, -0.10974257837851648, -0.5471490650840499, -0.6896950275481425, 0.018461587940758594, -0.49275363974549574, 0.07039891230132286, -0.015342769373363482]",g003_04c6a757f278ad29,,,,,True,,11,-0.022020021,0.0322005941,941.5852000000014,0.0390097370567067,0.0322005941,1.30032456855689,0.5817437020072838,0.7822565446041229,0.023467696338123685,1,0.6287277176019901,0.0,-0.34467557088280876,0,0,0,0,1,1,True,False,True,False,10000.0,True,1.0,1.0,0.0,0.023628548086802217,0.03341596719136917,0.04092597155871788,0.11573287877025035,0.6499589405401847,0.12428187590887559,0.12765458264755247,0.41035,771.2100052833557,1,True,False,0.0,2,0,1,True,True,1.0,10,10,1,True,True,1.0,10,10,3,POSITION_40MM_SPEED_FAIL,False,False,0.550734709798242,48.96869221341684,3000048.9686922133,0.01398647481628966,0.1012299415809704,1.0,0.4264730151805967,0.19581883680367107,0.05530481324171849,123
3,g003_1111fc749c0d13bd,107,gaussian_0115,gaussian,2.9439160871816594,"[1.9958217543222403, 1.4873645479165212, 0.284529105020038, 0.9798001007849855, 1.9417916451847053, 0.1058639597471364, 0.11336091793861011, 1.4130322356808895, 0.016600809393630372, -0.08340710637767956, -0.32038061094079384, 0.034444485500798365, 0.022642028527043473, -0.6492770921449686, -0.08744476704451093]",g003_1111fc749c0d13bd,,,,,True,,11,-0.025597306999999958,0.0314249896,752.2399000000005,0.0405308783153333,0.0314249896,1.3510292771777768,0.5817437020072838,0.7822540839247374,0.023467622517742117,1,0.6287393158322994,0.0,-0.3446713410486447,0,0,0,0,1,1,True,False,True,False,10000.0,True,1.0,1.0,0.0,0.02592495836840811,0.03333031483381416,0.04222574278002539,0.12725202251812825,0.650360234170408,0.10987764938324768,0.11336876100437282,0.41145000000000004,743.8283689022064,1,True,False,0.0,2,0,1,True,True,1.0,10,10,1,True,True,1.0,10,10,3,POSITION_40MM_SPEED_FAIL,False,False,0.5332161100701452,49.05610944526042,3000049.056109445,0.014223708801302599,0.09213965021206078,1.0,0.3905702241201918,0.14322521260375717,0.024716124725317225,124
3,g003_421876c06a57a7f8,18,gaussian_0013,gaussian,2.782468797082113,"[2.071577168867698, 1.651821595433194, 0.46486336946664086, 1.230741818166667, 2.020976955672772, 7.01781643487262e-05, 0.22620296078505825, 1.5504745266061506, -0.14236666868766454, -0.6922834191569264, -0.3487641202155594, 0.16691346015510392, -0.2249166660925053, -0.442868972445826, -0.19957935635940524]",g003_421876c06a57a7f8,,,,,True,,11,-0.02448688600000004,0.0304098873,846.6260000000002,0.039043166259611926,0.0304098873,1.3014388753203978,0.5817437020072838,0.7822027763401072,0.023466083290203214,1,0.6285812575534985,0.0,-0.34458314484737396,0,0,0,0,1,1,True,False,True,False,10000.0,True,1.0,1.0,0.0,0.025347813751295346,0.03223707761555026,0.041009033579948805,0.1147894811036713,0.6495800011122602,0.12839363188331268,0.13047995824234127,0.41,768.8026978969574,1,True,False,0.0,2,0,1,True,True,1.0,10,10,1,True,True,1.0,10,10,3,POSITION_40MM_SPEED_FAIL,False,False,0.5503497141105603,49.41577562504831,3000049.415775625,0.007691282990012633,0.1147756605770718,1.0,0.4129901044890223,0.16183419936683227,0.05717887535716243,125
3,g003_223d99dee5065b94,117,gaussian_0574,gaussian,2.9504247355697437,"[1.664429231233793, 1.5900559812254298, 0.4521928840562075, 1.1032504751077548, 1.6355054746580056, 0.310776262903069, 0.48942499930741246, 1.7279171426202748, -0.245284751893804, -0.5275352086779675, -0.6565468030081214, 0.041571149568993646, -0.13994745901963132, 0.1827323262900035, 0.3087679745402898]",g003_223d99dee5065b94,,,,,True,,11,-0.025172663999999956,0.0314591923,657.6071000000011,0.04029074078526322,0.0314591923,1.3430246928421075,0.5817437020072838,0.7824081100296315,0.023472243300888946,1,0.6291137191836939,0.0,-0.3449361073097364,0,0,0,0,1,1,True,False,True,False,10000.0,True,1.0,1.0,0.0,0.025616872660622285,0.033421484235033716,0.04210961616285697,0.11944496699957731,0.6505040195040342,0.1213174151378829,0.12421132475555245,0.41,776.2704212665558,1,True,False,0.0,2,0,1,True,True,1.0,10,10,1,True,True,1.0,10,10,3,POSITION_40MM_SPEED_FAIL,False,False,0.5359817133598686,49.43524504559677,3000049.4352450455,0.015210706636230718,0.09642949880334772,1.0,0.39802594414345543,0.18264623018562773,0.009087655591151848,126
3,g003_e414a9d0130393b5,144,gaussian_0123,gaussian,3.0669297186048965,"[1.6682532296531012, 1.7580999863891944, 0.4020195583723247, 1.1926578232674825, 1.4829084412695603, -0.0508827879475123, 0.36974909655505195, 1.5219363304778386, -0.15776854443669985, -0.1829363917058654, -0.49938825361265027, -0.10851927878475545, -0.7508587967513854, 0.003088963551882151, -0.007667368529756047]",g003_e414a9d0130393b5,,,,,True,,11,-0.026671345000000013,0.0318895981,990.1168000000034,0.04157291318982288,0.0318895981,1.3857637729940961,0.5817437020072838,0.782456452393711,0.023473693571811328,1,0.6292085390266342,0.0,-0.34501920638569145,0,0,0,0,1,1,True,False,True,False,10000.0,True,1.0,1.0,0.0,0.02654339725335849,0.033839948396299904,0.043008069536004986,0.12379152595259885,0.6496335191200121,0.1159978286117682,0.11809767426936901,0.41,784.4571802616119,1,True,False,0.0,2,0,1,True,True,1.0,10,10,1,True,True,1.0,10,10,3,POSITION_40MM_SPEED_FAIL,False,False,0.5212152575751031,49.75859918401272,3000049.758599184,0.01843454273804542,0.08935625211133652,1.0,0.3822969733011659,0.15195188125748976,0.03006914670365066,127
3,g003_cd41dcddcca2fad1,113,gaussian_0173,gaussian,2.94895594194815,"[1.548615714495633, 1.5253566195575683, 0.2034981330353799, 1.2644414823476327, 1.648251792874, 0.030733532930899476, 0.5038201595402223, 1.829474464212514, -0.3441172683376416, -0.5081147391401144, -0.9214113888266572, -0.023303130717028255, -0.7568306602520841, 0.33538706987539146, 0.21844831995651884]",g003_cd41dcddcca2fad1,,,,,True,,11,-0.02631155399999996,0.0311490822,947.5576000000001,0.04077454102497379,0.0311490822,1.3591513674991265,0.5817437020072838,0.782488384444662,0.023474651533339858,1,0.6293081712780747,0.0,-0.34507409662488236,0,0,0,0,1,1,True,False,True,False,10000.0,True,1.0,1.0,0.0,0.026189011634873544,0.03315294506258794,0.0422490484713504,0.11462135866953402,0.6501141680402986,0.12654424789434182,0.12881512566472328,0.41,760.1329522132874,1,True,False,0.0,2,0,1,True,True,1.0,10,10,1,True,True,1.0,10,10,3,POSITION_40MM_SPEED_FAIL,False,False,0.530409908177555,49.922008923434234,3000049.9220089233,0.01346275591441553,0.10440955964169503,1.0,0.4142130928819832,0.20193730749877065,0.012986033528019929,128
3,g003_7e000c6f59345e63,56,gaussian_0556,gaussian,2.869160763746592,"[1.7356391176098922, 1.455168190315083, 0.1776928705219572, 1.2834547920855055, 1.7532168602022395, -0.10733736857981388, 0.41284924262993844, 1.6371337883698653, -0.37573293469798996, -0.935639981434242, -0.13698947903405534, -0.04653765831626002, -0.15080116101516208, -0.35052482757846304, -0.08025090539834685]",g003_7e000c6f59345e63,,,,,True,,11,-0.025373650000000025,0.0308375735,1109.7176,0.039934672324815734,0.0308375735,1.3311557441605246,0.5817437020072838,0.7823980431507004,0.02347194129452101,1,0.6291079407195149,0.0,-0.34491880264636593,0,0,0,0,1,1,True,False,True,False,10000.0,True,1.0,1.0,0.0,0.02613541741291976,0.032685738977060744,0.041849941168705336,0.11428030939551176,0.6502112123353224,0.12908394159200304,0.1307893592963847,0.4108,747.4724869728088,1,True,False,0.0,2,0,1,True,True,1.0,10,10,1,True,True,1.0,10,10,3,POSITION_40MM_SPEED_FAIL,False,False,0.5400824638976661,50.093826217118405,3000050.093826217,0.010187246640609092,0.11519118823134114,1.0,0.4073794359444088,0.16241436759015376,0.01689603997159096,129
3,g003_4410d3d97f33a309,78,gaussian_0009,gaussian,2.8990751418593583,"[1.7117781287249254, 1.3305865552239493, 0.14365383842126098, 1.3127932798094415, 1.9338968558345617, -0.012894792452324536, 0.2562581759978167, 1.8277666677739237, -0.3059574377884309, -0.5600499983894967, -0.5221738665980296, 0.6141444000444382, -0.33995318565241706, 0.09178024856859865, -0.19978522166309873]",g003_4410d3d97f33a309,,,,,True,,11,-0.02542131000000003,0.0310391227,771.759100000003,0.04012069466125626,0.0310391227,1.337356488708542,0.5817437020072838,0.782418222123044,0.023472546663691318,1,0.6291760506617128,0.0,-0.34495348969544615,0,0,0,0,1,1,True,False,True,False,10000.0,True,1.0,1.0,0.0,0.026003979618842526,0.03298094848509668,0.04199940379331329,0.11983235589783349,0.6517930372241462,0.12500868955255673,0.1271731375379932,0.41155,751.3267703056335,1,True,False,0.0,2,0,1,True,True,1.0,10,10,1,True,True,1.0,10,10,3,POSITION_40MM_SPEED_FAIL,False,False,0.537940091626777,50.28987565591863,3000050.289875656,0.012104690529556506,0.11317017441170253,1.0,0.4107477245138904,0.18900294310896545,0.03541834687851636,130
3,g003_4feae5740e45b4ce,62,gaussian_0106,gaussian,2.8804131115788927,"[1.8325162917019124, 1.657060857134616, 0.38248961727222186, 0.9424342296656882, 1.7477857790604987, 0.10649754921590823, 0.19638134413359837, 1.7622029815035458, -0.27916763638253284, -0.004653805769908925, -0.7048649940316626, 0.43694066765406553, -0.5159391968648289, -0.10384199452698391, 0.248914097547911]",g003_4feae5740e45b4ce,,,,,True,,11,-0.024237975999999994,0.0316265888,530.1769000000022,0.039846211861365964,0.0316265888,1.328207062045532,0.5817437020072838,0.7823380413385868,0.023470141240157602,1,0.628927263844923,0.0,-0.3448156613284512,0,0,0,0,1,1,True,False,True,False,10000.0,True,1.0,1.0,0.0,0.02466957187783791,0.033587533706443386,0.04167385507866151,0.12822224387244047,0.6491788474454072,0.11516696110750192,0.11952429903890245,0.41,781.4349012374878,1,True,False,0.0,2,0,1,True,True,1.0,10,10,1,True,True,1.0,10,10,3,POSITION_40MM_SPEED_FAIL,False,False,0.5411012407154994,50.77032531533104,3000050.770325315,0.016328864423856185,0.11776933021559899,1.0,0.4069118498569647,0.18403830289524603,0.016256515383743085,131
3,g003_02aaaddc644f74e8,97,gaussian_0041,gaussian,2.9362172733058123,"[1.6307426712264688, 1.3919665785908613, 0.41688389975865825, 1.2593676653899073, 1.8920334461591728, 0.1888386901072983, 0.15768489792528878, 1.8909178402226374, -0.08618822106092658, -0.9775729900716082, -0.43949448709812916, -0.038685201208050114, -0.6094103056332122, -0.45347523898274344, 0.030101629160227662]",g003_02aaaddc644f74e8,,,,,True,,11,-0.02256330900000003,0.0330554896,814.9852000000028,0.04002209771770079,0.0330554896,1.3340699239233598,0.5817437020072838,0.7824013707268135,0.023472041121804406,1,0.6291218406423535,0.0,-0.3449245226500404,0,0,0,0,1,1,True,False,True,False,10000.0,True,1.0,1.0,0.0,0.024322637660400572,0.03397001231695044,0.041779808993973405,0.12278966113704713,0.6521356098405044,0.12289622428220037,0.12635956403819823,0.41,742.767059803009,1,True,False,0.0,2,0,1,True,True,1.0,10,10,1,True,True,1.0,10,10,3,POSITION_40MM_SPEED_FAIL,False,False,0.5390756077261311,51.28083302001728,3000051.28083302,0.018283790904183028,0.12141952710253084,1.0,0.4308052246020328,0.18245966330804936,0.021752805329956153,132
3,g003_6a3cddae441e1c3d,95,gaussian_0364,gaussian,2.933164395307195,"[1.772661265481054, 1.262952930769766, 0.7021384277842433, 1.1140785811084044, 1.9343725209293308, -0.23541408169696176, 0.22707264044107603, 1.9299570685159773, -0.2053944887867909, -0.4845639652146456, -0.4802951144991725, -0.08122224739658668, -0.2540793572495812, 0.264540549729802, -0.17131708374420127]",g003_6a3cddae441e1c3d,,,,,True,,11,-0.024156768999999967,0.0319350855,1099.6926000000021,0.04004246713692439,0.0319350855,1.3347489045641463,0.5817437020072838,0.7822333578158963,0.023467000734476887,1,0.628710935051686,0.0,-0.3446357134883126,0,0,0,0,1,1,True,False,True,False,10000.0,True,1.0,1.0,0.0,0.025293392001200076,0.033639197021939814,0.04208742395546746,0.12641467734030384,0.6530178097772217,0.11923515255935505,0.1231763402991894,0.41,785.0498049259186,1,True,False,0.0,2,0,1,True,True,1.0,10,10,1,True,True,1.0,10,10,3,POSITION_40MM_SPEED_FAIL,False,False,0.5388410182690058,51.39504984173469,3000051.3950498416,0.016387633089871522,0.12348779286561912,1.0,0.4070409259064392,0.18664280069594488,0.035052945219188544,133
3,g003_b24cb5a5bb26949b,126,gaussian_0451,gaussian,2.965488065999468,"[1.7758554907097583, 1.6010672431588846, 0.3557079413484782, 0.9996626803780421, 1.6494875805356535, -0.3812959111094639, 0.04138587150483741, 2.0547352615277585, -0.2616511912549115, -0.5376947319861819, -0.422911185346575, -0.2647933870194917, -0.648866085236601, 1.09602465867956, -0.10963984945647767]",g003_b24cb5a5bb26949b,,,,,True,,11,-0.02238396499999995,0.0337136291,1467.9807,0.04046789685928329,0.0337136291,1.3489298953094429,0.5817437020072838,0.7823416468862306,0.023470249406586915,1,0.6289380840054506,0.0,-0.34482185915686164,0,0,0,0,1,1,True,False,True,False,10000.0,True,1.0,1.0,0.0,0.02406620607636546,0.03466362328500735,0.04219892242883689,0.13277351698419676,0.6492467773430982,0.10503361562148107,0.1111893694618659,0.41,781.8321208953857,1,True,False,0.0,2,0,1,True,True,1.0,10,10,1,True,True,1.0,10,10,3,POSITION_40MM_SPEED_FAIL,False,False,0.5339414515941988,51.739159269912335,3000051.7391592697,0.02475369249433732,0.119930540446757,1.0,0.4221373350517002,0.18946774421365442,0.043795275108181105,134
3,g003_9bb9f76bd6300493,174,gaussian_0514,gaussian,3.0043479419276733,"[2.0130772564034722, 1.6997477523407307, 0.32542392579447743, 1.1917347765364548, 1.5018564521672553, 0.02781507567285766, 0.3376501030091702, 1.5400477291347883, -0.1685335036022691, -0.5586113038291831, -0.47695618845419385, 0.289863655476317, -0.12338108437728615, 0.09709816863658952, -0.0831158912244749]",g003_9bb9f76bd6300493,,,,,True,,11,-0.027756608000000016,0.0305187765,780.4528000000028,0.04125318177695652,0.0305187765,1.375106059231884,0.5817437020072838,0.782322838447139,0.02346968515341417,1,0.6288963592102913,0.0,-0.3447895280133929,0,0,0,0,1,1,True,False,True,False,10000.0,True,1.0,1.0,0.0,0.027601314560540168,0.03252839477504615,0.04266062625080809,0.11961102023708209,0.6498819332481666,0.12974681398864868,0.13059762616072246,0.41015,754.5147223472595,1,True,False,0.0,2,0,1,True,True,1.0,10,10,1,True,True,1.0,10,10,3,POSITION_40MM_SPEED_FAIL,False,False,0.5248975235124309,51.83524299216725,3000051.8352429923,0.009491984045832754,0.132080684141057,1.0,0.3868019731783914,0.1638409877030753,0.041557158521392586,135
3,g003_87112e58fd63e0db,109,gaussian_0109,gaussian,2.9448250911888096,"[1.6536317080084557, 1.5193871193229798, 0.5882900552141992, 1.2153101001972977, 1.8100692364875115, 0.0803422247531083, 0.1441770795512589, 1.5502920475554922, -0.24270688533628512, -0.35332646270708523, -0.19199834452127584, 0.16805395245757557, -0.5774849895027974, -0.026809001344560712, -0.1427901075424583]",g003_87112e58fd63e0db,,,,,True,,11,-0.023896963999999965,0.0321367827,870.8545000000013,0.0400479424031287,0.0321367827,1.3349314134376231,0.5817437020072838,0.782378793026075,0.023471363790782247,1,0.6290419821743668,0.0,-0.34488571225869363,0,0,0,0,1,1,True,False,True,False,10000.0,True,1.0,1.0,0.0,0.02499499979320991,0.03385273090415597,0.04208036839586555,0.1303211117126506,0.6520319829669289,0.11606806073729278,0.12022034379306748,0.41,756.7500064373016,1,True,False,0.0,2,0,1,True,True,1.0,10,10,1,True,True,1.0,10,10,3,POSITION_40MM_SPEED_FAIL,False,False,0.5387779610108491,52.14665369317287,3000052.146653693,0.01813420074355178,0.13282321186008794,1.0,0.39382752708383606,0.14576482974381205,0.014023683943419124,136
3,g003_79891eb9f56e2274,44,gaussian_0680,gaussian,2.8522833223546114,"[2.19685830929559, 1.4554909159859468, 0.40082535881123693, 1.2270089221878968, 2.1398523098358986, 0.07118771763253558, -0.35316333156724905, 1.7761922009703235, -0.10484720533188469, -0.6839889236373871, -0.3093993160583399, -0.11277709839499278, -0.2730090797627655, -0.6148854911531584, -0.2520558074420359]",g003_79891eb9f56e2274,,,,,True,,11,-0.02258590599999999,0.0323571492,1024.4611000000004,0.03946021102568885,0.0323571492,1.3153403675229618,0.5817437020072838,0.7821113842422325,0.023463341527266972,1,0.6283769790494016,0.0,-0.3444260445684034,0,0,0,0,1,1,True,False,True,False,10000.0,True,1.0,1.0,0.0,0.024475411722041106,0.03315484434245123,0.041210307962154295,0.12786833259418331,0.6497475877799626,0.12282979489931795,0.12629027096792628,0.41204999999999997,757.5621638298035,1,True,False,0.0,2,0,1,True,True,1.0,10,10,1,True,True,1.0,10,10,3,POSITION_40MM_SPEED_FAIL,False,False,0.5455467148597243,52.21895995387461,3000052.218959954,0.01162686930241155,0.14678223091470066,1.0,0.43165156933078747,0.17953416553430668,0.06208400774278788,137
3,g003_5da1b22a25d8db52,138,gaussian_0189,gaussian,2.9728945841096284,"[1.4540978477639468, 1.6293138482612677, 0.5922070557210373, 1.4944849676405196, 1.848258514319553, 0.2674471861542842, 0.17874987837399162, 1.7843379600967735, -0.17829604080446707, -0.23736668716241371, -0.5433215129464237, 0.01563954618504648, -1.5706479258484611, 0.37358317042674927, 0.23758486269150123]",g003_5da1b22a25d8db52,,,,,True,,11,-0.023566140000000013,0.032436631,785.6154999999999,0.040093615266395745,0.032436631,1.3364538422131915,0.5817437020072838,0.782535825798835,0.02347607477396505,1,0.6294254810180961,0.0,-0.34515564689179423,0,0,0,0,1,1,True,False,True,False,10000.0,True,1.0,1.0,0.0,0.024658354630319033,0.03420667156062684,0.04216788863971224,0.12536522670906206,0.6526258440449576,0.12175224766135243,0.1260466779192541,0.41,766.0933148860931,1,True,False,0.0,2,0,1,True,True,1.0,10,10,1,True,True,1.0,10,10,3,POSITION_40MM_SPEED_FAIL,False,False,0.5382519581787821,52.455331443739816,3000052.455331444,0.02147704806288541,0.1321824156631474,1.0,0.43274707566598664,0.19106413676096945,0.04763079865323584,138
3,g003_c41ba08967a3696d,139,gaussian_0592,gaussian,2.9747397227252783,"[1.3705496393990475, 1.610138234004167, 0.4681738369162596, 1.313699523599667, 1.9570336391328442, -0.35561676319593843, 0.5402096894895803, 1.8938830931167119, -0.3178415500025795, -0.7818666542288877, -0.21927686943233898, -0.20112424948523738, -1.2749333470291024, -0.2596890658256746, -0.1661062034998942]",g003_c41ba08967a3696d,,,,,True,,11,-0.021911970000000003,0.0337367054,1313.938100000003,0.040228096158372806,0.0337367054,1.340936538612427,0.5817437020072838,0.7825725199396789,0.023477175598190365,1,0.6295137893284735,0.0,-0.34521872302088225,0,0,0,0,1,1,True,False,True,False,10000.0,True,1.0,1.0,0.0,0.02352100304890586,0.035004808798542154,0.04217314576183679,0.12826180388164113,0.6509878263942359,0.11840734960641155,0.1240022712677961,0.41,778.6128032207489,1,True,False,0.0,2,0,1,True,True,1.0,10,10,1,True,True,1.0,10,10,3,POSITION_40MM_SPEED_FAIL,False,False,0.5367031757075534,53.44541268504586,3000053.445412685,0.028921422802771213,0.13748385846572156,1.0,0.4323655705297433,0.16668328334796897,0.0691525003866462,139
3,g003_15f1749bf69a870d,15,gaussian_0479,gaussian,2.77915582030188,"[1.7017060682115226, 1.5358719792227484, 0.3687888595534493, 1.2669121257794116, 1.788034671157076, 0.018546523224272093, 0.1517370663753769, 1.8457318728657863, -0.16452932727118003, -0.6595507504794157, -0.5048947276762223, -0.19784912873401048, -0.027333464309822447, -0.09216879330801947, 0.0719439736853796]",g003_15f1749bf69a870d,,,,,True,,11,-0.02342575800000002,0.031034376,978.3481000000029,0.038883140711418115,0.031034376,1.296104690380604,0.5817437020072838,0.7823571829084841,0.023470715487254525,1,0.6289789681664816,0.0,-0.3448485651137974,0,0,0,0,1,1,True,False,True,False,10000.0,True,1.0,1.0,0.0,0.02461108299157466,0.03279535862855502,0.04100293835316822,0.12355162148947559,0.6498183057983205,0.13086320680219973,0.13367428981102114,0.41,766.8259580135345,1,True,False,0.0,2,0,1,True,True,1.0,10,10,1,True,True,1.0,10,10,3,POSITION_40MM_SPEED_FAIL,False,False,0.5521926879364151,53.44541445331915,3000053.4454144533,0.01061284897282013,0.16886366690601703,1.0,0.41354432348819514,0.18056940788104242,0.009061646602578912,140
3,g003_d5c8174d9e4cb454,90,gaussian_0245,gaussian,2.9233333458803146,"[1.5701351083802295, 1.4152403113461018, 0.24364279381103476, 1.1926264593371316, 2.0026897628933704, -0.08829188060161934, 0.38941719319909107, 1.5318138502385077, -0.3221951518806454, -0.46129211763830696, -0.05356709288160427, -0.09742085599917291, -0.32994892280737187, -0.7152876475505687, 0.10439800139359348]",g003_d5c8174d9e4cb454,,,,,True,,11,-0.02408849099999999,0.0320086352,969.5525000000016,0.04006005649052132,0.0320086352,1.3353352163507108,0.5817437020072838,0.7824983967174203,0.023474951901522607,1,0.6293717570492599,0.0,-0.34509130742187727,0,0,0,0,1,1,True,False,True,False,10000.0,True,1.0,1.0,0.0,0.024963834125826683,0.03392324145586799,0.04211863394193726,0.1303984330124527,0.6513498741077165,0.12030305944775754,0.12483570210308871,0.41,763.2732591629028,1,True,False,0.0,2,0,1,True,True,1.0,10,10,1,True,True,1.0,10,10,3,POSITION_40MM_SPEED_FAIL,False,False,0.5386384461256278,53.750153735756726,3000053.7501537357,0.019115298192356505,0.1540876828565939,1.0,0.3969819467737495,0.13796858526809613,0.036619419966674345,141
3,g003_efa41dc70a71e230,98,gaussian_0740,gaussian,2.936785838517995,"[1.5546039618296343, 1.605930187204451, 0.32319517317379975, 1.2433538927791399, 1.8002683204198624, 0.09804174787683011, 0.06704959140003963, 1.414621969878077, -0.06944061885222295, 0.051365009644935844, -0.4402563646643123, -0.18091381477644383, -0.36190008353798175, -0.020753684664315514, 0.3073236295110992]",g003_efa41dc70a71e230,,,,,True,,11,-0.024805736000000023,0.0317112316,800.267200000002,0.04026073456968384,0.0317112316,1.342024485656128,0.5817437020072838,0.7824377204733729,0.023473131614201188,1,0.6291553675242562,0.0,-0.34498700677566824,0,0,0,0,1,1,True,False,True,False,10000.0,True,1.0,1.0,0.0,0.025137983360701454,0.033717374981822576,0.04205686130832564,0.13590013346280022,0.6492577108965285,0.11358582422865117,0.11787840023247789,0.41,775.9896984100342,1,True,False,0.0,2,0,1,True,True,1.0,10,10,1,True,True,1.0,10,10,3,POSITION_40MM_SPEED_FAIL,False,False,0.5363272873669563,53.98388388118108,3000053.983883881,0.017406524627594677,0.16084567775195327,1.0,0.38403961941112946,0.1484660908127911,0.0027080775788795738,142
3,g003_d6ec4b0db56d4c1b,67,gaussian_0104,gaussian,2.88432329220987,"[1.9948124270769183, 1.7013269515082303, 0.46065563404703186, 0.929875462819654, 1.6765603039211567, -0.007575213850379155, 0.21532269053897457, 1.7122991659255493, -0.1501235562434216, -0.8151675213097478, -0.12205673936522216, 0.20727224453728707, 0.860122160294205, -0.32852771610401477, -0.09912577196783992]",g003_d6ec4b0db56d4c1b,,,,,True,,11,-0.02292313300000004,0.0323252217,772.2460000000028,0.03962814636706897,0.0323252217,1.3209382122356323,0.5817437020072838,0.7822656975450614,0.023467970926351837,1,0.6287420910947913,0.0,-0.34469130451414315,0,0,0,0,1,1,True,False,True,False,10000.0,True,1.0,1.0,0.0,0.02446674088450132,0.033713290268857776,0.04165582012470273,0.13456996481774275,0.6495157002398131,0.11720376411204056,0.12191690481038528,0.41,755.7892196178436,1,True,False,0.0,2,0,1,True,True,1.0,10,10,1,True,True,1.0,10,10,3,POSITION_40MM_SPEED_FAIL,False,False,0.5436126459432741,54.17345592260285,3000054.1734559224,0.016465385835845007,0.16754331839674602,1.0,0.40829234053521263,0.17910617873382365,0.032115133288722154,143
3,g003_886769ee638bcea7,34,gaussian_0209,gaussian,2.8204029661481798,"[1.5845593492474803, 1.6367503758447517, 0.3204187422663764, 1.373254087827873, 1.6527968825068242, -0.11540286658564702, 0.08522970482374788, 1.9399880621129397, -0.1922405170150666, -0.5623743503078589, -0.45405566881295173, -0.11188826516603986, -0.293798176091685, 0.34096436590305934, -0.04531794231321154]",g003_886769ee638bcea7,,,,,True,,11,-0.023303293999999974,0.0315276641,1120.188000000002,0.03920506491325915,0.0315276641,1.3068354971086382,0.5817437020072838,0.7824291070569265,0.023472873211707792,1,0.6291335940074256,0.0,-0.3449722005707765,0,0,0,0,1,1,True,False,True,False,10000.0,True,1.0,1.0,0.0,0.024549129646706185,0.033253790329372125,0.04133369494347961,0.1315329286137034,0.6488309956304782,0.1269207927909236,0.1299797108304044,0.41,764.7386407852173,1,True,False,0.0,2,0,1,True,True,1.0,10,10,1,True,True,1.0,10,10,3,POSITION_40MM_SPEED_FAIL,False,False,0.5484851682022308,55.296931806748425,3000055.296931807,0.013546923633159019,0.18931086484315807,1.0,0.40927539884466385,0.1800766580268116,0.017879515662854752,144
3,g003_930fc88b1c16a283,6,gaussian_0714,gaussian,2.7232661609588775,"[1.735748922464506, 1.5733603769585969, 0.38324660384992715, 1.2990654928846592, 1.9559835772082388, -0.006112403607690333, 0.3868510933440853, 1.7271430885898735, -0.002762159856263685, -0.5386487343957188, -0.6642579223721748, -0.13168457536455916, -0.7475863518738838, 0.2695458216172657, -0.07483521448427527]",g003_930fc88b1c16a283,,,,,True,,11,-0.024290900000000004,0.0298755651,1014.0450000000019,0.038504508993809264,0.0298755651,1.2834836331269754,0.5817437020072838,0.7823325771710411,0.02346997731513123,1,0.6289095895617224,0.0,-0.344806268588097,0,0,0,0,1,1,True,True,True,True,10000.0,True,1.0,1.0,0.25,0.025015184898828945,0.03212080657546374,0.04071247585913874,0.1367171101869563,0.6492951616267728,0.14585739229005212,0.14848748230082673,0.41,765.1108365058899,1,True,True,0.25,2,1,1,True,True,1.0,10,10,1,True,True,1.0,10,10,3,POSITION_40MM_SPEED_FAIL,False,False,0.5565532938088376,58.32447832844294,3000058.324478328,0.008057725608078242,0.36991821203540715,0.6666666666666666,0.4223084439596391,0.18238108853317572,0.03743424982042018,145
3,g003_9402831b239ac321,88,gaussian_0634,gaussian,2.922620557984103,"[1.5465347456969114, 1.5390482769626799, 0.2083845800386852, 1.2673016105116233, 1.7048739936923163, -0.03241088032079636, 0.2784190800292255, 1.6076885446311093, 0.05648796667722217, -0.6614396698041172, -0.05485326010001157, -0.03284688469015893, -0.7405824833137221, 0.008791863930399463, 0.04178181624451946]",g003_9402831b239ac321,,,,,True,,11,-0.02377542899999996,0.0320859501,931.9074,0.03993468690191185,0.0320859501,1.3311562300637283,0.5817437020072838,0.7824873485614647,0.023474620456843943,1,0.629302503692232,0.0,-0.34507231597269195,0,0,0,0,1,1,True,False,True,False,10000.0,True,1.0,1.0,0.0,0.025091992824003633,0.03373841586117468,0.042046269854785136,0.13877903783587228,0.6499608812737864,0.1239119852167653,0.12731123679696157,0.41,773.2325639724731,1,True,False,0.0,2,0,1,True,True,1.0,10,10,1,True,True,1.0,10,10,3,POSITION_40MM_SPEED_FAIL,False,False,0.5400822960169315,58.372158285618916,3000058.3721582857,0.0171775553572928,0.22497174308557205,1.0,0.40071680211972704,0.138049625907854,0.002752274740024451,146
3,g003_d03d676720c036d5,35,gaussian_0379,gaussian,2.823491723503461,"[1.9916359545244364, 1.3073296429640298, 0.20074373406264945, 1.1106587253072802, 2.0236296068087194, 0.0057366071365193855, 0.06036179747392911, 1.8142062591403425, -0.4579333371877, -0.4751115261958593, -0.253708792554483, 0.18282317576885837, -0.5190032128564251, 0.5153240549246115, -0.017626467375088085]",g003_d03d676720c036d5,,,,,True,,11,-0.024193887000000025,0.0310332663,1050.3370000000032,0.039349813028977484,0.0310332663,1.3116604342992495,0.5817437020072838,0.7822069102363958,0.023466207307091872,1,0.6286333842891408,0.0,-0.34459025089128015,0,0,0,0,1,1,True,False,True,False,10000.0,True,1.0,1.0,0.0,0.025448339239525223,0.03279418939089254,0.04150996058605318,0.14083915547438175,0.6508157465113023,0.12608469573423364,0.12926270899275918,0.413,719.215325832367,1,True,False,0.0,2,0,1,True,True,1.0,10,10,1,True,True,1.0,10,10,3,POSITION_40MM_SPEED_FAIL,False,False,0.5468181407080484,59.40191916195067,3000059.401919162,0.010496063117476622,0.25241427574556335,1.0,0.4131776520420339,0.16917863585489562,0.04351225819186544,147
3,g003_7ebaf1daeb1832d4,45,gaussian_0584,gaussian,2.854504772924909,"[2.028645057803223, 1.324172246077052, 0.4400627653010771, 1.120794360235012, 1.779615879555129, 0.24354257439605712, 0.081660206882837, 1.7502399097445718, -0.09666736570807456, -0.27574107111256696, -0.5583426260263957, 0.19767459786835054, 0.006533225059573461, -0.015933362726791078, -0.005091273621330935]",g003_7ebaf1daeb1832d4,,,,,True,,11,-0.026356307000000023,0.0295331205,650.0732000000025,0.03958358403613511,0.0295331205,1.3194528012045037,0.5817437020072838,0.7821180976118985,0.023463542928356958,1,0.6284048355765505,0.0,-0.3444375846497879,0,0,0,0,1,1,True,True,True,True,10000.0,True,1.0,1.0,0.25,0.02678923362914469,0.03182316691016901,0.04159780030998481,0.14670644095546231,0.6502306055787166,0.13994302628429167,0.1419514892663681,0.41174999999999995,772.0087146759033,1,True,True,0.25,2,1,1,True,True,1.0,10,10,1,True,True,1.0,10,10,3,POSITION_40MM_SPEED_FAIL,False,False,0.5441258590549125,60.356677330487955,3000060.3566773306,0.006616373972884108,0.39414190783922837,0.6666666666666666,0.40465276101417635,0.17868380327218197,0.008211903183338944,148
3,g003_f20467b6288df5b6,41,gaussian_0148,gaussian,2.8419226831530087,"[1.7260394424903442, 1.6084376685227324, 0.30474775495161116, 0.9684147524907896, 1.6564157733175828, -0.1139892083912658, 0.43426589198957877, 1.9895883608932132, 0.012928283908784255, -0.4874405149360735, -0.46684574196684514, 0.2671856881195561, -0.9201186522747256, 0.0031899642119066207, -0.17599503210557635]",g003_f20467b6288df5b6,,,,,True,,11,-0.02312149600000002,0.0317079597,876.1492000000035,0.03924281189740156,0.0317079597,1.3080937299133852,0.5817437020072838,0.7823352445323666,0.023470057335970997,1,0.6288896063614607,0.0,-0.3448108537023256,0,0,0,0,1,1,True,False,True,False,10000.0,True,1.0,1.0,0.0,0.024368439276312402,0.033572013173971585,0.041483742614627325,0.13771301373408315,0.6493113202444136,0.12968744456414066,0.13449953172313484,0.41,788.7102003097534,1,True,False,0.0,2,0,1,True,True,1.0,10,10,1,True,True,1.0,10,10,3,POSITION_40MM_SPEED_FAIL,False,False,0.5480504457184486,60.459639361227815,3000060.459639361,0.016216072281468902,0.2612489094022729,1.0,0.418815853827278,0.18093773929454968,0.009143420530500067,149
3,g003_ff99da2ede2c49ef,70,gaussian_0388,gaussian,2.888462744057364,"[1.473213329272705, 1.3970960843372078, 0.2945590985861534, 1.3925602845144165, 1.7012621460119384, 0.24741351825858485, 0.3086574220745996, 1.9640523066924542, -0.22898695913759945, -0.6242038113343776, -0.30475316400644886, -0.33640419089559914, -0.5915535916484032, -0.5723469300341586, -0.024729306390180623]",g003_ff99da2ede2c49ef,,,,,True,,11,-0.024114117999999962,0.031444894,1046.4484000000011,0.03962665826926563,0.031444894,1.3208886089755212,0.5817437020072838,0.7825493258492768,0.023476479775478305,1,0.6295017248729617,0.0,-0.34517885307416507,0,0,0,0,1,1,True,False,True,False,10000.0,True,1.0,1.0,0.0,0.025284531050887047,0.03337444908129206,0.04187076977968076,0.1320180224157194,0.6524811237058095,0.13645218217750119,0.13998128493029835,0.41,772.8431689739227,1,True,False,0.0,2,0,1,True,True,1.0,10,10,1,True,True,1.0,10,10,3,POSITION_40MM_SPEED_FAIL,False,False,0.5436297839898724,60.626931891921004,3000060.626931892,0.01490590719972933,0.26236569040912094,1.0,0.4186176261185023,0.16890485556541424,0.019384068076435817,150
3,g003_65962326aa31fe34,42,gaussian_0182,gaussian,2.8424655494803606,"[1.7043349047168226, 1.7203732814225947, 0.5497040287766954, 1.528708050100914, 1.7631585490817079, -0.0620648601387987, 0.37522819567980303, 1.7384858934252259, -0.043578854848816115, -0.8024674510888914, -0.5038484169023316, 2.180971402615528e-05, 0.03856368704296673, 0.2908587706161837, 0.10555369109173034]",g003_65962326aa31fe34,,,,,True,,11,-0.02505392900000003,0.0303576827,821.6288000000022,0.03936099919019996,0.0303576827,1.3120333063399987,0.5817437020072838,0.7824613599762481,0.02347384079928744,1,0.6292477202203551,0.0,-0.34502764237308625,0,0,0,0,1,1,True,False,True,False,10000.0,True,1.0,1.0,0.0,0.025762644334836743,0.03249943815070988,0.04147200650119442,0.13303434877400225,0.6510019424953206,0.14225365080774766,0.1440128658371968,0.41,780.8211045265198,1,True,False,0.0,2,0,1,True,True,1.0,10,10,1,True,True,1.0,10,10,3,POSITION_40MM_SPEED_FAIL,False,False,0.5466893125141912,62.73536420250623,3000062.7353642024,0.009732118457574069,0.3028400558125508,1.0,0.40817670485676816,0.18666287599778236,0.05673398927885155,151
3,g003_56c6ce4347eb8ffc,13,gaussian_0036,gaussian,2.7771177071027036,"[2.0429403979890335, 1.4079464530122052, 0.5365166876840535, 0.8503768806197259, 1.845357978358616, -0.014064160828953095, 0.41877147936022063, 1.7440606967532655, -0.10875316858896439, -0.34273544198771655, -0.6074900730734523, -0.29429551622149686, 0.14935562743201572, -0.7975737090679477, -0.1235139103794287]",g003_56c6ce4347eb8ffc,,,,,True,,11,-0.02536517100000002,0.0296639722,957.3572000000022,0.03903002877966675,0.0296639722,1.3010009593222251,0.5817437020072838,0.7820872335669551,0.02346261700700865,1,0.6283160827632592,0.0,-0.3443845302809362,0,0,0,0,1,1,True,True,True,True,10000.0,True,1.0,1.0,0.25,0.025721201791429317,0.03203761504724646,0.041085143294273416,0.14877560133205617,0.6496302826162048,0.14292435905886197,0.14615037447721366,0.4108,787.2733981609344,1,True,True,0.25,2,1,1,True,True,1.0,10,10,1,True,True,1.0,10,10,3,POSITION_40MM_SPEED_FAIL,False,False,0.5505010151493627,63.934446444642575,3000063.9344464447,0.007778155827733147,0.4508916349690731,0.6666666666666666,0.42222091171709913,0.18334701082393823,0.0,152
3,g003_62256403a479d08c,162,gaussian_0630,gaussian,3.5822257723496844,"[1.2539988888269873, 1.3469127419509255, 0.25183297576271785, 1.1474683022752903, 1.9013315735397243, -0.17836263868588015, 0.02578141776301543, 1.3810308994670657, -0.24752302994871034, -0.9496114004809784, -0.02772720698025749, -0.11585729881498594, -0.4842024548146552, -0.18703814495208398, 0.24567426070711598]",g003_62256403a479d08c,,,,,True,,11,-0.022697478999999965,0.0395279643,1018.4434000000001,0.04558108724742658,0.0395279643,1.5193695749142195,0.5817437020072838,0.7826845817792832,0.023480537453378497,1,0.6298422536582539,0.0,-0.34541135396680855,0,0,0,0,1,1,True,False,True,False,10000.0,True,1.0,1.0,0.0,0.024290807482334913,0.03874886608602589,0.04573311656881285,0.1468682354208909,0.653631562994813,0.08650543869037369,0.0969896912381235,0.41,770.0400793552399,1,True,False,0.0,2,0,1,True,True,1.0,10,10,1,True,True,1.0,10,10,3,POSITION_40MM_SPEED_FAIL,False,False,0.4750541291739853,65.11279624914647,3000065.1127962493,0.0852361566141856,0.21966314914680515,1.0,0.376415955055884,0.13874379855111746,0.026597614316346933,153
3,g003_bec4a41267e00441,14,gaussian_0260,gaussian,2.7777325911007003,"[1.7936537353533895, 1.6279358951433687, 0.2672288389932042, 0.9692160008145763, 2.152847949965511, 0.007125458134540886, 0.5979637380771297, 1.5871791693300077, -0.32891202230641636, -0.6025540256974912, -0.3804503659145999, 0.371096755733577, -0.5426871793728494, 0.48733034607986736, 0.028122005517850268]",g003_bec4a41267e00441,,,,,True,,11,-0.02264369200000005,0.0314599642,865.5280000000021,0.03876165805091609,0.0314599642,1.2920552683638695,0.5817437020072838,0.7823417568830002,0.023470252706490006,1,0.6289130941255366,0.0,-0.34482204823801405,0,0,0,0,1,1,True,False,True,False,10000.0,True,1.0,1.0,0.0,0.023837785101954265,0.03343023228047572,0.041058743635107905,0.14543015311762583,0.6494264107881997,0.13335731932090208,0.13752270189044072,0.41,734.1263494491577,1,True,False,0.0,2,0,1,True,True,1.0,10,10,1,True,True,1.0,10,10,3,POSITION_40MM_SPEED_FAIL,False,False,0.5535917730583062,65.90851226327209,3000065.908512263,0.015293942029512371,0.34718519694498096,1.0,0.41395714983792203,0.17422050078396797,0.048276065429329565,154
3,g003_3eafab324c4fa8ab,52,gaussian_0660,gaussian,2.864186570568168,"[1.8511978668957365, 1.503776303867925, 0.40699369553829345, 1.0189203476167918, 1.6810143950365468, 0.03591131217487315, 0.23673896429599509, 1.7059356227159783, 0.041276356660080366, -0.35373597127000733, -0.2136219342696449, 0.03677657851428205, 0.5622868057561424, -0.9638787775376766, -0.23831743509715791]",g003_3eafab324c4fa8ab,,,,,True,,11,-0.024805289000000008,0.0307748976,758.5065000000031,0.0395271638833854,0.0307748976,1.31757212944618,0.5817437020072838,0.782242131886426,0.02346726395659278,1,0.6286897367008377,0.0,-0.34465079585276176,0,0,0,0,1,1,True,False,True,False,10000.0,True,1.0,1.0,0.0,0.02556830765173098,0.032933774241193835,0.04169378661075877,0.14766379504299598,0.6498862462807884,0.13048271521844604,0.13459298213958454,0.41,748.8330464363098,1,True,False,0.0,2,0,1,True,True,1.0,10,10,1,True,True,1.0,10,10,3,POSITION_40MM_SPEED_FAIL,False,False,0.5447756357058414,65.96214776690907,3000065.9621477667,0.012050729188802973,0.34685117712103425,1.0,0.4092510322489443,0.16051439561039482,0.0,155
3,g003_4b9228476f6fa0c9,111,gaussian_0290,gaussian,2.948241226377887,"[1.7522211033429451, 1.5032234060460874, 0.5792038510684501, 1.2328452716302056, 1.7926168725529237, 0.04561001437987081, 0.30302314891691917, 1.231625164674095, -0.27506739870272456, -0.30552678728677707, -0.10558309490671508, 0.1668619188185908, -0.3153893869628881, -0.281489405950368, -0.32054400933687405]",g003_4b9228476f6fa0c9,,,,,True,,11,-0.026525624999999997,0.0304970212,927.625,0.0404187714275666,0.0304970212,1.3472923809188868,0.5817437020072838,0.7823046622571898,0.023469139867715694,1,0.6288513030419904,0.0,-0.34475828368726347,0,0,0,0,1,1,True,False,True,False,10000.0,True,1.0,1.0,0.0,0.026681094680891148,0.032762594202130076,0.04225243652411213,0.1460091284542454,0.6513553570143125,0.1341434300368891,0.13630859505604054,0.41,773.6679496765137,1,True,False,0.0,2,0,1,True,True,1.0,10,10,1,True,True,1.0,10,10,3,POSITION_40MM_SPEED_FAIL,False,False,0.5345072167851921,66.0625199781532,3000066.0625199783,0.011277192059385571,0.3435153976062786,1.0,0.3829856036382789,0.13151310294306365,0.011735393737463991,156
3,g003_666fb26ed1052898,31,gaussian_0638,gaussian,2.8104743884918086,"[1.9359391557778833, 1.3944645851574786, 0.2929109320660239, 1.347485819773955, 1.80732571663096, -0.07644108553513242, 0.17412472139014412, 2.112466004921781, -0.1116327964134177, -0.34345213859639856, -1.2714759305348982, -0.11604323131513938, -0.3127876930359885, 0.20834226367345018, 0.028218873480184634]",g003_666fb26ed1052898,,,,,True,,11,-0.027309873999999956,0.0289683668,958.6927000000032,0.0398120018707326,0.0289683668,1.3270667290244198,0.5817437020072838,0.7822226219672267,0.0234666786590168,1,0.6286631846707301,0.0,-0.3446172588859979,0,0,0,0,1,1,True,True,True,True,10000.0,True,1.0,1.0,0.25,0.026974356424495017,0.031321907300832126,0.0413361558623636,0.14552638190824274,0.650207618682003,0.15212693058131652,0.1534013523283067,0.41165,761.1942186355591,1,True,True,0.25,2,1,1,True,True,1.0,10,10,1,True,True,1.0,10,10,3,POSITION_40MM_SPEED_FAIL,False,False,0.5414952285382667,66.68577346997378,3000066.68577347,0.005058515774539085,0.4924355880147119,0.6666666666666666,0.43305964798024305,0.2370247020588212,0.03909540846584176,157
3,g003_ae29c73bdf192663,38,gaussian_0750,gaussian,2.8376126487385473,"[1.9186386830293978, 1.4613904582970545, 0.4552720809744122, 1.2968531139498505, 1.6360628556999084, 0.04424047122816462, 0.44904895878337725, 1.5799097512632323, -0.14215440612229166, -0.7136333067873406, -0.5822786718135652, 0.10187339119018657, -0.4733940967603496, -0.03213836953595453, 0.16719715381938413]",g003_ae29c73bdf192663,,,,,True,,11,-0.027977418999999948,0.0283050629,708.3760000000002,0.03979839895868318,0.0283050629,1.3266132986227728,0.5817437020072838,0.7821746448449953,0.023465239345349862,1,0.6285179471345828,0.0,-0.34453478764984047,0,0,0,0,1,1,True,True,True,True,10000.0,True,1.0,1.0,0.5,0.027806495702417167,0.0308295178693058,0.04151698899610122,0.14398646234129964,0.6495560090209993,0.16527876838189193,0.16656900392422608,0.41025,740.536924123764,1,True,True,0.5,2,2,1,True,True,1.0,10,10,1,True,True,1.0,10,10,3,POSITION_40MM_SPEED_FAIL,False,False,0.5416518898410739,67.73187974931281,3000067.7318797493,0.003999884088409391,0.6366241152766197,0.3333333333333333,0.41254128947975016,0.17448645936433815,0.0,158
3,g003_bee1616bf3bc2e3e,23,gaussian_0010,gaussian,2.8048162222822564,"[1.8394417871098991, 1.5038867161830827, 0.5177482484484337, 1.165983860636154, 1.6835289240116953, -0.038631893649587905, 0.4291178245840849, 1.6819745880127823, -0.04888139142344265, -0.8531261121816485, -0.19727313344234987, -0.1759336647760071, -0.7735529059745568, 0.05582465677315035, 0.10530765385971792]",g003_bee1616bf3bc2e3e,,,,,True,,11,-0.02465139400000005,0.030182831,950.4176000000007,0.038970431269332896,0.030182831,1.29901437564443,0.5817437020072838,0.782240481520637,0.023467214445619108,1,0.6286853992309216,0.0,-0.3446479589234004,0,0,0,0,1,1,True,False,True,False,10000.0,True,1.0,1.0,0.0,0.0258140971603421,0.032175226179935505,0.041250609594690714,0.14023787373592084,0.6504288351914786,0.14518771761193242,0.14713221878181898,0.41,773.42888712883,1,True,False,0.0,2,0,1,True,True,1.0,10,10,1,True,True,1.0,10,10,3,POSITION_40MM_SPEED_FAIL,False,False,0.5511873846251815,67.87561308405354,3000067.875613084,0.007829836922230285,0.38405325300851556,1.0,0.4193874203300853,0.16174562727654207,0.005150309321167236,159
3,g003_d93508fbc1db2316,33,gaussian_0450,gaussian,2.8113678495798453,"[1.6007011871416086, 1.9167580912875732, 0.2428444845341729, 1.4758193179847638, 1.9712967652710591, -0.028204221410807216, 0.6187866581965934, 1.5642922191319066, -0.19381333713790455, -0.6126745273115524, -0.6410520194943361, 0.12333098938048465, -0.3817885569942694, 0.2712297187595901, 0.00933627737638484]",g003_d93508fbc1db2316,,,,,True,,11,-0.024745990999999967,0.0304828486,912.4243999999999,0.039262808474975416,0.0304828486,1.3087602824991806,0.5817437020072838,0.7825871158010991,0.02347761347403297,1,0.6295376524836432,0.0,-0.34524381286950423,0,0,0,0,1,1,True,False,True,False,10000.0,True,1.0,1.0,0.0,0.0249908634915582,0.032844891518076166,0.04127142058238229,0.14124505751031005,0.6477786868189028,0.1442784250352677,0.14694856621490418,0.41,781.5354263782501,1,True,False,0.0,2,0,1,True,True,1.0,10,10,1,True,True,1.0,10,10,3,POSITION_40MM_SPEED_FAIL,False,False,0.5478201501844463,68.73188605463784,3000068.731886055,0.012215376482435324,0.3905322638664025,1.0,0.4066993770380815,0.17538935584864299,0.07898214162258797,160
3,g003_c8a95f7b4d6fc962,89,gaussian_0225,gaussian,2.9231259661418076,"[1.307866344215717, 1.817667633620332, 0.36862575714262297, 1.2694256845189926, 1.62445233729171, -0.24824685488504372, 0.5107536429575162, 1.843753052721562, -0.26457731647578625, -0.30324796246346214, -0.4253302020662847, 0.18518630441415582, -1.299555225893979, 1.0987075286538022, -0.00126167353684061]",g003_c8a95f7b4d6fc962,,,,,True,,11,-0.022741935999999963,0.0327791089,1128.7748000000029,0.03989568439450755,0.0327791089,1.329856146483585,0.5817437020072838,0.7827282136360824,0.02348184640908247,1,0.6299100466454038,0.0,-0.3454863558218326,0,0,0,0,1,1,True,False,True,False,10000.0,True,1.0,1.0,0.0,0.02386908496242771,0.03478875643264134,0.04218993708306801,0.15299237663268303,0.6497832666361608,0.1256907996657228,0.13236499099700055,0.41,781.6360492706299,1,True,False,0.0,2,0,1,True,True,1.0,10,10,1,True,True,1.0,10,10,3,POSITION_40MM_SPEED_FAIL,False,False,0.5405314780450522,69.98418216008997,3000069.98418216,0.02760027292182716,0.38556846234160547,1.0,0.43033617544749153,0.19052349921952666,0.03229665285738865,161
3,g003_06614c1163cb8296,110,gaussian_0607,gaussian,2.94672442774631,"[2.026933073659552, 1.4584196109672993, 0.5627397540281772, 0.9600614222317143, 1.4841497997013073, -0.016944023708368353, 0.39889770032282634, 1.7760669570280019, -0.24648935301541774, -0.35713914101484767, -0.41037540208979506, 0.1499583196893902, -0.602248488853408, 0.3918707830234366, -0.30922798645191013]",g003_06614c1163cb8296,,,,,True,,11,-0.026838075000000017,0.0300024495,1023.9684000000016,0.040254555589469325,0.0300024495,1.3418185196489776,0.5817437020072838,0.7821050285459308,0.023463150856377922,1,0.6283481437965066,0.0,-0.3444151193168197,0,0,0,0,1,1,True,False,True,False,10000.0,True,1.0,1.0,0.0,0.027198491513728554,0.032337142932338386,0.04225457080185346,0.14955769180453723,0.649622588912111,0.13986250856975108,0.14226667900455486,0.41025,754.7131192684174,1,True,False,0.0,2,0,1,True,True,1.0,10,10,1,True,True,1.0,10,10,3,POSITION_40MM_SPEED_FAIL,False,False,0.5363984491216534,71.2478345446511,3000071.2478345446,0.009123754473869677,0.42424369710675736,1.0,0.39960603854406485,0.17779417418781449,0.005559616805274843,162
3,g003_c5c0eb7122fe232d,26,gaussian_0238,gaussian,2.806865361670434,"[2.003365358384097, 1.6250014138438509, 0.43549384958398374, 1.125288418249839, 1.5033612156943843, 0.017855144310507574, 0.23451688284198158, 1.9109347352352148, 0.021900393633043413, -0.40891974118590063, -0.32147384635734144, -0.05247052766840924, -0.06821227035733793, -0.7229468057946081, 0.10925022910497466]",g003_c5c0eb7122fe232d,,,,,True,,11,-0.02542054199999999,0.0295750756,707.5354000000007,0.03899857756789956,0.0295750756,1.299952585596652,0.5817437020072838,0.7822318105933131,0.023466954317799393,1,0.6286599039749493,0.0,-0.34463305385903287,0,0,0,0,1,1,True,True,True,True,10000.0,True,1.0,1.0,0.25,0.026144367994293163,0.031977587882620555,0.04130489201791649,0.15526558295847967,0.6493962749777795,0.14938721607299435,0.15212333343717507,0.41,768.5164844989777,1,True,True,0.25,2,1,1,True,True,1.0,10,10,1,True,True,1.0,10,10,3,POSITION_40MM_SPEED_FAIL,False,False,0.5508632308126276,72.31920334020276,3000072.31920334,0.0075933445603245135,0.5771126548343528,0.6666666666666666,0.41071790315738776,0.1701438762892629,0.023469030730612527,163
3,g003_3b10b09cb25191c8,39,gaussian_0648,gaussian,2.839083213720531,"[2.038898971032375, 1.0757877006487409, 0.35571061731639775, 1.2753469814246652, 2.421383470844708, -0.02195946657904238, 0.20204727602408853, 1.8465421174065457, -0.08553578182744828, -0.7393291436267111, -0.40656963682581987, 0.16135124843388923, -0.12522407226303123, 0.7376522663780515, -0.17636628202060678]",g003_3b10b09cb25191c8,,,,,True,,11,-0.024736725000000015,0.0303712915,986.2145000000019,0.03917040861547908,0.0303712915,1.3056802871826363,0.5817437020072838,0.7821680316883032,0.023465040950649094,1,0.6285952943046805,0.0,-0.34452341983155665,0,0,0,0,1,1,True,False,True,False,10000.0,True,1.0,1.0,0.0,0.026089120334728263,0.032291353380483744,0.0415135363825248,0.15088933194732476,0.6525337852333157,0.1417448987757511,0.1440609662889091,0.41369999999999996,775.7088959217072,1,True,False,0.0,2,0,1,True,True,1.0,10,10,1,True,True,1.0,10,10,3,POSITION_40MM_SPEED_FAIL,False,False,0.5488842960316966,72.63275381849819,3000072.6327538183,0.008100184048087617,0.4531092856357391,1.0,0.42426843052093316,0.19807510855403226,0.09687287592017023,164
3,g003_f813f009373363d9,3,gaussian_0170,gaussian,2.6994204555032995,"[2.0511125605559832, 1.6224637035065719, 0.4667565663970638, 0.9888686475753621, 1.774065070688376, -0.18205109062520414, 0.34215772812184886, 1.89445077578383, -0.26981849339309594, -0.5746274524951527, -0.21250963249581448, -0.0861669340655237, -0.05220323874996821, -0.9268707715140139, -0.05495421354223725]",g003_f813f009373363d9,,,,,True,,11,-0.023524720000000054,0.0301007076,967.8752000000022,0.03820294555527231,0.0301007076,1.273431518509077,0.5817437020072838,0.7821881186976404,0.02346564356092921,1,0.6285433906621306,0.0,-0.3445579487989832,0,0,0,0,1,1,True,False,True,False,10000.0,True,1.0,1.0,0.0,0.02469609072299237,0.03228661039537995,0.04064876514509791,0.1493010086157294,0.6497102107435649,0.14670822226479371,0.15055288051784554,0.41,782.5014274120331,1,True,False,0.0,2,0,1,True,True,1.0,10,10,1,True,True,1.0,10,10,3,POSITION_40MM_SPEED_FAIL,False,False,0.5600263237739357,75.19150388987866,3000075.19150389,0.008606185914507262,0.49861831791797906,1.0,0.4250809300153985,0.16919900960218404,0.030923071632962457,165
3,g003_c80476d89047bbfa,10,gaussian_0610,gaussian,2.7587062469804295,"[1.8779056874516875, 1.4349909554127764, 0.6511627590322049, 1.1084448987013376, 1.7746140202721645, 0.06485851271147877, 0.4948825301331786, 1.8792998452482819, -0.15804629650181454, -0.5406271655239667, -0.7830567444466456, -0.0929351742982519, -0.43279809769098043, 0.6827995659845575, -0.09045760784385874]",g003_c80476d89047bbfa,,,,,True,,11,-0.025182621999999988,0.0292873214,1005.7515000000021,0.03862527211013252,0.0292873214,1.287509070337751,0.5817437020072838,0.7822132387510362,0.023466397162531086,1,0.6286367055528778,0.0,-0.3446011294184023,0,0,0,0,1,1,True,True,True,True,10000.0,True,1.0,1.0,0.25,0.025835983925099695,0.03179483113552517,0.040968394553784634,0.1559567196246139,0.6511066060616227,0.15758694186033528,0.16013059380225927,0.41,759.9950873851776,1,True,True,0.25,2,1,1,True,True,1.0,10,10,1,True,True,1.0,10,10,3,POSITION_40MM_SPEED_FAIL,False,False,0.5551624954955402,78.49524476833597,3000078.4952447684,0.007164290266484748,0.6746842782159952,0.6666666666666666,0.42479422163565944,0.20915328879731093,0.009757496062020464,166
3,g003_e33c02e5e2b1b7fc,5,gaussian_0664,gaussian,2.7231183013011515,"[2.076563587994846, 1.4621362205477577, 0.3172636205877467, 1.0422587227746265, 2.0735217324263875, -0.06999453613569719, 0.103803646760385, 2.075650855003883, -0.15819545127940932, -0.2717911786334836, -0.49478252098939124, 0.17883344223178077, 0.15843125807122507, -0.13459784890387744, -0.26970932483081156]",g003_e33c02e5e2b1b7fc,,,,,True,,11,-0.023222038999999972,0.0304099925,947.2670000000035,0.03826265462781661,0.0304099925,1.2754218209272203,0.5817437020072838,0.7821924409681981,0.023465773229045944,1,0.6285814529785865,0.0,-0.34456537865261594,0,0,0,0,1,1,True,False,True,False,10000.0,True,1.0,1.0,0.0,0.0244859587411907,0.03258707184892018,0.040761249087362124,0.16008040720062622,0.6505184556220335,0.14442991267996194,0.14887346166693877,0.41185000000000005,736.1671557426453,1,True,False,0.0,2,0,1,True,True,1.0,10,10,1,True,True,1.0,10,10,3,POSITION_40MM_SPEED_FAIL,False,False,0.559338669464313,81.99888112733538,3000081.998881127,0.010024910762984488,0.5998270584702791,1.0,0.41657119182348984,0.1840425571011483,0.05467367645358571,167
3,g003_435fe33f9e8ce6c4,16,gaussian_0273,gaussian,2.781033549182813,"[1.6910236964382772, 1.5004850942552244, 0.3298516250975511, 1.2725164358861858, 1.6459112307633386, -0.3436791055078497, 0.3471865587112214, 2.1917840050852275, -0.12550383365071116, -0.6738040937107795, -0.23242437317483466, 0.005062329175800448, -0.40606181575971256, -0.15278923900439081, -0.1547354248500728]",g003_435fe33f9e8ce6c4,,,,,True,,11,-0.023828415999999963,0.0306137741,1096.2257000000027,0.03879428532290401,0.0306137741,1.2931428440968002,0.5817437020072838,0.7823737182605287,0.02347121154781586,1,0.6290271129438635,0.0,-0.3448769888887133,0,0,0,0,1,1,True,False,True,False,10000.0,True,1.0,1.0,0.0,0.025149416228572783,0.03275665852068106,0.04129760058500381,0.1581078215962845,0.6503096825288318,0.14744205134324032,0.15127702399564555,0.41,785.5773630142212,1,True,False,0.0,2,0,1,True,True,1.0,10,10,1,True,True,1.0,10,10,3,POSITION_40MM_SPEED_FAIL,False,False,0.5532160130064803,82.43745235640982,3000082.4374523563,0.011144571045007694,0.6005852120515633,1.0,0.41600037761731057,0.1737473641038085,0.04437843170190818,168
3,g003_b88a9cb17d243ae3,8,gaussian_0398,gaussian,2.752010037598305,"[1.8242488973399744, 1.624430880193147, 0.24170547528465774, 1.3467621321281162, 1.8382951452078609, -0.07059503092654953, 0.42562122542835695, 1.7477727651885193, -0.29254578086744093, -0.45552072564278284, -0.458716061126522, 0.1260285127145807, -0.8471413042615699, 0.25655729123464777, -0.21724693499208947]",g003_b88a9cb17d243ae3,,,,,True,,11,-0.02528948799999997,0.029346636,1099.5599000000002,0.0387399438282845,0.029346636,1.2913314609428168,0.5817437020072838,0.782398382365274,0.023471951470958218,1,0.6290909831137373,0.0,-0.3449193857460583,0,0,0,0,1,1,True,True,True,True,10000.0,True,1.0,1.0,0.25,0.02582107188482496,0.031945861873760556,0.04107634165963038,0.16299911316379143,0.6495692010161037,0.15869643552893312,0.1614026796347722,0.41,774.6755747795105,1,True,True,0.25,2,1,1,True,True,1.0,10,10,1,True,True,1.0,10,10,3,POSITION_40MM_SPEED_FAIL,False,False,0.553841850276666,85.10891538023093,3000085.10891538,0.007994064698071403,0.7739177325754664,0.6666666666666666,0.4169379647715671,0.1716323682336558,0.04390404694643623,169
3,g003_835a0e417f11a9b4,104,gaussian_0460,gaussian,2.942452640626304,"[1.8836258236591112, 1.319518907797356, 0.31731073252364994, 1.2580889689605697, 1.812754735743206, 0.016593662831313458, 0.25275325421552663, 1.1482266215961745, -0.07592336700864749, -0.42654359047814905, 0.26793728837330777, 0.09300006880017306, -0.6004193809332806, 0.48594155709200093, -0.14253755999071657]",g003_835a0e417f11a9b4,,,,,True,,11,-0.027161957999999986,0.0296578135,988.8213000000032,0.04021638800283468,0.0296578135,1.3405462667611563,0.5817437020072838,0.7822505489012418,0.023467516467037253,1,0.6287462143321891,0.0,-0.3446652644491329,0,0,0,0,1,1,True,True,True,True,10000.0,True,1.0,1.0,0.25,0.027750284945852858,0.03208022500730306,0.04241720348037127,0.170239726174356,0.6511307187667784,0.15205493688965988,0.15330995328668812,0.41165,768.0789399147034,1,True,True,0.25,2,1,1,True,True,1.0,10,10,1,True,True,1.0,10,10,3,POSITION_40MM_SPEED_FAIL,False,False,0.53683801557812,86.05340302220395,3000086.0534030222,0.008009331243329922,0.7775570252477381,0.6666666666666666,0.3894481095262849,0.11588017021021584,0.011416489699062227,170
3,g003_2bcd33f47e308299,87,gaussian_0071,gaussian,2.9220718698583212,"[1.9536138740491271, 1.6046673987414077, 0.5305652627930387, 1.453064246008965, 2.0137992084371663, 0.26890017884198697, 0.48306003089899063, 1.160173548452069, -0.03327047327629257, -0.5699716268315245, -0.6059680949660428, -0.3272846424890496, 0.1287713228376385, 0.8159496880204591, 0.1558267381688205]",g003_2bcd33f47e308299,,,,,True,,11,-0.02815079899999995,0.0288476461,918.4694000000018,0.04030699901815122,0.0288476461,1.3435666339383738,0.5817437020072838,0.7822457274549686,0.023467371823649056,1,0.6287001663859199,0.0,-0.3446569765273959,0,0,0,0,1,1,True,True,True,True,10000.0,True,1.0,1.0,0.25,0.027764331961358274,0.031423153793060224,0.04193176270517155,0.16169200334190809,0.6501090559500992,0.1632894838913861,0.16414825689553386,0.41,752.3116099834442,1,True,True,0.25,2,1,1,True,True,1.0,10,10,1,True,True,1.0,10,10,3,POSITION_40MM_SPEED_FAIL,False,False,0.5357944713975354,86.70990805067404,3000086.7099080505,0.005752960471781838,0.7920902139073402,0.6666666666666666,0.39943490286278993,0.17470771324338258,0.06948875634303421,171
3,g003_47980882aa6f96dd,148,gaussian_0436,gaussian,3.158533084878546,"[1.8959805791925797, 1.211399387004731, 0.26761405674386285, 1.1846923356125436, 1.8048115071588127, 0.18107750709090648, 0.3039948026909566, 1.1994413510869577, -0.2638403529055844, -0.3744538506675708, -0.40095399596334025, 0.39769759847613323, 0.7970509749707025, -0.115964371344632, 0.048054123798412715]",g003_47980882aa6f96dd,,,,,True,,11,-0.029979933999999986,0.0303538753,548.1440000000002,0.04266326509272708,0.0303538753,1.4221088364242362,0.5817437020072838,0.7822519849637611,0.023467559548912834,1,0.6287657301853643,0.0,-0.3446677329975923,0,0,0,0,1,1,True,False,True,False,10000.0,True,1.0,1.0,0.0,0.0291085825907236,0.03260888483072565,0.0437109705948576,0.16672639973792172,0.6521782995203746,0.14652211856126166,0.14750236138621609,0.41259999999999997,780.0868010520935,1,True,False,0.0,2,0,1,True,True,1.0,10,10,1,True,True,1.0,10,10,3,POSITION_40MM_SPEED_FAIL,False,False,0.5086579500657444,88.52568209884814,3000088.5256820987,0.010256577115032691,0.6708886759251592,1.0,0.38217547419867826,0.1622117146932337,0.00605186270666077,172
3,g003_111f426c062346f1,19,gaussian_0524,gaussian,2.7827779723835695,"[2.170958617404266, 1.4523782946895942, 0.4539832521421799, 1.14488220969907, 1.8442550237191095, 0.15468623288532976, 0.014441240184187742, 1.5030037884746186, 0.008796105947844024, -0.1495154436797379, -0.3045299262277933, -0.3337139607406606, 0.5612450416811897, -0.6400703289749928, -0.015186702765883917]",g003_111f426c062346f1,,,,,True,,11,-0.026451674000000036,0.0286529029,850.6211000000003,0.03899589596353835,0.0286529029,1.2998631987846117,0.5817437020072838,0.7820867834694389,0.023462603504083166,1,0.6283109826907112,0.0,-0.34438375657678677,0,0,0,0,1,1,True,True,True,True,10000.0,True,1.0,1.0,0.25,0.02677832962479774,0.031244117555433146,0.04114940849285741,0.17316508928603602,0.6493403845161233,0.15320955575354514,0.15552819479933588,0.4117,736.2100677490234,1,True,True,0.25,2,1,1,True,True,1.0,10,10,1,True,True,1.0,10,10,3,POSITION_40MM_SPEED_FAIL,False,False,0.550894114172846,89.42484321205552,3000089.424843212,0.004916216298354049,0.8436510707906616,0.6666666666666666,0.410539959021894,0.1590533096706986,0.019040262384555088,173
3,g003_a153c72744cb5ad6,65,gaussian_0606,gaussian,2.882863896424492,"[2.0018120531027472, 1.2211840042551074, 0.4989618050237934, 1.0376537576102491, 2.043500377218, -0.06299050349672144, -0.052245827146551654, 2.2183604807378874, -0.24524547766603227, -0.8430060113499704, -0.34474195973885036, 0.1769524767785947, -0.7265018378493912, 0.7175037052368604, -0.2969739285694241]",g003_a153c72744cb5ad6,,,,,True,,11,-0.022199867999999956,0.032579934,1122.1304000000018,0.03942443707476085,0.032579934,1.3141479024920284,0.5817437020072838,0.7821471782765667,0.023464415348297,1,0.6285128948465709,0.0,-0.34448757344136016,0,0,0,0,1,1,True,False,True,False,10000.0,True,1.0,1.0,0.0,0.024489007263215883,0.03349649645400906,0.04149369532147362,0.1749787620305481,0.6515793075220251,0.13750203009839979,0.14338335034141475,0.41185000000000005,755.0356357097626,1,True,False,0.0,2,0,1,True,True,1.0,10,10,1,True,True,1.0,10,10,3,POSITION_40MM_SPEED_FAIL,False,False,0.5459587144182438,92.52596260954681,3000092.5259626093,0.014280005214935113,0.7503929842479491,1.0,0.4399292184886063,0.1944608969314445,0.07740099161023922,174
3,g003_aa0d049926a6ee85,161,gaussian_0513,gaussian,3.287098069707323,"[1.4152045746550834, 1.4678785477821754, 0.2601866989447757, 1.3764849273255122, 2.140350755099971, -0.15874257232327724, -0.1339120220916491, 1.6376883960984399, -0.2178483109282002, -1.0458145829285859, -0.39443757685800546, 0.3120984763805806, -1.172733053385777, 0.5830731821499108, -0.3171984910057089]",g003_aa0d049926a6ee85,,,,,True,,11,-0.021286165999999995,0.0376362426,1145.7048000000032,0.0432387282424635,0.0376362426,1.44129094141545,0.5817437020072838,0.7825597173318158,0.023476791519954472,1,0.6294942734568884,0.0,-0.3451967157214153,0,0,0,0,1,1,True,False,True,False,10000.0,True,1.0,1.0,0.0,0.02336444711783542,0.03700712709996806,0.04376556689128245,0.18025635418878133,0.6513859143924272,0.10673552041536273,0.12049736695487667,0.41,771.823736667633,1,True,False,0.0,2,0,1,True,True,1.0,10,10,1,True,True,1.0,10,10,3,POSITION_40MM_SPEED_FAIL,False,False,0.5020304862971235,92.63037736190927,3000092.630377362,0.05468558354798973,0.6861224439757987,1.0,0.43335164424102696,0.18175754317040732,0.07668732972006019,175
3,g003_1110de04e9781b52,80,gaussian_0643,gaussian,2.9040183065458063,"[1.76444815104436, 1.1476350139360325, 0.22249192122283107, 1.2045154244398415, 1.9788931813182866, 0.12577118075042004, 0.4477216805905298, 1.5993988507475985, 0.008837213253343162, -0.7390244853449079, 0.1670822361252865, -0.10351155375516422, -0.8290083760406476, -0.2948107922297048, -0.27876576300795]",g003_1110de04e9781b52,,,,,True,,11,-0.024965537000000038,0.0306438738,1060.0613000000012,0.03952625759123544,0.0306438738,1.317541919707848,0.5817437020072838,0.7823606504695031,0.02347081951408509,1,0.6290561839374688,0.0,-0.34485452574733244,0,0,0,0,1,1,True,False,True,False,10000.0,True,1.0,1.0,0.0,0.026368412044347957,0.03278528051276703,0.04207336178678067,0.16812137158305945,0.6535344481050889,0.1518271037941885,0.15493730605862177,0.41245,783.8398694992065,1,True,False,0.0,2,0,1,True,True,1.0,10,10,1,True,True,1.0,10,10,3,POSITION_40MM_SPEED_FAIL,False,False,0.5447860732436584,93.66053436993798,3000093.6605343698,0.011357006445357287,0.7658628863335939,1.0,0.4133523184557327,0.14226302043123268,0.0276728384722526,176
3,g003_0e0239dc60b0279b,28,gaussian_0304,gaussian,2.8094887791912457,"[1.8831526722751684, 1.4214221583837836, 0.5053442393326293, 1.3966778092865049, 1.5752416885846388, -0.3065961119890414, 0.29947790939597774, 1.8073059519702876, -0.17031037107000832, -0.47244912559644386, -0.4455575991079229, -0.2614434329566371, -0.41250618852611803, 0.1478835377315684, -0.2704940979343025]",g003_0e0239dc60b0279b,,,,,True,,11,-0.02744707099999999,0.0281938633,1276.238300000001,0.039347625522490264,0.0281938633,1.3115875174163423,0.5817437020072838,0.7822002974206158,0.02346600892261847,1,0.6285984884741355,0.0,-0.3445788836590142,0,0,0,0,1,1,True,True,True,True,10000.0,True,1.0,1.0,0.5,0.027578312016690844,0.030988674916152033,0.041483264899823215,0.17241159140032783,0.650303273126108,0.17189703987998994,0.1733372025803451,0.41119999999999995,769.8381071090698,1,True,True,0.5,2,2,1,True,True,1.0,10,10,1,True,True,1.0,10,10,3,POSITION_40MM_SPEED_FAIL,False,False,0.546843333667831,95.49629416667241,3000095.496294167,0.004777399823877798,1.0621783851438604,0.3333333333333333,0.4112425752958689,0.17876026099249473,0.018328644065716264,177
3,g003_9eb3f30171036a48,66,gaussian_0277,gaussian,2.883151066350037,"[1.8702020031349251, 1.2049579888338329, 0.2803165768939214, 1.0823543960300037, 2.0541663819798472, 0.03600217449726811, 0.23909736710328655, 1.626837871888243, -0.24874278909265207, -0.04250322369019832, -0.4836738224942726, 0.09389096433362805, 0.2649047175428674, -0.07166325397205695, 0.421625363698243]",g003_9eb3f30171036a48,,,,,True,,11,-0.02623033100000005,0.0301263596,640.190300000002,0.03994531020180061,0.0301263596,1.3315103400600203,0.5817437020072838,0.7822813733329389,0.023468441199988168,1,0.6288502322191881,0.0,-0.34471825072400064,0,0,0,0,1,1,True,False,True,False,10000.0,True,1.0,1.0,0.0,0.02640641929955758,0.03268676591064114,0.042020514584201585,0.17667421135689992,0.6525117641128108,0.14249187774117253,0.14731664470388775,0.41240000000000004,751.252941608429,1,True,False,0.0,2,0,1,True,True,1.0,10,10,1,True,True,1.0,10,10,3,POSITION_40MM_SPEED_FAIL,False,False,0.5399599501549103,96.59946332343749,3000096.5994633236,0.011371619107834833,0.8117799553236508,1.0,0.39835817044394195,0.16645194080542197,0.027840835097265496,178
3,g003_999c7c03a71f8969,7,gaussian_0510,gaussian,2.7350678491586047,"[1.8747950400401225, 1.3969452309703363, 0.5043533350589743, 1.207872553972571, 1.9378556332699501, -0.09998307889844715, 0.22724458800451466, 1.7575095744919658, -0.13647768306121102, -0.626897495192732, -0.2599841433887586, 0.003559510680590003, -0.6068073805069226, 0.8196282334950249, -0.11081071909088379]",g003_999c7c03a71f8969,,,,,True,,11,-0.023637094999999997,0.0300945371,1100.3177000000032,0.038267393735428354,0.0300945371,1.2755797911809452,0.5817437020072838,0.78220318328577,0.0234660954985731,1,0.62860681616896,0.0,-0.34458384437477996,0,0,0,0,1,1,True,False,True,False,10000.0,True,1.0,1.0,0.0,0.02516242545364615,0.0322022003546715,0.04086721623003829,0.17239312947852553,0.6508439372540097,0.15208229888971508,0.15548978688251625,0.41005,772.629367351532,1,True,False,0.0,2,0,1,True,True,1.0,10,10,1,True,True,1.0,10,10,3,POSITION_40MM_SPEED_FAIL,False,False,0.5592840903587581,97.02703134268806,3000097.0270313425,0.008043740758228187,0.8319881643961633,1.0,0.4251401883917493,0.1727391594314504,0.031026812381248558,179
3,g003_ab7671dec6a2c580,143,gaussian_0080,gaussian,2.976733660926609,"[1.553942271273403, 1.3185296264261561, 0.5163169802685468, 1.2196262334296275, 1.781757850107716, 0.13441812475840967, 0.12334739253717666, 1.714650909674054, -0.1768268222338316, -0.544432002386443, 0.1296422855326036, 0.0712427972246289, 0.22032665089791106, 0.1380276320294098, -0.09265098444435987]",g003_ab7671dec6a2c580,,,,,True,,11,-0.022907212999999982,0.032700476,891.170100000003,0.03992570021995787,0.032700476,1.3308566739985956,0.5817437020072838,0.7824275540592622,0.023472826621777867,1,0.6291969990457261,0.0,-0.34496953101430533,0,0,0,0,1,1,True,False,True,False,10000.0,True,1.0,1.0,0.0,0.0248277741027001,0.03438471794286242,0.042411404066653,0.18049311153244296,0.6537884534887284,0.13377606036643755,0.14260831711597186,0.41,757.3803050518036,1,True,False,0.0,2,0,1,True,True,1.0,10,10,1,True,True,1.0,10,10,3,POSITION_40MM_SPEED_FAIL,False,False,0.5401857933635077,98.72080527263279,3000098.7208052725,0.022859787233561028,0.8294609691629521,1.0,0.39134029387561864,0.14368971165930886,0.0,180
3,g003_d43959e3155969f0,27,gaussian_0733,gaussian,2.807759515228989,"[1.7647796298501601, 1.3438512677775911, 0.2238476836615114, 1.3273991620146828, 1.8633202165950007, 0.18893529137281387, 0.6371318670074761, 1.5483791804878475, -0.13655905302340948, -0.7594830058738077, -0.40980555515107253, 0.10458385264294251, -0.5071697791250519, 0.30903159607709196, 0.4056783556772436]",g003_d43959e3155969f0,,,,,True,,11,-0.027030640999999966,0.0284061683,652.4950000000026,0.0392118088126371,0.0284061683,1.30706029375457,0.5817437020072838,0.7823497144385178,0.023470491433155532,1,0.6289922691421285,0.0,-0.34483572703761267,0,0,0,0,1,1,True,True,True,True,10000.0,True,1.0,1.0,0.25,0.02722555949378041,0.03119904669297065,0.04140786886932893,0.16667985402806776,0.6515645014973582,0.17518171346879322,0.17677826765790475,0.41135,771.2777705192566,1,True,True,0.25,2,1,1,True,True,1.0,10,10,1,True,True,1.0,10,10,3,POSITION_40MM_SPEED_FAIL,False,False,0.5484075004161926,102.01104945697621,3000102.011049457,0.005602901309090758,1.0341105317753285,0.6666666666666666,0.4137079853085208,0.17003097681011525,0.018143166126587475,181
3,g003_fe52b576df69f345,9,gaussian_0546,gaussian,2.752817265295718,"[1.9686743208046087, 1.4267551037816757, 0.28865474068695046, 1.1352467498521255, 1.997153254053139, -0.07827165778880506, 0.48451634360460694, 1.4625335417766618, 0.029159234941122714, -0.41283389555258343, -0.023143417139102118, -0.17900602514098907, -0.38891193341088526, -0.6780926837542607, 0.008262354768951114]",g003_fe52b576df69f345,,,,,True,,11,-0.025754526000000055,0.0288016553,912.332400000003,0.03863717067157864,0.0288016553,1.2879056890526215,0.5817437020072838,0.7822248779260604,0.02346674633778181,1,0.6286654583674535,0.0,-0.3446211368116651,0,0,0,0,1,1,True,True,True,True,10000.0,True,1.0,1.0,0.25,0.026328469479048634,0.03160013493194472,0.0411309716980563,0.18188005691601114,0.6505743160327301,0.1671863997516113,0.17025339960740382,0.41165,763.9812595844269,1,True,True,0.25,2,1,1,True,True,1.0,10,10,1,True,True,1.0,10,10,3,POSITION_40MM_SPEED_FAIL,False,False,0.5550254627682163,110.31153010336783,3000110.3115301034,0.006855859124564941,1.163988387696679,0.6666666666666666,0.4043477082545507,0.1401695666518281,0.03582479395003068,182
3,g003_26fd70e6f49d324f,136,gaussian_0154,gaussian,2.9723546400098475,"[2.1038896648787473, 1.5224082635763856, 0.6593943323693352, 1.2653278110546302, 1.5402294390262383, -0.02719481503605626, 0.6180438222759836, 1.4336659029706718, -0.05279268447449778, -0.8867938591023905, -0.66239361821999, -0.04927149399332883, 0.18045778868387372, -0.03047661388324871, 0.024021275116456166]",g003_26fd70e6f49d324f,,,,,True,,11,-0.030249543000000045,0.0280720815,766.399300000001,0.04126834878513428,0.030249543000000045,1.3756116261711426,0.5817437020072838,0.7821396203963477,0.02346418861189043,1,0.6284490111633889,0.0,-0.34447458167162903,0,0,0,0,1,1,True,False,True,False,10000.0,True,1.0,1.0,0.25,0.029366316849015188,0.030650775464014943,0.042448210820035914,0.15891904525514058,0.650098335330523,0.18150892699540908,0.18239798727163153,0.41,748.7847883701324,1,True,False,0.25,2,0,1,True,True,1.0,10,10,1,True,True,1.0,10,10,3,POSITION_40MM_SPEED_FAIL,False,False,0.5247228489095089,110.36286431312425,3000110.362864313,0.003663258925206712,1.0260882200193253,1.0,0.40422357793315544,0.1893387470713629,0.027602530542905308,183
3,g003_cd81bd688ad362f2,168,gaussian_0078,gaussian,2.981811544649482,"[1.9932705278161884, 1.6428666097254907, 0.3779162718624464, 1.154844275078572, 1.6588374704589766, 0.01598382788463146, 0.30793617941426155, 1.0079310646090471, 0.13152870040480133, 0.021102298696779487, 0.14207743686719843, -0.29486103690871557, -0.3402866602002079, -0.5678310140130373, -0.1637246276739932]",g003_cd81bd688ad362f2,,,,,True,,11,-0.028272900000000045,0.0293822412,965.4546000000009,0.04077588714356783,0.0293822412,1.3591962381189275,0.5817437020072838,0.7822710402098784,0.023468131206296348,1,0.628759627086046,0.0,-0.34470048839494594,0,0,0,0,1,1,True,True,True,True,10000.0,True,1.0,1.0,0.25,0.027977465273849325,0.03216150837488308,0.042627469829877536,0.19297787938253372,0.6497528489016139,0.16182142381680417,0.16432990485925428,0.41005,715.0363883972168,1,True,True,0.25,2,1,1,True,True,1.0,10,10,1,True,True,1.0,10,10,3,POSITION_40MM_SPEED_FAIL,False,False,0.5303944052696549,118.7161817717618,3000118.716181772,0.009055082182144836,1.2783222713673692,0.6666666666666666,0.3732938700387967,0.11273622754249531,0.029620928877529477,184
3,g003_83e85ae730228076,59,gaussian_0246,gaussian,2.8754571771394724,"[2.2281825249780995, 1.5685422274581458, 0.5207616711551988, 1.0360519124020502, 1.5883015630669604, 0.2054063494455895, 0.36897167187456037, 1.7085604613727225, -0.05883964262657852, -0.1907644921769402, -0.8899407634498013, 0.18815883529625418, -0.0043578255714047665, -0.18960958844148335, -0.24553500651867197]",g003_83e85ae730228076,,,,,True,,11,-0.02850222300000005,0.0282285784,693.2577000000019,0.040115201039340166,0.02850222300000005,1.3371733679780056,0.5817437020072838,0.7820969919670466,0.0234629097590114,1,0.6283291147119905,0.0,-0.3444013046784206,0,0,0,0,1,1,True,True,True,True,10000.0,True,1.0,1.0,0.25,0.027903880773497883,0.03102454006638612,0.041727073328384566,0.18927952274222581,0.649122421581883,0.16999139453344309,0.17212995514536342,0.41095,729.6316695213318,1,True,True,0.25,2,1,1,True,True,1.0,10,10,1,True,True,1.0,10,10,3,POSITION_40MM_SPEED_FAIL,False,False,0.5380033602830309,120.50103382861201,3000120.5010338286,0.004753498010623255,1.3173563610351753,0.6666666666666666,0.40882555239238366,0.19193736321228633,0.03010963633863393,185
3,g003_22d6fd4f03ff94ec,4,gaussian_0570,gaussian,2.71357278695047,"[2.0259122753899383, 1.266166539791961, 0.39487354723360335, 1.1357013882384, 1.8979856624636608, 0.14327115261872495, 0.35803847076333345, 1.7099983538582288, -0.04737125557847954, -0.4598623654942291, -0.25709609650617027, 0.16366352580853094, 0.08461438741925018, 0.19675128987780646, -0.2375718771893972]",g003_22d6fd4f03ff94ec,,,,,True,,11,-0.025930283,0.0279585131,842.769900000003,0.03813211286072358,0.0279585131,1.271070428690786,0.5817437020072838,0.7821430824776447,0.02346429247432934,1,0.6284861079709843,0.0,-0.34448053288568625,0,0,0,0,1,1,True,True,True,True,10000.0,True,1.0,1.0,0.5,0.026716673775579274,0.03092966582112438,0.04087083171942008,0.20011214257085944,0.6507973768616035,0.17932369912977317,0.18236040116336255,0.41235,765.4222812652588,1,True,True,0.5,2,2,1,True,True,1.0,10,10,1,True,True,1.0,10,10,3,POSITION_40MM_SPEED_FAIL,False,False,0.560842086029035,134.87348397703863,3000134.873483977,0.0048133345151599675,1.680567676991809,0.3333333333333333,0.40806855005421167,0.16506149839550263,0.015890507211396006,186
3,g003_596cc80219539830,37,gaussian_0042,gaussian,2.834820097297139,"[1.9016725622347193, 1.5479681463450352, 0.4814128191320838, 1.1954254887912603, 1.371040466006594, -0.15948785231245088, 0.6927447763247061, 1.818871916420123, -0.14394451260981228, -0.48092711596788024, -0.39833587256872227, 0.03644065294139807, -0.6324224466453746, 0.32006792256914285, -0.12071933128203972]",g003_596cc80219539830,,,,,True,,11,-0.02807181999999997,0.0278088112,1003.9764000000032,0.03951401091346769,0.02807181999999997,1.3171336971155896,0.5817437020072838,0.7822246548026377,0.02346673964407913,1,0.6286420237802528,0.0,-0.3446207532691842,0,0,0,0,1,1,True,True,True,True,10000.0,True,1.0,1.0,0.5,0.028009586222451435,0.031032749703559473,0.04180392893636568,0.20384947800731837,0.6498900337434279,0.19234096587383298,0.19458010168394885,0.41,775.4005873203278,1,True,True,0.5,2,2,1,True,True,1.0,10,10,1,True,True,1.0,10,10,3,POSITION_40MM_SPEED_FAIL,False,False,0.5449271151387456,154.30012266714357,3000154.300122667,0.005756621501440947,1.9730109716938595,0.3333333333333333,0.40661755921958925,0.17817648797286287,0.008894694555384986,187
3,g003_01306fce896ef603,12,gaussian_0002,gaussian,2.7759902989722014,"[1.8794168151406303, 1.3682181049171553, 0.5199004867835987, 1.175758737418048, 1.7089111844034515, 0.12500757437931215, 0.3404332338927944, 1.6965487958389898, -0.0111700234625835, -0.2551766665802343, -0.18562377725890983, 0.2623255009515155, 0.03207933566271762, -0.058387361395173865, -0.26288848900168854]",g003_01306fce896ef603,,,,,True,,11,-0.026147633999999975,0.0283815099,734.1447000000007,0.03859026908433981,0.0283815099,1.286342302811327,0.5817437020072838,0.7822046320507444,0.02346613896152233,1,0.6286217618309586,0.0,-0.3445863347583792,0,0,0,0,1,1,True,True,True,True,10000.0,True,1.0,1.0,0.25,0.026751623945844124,0.03145468807926525,0.04129221217013847,0.20980652592290422,0.650838019639973,0.1772117221082189,0.1814322819484016,0.41015,779.0755195617676,1,True,True,0.25,2,1,1,True,True,1.0,10,10,1,True,True,1.0,10,10,3,POSITION_40MM_SPEED_FAIL,False,False,0.5555656165039655,155.6149476525928,3000155.6149476524,0.0067112684588016445,1.86886896785814,0.6666666666666666,0.39798480578615597,0.1504680597520358,0.0,188
3,g003_d4622bb351f070d0,20,gaussian_0338,gaussian,2.790039841634812,"[1.9117339936399667, 1.3345261030720708, 0.23966091244127524, 1.239242350741482, 1.7569319316038012, -0.04692420668833566, 0.23428426018858908, 1.536027161949591, 0.005581386201438998, -0.1566611887291336, 0.057515605448254736, -0.5570690975207359, 0.9295231917282615, -0.8729478070332041, -0.2537313663804667]",g003_d4622bb351f070d0,,,,,True,,11,-0.026964226000000036,0.0281670473,1166.2402000000002,0.03899297420535545,0.0281670473,1.2997658068451816,0.5817437020072838,0.7822505401558852,0.023467516204676554,1,0.6287442836444613,0.0,-0.3446652494161269,0,0,0,0,1,1,True,True,True,True,10000.0,True,1.0,1.0,0.25,0.027267766531623952,0.0313557036904506,0.04155371518344044,0.2217138102932761,0.6508403253748994,0.1797359756281827,0.18409513143732348,0.42195,780.9839155673981,1,True,True,0.25,2,1,1,True,True,1.0,10,10,1,True,True,1.0,10,10,3,POSITION_40MM_SPEED_FAIL,False,False,0.5509277633239805,176.16651126936628,3000176.1665112693,0.006423332248031095,2.188624274756831,0.6666666666666666,0.4160749486799109,0.15158199171753237,0.007721512868474824,189
3,g003_a89a80b56ff53828,2,gaussian_0588,gaussian,2.64880719044744,"[1.9047020089429902, 1.4289071567773743, 0.4480756516107002, 1.299906441315856, 1.7560042870415045, 0.1120824583573593, 0.33425313107663357, 1.4851235059001402, -0.1489810574667628, -0.358694459932674, 0.17372142063080587, 0.30090236599526227, -0.1705935935276944, 0.2874406513599411, -0.046806862612747024]",g003_a89a80b56ff53828,,,,,True,,11,-0.02589698600000001,0.0271386259,739.9541000000027,0.03751211670413104,0.0271386259,1.2504038901377015,0.5817437020072838,0.7821980295082512,0.02346594088524754,1,0.6285882685921687,0.0,-0.3445749851855855,0,0,0,0,1,1,True,True,True,True,10000.0,True,1.0,1.0,0.5,0.02677242127392582,0.030522330084225537,0.04060018687936024,0.2378621878839451,0.6500265305278088,0.19942403649038165,0.20340996953483967,0.41035,702.8270134925842,1,True,True,0.5,2,2,1,True,True,1.0,10,10,1,True,True,1.0,10,10,3,POSITION_40MM_SPEED_FAIL,False,False,0.5679824251912963,216.9203704399655,3000216.92037044,0.004262558363417119,2.9699604647344637,0.3333333333333333,0.40336352086792565,0.12852814135812543,0.0012862832212419944,190
3,g003_8d7a795dc6e616d9,17,gaussian_0357,gaussian,2.7821293180061164,"[1.827162727513048, 1.6222311189649585, 0.3396434150353411, 1.2953183729203182, 1.626507271256019, 0.23273182210204557, 0.7033499076522152, 1.3512710663842011, 0.00487271966001715, -0.33241346913290815, -0.2770971386897597, -0.04881450463323802, -0.38026024414384324, -0.3084824954665367, 0.04092575952095764]",g003_8d7a795dc6e616d9,,,,,True,,11,-0.028301977000000034,0.0269691625,724.6162000000004,0.039093958971431086,0.028301977000000034,1.3031319657143696,0.5817437020072838,0.7823407573606502,0.023470222720819507,1,0.6289372092274654,0.0,-0.344820330089031,0,0,0,0,1,1,True,True,True,True,10000.0,True,1.0,1.0,0.5,0.02786774971544139,0.030533532404507006,0.0413389413906496,0.2321461358036227,0.6494017113046084,0.21081574173597362,0.21349158782670258,0.41,781.1814248561859,1,True,True,0.5,2,2,1,True,True,1.0,10,10,1,True,True,1.0,10,10,3,POSITION_40MM_SPEED_FAIL,False,False,0.5497647472756801,221.66321751294635,3000221.663217513,0.004773801918134164,3.0342941715255627,0.3333333333333333,0.39481760792505766,0.13277146595611822,0.01469331319064938,191
3,g003_238d4eb4630c58f0,118,gaussian_0649,gaussian,2.9549064766640085,"[1.759731599341436, 1.396949995353296, 0.29642844273487023, 1.5132268280111436, 1.432569420886154, -0.04564739042021959, 0.47384860840186693, 1.5515717737274615, -0.2263506636960044, -0.220746718320262, -0.40067616844502385, -0.07731807364366763, 0.04015677017162009, -0.052156757342589344, -0.060702934540730544]",g003_238d4eb4630c58f0,,,,,True,,11,-0.030810762999999963,0.0269144073,954.8734000000004,0.040910737428607416,0.030810762999999963,1.3636912476202474,0.5817437020072838,0.782338124439151,0.02347014373317453,1,0.6289561735519628,0.0,-0.34481580417583213,0,0,0,0,1,1,True,False,True,False,10000.0,True,1.0,1.0,0.0,0.029743011099029118,0.03053438049634389,0.042626225513555334,0.2518515403244837,0.6510331015736007,0.22326324364377548,0.22538631989806665,0.41225,789.9483134746552,1,True,False,0.0,2,0,1,True,True,1.0,10,10,1,True,True,1.0,10,10,3,POSITION_40MM_SPEED_FAIL,False,False,0.5288413685918113,292.72575169995235,3000292.7257517,0.004959448667182049,3.87806195164986,1.0,0.3856620555773854,0.1510368739138053,0.0,192
