stage,generation,candidate_id,population_index,source_name,source_type,linear_prefilter_score,proposal_rank_score,parameter_vector,validation_id,predicted_final3_box_max_error_m,predicted_terminal_velocity_m_per_s,predicted_late_velocity_rms_m_per_s,predicted_corner_max_violation,predicted_corner_sum_violation,candidate_label,candidate_n_modes,candidate_target_fraction,sequence_scale,success,failure_reason,n_trajectory_steps,terminal_R_error_m,terminal_Z_error_m,terminal_Ip_error_A,terminal_RZ_euclidean_error_m,terminal_RZ_box_max_error_m,terminal_normalized_RZ_distance,min_normalized_RZ_distance,min_normalized_RZ_distance_after_step0,min_RZ_euclidean_error_after_step0_m,closest_step_after_step0,closest_velocity_after_step0_m_per_s,relative_distance_reduction,relative_distance_reduction_after_step0,first_step_within_2x_RZ_only,first_step_within_1x_RZ_only,first_step_within_2x,first_step_within_1x,first_step_after_step0_within_2x,first_step_after_step0_within_1x,terminal_within_2x_RZ_only,terminal_within_1x_RZ_only,terminal_within_2x,terminal_within_1x,gate_ip_tolerance_A,terminal_Ip_safe,late_Ip_safe_fraction,late_fraction_within_2x,late_fraction_within_1x,late_R_rms_m,late_Z_rms_m,late_RZ_euclidean_rms_m,terminal_velocity_m_per_s,max_velocity_m_per_s,late_velocity_mean_m_per_s,late_velocity_rms_m_per_s,max_current_utilization,wall_time_s,first_step_after_step0_within_30mm,ever_after_step0_within_30mm,terminal_within_30mm,late_fraction_within_30mm,longest_streak_after_step0_within_30mm_steps,trailing_streak_within_30mm_steps,first_step_after_step0_within_40mm,ever_after_step0_within_40mm,terminal_within_40mm,late_fraction_within_40mm,longest_streak_after_step0_within_40mm_steps,trailing_streak_within_40mm_steps,first_step_after_step0_within_80mm,ever_after_step0_within_80mm,terminal_within_80mm,late_fraction_within_80mm,longest_streak_after_step0_within_80mm_steps,trailing_streak_within_80mm_steps,gate_tier,gate_label,strict_gate_pass,relaxed_gate_pass,terminal_RZ_reduction_vs_zero_action_fraction,continuous_objective,selection_score,position_excess_objective,velocity_excess_objective,precise_streak_deficit,action_rms,delta_action_rms,repair_excess_rms,stage2_legacy_selection_score,stage2_legacy_continuous_objective,stage2_2_final3_box_errors_m,stage2_2_final3_box_max_error_m,stage2_2_final3_box_mean_error_m,stage2_2_terminal_box_error_m,stage2_2_final3_R_abs_max_error_m,stage2_2_final3_Z_abs_max_error_m,stage2_2_position_violation,stage2_2_terminal_speed_violation,stage2_2_late_speed_violation,stage2_2_ip_violation,stage2_2_max_violation,stage2_2_sum_violation,stage2_2_l2_violation,stage2_2_quality,stage2_2_selection_score,generation_rank,source_stage,source_run,source_generation_group,vector,vector_digest
Stage2.2,3,s22g003_da81ee67066f0a3d,13,probe_c0_h12_p,multi_center_probes,2.9445598166250857,47.21037394366272,"[2.3911854335466187,1.204177336495726,0.471384395947247,1.2590421768972369,1.8182990748969636,0.1140883421788616,-0.31533565205519465,2.2669868817729637,-0.19295008593500526,-1.120668045737754,-1.409063758469233,0.18220407007822167,-0.5390044086987542,-0.2430580047699112,-0.022731279153778525]",s22g003_da81ee67066f0a3d,0.031328731250422015,0.024531032239021002,0.1027956124938332,0.044291041680733834,0.07224716661906583,,,,,True,,11,-0.027570151000000043,0.030551238,710.7912000000033,0.041152051826068736,0.030551238,1.371735060868958,0.5817437020072838,0.7819332053556993,0.02345799616067098,1,0.6279867362113741,0.0,-0.3441197603990719,0,0,0,0,1,1,True,False,True,False,10000.0,True,1.0,1.0,0.0,0.027728316743667842,0.031098954082093094,0.04166538724693802,0.024159345489001918,0.649282047084511,0.09256445797489611,0.10319521429818013,0.4146,266.9550278186798,1,True,False,0.0,2,0,1,True,True,1.0,10,10,1,True,True,1.0,10,10,3,POSITION_40MM_SPEED_FAIL,False,False,0.526062211617548,3875.8530568613205,1003875.8530568613,0.002051264444593907,0.001020939441129472,1.0,0.4806748053577073,0.26018758889977656,0.0694325157325768,3000038.968308294,38.96830829424165,"[0.0310658699,0.0303189393,0.030551238]",0.0310658699,0.03064534906666667,0.030551238,0.027749525000000053,0.0310658699,0.03552899666666676,0.0,0.03195214298180127,0.0,0.03552899666666676,0.06748113964846802,0.047783355316150515,5.245476284694018,1003875.8530568613,1,Stage2.2,/home/yangshen0711/tsc_all/tsc_rzip_rllib/stage2_2_runs/stage2_2_svd3_corner_feasibility_100ms_20260721_085327,2003,"[2.3911854335466187,1.204177336495726,0.471384395947247,1.2590421768972369,1.8182990748969636,0.1140883421788616,-0.31533565205519465,2.2669868817729637,-0.19295008593500526,-1.120668045737754,-1.409063758469233,0.18220407007822167,-0.5390044086987542,-0.2430580047699112,-0.022731279153778525]",v_da81ee67066f0a3d
Stage2.2,3,s22g003_96f3cb5d7f89acac,25,probe_c1_h03_p,multi_center_probes,2.9440294249425887,47.898630671085485,"[2.3911854335466187,1.204177336495726,0.471384395947247,1.2444621768972368,1.8390350748969635,0.11034434217886159,-0.28698565205519466,2.226666881772964,-0.18080008593500527,-1.1571180457377541,-1.3880037584692329,0.22302807007822167,-0.6564544086987542,-0.2876080047699112,-0.011067279153778526]",s22g003_96f3cb5d7f89acac,0.031336696169550454,0.025366382955012323,0.10382597458105088,0.044556538985015104,0.08281628479552383,,,,,True,,11,-0.027431996999999986,0.0306333957,678.7186000000002,0.04112079025895279,0.0306333957,1.37069300863176,0.5817437020072838,0.7819332053556993,0.02345799616067098,1,0.6279867362113741,0.0,-0.3441197603990719,0,0,0,0,1,1,True,False,True,False,10000.0,True,1.0,1.0,0.0,0.02764206481333605,0.03114254084786008,0.04164062436618002,0.027914263746693552,0.6493188393606788,0.09352040939690809,0.10346454725118619,0.41455,261.59624099731445,1,True,False,0.0,2,0,1,True,True,1.0,10,10,1,True,True,1.0,10,10,3,POSITION_40MM_SPEED_FAIL,False,False,0.5264222431912572,3983.8069027165184,1003983.8069027165,0.002141968845148513,0.0012003087655701782,1.0,0.48428014742801284,0.25843926279738977,0.06128959028559166,3000039.0195411798,39.01954117953947,"[0.031093175,0.0303548717,0.0306333957]",0.031093175,0.030693814133333334,0.0306333957,0.027684960999999952,0.031093175,0.0364391666666668,0.0,0.0346454725118619,0.0,0.0364391666666668,0.0710846391785287,0.05028042991991316,5.271249415782205,1003983.8069027165,3,Stage2.2,/home/yangshen0711/tsc_all/tsc_rzip_rllib/stage2_2_runs/stage2_2_svd3_corner_feasibility_100ms_20260721_085327,2003,"[2.3911854335466187,1.204177336495726,0.471384395947247,1.2444621768972368,1.8390350748969635,0.11034434217886159,-0.28698565205519466,2.226666881772964,-0.18080008593500527,-1.1571180457377541,-1.3880037584692329,0.22302807007822167,-0.6564544086987542,-0.2876080047699112,-0.011067279153778526]",v_96f3cb5d7f89acac
Stage2.2,3,s22g003_9db60076b66743e2,15,probe_c0_h13_p,multi_center_probes,2.9415699003295073,50.11675936651005,"[2.3911854335466187,1.204177336495726,0.471384395947247,1.2590421768972369,1.7920550748969635,0.1140883421788616,-0.36636565205519467,2.2669868817729637,-0.17108008593500526,-1.120668045737754,-1.343453758469233,0.18220407007822167,-0.47339440869875427,-0.2430580047699112,0.0035127208462214735]",s22g003_9db60076b66743e2,0.03144275865757928,0.023749188924123595,0.10017927551189601,0.04809195525264265,0.04988471037160269,,,,,True,,11,-0.02737448499999995,0.030601729,689.7842000000019,0.04105883883897185,0.030601729,1.3686279612990617,0.5817437020072838,0.7819332053556993,0.02345799616067098,1,0.6279867362113741,0.0,-0.3441197603990719,0,0,0,0,1,1,True,False,True,False,10000.0,True,1.0,1.0,0.0,0.027660984097983475,0.03113836830716556,0.04165006629168298,0.023011060897840885,0.6492816416004209,0.09181947596477935,0.10237387484594171,0.4147,271.40384554862976,1,True,False,0.0,2,0,1,True,True,1.0,10,10,1,True,True,1.0,10,10,3,POSITION_40MM_SPEED_FAIL,False,False,0.5271357220500275,3973.7302565883147,1003973.7302565883,0.002120854814102979,0.0005635281784194694,1.0,0.47805422388059093,0.2573619811838045,0.06645849345651833,3000038.8781806133,38.87818061344884,"[0.0311047315,0.0303746511,0.030601729]",0.0311047315,0.030693703866666668,0.030601729,0.02773711000000001,0.0311047315,0.036824383333333266,0.0,0.023738748459416925,0.0,0.036824383333333266,0.06056313179275019,0.04381282216771412,5.226573916149872,1003973.7302565883,2,Stage2.2,/home/yangshen0711/tsc_all/tsc_rzip_rllib/stage2_2_runs/stage2_2_svd3_corner_feasibility_100ms_20260721_085327,2003,"[2.3911854335466187,1.204177336495726,0.471384395947247,1.2590421768972369,1.7920550748969635,0.1140883421788616,-0.36636565205519467,2.2669868817729637,-0.17108008593500526,-1.120668045737754,-1.343453758469233,0.18220407007822167,-0.47339440869875427,-0.2430580047699112,0.0035127208462214735]",v_9db60076b66743e2
Stage2.2,3,s22g003_46cd6335cc266b11,14,probe_c0_h13_m,multi_center_probes,2.9377343734979626,48.932130711163175,"[2.3911854335466187,1.204177336495726,0.471384395947247,1.2327981768972367,1.8182990748969636,0.1024243421788616,-0.31533565205519465,2.3180168817729636,-0.19295008593500526,-1.055058045737754,-1.409063758469233,0.20844807007822166,-0.5390044086987542,-0.1774480047699112,-0.022731279153778525]",s22g003_46cd6335cc266b11,0.031387499952004745,0.023910884812800483,0.10200688757815889,0.04624999840015831,0.06631887418174709,,,,,True,,11,-0.027453342000000047,0.0304498833,705.6190999999999,0.04099855338853538,0.0304498833,1.3666184462845126,0.5817437020072838,0.7819332053556993,0.02345799616067098,1,0.6279867362113741,0.0,-0.3441197603990719,0,0,0,0,1,1,True,False,True,False,10000.0,True,1.0,1.0,0.0,0.02763556217220952,0.031096426350178872,0.041601827223406385,0.014547857219473558,0.6493219885372806,0.0912000824813905,0.10350504978091377,0.4146,265.62890696525574,1,True,False,0.0,2,0,1,True,True,1.0,10,10,1,True,True,1.0,10,10,3,POSITION_40MM_SPEED_FAIL,False,False,0.5278300143582764,4038.85627621389,1004038.8562762139,0.00211576472455429,0.0012285373966683523,1.0,0.4775425264304485,0.2603821029347191,0.07758826324711707,3000038.875116599,38.87511659878135,"[0.0311084098,0.0303132974,0.0304498833]",0.0311084098,0.0306238635,0.0304498833,0.02766228100000001,0.0311084098,0.03694699333333329,0.0,0.03505049780913749,0.0,0.03694699333333329,0.07199749114247078,0.05092757320982148,5.2394051007707345,1004038.8562762139,7,Stage2.2,/home/yangshen0711/tsc_all/tsc_rzip_rllib/stage2_2_runs/stage2_2_svd3_corner_feasibility_100ms_20260721_085327,2003,"[2.3911854335466187,1.204177336495726,0.471384395947247,1.2327981768972367,1.8182990748969636,0.1024243421788616,-0.31533565205519465,2.3180168817729636,-0.19295008593500526,-1.055058045737754,-1.409063758469233,0.20844807007822166,-0.5390044086987542,-0.1774480047699112,-0.022731279153778525]",v_46cd6335cc266b11
Stage2.2,3,s22g003_7c93c6991a938161,16,probe_c0_h14_m,multi_center_probes,2.942106311752989,49.598460046263305,"[2.3911854335466187,1.204177336495726,0.471384395947247,1.2327981768972367,1.7920550748969635,0.1140883421788616,-0.31533565205519465,2.3180168817729636,-0.17108008593500526,-1.120668045737754,-1.409063758469233,0.20844807007822166,-0.47339440869875427,-0.2430580047699112,-0.022731279153778525]",s22g003_7c93c6991a938161,0.03141729492513437,0.021659399634176135,0.10109037061288557,0.04724316417114571,0.05814687030000143,,,,,True,,11,-0.027472695000000047,0.0305842387,685.1163000000015,0.041111368590957965,0.0305842387,1.3703789530319324,0.5817437020072838,0.7819332053556993,0.02345799616067098,1,0.6279867362113741,0.0,-0.3441197603990719,0,0,0,0,1,1,True,False,True,False,10000.0,True,1.0,1.0,0.0,0.02767449986783199,0.03113986550497169,0.041660162824962155,0.02214072691699524,0.6492816150874491,0.09178261608788514,0.10261693982905193,0.4146,264.30247688293457,1,True,False,0.0,2,0,1,True,True,1.0,10,10,1,True,True,1.0,10,10,3,POSITION_40MM_SPEED_FAIL,False,False,0.5265307501622148,4011.878329430241,1004011.8783294302,0.002149287964139669,0.000684837406887825,1.0,0.4798909789516193,0.2616082855664814,0.07426935710447788,3000038.9054853194,38.905485319474224,"[0.0311124749,0.030365901,0.0305842387]",0.0311124749,0.0306875382,0.0305842387,0.027712041999999992,0.0311124749,0.03708249666666674,0.0,0.02616939829051912,0.0,0.03708249666666674,0.06325189495718586,0.045386660660607925,5.234422274157082,1004011.8783294302,4,Stage2.2,/home/yangshen0711/tsc_all/tsc_rzip_rllib/stage2_2_runs/stage2_2_svd3_corner_feasibility_100ms_20260721_085327,2003,"[2.3911854335466187,1.204177336495726,0.471384395947247,1.2327981768972367,1.7920550748969635,0.1140883421788616,-0.31533565205519465,2.3180168817729636,-0.17108008593500526,-1.120668045737754,-1.409063758469233,0.20844807007822166,-0.47339440869875427,-0.2430580047699112,-0.022731279153778525]",v_7c93c6991a938161
Stage2.2,2,s22g002_564cf51c5ccd4c4e,15,probe_c0_h09_p,multi_center_probes,2.939526961850029,50.44925111777912,"[2.3911854335466187,1.204177336495726,0.471384395947247,1.2459201768972368,1.8051770748969636,0.1082563421788616,-0.34085065205519466,2.2925018817729637,-0.18201508593500526,-1.087863045737754,-1.376258758469233,0.19532607007822167,-0.5061994086987542,-0.2102530047699112,-0.009609279153778526]",s22g002_564cf51c5ccd4c4e,0.03144391710712959,0.024628483456332936,0.10091015700250351,0.0481305702376531,0.05723214026268808,,,,,True,,11,-0.02742756099999999,0.0305400152,696.1556000000019,0.04104830850138592,0.0305400152,1.3682769500461973,0.5817437020072838,0.7819332053556993,0.02345799616067098,1,0.6279867362113741,0.0,-0.3441197603990719,0,0,0,0,1,1,True,False,True,False,10000.0,True,1.0,1.0,0.0,0.027658152826923323,0.031130324811443736,0.04164217262179576,0.01821838525801873,0.6492809669928203,0.09116334465939979,0.10265679007494848,0.41465,267.05487275123596,1,True,False,0.0,2,0,1,True,True,1.0,10,10,1,True,True,1.0,10,10,3,POSITION_40MM_SPEED_FAIL,False,False,0.5272569972886836,4038.5137463249266,1004038.5137463249,0.002145860962210581,0.0007058533502344742,1.0,0.47774176389020967,0.258790104601507,0.07200500556693265,3000038.8575268155,38.857526815614754,"[0.0311195788,0.0303580888,0.0305400152]",0.0311195788,0.030672560933333332,0.0305400152,0.027708202000000015,0.0311195788,0.03731929333333328,0.0,0.026567900749484785,0.0,0.03731929333333328,0.06388719408281807,0.0458102936591095,5.225343001336037,1004038.5137463249,1,Stage2.2,/home/yangshen0711/tsc_all/tsc_rzip_rllib/stage2_2_runs/stage2_2_svd3_corner_feasibility_100ms_20260721_085327,2002,"[2.3911854335466187,1.204177336495726,0.471384395947247,1.2459201768972368,1.8051770748969636,0.1082563421788616,-0.34085065205519466,2.2925018817729637,-0.18201508593500526,-1.087863045737754,-1.376258758469233,0.19532607007822167,-0.5061994086987542,-0.2102530047699112,-0.009609279153778526]",v_564cf51c5ccd4c4e
Stage2.2,2,s22g002_947d11cac5feee4f,33,probe_c2_h04_p,multi_center_probes,2.9618309867542885,43.151187117621674,"[2.4156833455235933,1.2134774513649513,0.47907036778035206,1.235073434942497,1.8161324869218463,0.12250045403562732,-0.32320984958283744,2.194878648757632,-0.3348340226543265,-0.9168112129819165,-1.4504296074137586,0.21477891051340608,-0.5598062891487809,0.09297819409651051,0.06832530769184574]",s22g002_947d11cac5feee4f,0.031243891407915985,0.028147552797767615,0.09994936078014723,0.04146304693053282,0.04146304693053282,,,,,True,,11,-0.028114795999999997,0.030285467,724.3685000000005,0.0413237373131921,0.030285467,1.3774579104397366,0.5817437020072838,0.7819410457617871,0.023458231372853616,1,0.6280101555085302,0.0,-0.3441332378223096,0,0,0,0,1,1,True,False,True,False,10000.0,True,1.0,1.0,0.0,0.028002245601377602,0.03106038749282988,0.04181953407110862,0.026004917512699767,0.6494430965163749,0.09365364188142587,0.10335964782984194,0.41455,270.36744260787964,1,True,False,0.0,2,0,1,True,True,1.0,10,10,1,True,True,1.0,10,10,3,POSITION_40MM_SPEED_FAIL,False,False,0.524084953219631,4110.641640211805,1004110.6416402118,0.0021189968941586904,0.0011287233540561573,1.0,0.46933216488745877,0.2608485036411678,0.07865825523870638,3000039.0967151327,39.0967151326295,"[0.0311309159,0.0302857688,0.030285467]",0.0311309159,0.030567383899999998,0.030285467,0.028114795999999997,0.0311309159,0.03769719666666682,0.0,0.033596478298419274,0.0,0.03769719666666682,0.0712936749650861,0.050495564068356674,5.251709616372763,1004110.6416402118,2,Stage2.2,/home/yangshen0711/tsc_all/tsc_rzip_rllib/stage2_2_runs/stage2_2_svd3_corner_feasibility_100ms_20260721_085327,2002,"[2.4156833455235933,1.2134774513649513,0.47907036778035206,1.235073434942497,1.8161324869218463,0.12250045403562732,-0.32320984958283744,2.194878648757632,-0.3348340226543265,-0.9168112129819165,-1.4504296074137586,0.21477891051340608,-0.5598062891487809,0.09297819409651051,0.06832530769184574]",v_947d11cac5feee4f
Stage2.2,3,s22g003_fe1d23838cf4de25,27,probe_c1_h04_p,multi_center_probes,2.960097283156109,47.97337206469307,"[2.3911854335466187,1.204177336495726,0.471384395947247,1.2444621768972368,1.8652790748969637,0.1220083421788616,-0.28698565205519466,2.175636881772964,-0.18080008593500527,-1.1571180457377541,-1.4536137584692328,0.22302807007822167,-0.5908444086987542,-0.2219980047699112,-0.011067279153778526]",s22g003_fe1d23838cf4de25,0.031361873058401754,0.024239440329791088,0.10183042933483487,0.045395768613391896,0.0637000619617405,,,,,True,,11,-0.027518151999999962,0.0307509476,675.8110000000015,0.04126583899296181,0.0307509476,1.3755279664320603,0.5817437020072838,0.7819332053556993,0.02345799616067098,1,0.6279867362113741,0.0,-0.3441197603990719,0,0,0,0,1,1,True,False,True,False,10000.0,True,1.0,1.0,0.0,0.02764453341881152,0.03120733438926119,0.04169074174954136,0.03282249163483439,0.6493077304697152,0.09245162685125813,0.10154368148367249,0.4144,265.9550929069519,1,True,False,0.0,2,0,1,True,True,1.0,10,10,1,True,True,1.0,10,10,3,POSITION_40MM_SPEED_FAIL,False,False,0.5247517535521389,4049.315665119211,1004049.3156651192,0.0022596907590713596,0.00023829525230332585,1.0,0.48360691756380914,0.2632157460695079,0.05397776653498546,3000038.9956157794,38.99561577937379,"[0.0311369441,0.0304355243,0.0307509476]",0.0311369441,0.030774471999999997,0.0307509476,0.02764866399999999,0.0311369441,0.03789813666666664,0.0,0.015436814836724766,0.0,0.03789813666666664,0.0533349515033914,0.04092143710952327,5.240755329626379,1004049.3156651192,8,Stage2.2,/home/yangshen0711/tsc_all/tsc_rzip_rllib/stage2_2_runs/stage2_2_svd3_corner_feasibility_100ms_20260721_085327,2003,"[2.3911854335466187,1.204177336495726,0.471384395947247,1.2444621768972368,1.8652790748969637,0.1220083421788616,-0.28698565205519466,2.175636881772964,-0.18080008593500527,-1.1571180457377541,-1.4536137584692328,0.22302807007822167,-0.5908444086987542,-0.2219980047699112,-0.011067279153778526]",v_fe1d23838cf4de25
Stage2.2,3,s22g003_1fa875fe1d71bd0f,22,probe_c1_h02_m,multi_center_probes,2.941247420371019,49.54984405203477,"[2.3911854335466187,1.204177336495726,0.471384395947247,1.2182181768972367,1.8390350748969635,0.1220083421788616,-0.28698565205519466,2.175636881772964,-0.18080008593500527,-1.0915080457377542,-1.3880037584692329,0.19678407007822168,-0.6564544086987542,-0.2219980047699112,-0.011067279153778526]",s22g003_1fa875fe1d71bd0f,0.031412168169830244,0.0257087759290665,0.10141317089262304,0.04707227232767486,0.06120398125390514,,,,,True,,11,-0.02736995200000003,0.0305895142,697.3054000000011,0.041046713041050044,0.0305895142,1.3682237680350013,0.5817437020072838,0.7819332053556993,0.02345799616067098,1,0.6279867362113741,0.0,-0.3441197603990719,0,0,0,0,1,1,True,False,True,False,10000.0,True,1.0,1.0,0.0,0.02757079973676388,0.031157772662294764,0.041604756884279254,0.021526046353497103,0.6493054765315814,0.09175770244124004,0.10264484620556633,0.4144,263.62702441215515,1,True,False,0.0,2,0,1,True,True,1.0,10,10,1,True,True,1.0,10,10,3,POSITION_40MM_SPEED_FAIL,False,False,0.5272753718024559,4100.418258621241,1004100.4182586212,0.002210089194714482,0.0006995211451098503,1.0,0.48039688154801513,0.2573467034442343,0.05283582246101276,3000038.8691890556,38.86918905579347,"[0.0311374509,0.0303762415,0.0305895142]",0.0311374509,0.030701068866666667,0.0305895142,0.027605369999999962,0.0311374509,0.03791502999999996,0.0,0.02644846205566309,0.0,0.03791502999999996,0.06436349205566305,0.046228461417299485,5.23282898138593,1004100.4182586212,9,Stage2.2,/home/yangshen0711/tsc_all/tsc_rzip_rllib/stage2_2_runs/stage2_2_svd3_corner_feasibility_100ms_20260721_085327,2003,"[2.3911854335466187,1.204177336495726,0.471384395947247,1.2182181768972367,1.8390350748969635,0.1220083421788616,-0.28698565205519466,2.175636881772964,-0.18080008593500527,-1.0915080457377542,-1.3880037584692329,0.19678407007822168,-0.6564544086987542,-0.2219980047699112,-0.011067279153778526]",v_1fa875fe1d71bd0f
Stage2.2,3,s22g003_1f0da96595c8e8bf,58,corner_local_0033,corner_local,2.9605223628298245,49.51965338656817,"[2.3911854335466187,1.204177336495726,0.471384395947247,1.2443710083089257,1.805951654035178,0.11283581435021856,-0.32530755387450794,2.2526985014551824,-0.21786844321592802,-1.1463850977510428,-1.449735573259424,0.18457517851753696,-0.5601039749192617,-0.1539483633917712,0.007341001722484794]",s22g003_1f0da96595c8e8bf,0.031427597543161725,0.01908415577034575,0.09779512187111057,0.04758658477205757,0.04758658477205757,,,,,True,,11,-0.027628377999999953,0.0307687104,711.7029000000002,0.041352639705222564,0.0307687104,1.3784213235074187,0.5817437020072838,0.7819332053556993,0.02345799616067098,1,0.6279867362113741,0.0,-0.3441197603990719,0,0,0,0,1,1,True,False,True,False,10000.0,True,1.0,1.0,0.0,0.027753999678214424,0.03121305841873171,0.041767685044654855,0.03270717993838844,0.6492819949469225,0.09155497011283566,0.1006010323691244,0.4146,255.38918709754944,1,True,False,0.0,2,0,1,True,True,1.0,10,10,1,True,True,1.0,10,10,3,POSITION_40MM_SPEED_FAIL,False,False,0.5237520916695976,4018.73605940328,1004018.7360594033,0.0022539431679538553,3.6123990873527454e-05,1.0,0.4819049188096433,0.2636674775923338,0.07031281125369537,3000038.991967773,38.99196777323985,"[0.0311397156,0.0304533465,0.0307687104]",0.0311397156,0.030787257499999998,0.0307687104,0.02776093199999996,0.0311397156,0.03799051999999992,0.0,0.0060103236912438796,0.0,0.03799051999999992,0.044000843691243796,0.03846301601205918,5.217668626187658,1004018.7360594033,5,Stage2.2,/home/yangshen0711/tsc_all/tsc_rzip_rllib/stage2_2_runs/stage2_2_svd3_corner_feasibility_100ms_20260721_085327,2003,"[2.3911854335466187,1.204177336495726,0.471384395947247,1.2443710083089257,1.805951654035178,0.11283581435021856,-0.32530755387450794,2.2526985014551824,-0.21786844321592802,-1.1463850977510428,-1.449735573259424,0.18457517851753696,-0.5601039749192617,-0.1539483633917712,0.007341001722484794]",v_1f0da96595c8e8bf
Stage2.2,3,s22g003_352b303dc34eabd7,90,random_corner_parent_00_0006,random_local,2.925652677499682,50.02586892813499,"[2.3911854335466187,1.204177336495726,0.471384395947247,1.2368164178657084,1.8073409089470909,0.11407833444455065,-0.34545830965338264,2.275609000061455,-0.16615638777690514,-1.0704012908800955,-1.326241546931036,0.20676429076627934,-0.5327946914696665,-0.14336848152723675,-0.00013325987376370738]",s22g003_352b303dc34eabd7,0.031427105884588184,0.024397330506060216,0.10130902100575714,0.04757019615293956,0.06066040621051094,,,,,True,,11,-0.02722265199999996,0.0305203485,692.1532000000007,0.04089699811079725,0.0305203485,1.3632332703599084,0.5817437020072838,0.7819332053556993,0.02345799616067098,1,0.6279867362113741,0.0,-0.3441197603990719,0,0,0,0,1,1,True,False,True,False,10000.0,True,1.0,1.0,0.0,0.02755350270371689,0.03113760001479497,0.04157818714091673,0.017189324222447597,0.649330670656734,0.0915052070558348,0.10305268178610713,0.4146,272.39413714408875,1,True,False,0.0,2,0,1,True,True,1.0,10,10,1,True,True,1.0,10,10,3,POSITION_40MM_SPEED_FAIL,False,False,0.5289996008453173,4127.941887437599,1004127.9418874376,0.002179227423732966,0.0009318866087230121,1.0,0.4755463445762225,0.25629311516477027,0.0671352561086001,3000038.8300845833,38.83008458348012,"[0.0311399585,0.0303677747,0.0305203485]",0.0311399585,0.030676027233333333,0.0305203485,0.027644360000000034,0.0311399585,0.037998616666666596,0.0,0.030526817861071143,0.0,0.037998616666666596,0.06852543452773774,0.04874198885256206,5.236493807235089,1004127.9418874376,13,Stage2.2,/home/yangshen0711/tsc_all/tsc_rzip_rllib/stage2_2_runs/stage2_2_svd3_corner_feasibility_100ms_20260721_085327,2003,"[2.3911854335466187,1.204177336495726,0.471384395947247,1.2368164178657084,1.8073409089470909,0.11407833444455065,-0.34545830965338264,2.275609000061455,-0.16615638777690514,-1.0704012908800955,-1.326241546931036,0.20676429076627934,-0.5327946914696665,-0.14336848152723675,-0.00013325987376370738]",v_352b303dc34eabd7
Stage2.2,3,s22g003_5edeed58a34c724a,52,corner_local_0060,corner_local,2.930895935591319,48.71345176872387,"[2.3911854335466187,1.204177336495726,0.471384395947247,1.2339207339082705,1.83052635593585,0.11440638405479545,-0.3436038595596361,2.247514211947109,-0.25958079566630443,-0.9425961105559459,-1.3745044759311222,0.18449712132182106,-0.490623178021143,-0.1144112789242348,0.027921954813823705]",s22g003_5edeed58a34c724a,0.03140435027334715,0.02510402364377201,0.09969337643345062,0.046811675778238415,0.046811675778238415,,,,,True,,11,-0.027580397000000034,0.0302941597,717.1972000000023,0.0409684562878163,0.0302941597,1.3656152095938767,0.5817437020072838,0.7819332053556993,0.02345799616067098,1,0.6279867362113741,0.0,-0.3441197603990719,0,0,0,0,1,1,True,False,True,False,10000.0,True,1.0,1.0,0.0,0.02768370849462991,0.03106895944806206,0.04161331466250879,0.011317530862010462,0.6493193880562038,0.09070783542721758,0.1034005809215988,0.41450000000000004,268.01895785331726,1,True,False,0.0,2,0,1,True,True,1.0,10,10,1,True,True,1.0,10,10,3,POSITION_40MM_SPEED_FAIL,False,False,0.5281766350665661,4144.392053281306,1004144.3920532813,0.002140456317027242,0.0011563950604341784,1.0,0.4703369823137311,0.2555791783977426,0.07597776476057523,3000038.84978215,38.8497821497837,"[0.0311400424,0.0302926322,0.0302941597]",0.0311400424,0.030575611433333334,0.0302941597,0.02767716099999995,0.0311400424,0.03800141333333351,0.0,0.03400580921598806,0.0,0.03800141333333351,0.07200722254932157,0.05099512207814622,5.226707672532757,1004144.3920532813,17,Stage2.2,/home/yangshen0711/tsc_all/tsc_rzip_rllib/stage2_2_runs/stage2_2_svd3_corner_feasibility_100ms_20260721_085327,2003,"[2.3911854335466187,1.204177336495726,0.471384395947247,1.2339207339082705,1.83052635593585,0.11440638405479545,-0.3436038595596361,2.247514211947109,-0.25958079566630443,-0.9425961105559459,-1.3745044759311222,0.18449712132182106,-0.490623178021143,-0.1144112789242348,0.027921954813823705]",v_5edeed58a34c724a
Stage2.2,3,s22g003_1923d2bf8654b62c,80,trust_mix_0033,trust_mix,2.9344866063604162,43.840049920661876,"[2.4156833455235933,1.2134774513649513,0.47907036778035206,1.2494364354818626,1.8270273798339494,0.12046622386059758,-0.3432807387511692,2.187510115440682,-0.28946606305373973,-0.9737306227653536,-1.3348883068773574,0.2007365120717259,-0.5160815463829004,0.035462912356683154,0.060021075317412645]",s22g003_1923d2bf8654b62c,0.031232319321753646,0.0279955848554408,0.10272575475117937,0.04107731072512166,0.06833485823691521,,,,,True,,11,-0.027648221999999945,0.0303404013,722.3769000000029,0.0410483145915435,0.0303404013,1.3682771530514497,0.5817437020072838,0.7819410457617871,0.023458231372853616,1,0.6280101555085302,0.0,-0.3441332378223096,0,0,0,0,1,1,True,False,True,False,10000.0,True,1.0,1.0,0.0,0.027781514736653447,0.031083646340308378,0.0416893947050357,0.006574465949114712,0.6494451715798636,0.08886357429809483,0.10264575727084772,0.41455,263.1761829853058,1,True,False,0.0,2,0,1,True,True,1.0,10,10,1,True,True,1.0,10,10,3,POSITION_40MM_SPEED_FAIL,False,False,0.5272569271498768,4113.015942149679,1004113.0159421497,0.002141000343740318,0.0007000031536243608,1.0,0.46844103973577744,0.25454464669864246,0.0712653327507679,3000038.815649223,38.81564922296009,"[0.0311410536,0.0303148682,0.0303404013]",0.0311410536,0.030598774366666665,0.0303404013,0.027794125000000003,0.0311410536,0.03803511999999998,0.0,0.02645757270847726,0.0,0.03803511999999998,0.06449269270847724,0.04633220809586738,5.200963220004804,1004113.0159421497,12,Stage2.2,/home/yangshen0711/tsc_all/tsc_rzip_rllib/stage2_2_runs/stage2_2_svd3_corner_feasibility_100ms_20260721_085327,2003,"[2.4156833455235933,1.2134774513649513,0.47907036778035206,1.2494364354818626,1.8270273798339494,0.12046622386059758,-0.3432807387511692,2.187510115440682,-0.28946606305373973,-0.9737306227653536,-1.3348883068773574,0.2007365120717259,-0.5160815463829004,0.035462912356683154,0.060021075317412645]",v_1923d2bf8654b62c
Stage2.2,1,s22g001_e7867931b32c3a50,25,probe_c1_h11_p,multi_center_probes,2.931989674530063,51.72276360006642,"[2.3911854335466187,1.204177336495726,0.471384395947247,1.2313401768972367,1.8197570748969636,0.1017763421788616,-0.31250065205519467,2.2641518817729636,-0.16986508593500527,-1.1243130457377541,-1.3398087584692329,0.20990607007822168,-0.5426494086987542,-0.1738030047699112,-0.024189279153778526]",s22g001_e7867931b32c3a50,0.031471229104557276,0.026012323887996933,0.10172708686333883,0.049040970151909224,0.06631183878529745,,,,,True,,11,-0.027195579999999997,0.0305993209,703.2738000000027,0.040937977613428544,0.0305993209,1.3645992537809515,0.5817437020072838,0.7819332053556993,0.02345799616067098,1,0.6279867362113741,0.0,-0.3441197603990719,0,0,0,0,1,1,True,False,True,False,10000.0,True,1.0,1.0,0.0,0.027526226292183237,0.031163960378957706,0.041579869653351795,0.022308996880408334,0.6493183822112883,0.09240294721537548,0.10303488188646727,0.41455,281.1035053730011,1,True,False,0.0,2,0,1,True,True,1.0,10,10,1,True,True,1.0,10,10,3,POSITION_40MM_SPEED_FAIL,False,False,0.5285276502624356,4134.26152562676,1004134.2615256268,0.0022141411124952212,0.0009210508064807048,1.0,0.4778043992820854,0.2573830546892362,0.06558217933974088,3000038.8796804743,38.8796804745003,"[0.0311419994,0.0303911549,0.0305993209]",0.0311419994,0.03071082506666667,0.0305993209,0.027617522000000005,0.0311419994,0.03806664666666659,0.0,0.030348818864672555,0.0,0.03806664666666659,0.06841546553133915,0.04868388229101643,5.251114543764836,1004134.2615256268,1,Stage2.2,/home/yangshen0711/tsc_all/tsc_rzip_rllib/stage2_2_runs/stage2_2_svd3_corner_feasibility_100ms_20260721_085327,2001,"[2.3911854335466187,1.204177336495726,0.471384395947247,1.2313401768972367,1.8197570748969636,0.1017763421788616,-0.31250065205519467,2.2641518817729636,-0.16986508593500527,-1.1243130457377541,-1.3398087584692329,0.20990607007822168,-0.5426494086987542,-0.1738030047699112,-0.024189279153778526]",v_e7867931b32c3a50
Stage2.2,3,s22g003_b362e46d0d9da09b,37,corner_local_0049,corner_local,2.9509629470076155,42.051140417773,"[2.4156833455235933,1.2134774513649513,0.47907036778035206,1.2444517957683616,1.8410467362376512,0.11956254894163956,-0.30521796941738155,2.0678133355166914,-0.3496761535970278,-0.9191566127768624,-1.3424375544739897,0.20126218937063908,-0.599932026911273,0.04940772235909177,0.12416795401046073]",s22g003_b362e46d0d9da09b,0.031173296335417034,0.0326143365299879,0.10336839456794757,0.03910987784723452,0.07279382352671004,,,,,True,,11,-0.028046530000000014,0.0302385654,714.5766000000003,0.04124292281702375,0.0302385654,1.3747640939007917,0.5817437020072838,0.7819410457617871,0.023458231372853616,1,0.6280101555085302,0.0,-0.3441332378223096,0,0,0,0,1,1,True,False,True,False,10000.0,True,1.0,1.0,0.0,0.02798408080449212,0.0310527367637373,0.0418016894274658,0.020884670981144896,0.6494328870870514,0.09316878246202187,0.10381610848697213,0.41450000000000004,270.4497458934784,1,True,False,0.0,2,0,1,True,True,1.0,10,10,1,True,True,1.0,10,10,3,POSITION_40MM_SPEED_FAIL,False,False,0.5250156733631891,4180.0057526495075,1004180.0057526495,0.002139406686624637,0.0014562683984340767,1.0,0.466115866897226,0.25148045826352033,0.061212086855398855,3000039.062290315,39.06229031495921,"[0.0311409654,0.0302732406,0.0302385654]",0.0311409654,0.0305509238,0.0302385654,0.028046530000000014,0.0311409654,0.03803218000000008,0.0,0.03816108486972136,0.0,0.03816108486972136,0.07619326486972144,0.053876851374096486,5.24735482449878,1004180.0057526495,22,Stage2.2,/home/yangshen0711/tsc_all/tsc_rzip_rllib/stage2_2_runs/stage2_2_svd3_corner_feasibility_100ms_20260721_085327,2003,"[2.4156833455235933,1.2134774513649513,0.47907036778035206,1.2444517957683616,1.8410467362376512,0.11956254894163956,-0.30521796941738155,2.0678133355166914,-0.3496761535970278,-0.9191566127768624,-1.3424375544739897,0.20126218937063908,-0.599932026911273,0.04940772235909177,0.12416795401046073]",v_b362e46d0d9da09b
Stage2.2,2,s22g002_e33cefea4f73febd,25,probe_c1_h15_p,multi_center_probes,2.948690171856135,47.62388604974742,"[2.3911854335466187,1.204177336495726,0.471384395947247,1.2459201768972368,1.8375770748969635,0.1096963421788616,-0.2841506520551947,2.1728018817729637,-0.15771508593500527,-1.087863045737754,-1.457258758469233,0.19532607007822167,-0.5871994086987542,-0.21835300476991118,-0.03876927915377852]",s22g002_e33cefea4f73febd,0.0313359696845426,0.02856898201017887,0.10320195854304666,0.04453232281808672,0.07655190824855329,,,,,True,,11,-0.02775580700000002,0.030488153,699.613400000002,0.04122999267005343,0.030488153,1.3743330890017809,0.5817437020072838,0.7819332053556993,0.02345799616067098,1,0.6279867362113741,0.0,-0.3441197603990719,0,0,0,0,1,1,True,False,True,False,10000.0,True,1.0,1.0,0.0,0.027804367812758905,0.031078109939534804,0.04170050103872848,0.025086193108163388,0.6493220642118115,0.09330926344780188,0.10382241275407618,0.41455,274.9801859855652,1,True,False,0.0,2,0,1,True,True,1.0,10,10,1,True,True,1.0,10,10,3,POSITION_40MM_SPEED_FAIL,False,False,0.5251645866004798,4174.237675049226,1004174.2376750492,0.0020417954597909747,0.0014610839262524222,1.0,0.48131645019040115,0.2626323317823038,0.049419521032238185,3000039.051625743,39.05162574302738,"[0.0310618229,0.0302881029,0.030488153]",0.0310618229,0.030612692933333335,0.030488153,0.027779336000000043,0.0310618229,0.03539409666666682,0.0,0.038224127540761765,0.0,0.038224127540761765,0.07361822420742858,0.052094395140953285,5.257629002331238,1004174.2376750492,6,Stage2.2,/home/yangshen0711/tsc_all/tsc_rzip_rllib/stage2_2_runs/stage2_2_svd3_corner_feasibility_100ms_20260721_085327,2002,"[2.3911854335466187,1.204177336495726,0.471384395947247,1.2459201768972368,1.8375770748969635,0.1096963421788616,-0.2841506520551947,2.1728018817729637,-0.15771508593500527,-1.087863045737754,-1.457258758469233,0.19532607007822167,-0.5871994086987542,-0.21835300476991118,-0.03876927915377852]",v_e33cefea4f73febd
Stage2.2,3,s22g003_5d593c8ff661ae6b,83,trust_mix_0002,trust_mix,2.9506598377052597,44.603196898395936,"[2.4156833455235933,1.2134774513649513,0.47907036778035206,1.2140768627232945,1.781170733283611,0.12026192861057006,-0.31264245234093063,2.1550546991102735,-0.30906293337794877,-0.9572046427034577,-1.3442684012673891,0.18822891133138217,-0.5818552463689357,0.10134241522104923,0.0759394980281579]",s22g003_5d593c8ff661ae6b,0.03128577952788516,0.025016813113867817,0.0996117638742577,0.04285931759617201,0.04285931759617201,,,,,True,,11,-0.027897330000000053,0.0303059374,734.7143000000033,0.041191150297383315,0.0303059374,1.3730383432461106,0.5817437020072838,0.7819410457617871,0.023458231372853616,1,0.6280101555085302,0.0,-0.3441332378223096,0,0,0,0,1,1,True,False,True,False,10000.0,True,1.0,1.0,0.0,0.02794620370042077,0.03107796778331808,0.0417950999856008,0.011382807973551344,0.6494456125889894,0.09026790450953129,0.10293319114368885,0.4146,271.04766154289246,1,True,False,0.0,2,0,1,True,True,1.0,10,10,1,True,True,1.0,10,10,3,POSITION_40MM_SPEED_FAIL,False,False,0.5256119243973072,4151.4852423664415,1004151.4852423664,0.002157012823284789,0.0008603610285414647,1.0,0.4671395142579013,0.2542902777326487,0.06826992318407349,3000038.9201161913,38.92011619140638,"[0.0311482854,0.0303035009,0.0303059374]",0.0311482854,0.0305859079,0.0303059374,0.027928440000000054,0.0311482854,0.03827617999999999,0.0,0.029331911436888403,0.0,0.03827617999999999,0.0676080914368884,0.048222681218840005,5.212195400080267,1004151.4852423664,18,Stage2.2,/home/yangshen0711/tsc_all/tsc_rzip_rllib/stage2_2_runs/stage2_2_svd3_corner_feasibility_100ms_20260721_085327,2003,"[2.4156833455235933,1.2134774513649513,0.47907036778035206,1.2140768627232945,1.781170733283611,0.12026192861057006,-0.31264245234093063,2.1550546991102735,-0.30906293337794877,-0.9572046427034577,-1.3442684012673891,0.18822891133138217,-0.5818552463689357,0.10134241522104923,0.0759394980281579]",v_5d593c8ff661ae6b
Stage2.2,3,s22g003_24cd24e5fe391b99,17,probe_c0_h14_p,multi_center_probes,2.9383604422643335,49.230367284234745,"[2.3911854335466187,1.204177336495726,0.471384395947247,1.2590421768972369,1.8182990748969636,0.1024243421788616,-0.36636565205519467,2.2669868817729637,-0.19295008593500526,-1.055058045737754,-1.343453758469233,0.18220407007822167,-0.5390044086987542,-0.1774480047699112,0.0035127208462214735]",s22g003_24cd24e5fe391b99,0.031407764529089416,0.02519657048330071,0.10099620001178099,0.04692548430298049,0.05688748442079028,,,,,True,,11,-0.027344373000000033,0.0305646775,713.566700000003,0.041011147819125196,0.0305646775,1.3670382606375067,0.5817437020072838,0.7819332053556993,0.02345799616067098,1,0.6279867362113741,0.0,-0.3441197603990719,0,0,0,0,1,1,True,False,True,False,10000.0,True,1.0,1.0,0.0,0.027609197390099625,0.031157274130927698,0.041629839199728604,0.01711507103842698,0.6493232396611771,0.09024129189597924,0.10176114897261827,0.41465,273.7790219783783,1,True,False,0.0,2,0,1,True,True,1.0,10,10,1,True,True,1.0,10,10,3,POSITION_40MM_SPEED_FAIL,False,False,0.5276849674817585,4108.897813690244,1004108.8978136902,0.0022022247441959735,0.0003101645703754409,1.0,0.47562527132243654,0.25608058529141564,0.06996500389938712,3000038.781888953,38.78188895280392,"[0.0311512575,0.0303948673,0.0305646775]",0.0311512575,0.03070360076666667,0.0305646775,0.02767268700000003,0.0311512575,0.03837525000000008,0.0,0.01761148972618276,0.0,0.03837525000000008,0.055986739726182844,0.042223505100097355,5.202349685414415,1004108.8978136902,10,Stage2.2,/home/yangshen0711/tsc_all/tsc_rzip_rllib/stage2_2_runs/stage2_2_svd3_corner_feasibility_100ms_20260721_085327,2003,"[2.3911854335466187,1.204177336495726,0.471384395947247,1.2590421768972369,1.8182990748969636,0.1024243421788616,-0.36636565205519467,2.2669868817729637,-0.19295008593500526,-1.055058045737754,-1.343453758469233,0.18220407007822167,-0.5390044086987542,-0.1774480047699112,0.0035127208462214735]",v_24cd24e5fe391b99
Stage2.2,3,s22g003_4790c49c20ee7b14,78,trust_mix_0031,trust_mix,2.952947026830496,43.298025533136254,"[2.4156833455235933,1.2134774513649513,0.47907036778035206,1.235464745141104,1.814316216296999,0.1128305046887509,-0.32176086877893256,2.1720526858524085,-0.2524365569018808,-0.9357852099918891,-1.4776750334884265,0.2111536657893883,-0.5759083227371664,-0.06197330247577896,0.030607992692069864]",s22g003_4790c49c20ee7b14,0.03122393913816012,0.029074550235313423,0.10209651484995912,0.04079797127200413,0.06176311977159532,,,,,True,,11,-0.028102336999999977,0.0303784005,702.9118000000017,0.0413834334220829,0.0303784005,1.3794477807360968,0.5817437020072838,0.7819410457617871,0.023458231372853616,1,0.6280101555085302,0.0,-0.3441332378223096,0,0,0,0,1,1,True,False,True,False,10000.0,True,1.0,1.0,0.0,0.027980840811081462,0.03110376608001311,0.041837443957001674,0.028848048630812067,0.649459959953946,0.09382838885022142,0.10308637572324417,0.4146,273.7756767272949,1,True,False,0.0,2,0,1,True,True,1.0,10,10,1,True,True,1.0,10,10,3,POSITION_40MM_SPEED_FAIL,False,False,0.5233974482091318,4175.1478712779935,1004175.147871278,0.0021839531779710574,0.0009525715105030852,1.0,0.4741703160912192,0.2619891049616413,0.06304351562626323,3000039.124540247,39.124540247166884,"[0.0311530223,0.0303273471,0.0303784005]",0.0311530223,0.030619589966666666,0.0303784005,0.028102336999999977,0.0311530223,0.03843407666666665,0.0,0.030863757232441502,0.0,0.03843407666666665,0.06929783389910815,0.0492924919203959,5.256377094532421,1004175.147871278,21,Stage2.2,/home/yangshen0711/tsc_all/tsc_rzip_rllib/stage2_2_runs/stage2_2_svd3_corner_feasibility_100ms_20260721_085327,2003,"[2.4156833455235933,1.2134774513649513,0.47907036778035206,1.235464745141104,1.814316216296999,0.1128305046887509,-0.32176086877893256,2.1720526858524085,-0.2524365569018808,-0.9357852099918891,-1.4776750334884265,0.2111536657893883,-0.5759083227371664,-0.06197330247577896,0.030607992692069864]",v_4790c49c20ee7b14
Stage2.2,3,s22g003_27a5710207f03436,56,corner_local_0048,corner_local,2.963008157937176,48.99448625906646,"[2.3911854335466187,1.204177336495726,0.471384395947247,1.1894671982034937,1.8282802351953595,0.12174720048586421,-0.24191887058670558,2.1061088705981166,-0.24998179955798464,-1.0025381796217963,-1.478334256606173,0.21103943936445535,-0.6339167202338447,-0.11754698382248269,0.011337745707214561]",s22g003_27a5710207f03436,0.03141244777435059,0.025029663709866073,0.09863195188250978,0.047081592478352974,0.047081592478352974,,,,,True,,11,-0.02799087499999997,0.0304757823,704.6393000000025,0.041379492385269986,0.0304757823,1.3793164128423328,0.5817437020072838,0.7819332053556993,0.02345799616067098,1,0.6279867362113741,0.0,-0.3441197603990719,0,0,0,0,1,1,True,False,True,False,10000.0,True,1.0,1.0,0.0,0.02787149851312829,0.031137689465411712,0.04178966540440021,0.030666679850384855,0.6493056826531737,0.0938555305049324,0.10292733498476216,0.41435,269.7670826911926,1,True,False,0.0,2,0,1,True,True,1.0,10,10,1,True,True,1.0,10,10,3,POSITION_40MM_SPEED_FAIL,False,False,0.5234428361348406,4184.97598466964,1004184.9759846696,0.002229765271568389,0.000856929011301237,1.0,0.47612357000669764,0.2606586541342931,0.05109662637914772,3000039.1163623505,39.11636235071884,"[0.0311579361,0.0303524515,0.0304757823]",0.0311579361,0.030662056633333334,0.0304757823,0.02799087499999997,0.0311579361,0.038597870000000034,0.0,0.02927334984762142,0.0,0.038597870000000034,0.06787121984762146,0.048443003414715524,5.261101864531379,1004184.9759846696,23,Stage2.2,/home/yangshen0711/tsc_all/tsc_rzip_rllib/stage2_2_runs/stage2_2_svd3_corner_feasibility_100ms_20260721_085327,2003,"[2.3911854335466187,1.204177336495726,0.471384395947247,1.1894671982034937,1.8282802351953595,0.12174720048586421,-0.24191887058670558,2.1061088705981166,-0.24998179955798464,-1.0025381796217963,-1.478334256606173,0.21103943936445535,-0.6339167202338447,-0.11754698382248269,0.011337745707214561]",v_27a5710207f03436
Stage2.2,2,s22g002_451695ed87194df1,91,random_corner_parent_10_0016,random_local,2.9716137589243146,50.117075706162645,"[2.3911854335466187,1.204177336495726,0.471384395947247,1.2129012741380463,1.857875911128201,0.12514826012760719,-0.2610117132974373,2.1361005007462848,-0.18717373009821484,-1.0998112039622248,-1.5006008901399766,0.24049537253686656,-0.6978852568629343,-0.29296024383547853,0.005142363450016958]",s22g002_451695ed87194df1,0.03143724475392101,0.026765606632792524,0.10065718691494581,0.047908158464033734,0.0544800276134918,,,,,True,,11,-0.02775176700000004,0.0307303615,651.3685000000005,0.04140671068248447,0.0307303615,1.380223689416149,0.5817437020072838,0.7819332053556993,0.02345799616067098,1,0.6279867362113741,0.0,-0.3441197603990719,0,0,0,0,1,1,True,False,True,False,10000.0,True,1.0,1.0,0.0,0.027731577522527317,0.031220574474850788,0.0417584082841725,0.03626705301909927,0.6493060702971191,0.09325412924557823,0.10169755309262851,0.41435,274.887065410614,1,True,False,0.0,2,0,1,True,True,1.0,10,10,1,True,True,1.0,10,10,3,POSITION_40MM_SPEED_FAIL,False,False,0.5231293698795032,4160.915921518346,1004160.9159215183,0.0023239072663383247,0.0002881686502292626,1.0,0.4858931847107074,0.26321787461895624,0.047822142067667356,3000039.1073324056,39.107332405446996,"[0.0311669175,0.0304393235,0.0307303615]",0.0311669175,0.0307788675,0.0307303615,0.02775176700000004,0.0311669175,0.038897249999999994,0.0,0.01697553092628512,0.0,0.038897249999999994,0.055872780926285115,0.04244013086445143,5.25966694868267,1004160.9159215183,5,Stage2.2,/home/yangshen0711/tsc_all/tsc_rzip_rllib/stage2_2_runs/stage2_2_svd3_corner_feasibility_100ms_20260721_085327,2002,"[2.3911854335466187,1.204177336495726,0.471384395947247,1.2129012741380463,1.857875911128201,0.12514826012760719,-0.2610117132974373,2.1361005007462848,-0.18717373009821484,-1.0998112039622248,-1.5006008901399766,0.24049537253686656,-0.6978852568629343,-0.29296024383547853,0.005142363450016958]",v_451695ed87194df1
Stage2.2,3,s22g003_399762497a7d5377,69,bridge_d18_p10_c11_017,boundary_bridge,2.9315345782725806,47.79033458105335,"[2.3911854335466187,1.204177336495726,0.471384395947247,1.2306153544183116,1.843165426824775,0.10953832802554025,-0.31752308110132416,2.134038010154938,-0.24870803099466096,-0.9583911166231088,-1.3644749239945746,0.1744168087391817,-0.5058630032223895,-0.039412075046363654,0.05457927303056377]",s22g003_399762497a7d5377,0.03137772170870973,0.026805451289238773,0.0998533388256473,0.04592405695699098,0.04592405695699098,,,,,True,,11,-0.027638532999999965,0.0303530469,721.3220000000001,0.041051138382579434,0.0303530469,1.3683712794193146,0.5817437020072838,0.7819332053556993,0.02345799616067098,1,0.6279867362113741,0.0,-0.3441197603990719,0,0,0,0,1,1,True,False,True,False,10000.0,True,1.0,1.0,0.0,0.02771811247208494,0.031105327558218345,0.04166335513996933,0.012010353279493888,0.6493228995489193,0.09007787701515708,0.10258406672619351,0.41450000000000004,270.6533076763153,1,True,False,0.0,2,0,1,True,True,1.0,10,10,1,True,True,1.0,10,10,3,POSITION_40MM_SPEED_FAIL,False,False,0.5272244062616332,4200.8328221028205,1004200.8328221028,0.0022036194489529694,0.0006677400845420457,1.0,0.46915021400690493,0.255045697206285,0.056485011207257796,3000038.823510073,38.82351007333236,"[0.0311669897,0.0303335047,0.0303530469]",0.0311669897,0.0306178471,0.0303530469,0.027704453000000018,0.0311669897,0.03889965666666684,0.0,0.025840667261935124,0.0,0.03889965666666684,0.06474032392860196,0.0467003573147637,5.20550240703075,1004200.8328221028,26,Stage2.2,/home/yangshen0711/tsc_all/tsc_rzip_rllib/stage2_2_runs/stage2_2_svd3_corner_feasibility_100ms_20260721_085327,2003,"[2.3911854335466187,1.204177336495726,0.471384395947247,1.2306153544183116,1.843165426824775,0.10953832802554025,-0.31752308110132416,2.134038010154938,-0.24870803099466096,-0.9583911166231088,-1.3644749239945746,0.1744168087391817,-0.5058630032223895,-0.039412075046363654,0.05457927303056377]",v_399762497a7d5377
Stage2.2,3,s22g003_52cd953cef30f0ad,72,bridge_d10_p08_c06_019,boundary_bridge,2.9483469284796158,67.21703533726286,"[2.4156833455235933,1.2134774513649513,0.47907036778035206,1.2589133882941406,1.8550406168610185,0.10669581847743294,-0.30492709251376254,2.082607806812729,-0.260892593263345,-1.01256235846005,-1.3371201828099577,0.20223205578927803,-0.6437694017216894,-0.1399825057740256,0.019205773767945737]",s22g003_52cd953cef30f0ad,0.03116888013707034,0.032541290407838604,0.1063104850979376,0.0631048509793759,0.102067522215054,,,,,True,,11,-0.027834048999999972,0.0304844614,721.4239000000016,0.04127997905259267,0.0304844614,1.375999301753089,0.5817437020072838,0.7819410457617871,0.023458231372853616,1,0.6280101555085302,0.0,-0.3441332378223096,0,0,0,0,1,1,True,False,True,False,10000.0,True,1.0,1.0,0.0,0.027886053737823657,0.03114707994481445,0.04180637011458243,0.01683118156765573,0.6494483007890555,0.09045089517294302,0.10208727575063425,0.41455,273.9358081817627,1,True,False,0.0,2,0,1,True,True,1.0,10,10,1,True,True,1.0,10,10,3,POSITION_40MM_SPEED_FAIL,False,False,0.5245889060562868,4189.927481578197,1004189.9274815782,0.00224231120962497,0.00043567200591857895,1.0,0.4729305196106156,0.25169418471378985,0.05175919822983591,3000038.914057371,38.9140573712056,"[0.0311702852,0.0303706758,0.0304844614]",0.0311702852,0.0306751408,0.0304844614,0.02786972600000004,0.0311702852,0.03900950666666669,0.0,0.020872757506342543,0.0,0.03900950666666669,0.059882264173009236,0.04424266737319634,5.205090846396713,1004189.9274815782,25,Stage2.2,/home/yangshen0711/tsc_all/tsc_rzip_rllib/stage2_2_runs/stage2_2_svd3_corner_feasibility_100ms_20260721_085327,2003,"[2.4156833455235933,1.2134774513649513,0.47907036778035206,1.2589133882941406,1.8550406168610185,0.10669581847743294,-0.30492709251376254,2.082607806812729,-0.260892593263345,-1.01256235846005,-1.3371201828099577,0.20223205578927803,-0.6437694017216894,-0.1399825057740256,0.019205773767945737]",v_52cd953cef30f0ad
Stage2.2,2,s22g002_4bf65c2306ecd53c,42,corner_local_0042,corner_local,2.9393810021710847,46.77782179180584,"[2.3911854335466187,1.204177336495726,0.471384395947247,1.2259766624156636,1.8395271280914107,0.0921361934331632,-0.2883660344731758,2.085193122754147,-0.2786729106615577,-0.917933107741329,-1.3465078733402684,0.14381649860258183,-0.5611756566600434,0.004026442995995944,0.07873312732028503]",s22g002_4bf65c2306ecd53c,0.03133737732358349,0.02997863091527015,0.10096503524389056,0.04457924411944991,0.054229596558355464,,,,,True,,11,-0.02784915099999996,0.0302542538,750.5994000000028,0.04112049470052146,0.0302542538,1.3706831566840485,0.5817437020072838,0.7819332053556993,0.02345799616067098,1,0.6279867362113741,0.0,-0.3441197603990719,0,0,0,0,1,1,True,False,True,False,10000.0,True,1.0,1.0,0.0,0.027844791751679348,0.031078824949248067,0.041727997650503126,0.01784088354346888,0.6493154129784205,0.09243387026709125,0.10363302741744718,0.41455,255.3384132385254,1,True,False,0.0,2,0,1,True,True,1.0,10,10,1,True,True,1.0,10,10,3,POSITION_40MM_SPEED_FAIL,False,False,0.5264256470630707,4266.5180099172285,1004266.5180099172,0.00220924469556007,0.0013198888215922903,1.0,0.46586104567293557,0.25195470752974797,0.05303038907497133,3000038.976946737,38.976946737138164,"[0.0311719068,0.0302992784,0.0302542538]",0.0311719068,0.03057514633333333,0.0302542538,0.02784915099999996,0.0311719068,0.03906356,0.0,0.036330274174471766,0.0,0.03906356,0.07539383417447176,0.05334651386422443,5.240159355067453,1004266.5180099172,11,Stage2.2,/home/yangshen0711/tsc_all/tsc_rzip_rllib/stage2_2_runs/stage2_2_svd3_corner_feasibility_100ms_20260721_085327,2002,"[2.3911854335466187,1.204177336495726,0.471384395947247,1.2259766624156636,1.8395271280914107,0.0921361934331632,-0.2883660344731758,2.085193122754147,-0.2786729106615577,-0.917933107741329,-1.3465078733402684,0.14381649860258183,-0.5611756566600434,0.004026442995995944,0.07873312732028503]",v_4bf65c2306ecd53c
Stage2.2,3,s22g003_fc29a0a4a8f8207e,35,probe_c2_h09_p,multi_center_probes,2.9709388517547453,45.86982205539864,"[2.4156833455235933,1.2134774513649513,0.47907036778035206,1.248195434942497,1.773850486921846,0.12833245403562732,-0.4054248495828374,2.220393648757632,-0.32146902265432653,-0.8840062129819165,-1.4103346074137584,0.2016569105134061,-0.5999012891487809,0.06017319409651051,0.05228730769184573]",s22g003_fc29a0a4a8f8207e,0.03132231094231388,0.025008669602592577,0.09675817221819119,0.0440770314104626,0.0440770314104626,,,,,True,,11,-0.028066727000000014,0.0303986466,733.6794000000009,0.0413741329770694,0.0303986466,1.3791377659023132,0.5817437020072838,0.7819410457617871,0.023458231372853616,1,0.6280101555085302,0.0,-0.3441332378223096,0,0,0,0,1,1,True,False,True,False,10000.0,True,1.0,1.0,0.0,0.028024845229689517,0.031119261686649354,0.04187840013742423,0.02069177505876031,0.6494544093505583,0.09011839165085718,0.100610243945795,0.4147,266.56987714767456,1,True,False,0.0,2,0,1,True,True,1.0,10,10,1,True,True,1.0,10,10,3,POSITION_40MM_SPEED_FAIL,False,False,0.5235045590856271,4136.575008210959,1004136.575008211,0.0021869149135138473,3.7239767337943376e-05,1.0,0.4688170385268849,0.25844792316448784,0.08131329131199051,3000038.906841708,38.90684170766974,"[0.0311732918,0.0303668751,0.0303986466]",0.0311732918,0.030646271166666666,0.0303986466,0.028066727000000014,0.0311732918,0.03910972666666668,0.0,0.00610243945794986,0.0,0.03910972666666668,0.04521216612461654,0.039582957030511526,5.170720015447061,1004136.575008211,16,Stage2.2,/home/yangshen0711/tsc_all/tsc_rzip_rllib/stage2_2_runs/stage2_2_svd3_corner_feasibility_100ms_20260721_085327,2003,"[2.4156833455235933,1.2134774513649513,0.47907036778035206,1.248195434942497,1.773850486921846,0.12833245403562732,-0.4054248495828374,2.220393648757632,-0.32146902265432653,-0.8840062129819165,-1.4103346074137584,0.2016569105134061,-0.5999012891487809,0.06017319409651051,0.05228730769184573]",v_fc29a0a4a8f8207e
Stage2.2,2,s22g002_09f0c41cdd062f43,37,corner_local_0061,corner_local,2.9412437006871497,44.65817065878984,"[2.4156833455235933,1.2134774513649513,0.47907036778035206,1.2274739633781768,1.8230070059463597,0.11445009368617046,-0.329582835034666,2.128577568685717,-0.3254242695616125,-0.8951940869324934,-1.3233800215033162,0.17911253259486953,-0.5909376008441549,0.011416648271764371,0.1195387353248943]",s22g002_09f0c41cdd062f43,0.0312698916202266,0.0311425219894801,0.10151462180148509,0.04232972067422014,0.05747593868907086,,,,,True,,11,-0.02783086300000004,0.0302503437,720.468200000003,0.04110523359978509,0.0302503437,1.3701744533261697,0.5817437020072838,0.7819410457617871,0.023458231372853616,1,0.6280101555085302,0.0,-0.3441332378223096,0,0,0,0,1,1,True,False,True,False,10000.0,True,1.0,1.0,0.0,0.027858689508804983,0.03107698819510154,0.041735905122885275,0.015441623481838702,0.649433401847587,0.09157478369901935,0.10319415917700772,0.41455,262.56960940361023,1,True,False,0.0,2,0,1,True,True,1.0,10,10,1,True,True,1.0,10,10,3,POSITION_40MM_SPEED_FAIL,False,False,0.5266014053062283,4251.039791024057,1004251.039791024,0.0021987797538671637,0.001020265284806261,1.0,0.4657513272414389,0.2504016405404047,0.06696628757998095,3000038.9274191363,38.92741913620111,"[0.0311733319,0.030302928,0.0302503437]",0.0311733319,0.030575534533333334,0.0302503437,0.02783086300000004,0.0311733319,0.03911106333333336,0.0,0.03194159177007716,0.0,0.03911106333333336,0.07105265510341052,0.050496936143396606,5.225901133684614,1004251.039791024,10,Stage2.2,/home/yangshen0711/tsc_all/tsc_rzip_rllib/stage2_2_runs/stage2_2_svd3_corner_feasibility_100ms_20260721_085327,2002,"[2.4156833455235933,1.2134774513649513,0.47907036778035206,1.2274739633781768,1.8230070059463597,0.11445009368617046,-0.329582835034666,2.128577568685717,-0.3254242695616125,-0.8951940869324934,-1.3233800215033162,0.17911253259486953,-0.5909376008441549,0.011416648271764371,0.1195387353248943]",v_09f0c41cdd062f43
Stage2.2,2,s22g002_fd6390d270aba8bf,61,bridge_d09_p03_c22_061,boundary_bridge,2.9348596857331004,44.53857441240875,"[2.415683345523593,1.2134774513649513,0.47907036778035206,1.2108901095803615,1.832764589101613,0.11152368360079286,-0.2928269989637383,2.125129954171974,-0.29179750045288266,-0.9123744464281048,-1.382424012345993,0.17747097397137432,-0.5571445558726417,0.10427164738018116,0.08422257537484434]",s22g002_fd6390d270aba8bf,0.03126262507396376,0.030177472130436186,0.1018455581286857,0.04208750246545878,0.06054308375231576,,,,,True,,11,-0.027824454,0.030260542,734.957400000003,0.041108401118650675,0.030260542,1.370280037288356,0.5817437020072838,0.7819410457617871,0.023458231372853616,1,0.6280101555085302,0.0,-0.3441332378223096,0,0,0,0,1,1,True,False,True,False,10000.0,True,1.0,1.0,0.0,0.027821715701251363,0.031083555765397095,0.04171612761968454,0.01765820029005554,0.6494354233070391,0.09224653125195158,0.10348700135237367,0.41445,271.7249529361725,1,True,False,0.0,2,0,1,True,True,1.0,10,10,1,True,True,1.0,10,10,3,POSITION_40MM_SPEED_FAIL,False,False,0.5265649257913754,4272.3047909479355,1004272.3047909479,0.0022173672450566343,0.0012159178431455685,1.0,0.46699365996547204,0.2562133427866707,0.061186499413379496,3000038.959347846,38.95934784613403,"[0.0311755193,0.0303058214,0.030260542]",0.0311755193,0.030580627566666668,0.030260542,0.027824454,0.0311755193,0.03918397666666662,0.0,0.03487001352373653,0.0,0.03918397666666662,0.07405399019040315,0.05245285378851605,5.238309731166943,1004272.3047909479,13,Stage2.2,/home/yangshen0711/tsc_all/tsc_rzip_rllib/stage2_2_runs/stage2_2_svd3_corner_feasibility_100ms_20260721_085327,2002,"[2.415683345523593,1.2134774513649513,0.47907036778035206,1.2108901095803615,1.832764589101613,0.11152368360079286,-0.2928269989637383,2.125129954171974,-0.29179750045288266,-0.9123744464281048,-1.382424012345993,0.17747097397137432,-0.5571445558726417,0.10427164738018116,0.08422257537484434]",v_fd6390d270aba8bf
Stage2.2,3,s22g003_1510fab5260eb641,84,trust_mix_0012,trust_mix,2.93720583893849,46.9775226046388,"[2.3911854335466187,1.204177336495726,0.471384395947247,1.2450909988820462,1.841521624385982,0.10649435856981719,-0.33416790472668273,2.1840111782401253,-0.29081844926810746,-0.977367057196672,-1.3156594316811152,0.16474228249870185,-0.6305406261849877,0.011144775217400482,0.09632038854207842]",s22g003_1510fab5260eb641,0.03135041960895621,0.02600425705410549,0.10033401025608511,0.04501398696520709,0.04835408952605813,,,,,True,,11,-0.027527387000000014,0.0304172992,734.4032000000007,0.04102400669937166,0.0304172992,1.3674668899790552,0.5817437020072838,0.7819332053556993,0.02345799616067098,1,0.6279867362113741,0.0,-0.3441197603990719,0,0,0,0,1,1,True,False,True,False,10000.0,True,1.0,1.0,0.0,0.02769771659096967,0.031129988104011123,0.04166820926929247,0.006280970882123155,0.6493210559433619,0.08812474381197259,0.10185927209126915,0.41455,271.23299074172974,1,True,False,0.0,2,0,1,True,True,1.0,10,10,1,True,True,1.0,10,10,3,POSITION_40MM_SPEED_FAIL,False,False,0.5275368750053289,4204.260342719033,1004204.260342719,0.002226518173193344,0.0003456892709372353,1.0,0.4697127004143186,0.25194413984559755,0.07079974400759897,3000038.7558834995,38.755883499290704,"[0.0311772915,0.0303621003,0.0304172992]",0.0311772915,0.030652230333333332,0.0304172992,0.027725073000000044,0.0311772915,0.03924305000000006,0.0,0.018592720912691485,0.0,0.03924305000000006,0.05783577091269154,0.04342471927646441,5.187539791732035,1004204.260342719,27,Stage2.2,/home/yangshen0711/tsc_all/tsc_rzip_rllib/stage2_2_runs/stage2_2_svd3_corner_feasibility_100ms_20260721_085327,2003,"[2.3911854335466187,1.204177336495726,0.471384395947247,1.2450909988820462,1.841521624385982,0.10649435856981719,-0.33416790472668273,2.1840111782401253,-0.29081844926810746,-0.977367057196672,-1.3156594316811152,0.16474228249870185,-0.6305406261849877,0.011144775217400482,0.09632038854207842]",v_1510fab5260eb641
Stage2.2,3,s22g003_c102765468b3b691,21,probe_c1_h01_p,multi_center_probes,2.9601389780400553,49.52465625808356,"[2.3911854335466187,1.204177336495726,0.471384395947247,1.2444621768972368,1.8390350748969635,0.1220083421788616,-0.3380156520551947,2.226666881772964,-0.18080008593500527,-1.0915080457377542,-1.4536137584692328,0.22302807007822167,-0.6564544086987542,-0.2219980047699112,-0.03731127915377853]",s22g003_c102765468b3b691,0.0314277419673549,0.023926293094379002,0.09988187861547926,0.04759139891182995,0.04759139891182995,,,,,True,,11,-0.02753214599999998,0.0308041446,694.1676000000007,0.04131482043895415,0.0308041446,1.3771606812984718,0.5817437020072838,0.7819332053556993,0.02345799616067098,1,0.6279867362113741,0.0,-0.3441197603990719,0,0,0,0,1,1,True,False,True,False,10000.0,True,1.0,1.0,0.0,0.027658664773231832,0.031247430535856043,0.04173012882955388,0.032717034420764055,0.6493068888016089,0.09089964197175797,0.09973839456974262,0.41450000000000004,269.2946479320526,1,True,False,0.0,2,0,1,True,True,1.0,10,10,1,True,True,1.0,10,10,1,PASS_DAMPED_HOLD_40MM,False,True,0.5241876466083708,4128.270405342104,1004128.2704053421,0.002340418436831946,0.0,1.0,0.4834565479300444,0.2624785905265248,0.061771204376954505,1000038.9391223221,38.939122322084316,"[0.0311780206,0.0304909282,0.0308041446]",0.0311780206,0.030824364466666667,0.0308041446,0.02766087100000003,0.0311780206,0.03926735333333342,0.0,0.0,0.0,0.03926735333333342,0.03926735333333342,0.03926735333333342,5.198305342136287,1004128.2704053421,14,Stage2.2,/home/yangshen0711/tsc_all/tsc_rzip_rllib/stage2_2_runs/stage2_2_svd3_corner_feasibility_100ms_20260721_085327,2003,"[2.3911854335466187,1.204177336495726,0.471384395947247,1.2444621768972368,1.8390350748969635,0.1220083421788616,-0.3380156520551947,2.226666881772964,-0.18080008593500527,-1.0915080457377542,-1.4536137584692328,0.22302807007822167,-0.6564544086987542,-0.2219980047699112,-0.03731127915377853]",v_c102765468b3b691
Stage2.2,2,s22g002_197262077520ed7b,81,trust_mix_0031,trust_mix,2.9274412774519996,45.3804437758089,"[2.4156833455235933,1.2134774513649513,0.47907036778035206,1.2229470171400345,1.8255616315680705,0.11349569902801535,-0.32406938788059114,2.134812113370997,-0.3355611717217674,-0.8967309761491716,-1.256091854740133,0.15923272646900175,-0.5220172029029986,0.02040294996050306,0.08498394292825327]",s22g002_197262077520ed7b,0.03127997850014206,0.031368366336513374,0.10244645339527424,0.042665950004735276,0.06713048395747756,,,,,True,,11,-0.027639426000000022,0.0302005049,751.9536000000007,0.04093908115510656,0.0302005049,1.364636038503552,0.5817437020072838,0.7819410457617871,0.023458231372853616,1,0.6280101555085302,0.0,-0.3441332378223096,0,0,0,0,1,1,True,False,True,False,10000.0,True,1.0,1.0,0.0,0.02776360790178276,0.031070343699257846,0.04166754349987464,0.01167549789302544,0.6494331105471195,0.09138903918615364,0.10376506370689983,0.41450000000000004,281.64686131477356,1,True,False,0.0,2,0,1,True,True,1.0,10,10,1,True,True,1.0,10,10,3,POSITION_40MM_SPEED_FAIL,False,False,0.5285149410516172,4319.957699735998,1004319.957699736,0.0022204201000129986,0.00141757047170142,1.0,0.4619759172154347,0.24622935721450506,0.06937218334996768,3000038.9011101746,38.9011101747489,"[0.0311854434,0.0302969529,0.0302005049]",0.0311854434,0.030560967066666667,0.0302005049,0.027774673000000027,0.0311854434,0.03951477999999997,0.0,0.03765063706899818,0.0,0.03951477999999997,0.07716541706899815,0.054580109107163,5.237922352901242,1004319.957699736,24,Stage2.2,/home/yangshen0711/tsc_all/tsc_rzip_rllib/stage2_2_runs/stage2_2_svd3_corner_feasibility_100ms_20260721_085327,2002,"[2.4156833455235933,1.2134774513649513,0.47907036778035206,1.2229470171400345,1.8255616315680705,0.11349569902801535,-0.32406938788059114,2.134812113370997,-0.3355611717217674,-0.8967309761491716,-1.256091854740133,0.15923272646900175,-0.5220172029029986,0.02040294996050306,0.08498394292825327]",v_197262077520ed7b
Stage2.2,2,s22g002_b2f47e7ffda90d4d,46,corner_local_0020,corner_local,2.9206695718887987,47.25049076336609,"[2.3911854335466187,1.204177336495726,0.471384395947247,1.2395774412184712,1.8458210584486305,0.10967820507184732,-0.298327773743494,2.150374163140006,-0.28284790000447996,-1.000626550379388,-1.2832644468340668,0.17910809544629835,-0.5909548728207743,-0.04752876768022499,0.059365733646659896]",s22g002_b2f47e7ffda90d4d,0.03133206703662481,0.028987556927407676,0.10260740032830104,0.04440223455416037,0.07047623783717061,,,,,True,,11,-0.027502898000000053,0.0303042267,735.795100000003,0.040923777370660684,0.0303042267,1.3641259123553562,0.5817437020072838,0.7819332053556993,0.02345799616067098,1,0.6279867362113741,0.0,-0.3441197603990719,0,0,0,0,1,1,True,False,True,False,10000.0,True,1.0,1.0,0.0,0.027686773509304766,0.03106299524558102,0.041610901227713507,0.003018625735068518,0.6493222862605095,0.08923818344971045,0.1039534437935427,0.41450000000000004,273.7375614643097,1,True,False,0.0,2,0,1,True,True,1.0,10,10,1,True,True,1.0,10,10,3,POSITION_40MM_SPEED_FAIL,False,False,0.5286911908722778,4321.381591845653,1004321.3815918457,0.0021226495855435072,0.0015629717828701288,1.0,0.4693105955186496,0.24944955425267584,0.063883231712413,3000038.8593623177,38.85936231753084,"[0.0311254925,0.0302794145,0.0303042267]",0.0311254925,0.030569711233333335,0.0303042267,0.027721945000000026,0.0311254925,0.03751641666666683,0.0,0.03953443793542699,0.0,0.03953443793542699,0.07705085460209382,0.05450186512750812,5.232514767119659,1004321.3815918457,25,Stage2.2,/home/yangshen0711/tsc_all/tsc_rzip_rllib/stage2_2_runs/stage2_2_svd3_corner_feasibility_100ms_20260721_085327,2002,"[2.3911854335466187,1.204177336495726,0.471384395947247,1.2395774412184712,1.8458210584486305,0.10967820507184732,-0.298327773743494,2.150374163140006,-0.28284790000447996,-1.000626550379388,-1.2832644468340668,0.17910809544629835,-0.5909548728207743,-0.04752876768022499,0.059365733646659896]",v_b2f47e7ffda90d4d
Stage2.2,3,s22g003_aaf1c92e41919d0a,12,probe_c0_h12_m,multi_center_probes,2.934596259970254,51.98208483947215,"[2.3911854335466187,1.204177336495726,0.471384395947247,1.2327981768972367,1.7920550748969635,0.1024243421788616,-0.36636565205519467,2.3180168817729636,-0.17108008593500526,-1.055058045737754,-1.343453758469233,0.20844807007822166,-0.47339440869875427,-0.1774480047699112,0.0035127208462214735]",s22g003_aaf1c92e41919d0a,0.03149863669837132,0.022387424560040486,0.09927880850772546,0.049954556612377354,0.049954556612377354,,,,,True,,11,-0.027238697000000034,0.0305908248,688.3517000000029,0.04096028779442481,0.0305908248,1.3653429264808268,0.5817437020072838,0.7819332053556993,0.02345799616067098,1,0.6279867362113741,0.0,-0.3441197603990719,0,0,0,0,1,1,True,False,True,False,10000.0,True,1.0,1.0,0.0,0.02754951468125048,0.031188886064947,0.04161396848589042,0.01674503637820802,0.6492810042342385,0.09012222458414292,0.1016086706151629,0.41465,271.78982377052307,1,True,False,0.0,2,0,1,True,True,1.0,10,10,1,True,True,1.0,10,10,3,POSITION_40MM_SPEED_FAIL,False,False,0.5282707095420927,4223.945059756865,1004223.9450597569,0.002281566080272627,0.0002587821148088581,1.0,0.47495580768118234,0.25744964189056296,0.07468696046276524,3000038.7626553304,38.76265533053208,"[0.0311860699,0.0304317022,0.0305908248]",0.0311860699,0.030736198966666666,0.0305908248,0.027629848000000012,0.0311860699,0.03953566333333325,0.0,0.016086706151628993,0.0,0.03953566333333325,0.05562236948496224,0.04268314409712023,5.206104386522714,1004223.9450597569,29,Stage2.2,/home/yangshen0711/tsc_all/tsc_rzip_rllib/stage2_2_runs/stage2_2_svd3_corner_feasibility_100ms_20260721_085327,2003,"[2.3911854335466187,1.204177336495726,0.471384395947247,1.2327981768972367,1.7920550748969635,0.1024243421788616,-0.36636565205519467,2.3180168817729636,-0.17108008593500526,-1.055058045737754,-1.343453758469233,0.20844807007822166,-0.47339440869875427,-0.1774480047699112,0.0035127208462214735]",v_aaf1c92e41919d0a
Stage2.2,2,s22g002_337ea2e49d6d3866,21,probe_c1_h13_p,multi_center_probes,2.956520898539171,52.42056305629124,"[2.3911854335466187,1.204177336495726,0.471384395947247,1.2459201768972368,1.8375770748969635,0.1226563421788616,-0.34085065205519466,2.1728018817729637,-0.15771508593500527,-1.1607630457377542,-1.3843587584692327,0.19532607007822167,-0.5871994086987542,-0.2912530047699112,-0.009609279153778526]",s22g002_337ea2e49d6d3866,0.0315112787840569,0.024427074617994628,0.09899842772640724,0.050375959468563325,0.050375959468563325,,,,,True,,11,-0.027289686000000035,0.0309025457,681.2833000000028,0.04122734884417365,0.0309025457,1.374244961472455,0.5817437020072838,0.7819332053556993,0.02345799616067098,1,0.6279867362113741,0.0,-0.3441197603990719,0,0,0,0,1,1,True,False,True,False,10000.0,True,1.0,1.0,0.0,0.027550090266979087,0.03128331572439224,0.04168516902245573,0.03685584543013455,0.6493067621805658,0.09185234513053812,0.10000603940917611,0.41450000000000004,282.4189476966858,1,True,False,0.0,2,0,1,True,True,1.0,10,10,1,True,True,1.0,10,10,3,POSITION_40MM_SPEED_FAIL,False,False,0.525195034875468,4157.509492786019,1004157.509492786,0.0023994813466743136,3.647446319657031e-09,1.0,0.48322307768800954,0.25886737723534736,0.049912336459849764,3000038.976670249,38.97667024877512,"[0.0311862977,0.0305341797,0.0309025457]",0.0311862977,0.030874341033333336,0.0309025457,0.02761068,0.0311862977,0.03954325666666669,0.0,6.0394091761173385e-05,0.0,0.03954325666666669,0.039603650758427866,0.03954330278634044,5.22592029939295,1004157.509492786,4,Stage2.2,/home/yangshen0711/tsc_all/tsc_rzip_rllib/stage2_2_runs/stage2_2_svd3_corner_feasibility_100ms_20260721_085327,2002,"[2.3911854335466187,1.204177336495726,0.471384395947247,1.2459201768972368,1.8375770748969635,0.1226563421788616,-0.34085065205519466,2.1728018817729637,-0.15771508593500527,-1.1607630457377542,-1.3843587584692327,0.19532607007822167,-0.5871994086987542,-0.2912530047699112,-0.009609279153778526]",v_337ea2e49d6d3866
Stage2.2,2,s22g002_477bfcc758a86df6,57,corner_local_0050,corner_local,2.957572919201639,48.6641603246962,"[2.3911854335466187,1.204177336495726,0.471384395947247,1.2375031783137358,1.8354496935078448,0.10405129574045012,-0.3149202373877035,2.195372618380991,-0.26945749265186997,-1.021031183197771,-1.4359471532910104,0.15972302708580283,-0.5827840543312799,-0.06761365005531708,0.04376453478622129]",s22g002_477bfcc758a86df6,0.03140292070948569,0.023349514864312974,0.0982685566439679,0.046764023649523256,0.046764023649523256,,,,,True,,11,-0.027757608000000045,0.0305758415,737.0255000000034,0.041296088014662946,0.0305758415,1.3765362671554315,0.5817437020072838,0.7819332053556993,0.02345799616067098,1,0.6279867362113741,0.0,-0.3441197603990719,0,0,0,0,1,1,True,False,True,False,10000.0,True,1.0,1.0,0.0,0.027782390033414896,0.031185510804834688,0.041765982331644635,0.022648398212692787,0.6493246718346385,0.09030545716293185,0.1007443100217996,0.41455,263.79247760772705,1,True,False,0.0,2,0,1,True,True,1.0,10,10,1,True,True,1.0,10,10,3,POSITION_40MM_SPEED_FAIL,False,False,0.5244033832082647,4189.275611049845,1004189.2756110498,0.0022896857316233635,5.539974085512866e-05,1.0,0.4748177927945601,0.2597348059759726,0.06903291779159129,3000038.8788348413,38.87883484137878,"[0.0311867486,0.0304206167,0.0305758415]",0.0311867486,0.0307277356,0.0305758415,0.027757608000000045,0.0311867486,0.03955828666666683,0.0,0.007443100217995768,0.0,0.03955828666666683,0.0470013868846626,0.04025242582574769,5.188971018756699,1004189.2756110498,7,Stage2.2,/home/yangshen0711/tsc_all/tsc_rzip_rllib/stage2_2_runs/stage2_2_svd3_corner_feasibility_100ms_20260721_085327,2002,"[2.3911854335466187,1.204177336495726,0.471384395947247,1.2375031783137358,1.8354496935078448,0.10405129574045012,-0.3149202373877035,2.195372618380991,-0.26945749265186997,-1.021031183197771,-1.4359471532910104,0.15972302708580283,-0.5827840543312799,-0.06761365005531708,0.04376453478622129]",v_477bfcc758a86df6
Stage2.2,2,s22g002_8e6f615182bda5ba,44,corner_local_0083,corner_local,2.9417929788922432,47.15152904891592,"[2.4156833455235933,1.2134774513649513,0.47907036778035206,1.18475124398984,1.79996890652207,0.11898334296478248,-0.28610783918254373,2.241267212998318,-0.2830349480436559,-0.9156803077196013,-1.4174549109144703,0.20175416936255186,-0.47529718193662773,-0.006404381530281403,-0.004556460204838242]",s22g002_8e6f615182bda5ba,0.03135528587441962,0.0263574882827221,0.10034716868145041,0.04517619581398735,0.04864788262849129,,,,,True,,11,-0.027806236999999956,0.0302608106,738.4832000000024,0.04109627080732799,0.0302608106,1.3698756935775998,0.5817437020072838,0.7819410457617871,0.023458231372853616,1,0.6280101555085302,0.0,-0.3441332378223096,0,0,0,0,1,1,True,False,True,False,10000.0,True,1.0,1.0,0.0,0.027794760538276064,0.03109241906320625,0.04170476275657421,0.02031200873198541,0.6494303600836892,0.09319159011532473,0.10391289957681395,0.41445,277.39756321907043,1,True,False,0.0,2,0,1,True,True,1.0,10,10,1,True,True,1.0,10,10,3,POSITION_40MM_SPEED_FAIL,False,False,0.5267046275235019,4333.525770726963,1004333.525770727,0.0022502513355903628,0.0015310783098230656,1.0,0.46777595701960106,0.2585215779109151,0.07771995397289151,3000039.0169385755,39.01693857560142,"[0.0311873341,0.0303114478,0.0302608106]",0.0311873341,0.03058653083333333,0.0302608106,0.027806236999999956,0.0311873341,0.03957780333333338,0.0,0.03912899576813933,0.0,0.03957780333333338,0.07870679910147271,0.05565501618466282,5.2632248031577475,1004333.525770727,29,Stage2.2,/home/yangshen0711/tsc_all/tsc_rzip_rllib/stage2_2_runs/stage2_2_svd3_corner_feasibility_100ms_20260721_085327,2002,"[2.4156833455235933,1.2134774513649513,0.47907036778035206,1.18475124398984,1.79996890652207,0.11898334296478248,-0.28610783918254373,2.241267212998318,-0.2830349480436559,-0.9156803077196013,-1.4174549109144703,0.20175416936255186,-0.47529718193662773,-0.006404381530281403,-0.004556460204838242]",v_8e6f615182bda5ba
Stage2.2,1,s22g001_6c0a81d032160a6b,47,corner_local_0069,corner_local,2.937491794991349,47.870616825605815,"[2.413946689140234,1.2100260733143955,0.4613863721475013,1.2220793333517084,1.8401236494395452,0.11182770269536833,-0.2907054552366149,2.144993810348946,-0.32607706802793784,-0.9406740570622067,-1.3339244057681552,0.11298138700819443,-0.4040272337461903,-0.11661957328049315,-0.0007773303144941457]",s22g001_6c0a81d032160a6b,0.03135874470939356,0.03107922188090457,0.10184522995503104,0.04529149031311874,0.06374378986342899,,,,,True,,11,-0.027904936999999963,0.0302777786,797.0258000000031,0.04117559211383104,0.0302777786,1.3725197371277014,0.5817437020072838,0.7819341870162442,0.023458025610487324,1,0.6279889312000577,0.0,-0.3441214478441469,0,0,0,0,1,1,True,False,True,False,10000.0,True,1.0,1.0,0.0,0.02788602693978361,0.031096735871199536,0.04176885778100097,0.020311992498545484,0.6494045298806584,0.09272149906377852,0.1033953631719034,0.4147,268.6623432636261,1,True,False,0.0,2,0,1,True,True,1.0,10,10,1,True,True,1.0,10,10,3,POSITION_40MM_SPEED_FAIL,False,False,0.5257911040682305,4309.75985870813,1004309.7598587081,0.0022405370479422473,0.001152849106911783,1.0,0.46456298558777875,0.25023008423073245,0.06933345653507296,3000039.0076852436,39.00768524349217,"[0.0311874663,0.0303229739,0.0302777786]",0.0311874663,0.030596072933333333,0.0302777786,0.027904936999999963,0.0311874663,0.03958221000000006,0.0,0.03395363171903387,0.0,0.03958221000000006,0.07353584171903393,0.05214978864191003,5.245703189999742,1004309.7598587081,5,Stage2.2,/home/yangshen0711/tsc_all/tsc_rzip_rllib/stage2_2_runs/stage2_2_svd3_corner_feasibility_100ms_20260721_085327,2001,"[2.413946689140234,1.2100260733143955,0.4613863721475013,1.2220793333517084,1.8401236494395452,0.11182770269536833,-0.2907054552366149,2.144993810348946,-0.32607706802793784,-0.9406740570622067,-1.3339244057681552,0.11298138700819443,-0.4040272337461903,-0.11661957328049315,-0.0007773303144941457]",v_6c0a81d032160a6b
Stage2.2,3,s22g003_3b781d15c62b7f92,82,trust_mix_0029,trust_mix,2.9435834415634874,44.58868436000918,"[2.415683345523593,1.2134774513649513,0.47907036778035206,1.210105627812605,1.8161436202147392,0.10900752736605845,-0.280580608008255,2.1412622464644033,-0.2986650531700315,-0.9747580163463051,-1.3937823123177562,0.13579979832213707,-0.4742443765993565,-0.03085609953101099,0.053489237112027715]",s22g003_3b781d15c62b7f92,0.031275480306108064,0.024840450292788998,0.1008564947846182,0.042516010203602184,0.051080958049783964,,,,,True,,11,-0.027927691000000032,0.0303766582,756.8353000000025,0.04126375271338163,0.0303766582,1.3754584237793879,0.5817437020072838,0.7819410457617871,0.023458231372853616,1,0.6280101555085302,0.0,-0.3441332378223096,0,0,0,0,1,1,True,False,True,False,10000.0,True,1.0,1.0,0.0,0.027890345510231045,0.03112775390797371,0.04179483743281504,0.020913922404574216,0.649445356971385,0.09196184981153932,0.10262035021576685,0.41450000000000004,272.39213705062866,1,True,False,0.0,2,0,1,True,True,1.0,10,10,1,True,True,1.0,10,10,3,POSITION_40MM_SPEED_FAIL,False,False,0.5247757807071968,4277.321559089003,1004277.321559089,0.002259163728191863,0.0006866235253269279,1.0,0.46851505937382965,0.25588998479904307,0.06438934591135251,3000038.978835086,38.978835085658076,"[0.0311883991,0.0303549544,0.0303766582]",0.0311883991,0.0306400039,0.0303766582,0.027927691000000032,0.0311883991,0.03961330333333346,0.0,0.026203502157668312,0.0,0.03961330333333346,0.06581680549100177,0.047495655867727686,5.228347923965634,1004277.321559089,34,Stage2.2,/home/yangshen0711/tsc_all/tsc_rzip_rllib/stage2_2_runs/stage2_2_svd3_corner_feasibility_100ms_20260721_085327,2003,"[2.415683345523593,1.2134774513649513,0.47907036778035206,1.210105627812605,1.8161436202147392,0.10900752736605845,-0.280580608008255,2.1412622464644033,-0.2986650531700315,-0.9747580163463051,-1.3937823123177562,0.13579979832213707,-0.4742443765993565,-0.03085609953101099,0.053489237112027715]",v_3b781d15c62b7f92
Stage2.2,2,s22g002_c9bfdc37c14dcd49,75,bridge_d18_p14_c07_037,boundary_bridge,2.9480324845574595,45.9466755681832,"[2.4156833455235933,1.2134774513649513,0.47907036778035206,1.2095533541319334,1.8246549016785427,0.11231088483609139,-0.30385041620227926,2.1107479043438993,-0.3182086467850628,-0.9169118924683235,-1.3667846293924957,0.15516952528758282,-0.5540110831270536,-0.06383902030328192,0.05197030013013213]",s22g002_c9bfdc37c14dcd49,0.03132136107878634,0.028366324549904256,0.10027502794686144,0.044045369292877945,0.046795648761492226,,,,,True,,11,-0.027912328999999958,0.0303247958,753.2580000000016,0.0412151834948716,0.0303247958,1.3738394498290534,0.5817437020072838,0.7819410457617871,0.023458231372853616,1,0.6280101555085302,0.0,-0.3441332378223096,0,0,0,0,1,1,True,False,True,False,10000.0,True,1.0,1.0,0.0,0.027866844492333485,0.031112101510119634,0.041767497918068844,0.02161080657324044,0.6494335202240707,0.09235192532607947,0.10273479106642758,0.41450000000000004,274.61989307403564,1,True,False,0.0,2,0,1,True,True,1.0,10,10,1,True,True,1.0,10,10,3,POSITION_40MM_SPEED_FAIL,False,False,0.5253351401311545,4292.190251318505,1004292.1902513185,0.002249612639987152,0.0007479082177012088,1.0,0.4672176255466652,0.25213789224401534,0.06280006207486978,3000038.9728093804,38.97280938043275,"[0.0311911605,0.0303383116,0.0303247958]",0.0311911605,0.030618089299999998,0.0303247958,0.027912328999999958,0.0311911605,0.03970534999999997,0.0,0.027347910664275776,0.0,0.03970534999999997,0.06705326066427575,0.048212270599129706,5.229938062247547,1004292.1902513185,15,Stage2.2,/home/yangshen0711/tsc_all/tsc_rzip_rllib/stage2_2_runs/stage2_2_svd3_corner_feasibility_100ms_20260721_085327,2002,"[2.4156833455235933,1.2134774513649513,0.47907036778035206,1.2095533541319334,1.8246549016785427,0.11231088483609139,-0.30385041620227926,2.1107479043438993,-0.3182086467850628,-0.9169118924683235,-1.3667846293924957,0.15516952528758282,-0.5540110831270536,-0.06383902030328192,0.05197030013013213]",v_c9bfdc37c14dcd49
Stage2.2,2,s22g002_c05c76ee32570750,22,probe_c1_h14_m,multi_center_probes,2.9616484725277927,51.54700171112173,"[2.3911854335466187,1.204177336495726,0.471384395947247,1.2167601768972367,1.8375770748969635,0.1226563421788616,-0.2841506520551947,2.229501881772964,-0.15771508593500527,-1.1607630457377542,-1.457258758469233,0.2244860700782217,-0.5871994086987542,-0.2912530047699112,-0.03876927915377852]",s22g002_c05c76ee32570750,0.03148403054119971,0.02283429457872132,0.10017748282868272,0.04946768470665708,0.051242512993484146,,,,,True,,11,-0.027474888999999947,0.0308566958,671.9990000000034,0.04131591946521408,0.0308566958,1.377197315507136,0.5817437020072838,0.7819332053556993,0.02345799616067098,1,0.6279867362113741,0.0,-0.3441197603990719,0,0,0,0,1,1,True,False,True,False,10000.0,True,1.0,1.0,0.0,0.027621851871973677,0.03127469687442622,0.04172617122891221,0.03546378082026764,0.6493085823585713,0.09192155490353636,0.10043562580888672,0.4144,267.31530356407166,1,True,False,0.0,2,0,1,True,True,1.0,10,10,1,True,True,1.0,10,10,3,POSITION_40MM_SPEED_FAIL,False,False,0.5241749894004822,4192.808933744789,1004192.8089337448,0.00241064787471667,1.897698453682085e-05,1.0,0.48504158777256595,0.26358628600782474,0.05843543241332879,3000039.0092035215,39.00920352162182,"[0.0311914035,0.0305117617,0.0308566958]",0.0311914035,0.030853286999999997,0.0308566958,0.027633716999999947,0.0311914035,0.03971345000000004,0.0,0.004356258088867193,0.0,0.03971345000000004,0.04406970808886723,0.039951659482921655,5.233441906341,1004192.8089337448,8,Stage2.2,/home/yangshen0711/tsc_all/tsc_rzip_rllib/stage2_2_runs/stage2_2_svd3_corner_feasibility_100ms_20260721_085327,2002,"[2.3911854335466187,1.204177336495726,0.471384395947247,1.2167601768972367,1.8375770748969635,0.1226563421788616,-0.2841506520551947,2.229501881772964,-0.15771508593500527,-1.1607630457377542,-1.457258758469233,0.2244860700782217,-0.5871994086987542,-0.2912530047699112,-0.03876927915377852]",v_c05c76ee32570750
Stage2.2,1,s22g001_bf14ac8d10aca52f,22,probe_c1_h10_m,multi_center_probes,2.930690116840093,54.11250832780521,"[2.3911854335466187,1.204177336495726,0.471384395947247,1.1989401768972368,1.8197570748969636,0.1161763421788616,-0.31250065205519467,2.201151881772964,-0.16986508593500527,-1.0433130457377542,-1.3398087584692329,0.24230607007822166,-0.5426494086987542,-0.2548030047699112,-0.024189279153778526]",s22g001_bf14ac8d10aca52f,0.03156009234884529,0.025568370297214642,0.09906113428935424,0.052003078294843075,0.052003078294843075,,,,,True,,11,-0.027224307999999975,0.0305463906,666.7050000000017,0.04091753810735234,0.0305463906,1.3639179369117447,0.5817437020072838,0.7819332053556993,0.02345799616067098,1,0.6279867362113741,0.0,-0.3441197603990719,0,0,0,0,1,1,True,False,True,False,10000.0,True,1.0,1.0,0.0,0.027485852828335378,0.0311799572053346,0.041565151714235436,0.013670250488195758,0.649306036043951,0.08993079776695631,0.10210060232916943,0.41445,253.2462739944458,1,True,False,0.0,2,0,1,True,True,1.0,10,10,1,True,True,1.0,10,10,3,POSITION_40MM_SPEED_FAIL,False,False,0.5287630468921427,4267.246724988101,1004267.2467249881,0.0022969809183298975,0.0004412530145311996,1.0,0.475955738779446,0.25469413254613094,0.0551775224980422,3000038.745215789,38.74521578881718,"[0.0311922295,0.0304101556,0.0305463906]",0.0311922295,0.030716258566666668,0.0305463906,0.027544188000000025,0.0311922295,0.039740983333333535,0.0,0.02100602329169421,0.0,0.039740983333333535,0.060747006625027744,0.04495107085300075,5.209294301527238,1004267.2467249881,2,Stage2.2,/home/yangshen0711/tsc_all/tsc_rzip_rllib/stage2_2_runs/stage2_2_svd3_corner_feasibility_100ms_20260721_085327,2001,"[2.3911854335466187,1.204177336495726,0.471384395947247,1.1989401768972368,1.8197570748969636,0.1161763421788616,-0.31250065205519467,2.201151881772964,-0.16986508593500527,-1.0433130457377542,-1.3398087584692329,0.24230607007822166,-0.5426494086987542,-0.2548030047699112,-0.024189279153778526]",v_bf14ac8d10aca52f
Stage2.2,1,s22g001_5a2247fba3914382,40,corner_local_0062,corner_local,2.925224678034833,46.85587176017217,"[2.4156833455235933,1.2134774513649513,0.47907036778035206,1.2209606746221755,1.825798890810067,0.1070612357205479,-0.3166939484790194,2.2086973358122193,-0.2529045027886017,-0.9782854707309516,-1.335869231055953,0.2012724813115775,-0.522579802252218,-0.06603837744821768,0.06204331512710955]",s22g001_5a2247fba3914382,0.031314279228443494,0.030268735557319862,0.10316234898504328,0.04380930761478319,0.07543279746521603,,,,,True,,11,-0.027517213999999957,0.0303753382,701.1671999999999,0.04098607369688115,0.0303753382,1.3662024565627051,0.5817437020072838,0.7819410457617871,0.023458231372853616,1,0.6280101555085302,0.0,-0.3441332378223096,0,0,0,0,1,1,True,False,True,False,10000.0,True,1.0,1.0,0.0,0.027681288763703397,0.031129872245681645,0.041657204582784865,0.005248403280990713,0.649446147325156,0.08883856404631182,0.10286413788207387,0.41455,280.5220010280609,1,True,False,0.0,2,0,1,True,True,1.0,10,10,1,True,True,1.0,10,10,3,POSITION_40MM_SPEED_FAIL,False,False,0.5279737398154493,4305.181912818574,1004305.1819128186,0.0022676050360671603,0.0008203285807530591,1.0,0.4701133991789401,0.25386406674954604,0.06881663943553927,3000038.814868153,38.81486815323688,"[0.0311931885,0.0303559862,0.0303753382]",0.0311931885,0.0306415043,0.0303753382,0.027703432000000028,0.0311931885,0.03977295000000014,0.0,0.028641378820738694,0.0,0.03977295000000014,0.06841432882073883,0.04901240794386224,5.217189591773946,1004305.1819128186,4,Stage2.2,/home/yangshen0711/tsc_all/tsc_rzip_rllib/stage2_2_runs/stage2_2_svd3_corner_feasibility_100ms_20260721_085327,2001,"[2.4156833455235933,1.2134774513649513,0.47907036778035206,1.2209606746221755,1.825798890810067,0.1070612357205479,-0.3166939484790194,2.2086973358122193,-0.2529045027886017,-0.9782854707309516,-1.335869231055953,0.2012724813115775,-0.522579802252218,-0.06603837744821768,0.06204331512710955]",v_5a2247fba3914382
Stage2.2,2,s22g002_9ad56cffd0f25877,28,probe_c2_h02_m,multi_center_probes,2.95232588066122,45.2530694165828,"[2.4156833455235933,1.2134774513649513,0.47907036778035206,1.205913434942497,1.7869724869218462,0.12250045403562732,-0.32320984958283744,2.194878648757632,-0.3348340226543265,-0.8439112129819165,-1.3775296074137584,0.18561891051340607,-0.6327062891487809,0.09297819409651051,0.06832530769184574]",s22g002_9ad56cffd0f25877,0.03130452536993585,0.029869814644835506,0.09984150554377133,0.04348417899786172,0.04348417899786172,,,,,True,,11,-0.02800054299999999,0.0302135282,746.2704000000012,0.04119329671909064,0.0302135282,1.3731098906363548,0.5817437020072838,0.7819410457617871,0.023458231372853616,1,0.6280101555085302,0.0,-0.3441332378223096,0,0,0,0,1,1,True,False,True,False,10000.0,True,1.0,1.0,0.0,0.02795357786213456,0.031079649210809523,0.041801281204783575,0.022327437313826647,0.6494406969084225,0.09341220402679128,0.10352532429899793,0.41455,270.1210525035858,1,True,False,0.0,2,0,1,True,True,1.0,10,10,1,True,True,1.0,10,10,3,POSITION_40MM_SPEED_FAIL,False,False,0.5255872046005592,4340.247820246615,1004340.2478202466,0.002240778963303415,0.0012427911413105195,1.0,0.46542738378463355,0.25460846855589403,0.07837702702859885,3000039.05364824,39.053648239998076,"[0.031194462,0.0303039509,0.0302135282]",0.031194462,0.030570647033333332,0.0302135282,0.02800054299999999,0.031194462,0.039815399999999945,0.0,0.03525324298997923,0.0,0.039815399999999945,0.07506864298997917,0.053179481179027266,5.253767107726777,1004340.2478202466,30,Stage2.2,/home/yangshen0711/tsc_all/tsc_rzip_rllib/stage2_2_runs/stage2_2_svd3_corner_feasibility_100ms_20260721_085327,2002,"[2.4156833455235933,1.2134774513649513,0.47907036778035206,1.205913434942497,1.7869724869218462,0.12250045403562732,-0.32320984958283744,2.194878648757632,-0.3348340226543265,-0.8439112129819165,-1.3775296074137584,0.18561891051340607,-0.6327062891487809,0.09297819409651051,0.06832530769184574]",v_9ad56cffd0f25877
Stage2.2,2,s22g002_b3e306ed526b27c1,83,trust_mix_0035,trust_mix,2.928947869025762,46.051869980600365,"[2.4156833455235933,1.2134774513649513,0.47907036778035206,1.2324280921218194,1.827677456058084,0.10910659732783236,-0.34109267703818397,2.2255694298989566,-0.2514685273581255,-0.9470050130371074,-1.3634049375919626,0.19899021744339362,-0.47062305768898,0.010298593070037262,0.046981614987902626]",s22g002_b3e306ed526b27c1,0.03129795301206595,0.029439471288272772,0.10256719020905933,0.04326510040219844,0.06893700249279155,,,,,True,,11,-0.02756040400000004,0.0303349121,712.4073000000026,0.040985152930761944,0.0303349121,1.3661717643587317,0.5817437020072838,0.7819410457617871,0.023458231372853616,1,0.6280101555085302,0.0,-0.3441332378223096,0,0,0,0,1,1,True,False,True,False,10000.0,True,1.0,1.0,0.0,0.027697898334746448,0.031118725411621525,0.04165991650742773,0.0073547294317478275,0.6494458192672641,0.08927664934941727,0.10274363057385205,0.41455,274.47211146354675,1,True,False,0.0,2,0,1,True,True,1.0,10,10,1,True,True,1.0,10,10,3,POSITION_40MM_SPEED_FAIL,False,False,0.5279843440463147,4306.6018377220025,1004306.601837722,0.002258279715443627,0.0007527508725775738,1.0,0.4685008543192655,0.2567978148320787,0.07164222117766973,3000038.8120970745,38.81209707459224,"[0.0311951742,0.03034975,0.0303349121]",0.0311951742,0.030626612100000002,0.0303349121,0.027706911,0.0311951742,0.039839139999999995,0.0,0.027436305738520517,0.0,0.039839139999999995,0.06727544573852051,0.048372595015330457,5.21345975260053,1004306.601837722,21,Stage2.2,/home/yangshen0711/tsc_all/tsc_rzip_rllib/stage2_2_runs/stage2_2_svd3_corner_feasibility_100ms_20260721_085327,2002,"[2.4156833455235933,1.2134774513649513,0.47907036778035206,1.2324280921218194,1.827677456058084,0.10910659732783236,-0.34109267703818397,2.2255694298989566,-0.2514685273581255,-0.9470050130371074,-1.3634049375919626,0.19899021744339362,-0.47062305768898,0.010298593070037262,0.046981614987902626]",v_b3e306ed526b27c1
Stage2.2,2,s22g002_ac3713422f45ee57,93,random_corner_parent_09_0008,random_local,2.9355777200203934,70.5303236182245,"[2.3911854335466187,1.204177336495726,0.471384395947247,1.2318169980712295,1.883055007747129,0.12119893703168452,-0.29076826403446254,2.3194475601113753,-0.1800642642671767,-1.0643129593954297,-1.391221631897421,0.20638734792440702,-0.5349394702503039,-0.2792626207422988,0.015367322766555572]",s22g002_ac3713422f45ee57,0.031375991544370804,0.029279152201927904,0.10660253004312788,0.06602530043127874,0.1118916852436389,,,,,True,,11,-0.02721946900000005,0.0305735951,666.535100000001,0.04093463338031388,0.0305735951,1.3644877793437964,0.5817437020072838,0.7819332053556993,0.02345799616067098,1,0.6279867362113741,0.0,-0.3441197603990719,0,0,0,0,1,1,True,False,True,False,10000.0,True,1.0,1.0,0.0,0.02745184281287241,0.03119395495246771,0.041553176766635294,0.015878320586573548,0.6492965806447156,0.0907472609345949,0.10257342302094845,0.41435,273.79936051368713,1,True,False,0.0,2,0,1,True,True,1.0,10,10,1,True,True,1.0,10,10,3,POSITION_40MM_SPEED_FAIL,False,False,0.5285661649506679,4310.820146499318,1004310.8201464993,0.002333208973982983,0.0006622506044747452,1.0,0.4782464567340169,0.2580553810243036,0.07831812476547582,3000038.798754343,38.79875434281212,"[0.0311985933,0.0304170191,0.0305735951]",0.0311985933,0.030729735833333337,0.0305735951,0.02749491599999998,0.0311985933,0.039953110000000125,0.0,0.02573423020948451,0.0,0.039953110000000125,0.06568734020948463,0.04752369517563691,5.236090485731165,1004310.8201464993,23,Stage2.2,/home/yangshen0711/tsc_all/tsc_rzip_rllib/stage2_2_runs/stage2_2_svd3_corner_feasibility_100ms_20260721_085327,2002,"[2.3911854335466187,1.204177336495726,0.471384395947247,1.2318169980712295,1.883055007747129,0.12119893703168452,-0.29076826403446254,2.3194475601113753,-0.1800642642671767,-1.0643129593954297,-1.391221631897421,0.20638734792440702,-0.5349394702503039,-0.2792626207422988,0.015367322766555572]",v_ac3713422f45ee57
Stage2.2,3,s22g003_fcb9aa528655b8e3,67,bridge_d08_p13_c14_049,boundary_bridge,2.946229021321583,45.45382137371164,"[2.4156833455235933,1.2134774513649513,0.47907036778035206,1.2182721199702011,1.819213342937215,0.10570602032748548,-0.2999968401667391,2.1747148953175213,-0.2751406845128656,-1.0113505645951026,-1.3853671168603958,0.1842184062710643,-0.5377246479595473,-0.09172909862605877,0.015942319143093076]",s22g003_fcb9aa528655b8e3,0.03129732078913934,0.024557581351888052,0.10112642931666971,0.043244026304644745,0.054508319471341826,,,,,True,,11,-0.027768499000000002,0.030499985,735.5753000000004,0.04124728623452974,0.030499985,1.3749095411509913,0.5817437020072838,0.7819410457617871,0.023458231372853616,1,0.6280101555085302,0.0,-0.3441332378223096,0,0,0,0,1,1,True,False,True,False,10000.0,True,1.0,1.0,0.0,0.0278129287273523,0.031171167883846735,0.041775599476677014,0.017405699945812803,0.6494460352785133,0.09011727126713098,0.10153636735907101,0.41455,270.2230968475342,1,True,False,0.0,2,0,1,True,True,1.0,10,10,1,True,True,1.0,10,10,3,POSITION_40MM_SPEED_FAIL,False,False,0.5249654209857058,4264.689889636706,1004264.6898896367,0.002302516936620185,0.00023604246620188341,1.0,0.4721245129513041,0.25612854273653446,0.06647084620823725,3000038.8745423825,38.87454238242773,"[0.0311986241,0.0304013894,0.030499985]",0.0311986241,0.030699999500000002,0.030499985,0.027787565000000014,0.0311986241,0.039954136666666695,0.0,0.015363673590710114,0.0,0.039954136666666695,0.05531781025737681,0.0428062554188119,5.198726521641685,1004264.6898896367,32,Stage2.2,/home/yangshen0711/tsc_all/tsc_rzip_rllib/stage2_2_runs/stage2_2_svd3_corner_feasibility_100ms_20260721_085327,2003,"[2.4156833455235933,1.2134774513649513,0.47907036778035206,1.2182721199702011,1.819213342937215,0.10570602032748548,-0.2999968401667391,2.1747148953175213,-0.2751406845128656,-1.0113505645951026,-1.3853671168603958,0.1842184062710643,-0.5377246479595473,-0.09172909862605877,0.015942319143093076]",v_fcb9aa528655b8e3
Stage2.2,2,s22g002_808bcd4e8e4164a1,56,corner_local_0024,corner_local,2.9428510015607627,48.716383293107384,"[2.3911854335466187,1.204177336495726,0.471384395947247,1.228470362389072,1.8376527815437083,0.09741850315332191,-0.3231951314210452,2.1390086200595024,-0.27563922043635175,-0.9129817698844473,-1.373291645634144,0.1414932268976499,-0.514830284966138,-0.08563354430732542,0.055537233162336275]",s22g002_808bcd4e8e4164a1,0.0314044313879738,0.027607816757587163,0.09897017313311303,0.04681437959912671,0.04681437959912671,,,,,True,,11,-0.02779847499999999,0.0303561562,746.3492000000006,0.041161285591735625,0.0303561562,1.3720428530578541,0.5817437020072838,0.7819332053556993,0.02345799616067098,1,0.6279867362113741,0.0,-0.3441197603990719,0,0,0,0,1,1,True,False,True,False,10000.0,True,1.0,1.0,0.0,0.027792810098896382,0.031128267329556796,0.041730196742091566,0.019329083608860917,0.6493175642681878,0.09129876308592007,0.10209284249097214,0.41450000000000004,277.8456747531891,1,True,False,0.0,2,0,1,True,True,1.0,10,10,1,True,True,1.0,10,10,3,POSITION_40MM_SPEED_FAIL,False,False,0.5259558686702485,4299.92171394045,1004299.9217139404,0.0022693204892810567,0.0004379989692018406,1.0,0.4675981585988325,0.25346709537556306,0.06119498485249956,3000038.886727602,38.88672760209625,"[0.0312016746,0.030360589,0.0303561562]",0.0312016746,0.030639473266666665,0.0303561562,0.02779847499999999,0.0312016746,0.040055820000000075,0.0,0.020928424909721244,0.0,0.040055820000000075,0.06098424490972132,0.04519366863924909,5.209065662219801,1004299.9217139404,18,Stage2.2,/home/yangshen0711/tsc_all/tsc_rzip_rllib/stage2_2_runs/stage2_2_svd3_corner_feasibility_100ms_20260721_085327,2002,"[2.3911854335466187,1.204177336495726,0.471384395947247,1.228470362389072,1.8376527815437083,0.09741850315332191,-0.3231951314210452,2.1390086200595024,-0.27563922043635175,-0.9129817698844473,-1.373291645634144,0.1414932268976499,-0.514830284966138,-0.08563354430732542,0.055537233162336275]",v_808bcd4e8e4164a1
Stage2.2,1,s22g001_f1ddb5d6f77ddb98,79,trust_mix_0018,trust_mix,2.934248275174936,46.46977171464294,"[2.4156833455235933,1.2134774513649513,0.47907036778035206,1.2076693441429442,1.7951924962800323,0.11000970569433265,-0.30800068055680846,2.1853691005143565,-0.2959246331752649,-0.9450046374333884,-1.3163383207554125,0.18346056466245675,-0.5178255547065058,-0.009949582802316087,0.07766646058549811]",s22g001_f1ddb5d6f77ddb98,0.03132648878332099,0.028764190780933178,0.10113871185857538,0.044216292777366384,0.05560341136312008,,,,,True,,11,-0.02772401400000002,0.0303204699,723.9891000000025,0.04108469115411485,0.0303204699,1.3694897051371617,0.5817437020072838,0.7819410457617871,0.023458231372853616,1,0.6280101555085302,0.0,-0.3441332378223096,0,0,0,0,1,1,True,False,True,False,10000.0,True,1.0,1.0,0.0,0.027817519454522883,0.031118473029446526,0.041739354957727244,0.009814969746258282,0.64945753712256,0.08993290231478723,0.1028049873717538,0.41455,257.9319272041321,1,True,False,0.0,2,0,1,True,True,1.0,10,10,1,True,True,1.0,10,10,3,POSITION_40MM_SPEED_FAIL,False,False,0.5268379874652436,4332.278785852133,1004332.2787858521,0.0022724652048788188,0.0007867954155698215,1.0,0.46620604876845817,0.25149230655292754,0.07106241028877772,3000038.873544102,38.87354410215007,"[0.0312017193,0.0303465039,0.0303204699]",0.0312017193,0.030622897700000002,0.0303204699,0.027815047000000037,0.0312017193,0.040057310000000124,0.0,0.028049873717537865,0.0,0.040057310000000124,0.06810718371753799,0.04890177399651194,5.217276985462908,1004332.2787858521,7,Stage2.2,/home/yangshen0711/tsc_all/tsc_rzip_rllib/stage2_2_runs/stage2_2_svd3_corner_feasibility_100ms_20260721_085327,2001,"[2.4156833455235933,1.2134774513649513,0.47907036778035206,1.2076693441429442,1.7951924962800323,0.11000970569433265,-0.30800068055680846,2.1853691005143565,-0.2959246331752649,-0.9450046374333884,-1.3163383207554125,0.18346056466245675,-0.5178255547065058,-0.009949582802316087,0.07766646058549811]",v_f1ddb5d6f77ddb98
Stage2.2,2,s22g002_b9f4ffc0c42aa510,47,corner_local_0038,corner_local,2.932253604761615,47.318047505261774,"[2.3911854335466187,1.204177336495726,0.471384395947247,1.2313269616693887,1.8750302395048433,0.09775068349414126,-0.28193950129421935,2.184127959917453,-0.2870892178218396,-0.9487374992647022,-1.3495153373904392,0.16816678766333537,-0.588833048695474,-0.06476772763937672,0.033458902264282366]",s22g002_b9f4ffc0c42aa510,0.031322847897879695,0.030194007140475057,0.10357499460679515,0.04409492992932318,0.07984487599727452,,,,,True,,11,-0.027612925999999982,0.0303502439,752.1037000000033,0.04103182895108336,0.0303502439,1.3677276317027787,0.5817437020072838,0.7819332053556993,0.02345799616067098,1,0.6279867362113741,0.0,-0.3441197603990719,0,0,0,0,1,1,True,False,True,False,10000.0,True,1.0,1.0,0.0,0.027687421667857703,0.031128294974171012,0.041660101615487645,0.012077763811634466,0.6493157173837063,0.09061736598111554,0.10306267778065654,0.4144,278.7980606555939,1,True,False,0.0,2,0,1,True,True,1.0,10,10,1,True,True,1.0,10,10,3,POSITION_40MM_SPEED_FAIL,False,False,0.5274467881077889,4345.129364019143,1004345.1293640191,0.0022911961100003262,0.0009379995188127281,1.0,0.4688748235079946,0.252435299230978,0.07057987015170518,3000038.86558358,38.86558358014279,"[0.031202008,0.0303469975,0.0303502439]",0.031202008,0.030633083133333336,0.0303502439,0.027671674000000035,0.031202008,0.04006693333333344,0.0,0.03062677780656542,0.0,0.04006693333333344,0.07069371113989886,0.05043172280966133,5.229463316465509,1004345.1293640191,31,Stage2.2,/home/yangshen0711/tsc_all/tsc_rzip_rllib/stage2_2_runs/stage2_2_svd3_corner_feasibility_100ms_20260721_085327,2002,"[2.3911854335466187,1.204177336495726,0.471384395947247,1.2313269616693887,1.8750302395048433,0.09775068349414126,-0.28193950129421935,2.184127959917453,-0.2870892178218396,-0.9487374992647022,-1.3495153373904392,0.16816678766333537,-0.588833048695474,-0.06476772763937672,0.033458902264282366]",v_b9f4ffc0c42aa510
Stage2.2,2,s22g002_967ed9090f44e00c,35,probe_c2_h05_p,multi_center_probes,2.959287683748103,46.9777471566381,"[2.4156833455235933,1.2134774513649513,0.47907036778035206,1.235073434942497,1.7869724869218462,0.12250045403562732,-0.3799098495828374,2.194878648757632,-0.3105340226543265,-0.9168112129819165,-1.3775296074137584,0.21477891051340608,-0.6327062891487809,0.09297819409651051,0.03916530769184573]",s22g002_967ed9090f44e00c,0.03135427368114809,0.02674804214196467,0.09749269675744189,0.04514245603826983,0.04514245603826983,,,,,True,,11,-0.027862795999999967,0.0304482904,736.3578000000016,0.04127267606080743,0.0304482904,1.375755868693581,0.5817437020072838,0.7819410457617871,0.023458231372853616,1,0.6280101555085302,0.0,-0.3441332378223096,0,0,0,0,1,1,True,False,True,False,10000.0,True,1.0,1.0,0.0,0.02790924240502331,0.03115423057552938,0.041827166941780805,0.013389365569750712,0.6494555395659283,0.088224562288918,0.10019776714025508,0.41465,274.93580317497253,1,True,False,0.0,2,0,1,True,True,1.0,10,10,1,True,True,1.0,10,10,3,POSITION_40MM_SPEED_FAIL,False,False,0.5246730127683872,4221.836000131443,1004221.8360001314,0.002263835836944113,3.911184176467188e-06,1.0,0.46922283149171434,0.2569548990439794,0.07546213329357854,3000038.805107632,38.80510763204316,"[0.0312024927,0.0304007406,0.0304482904]",0.0312024927,0.03068384123333333,0.0304482904,0.02788521300000002,0.0312024927,0.04008308999999999,0.0,0.0019776714025507847,0.0,0.04008308999999999,0.04206076140255077,0.040131848800230546,5.152105720949723,1004221.8360001314,9,Stage2.2,/home/yangshen0711/tsc_all/tsc_rzip_rllib/stage2_2_runs/stage2_2_svd3_corner_feasibility_100ms_20260721_085327,2002,"[2.4156833455235933,1.2134774513649513,0.47907036778035206,1.235073434942497,1.7869724869218462,0.12250045403562732,-0.3799098495828374,2.194878648757632,-0.3105340226543265,-0.9168112129819165,-1.3775296074137584,0.21477891051340608,-0.6327062891487809,0.09297819409651051,0.03916530769184573]",v_967ed9090f44e00c
Stage2.2,1,s22g001_ae6ef04e6c7e6920,35,probe_c2_h01_p,multi_center_probes,2.9589895562389943,46.70674738772056,"[2.4156833455235933,1.2134774513649513,0.47907036778035206,1.220493434942497,1.8015524869218462,0.11602045403562732,-0.3515598495828374,2.2232286487576323,-0.3226840226543265,-0.8803612129819165,-1.4139796074137585,0.20019891051340608,-0.5962562891487809,0.05652819409651051,0.05374530769184573]",s22g001_ae6ef04e6c7e6920,0.03134645646611994,0.028566940678141254,0.09832785744573468,0.04488188220399825,0.04488188220399825,,,,,True,,11,-0.02795326499999995,0.0303523467,735.4354000000021,0.041263179401946515,0.0303523467,1.3754393133982172,0.5817437020072838,0.7819410457617871,0.023458231372853616,1,0.6280101555085302,0.0,-0.3441332378223096,0,0,0,0,1,1,True,False,True,False,10000.0,True,1.0,1.0,0.0,0.02790777958497807,0.031126582590883117,0.04180560136095146,0.021295953611009964,0.649443178448678,0.09135784385483771,0.10169074140445837,0.41455,279.6130611896515,1,True,False,0.0,2,0,1,True,True,1.0,10,10,1,True,True,1.0,10,10,3,POSITION_40MM_SPEED_FAIL,False,False,0.5247823833902114,4285.3933956647525,1004285.3933956648,0.0022614969856309106,0.00028586064967498734,1.0,0.4681843067722571,0.25789945304439105,0.08157948300961382,3000038.9291310855,38.92913108570985,"[0.0312026107,0.0303626942,0.0303523467]",0.0312026107,0.0306392172,0.0303523467,0.02795326499999995,0.0312026107,0.04008702333333347,0.0,0.016907414044583735,0.0,0.04008702333333347,0.056994437377917206,0.0435066671833434,5.2066456363043665,1004285.3933956648,3,Stage2.2,/home/yangshen0711/tsc_all/tsc_rzip_rllib/stage2_2_runs/stage2_2_svd3_corner_feasibility_100ms_20260721_085327,2001,"[2.4156833455235933,1.2134774513649513,0.47907036778035206,1.220493434942497,1.8015524869218462,0.11602045403562732,-0.3515598495828374,2.2232286487576323,-0.3226840226543265,-0.8803612129819165,-1.4139796074137585,0.20019891051340608,-0.5962562891487809,0.05652819409651051,0.05374530769184573]",v_ae6ef04e6c7e6920
Stage2.2,2,s22g002_f290a8581c6423e0,74,bridge_d09_p16_c00_049,boundary_bridge,2.9334450165443156,49.26893235443762,"[2.3911854335466187,1.204177336495726,0.471384395947247,1.2147541791210872,1.846594255344497,0.10546929720651013,-0.2949074518200567,2.0990889901804475,-0.2642943579603768,-0.965884922046772,-1.3343131150130763,0.17358809654333046,-0.5573775401301917,-0.021933316463166416,0.0544862348773487]",s22g002_f290a8581c6423e0,0.03142037301646939,0.027578154317190434,0.09947057490988231,0.04734576721564632,0.04734576721564632,,,,,True,,11,-0.027593230000000024,0.0303892467,730.8529000000017,0.041047443974337336,0.0303892467,1.368248132477911,0.5817437020072838,0.7819332053556993,0.02345799616067098,1,0.6279867362113741,0.0,-0.3441197603990719,0,0,0,0,1,1,True,False,True,False,10000.0,True,1.0,1.0,0.0,0.027695447126878874,0.03114025993590591,0.041674375585406556,0.009182448070290903,0.6493159931885438,0.08899004768271168,0.1020150066802805,0.41445,281.0193192958832,1,True,False,0.0,2,0,1,True,True,1.0,10,10,1,True,True,1.0,10,10,3,POSITION_40MM_SPEED_FAIL,False,False,0.5272669538283753,4302.767121090088,1004302.7671210901,0.002285497639762855,0.00040602519215750233,1.0,0.46814486243208847,0.2523477066881374,0.05300385115642819,3000038.781671146,38.78167114608764,"[0.0312034851,0.0303701323,0.0303892467]",0.0312034851,0.030654288033333334,0.0303892467,0.02769322399999996,0.0312034851,0.04011617000000012,0.0,0.020150066802804956,0.0,0.04011617000000012,0.06026623680280507,0.04489245245724956,5.192721421719161,1004302.7671210901,19,Stage2.2,/home/yangshen0711/tsc_all/tsc_rzip_rllib/stage2_2_runs/stage2_2_svd3_corner_feasibility_100ms_20260721_085327,2002,"[2.3911854335466187,1.204177336495726,0.471384395947247,1.2147541791210872,1.846594255344497,0.10546929720651013,-0.2949074518200567,2.0990889901804475,-0.2642943579603768,-0.965884922046772,-1.3343131150130763,0.17358809654333046,-0.5573775401301917,-0.021933316463166416,0.0544862348773487]",v_f290a8581c6423e0
Stage2.2,3,s22g003_48759d294b207e27,50,corner_local_0029,corner_local,2.9386455055465546,69.98493914243342,"[2.3911854335466187,1.204177336495726,0.471384395947247,1.224733916941411,1.8753299277289002,0.1276331808737994,-0.29237913749400357,2.316941934029337,-0.17008020224082218,-1.014664807175243,-1.4200977242795514,0.20233522641935212,-0.49058496389731965,-0.30728437139434817,0.009700908232399648]",s22g003_48759d294b207e27,0.03134895734865727,0.029546503654488764,0.10655355220088157,0.06553552200881563,0.11050076696405808,,,,,True,,11,-0.02737007300000005,0.0305008808,657.0497000000032,0.04098078361380051,0.0305008808,1.366026120460017,0.5817437020072838,0.7819332053556993,0.02345799616067098,1,0.6279867362113741,0.0,-0.3441197603990719,0,0,0,0,1,1,True,False,True,False,10000.0,True,1.0,1.0,0.0,0.027519021994132063,0.031175324929430176,0.04158362004406393,0.014503013297937607,0.6492964217022245,0.0905357366255801,0.10259792984622321,0.4143,266.7840564250946,1,True,False,0.0,2,0,1,True,True,1.0,10,10,1,True,True,1.0,10,10,3,POSITION_40MM_SPEED_FAIL,False,False,0.5280346643663366,4330.348373892251,1004330.3483738923,0.0023245166172785386,0.0006749239485897308,1.0,0.4770323096736645,0.2589933718625515,0.07642410112422492,3000038.810515337,38.81051533700487,"[0.0312038644,0.0303977248,0.0305008808]",0.0312038644,0.030700823333333335,0.0305008808,0.02752600500000002,0.0312038644,0.04012881333333329,0.0,0.025979298462232014,0.0,0.04012881333333329,0.0661081117955653,0.04780424257460041,5.230350802052655,1004330.3483738923,41,Stage2.2,/home/yangshen0711/tsc_all/tsc_rzip_rllib/stage2_2_runs/stage2_2_svd3_corner_feasibility_100ms_20260721_085327,2003,"[2.3911854335466187,1.204177336495726,0.471384395947247,1.224733916941411,1.8753299277289002,0.1276331808737994,-0.29237913749400357,2.316941934029337,-0.17008020224082218,-1.014664807175243,-1.4200977242795514,0.20233522641935212,-0.49058496389731965,-0.30728437139434817,0.009700908232399648]",v_48759d294b207e27
Stage2.2,3,s22g003_d2161da6e6d9f2b6,28,probe_c2_h06_m,multi_center_probes,2.9648511898914256,46.3032643285494,"[2.4156833455235933,1.2134774513649513,0.47907036778035206,1.221951434942497,1.773850486921846,0.12833245403562732,-0.3543948495828374,2.220393648757632,-0.2995990226543265,-0.9496162129819165,-1.4103346074137584,0.2016569105134061,-0.6655112891487809,0.1257831940965105,0.05228730769184573]",s22g003_d2161da6e6d9f2b6,0.031334815840864914,0.023300944910497518,0.09740066873182526,0.04449386136216393,0.04449386136216393,,,,,True,,11,-0.027882388999999952,0.0305068095,738.5840000000026,0.041329082281325924,0.0305068095,1.3776360760441977,0.5817437020072838,0.7819410457617871,0.023458231372853616,1,0.6280101555085302,0.0,-0.3441332378223096,0,0,0,0,1,1,True,False,True,False,10000.0,True,1.0,1.0,0.0,0.027922352205423155,0.031174287865715515,0.04185085395327313,0.015661476792095664,0.6494527576321965,0.08859105102193154,0.10020024491141852,0.4146,274.143830537796,1,True,False,0.0,2,0,1,True,True,1.0,10,10,1,True,True,1.0,10,10,3,POSITION_40MM_SPEED_FAIL,False,False,0.5240233965714467,4228.282533485908,1004228.2825334859,0.00229178659388641,4.009802454900339e-06,1.0,0.4715664071562481,0.25987171692941424,0.07749569701761742,3000038.840543195,38.840543195012394,"[0.0312043036,0.0304166481,0.0305068095]",0.0312043036,0.03070925373333333,0.0305068095,0.027895283999999965,0.0312043036,0.040143453333333357,0.0,0.002002449114185012,0.0,0.040143453333333357,0.04214590244751837,0.04019336572097954,5.160224641462193,1004228.2825334859,30,Stage2.2,/home/yangshen0711/tsc_all/tsc_rzip_rllib/stage2_2_runs/stage2_2_svd3_corner_feasibility_100ms_20260721_085327,2003,"[2.4156833455235933,1.2134774513649513,0.47907036778035206,1.221951434942497,1.773850486921846,0.12833245403562732,-0.3543948495828374,2.220393648757632,-0.2995990226543265,-0.9496162129819165,-1.4103346074137584,0.2016569105134061,-0.6655112891487809,0.1257831940965105,0.05228730769184573]",v_d2161da6e6d9f2b6
Stage2.2,2,s22g002_dd21f4f1f0edc87a,70,bridge_d06_p13_c14_017,boundary_bridge,2.9376282927797965,46.10959592744662,"[2.4156833455235933,1.2134774513649513,0.47907036778035206,1.224414435040098,1.8167565706039266,0.10942983664585498,-0.3310685174386029,2.2069074992324924,-0.2709252489247255,-0.958328645215967,-1.3782656806021323,0.19907703913175911,-0.441905148120351,0.04005816186466576,0.06452552519152642]",s22g002_dd21f4f1f0edc87a,0.031320999895624105,0.027493933009075933,0.10071389149054116,0.04403332985413688,0.0511722447595484,,,,,True,,11,-0.027691775999999946,0.0303968759,713.0980000000018,0.041119393508588786,0.0303968759,1.370646450286293,0.5817437020072838,0.7819410457617871,0.023458231372853616,1,0.6280101555085302,0.0,-0.3441332378223096,0,0,0,0,1,1,True,False,True,False,10000.0,True,1.0,1.0,0.0,0.027770328186307505,0.03114398572873188,0.041726957409409564,0.011622841319066657,0.649445094532811,0.08923288088776495,0.10172710879623154,0.41455,271.42797017097473,1,True,False,0.0,2,0,1,True,True,1.0,10,10,1,True,True,1.0,10,10,3,POSITION_40MM_SPEED_FAIL,False,False,0.5264383292124655,4294.532937432756,1004294.5329374328,0.0022836150793944404,0.0002982904794020306,1.0,0.46790305946936944,0.2578015983954334,0.0712384919765407,3000038.8107199683,38.81071996849076,"[0.0312047715,0.0303816137,0.0303968759]",0.0312047715,0.03066108703333333,0.0303968759,0.027756702999999994,0.0312047715,0.040159049999999974,0.0,0.017271087962315246,0.0,0.040159049999999974,0.05743013796231522,0.043715440936864955,5.1919446467004455,1004294.5329374328,16,Stage2.2,/home/yangshen0711/tsc_all/tsc_rzip_rllib/stage2_2_runs/stage2_2_svd3_corner_feasibility_100ms_20260721_085327,2002,"[2.4156833455235933,1.2134774513649513,0.47907036778035206,1.224414435040098,1.8167565706039266,0.10942983664585498,-0.3310685174386029,2.2069074992324924,-0.2709252489247255,-0.958328645215967,-1.3782656806021323,0.19907703913175911,-0.441905148120351,0.04005816186466576,0.06452552519152642]",v_dd21f4f1f0edc87a
Stage2.2,3,s22g003_c0551eca25db2deb,60,bridge_d09_p18_c01_033,boundary_bridge,2.9435976646182134,44.32205528573013,"[2.4156833455235933,1.2134774513649513,0.47907036778035206,1.2304051077338327,1.8266036224446296,0.10678116407924182,-0.3234526540631849,2.164813533364923,-0.27978340887436254,-0.940429408462077,-1.3770678807294132,0.19139295462821662,-0.6139552445451362,-0.021450755882391384,0.054475083932381374]",s22g003_c0551eca25db2deb,0.03125017898026721,0.02863728610004069,0.10238270331621843,0.04167263267557364,0.06549966583775779,,,,,True,,11,-0.02782519800000005,0.0304287314,730.1968000000015,0.04123286720994009,0.0304287314,1.3744289069980031,0.5817437020072838,0.7819410457617871,0.023458231372853616,1,0.6280101555085302,0.0,-0.3441332378223096,0,0,0,0,1,1,True,False,True,False,10000.0,True,1.0,1.0,0.0,0.02784528184742349,0.031153445571263472,0.04178393102765856,0.01642531201196067,0.6494478094941908,0.09014831816800649,0.10161128568810093,0.41455,273.1191782951355,1,True,False,0.0,2,0,1,True,True,1.0,10,10,1,True,True,1.0,10,10,3,POSITION_40MM_SPEED_FAIL,False,False,0.5251314812505385,4295.963302004384,1004295.9633020044,0.0022952810685285827,0.0002596241568678843,1.0,0.47046033935801274,0.25517585049334357,0.06603811813023527,3000038.87206667,38.8720666698918,"[0.031206631,0.0303847563,0.0304287314]",0.031206631,0.030673372899999996,0.0304287314,0.02782519800000005,0.031206631,0.04022103333333327,0.0,0.016112856881009163,0.0,0.04022103333333327,0.05633389021434243,0.043328462692195646,5.1959451215474095,1004295.9633020044,39,Stage2.2,/home/yangshen0711/tsc_all/tsc_rzip_rllib/stage2_2_runs/stage2_2_svd3_corner_feasibility_100ms_20260721_085327,2003,"[2.4156833455235933,1.2134774513649513,0.47907036778035206,1.2304051077338327,1.8266036224446296,0.10678116407924182,-0.3234526540631849,2.164813533364923,-0.27978340887436254,-0.940429408462077,-1.3770678807294132,0.19139295462821662,-0.6139552445451362,-0.021450755882391384,0.054475083932381374]",v_c0551eca25db2deb
Stage2.2,2,s22g002_41f14f4a8ff648ab,52,corner_local_0019,corner_local,2.933937872472086,52.848925811422916,"[2.3911854335466187,1.204177336495726,0.471384395947247,1.2074894018745899,1.8169705144173893,0.1219191614298483,-0.3311916993257833,2.3232626175368156,-0.15057155928820806,-1.036316955539345,-1.3808607624481462,0.19471092455057434,-0.5876141015070175,-0.19641535211487987,0.03645305730778417]",s22g002_41f14f4a8ff648ab,0.03151064564506447,0.025307700054055755,0.10112634350949122,0.05035485483548241,0.06161828993039453,,,,,True,,11,-0.027182654999999945,0.0306051927,663.7018000000025,0.0409337825402583,0.0306051927,1.36445941800861,0.5817437020072838,0.7819332053556993,0.02345799616067098,1,0.6279867362113741,0.0,-0.3441197603990719,0,0,0,0,1,1,True,False,True,False,10000.0,True,1.0,1.0,0.0,0.02746899773947798,0.031206701600499404,0.04157407920320134,0.016562955785937555,0.6493050043456217,0.09016178607283107,0.10168277405940505,0.41445,285.7887258529663,1,True,False,0.0,2,0,1,True,True,1.0,10,10,1,True,True,1.0,10,10,3,POSITION_40MM_SPEED_FAIL,False,False,0.5285759638607177,4299.153395962319,1004299.1533959623,0.00233875586956882,0.00028317285350065355,1.0,0.4776792930265193,0.2584834520759121,0.07305363758314548,3000038.750479552,38.75047955177104,"[0.0312066435,0.030441419,0.0306051927]",0.0312066435,0.030751085066666666,0.0306051927,0.02753446100000001,0.0312066435,0.04022144999999999,0.0,0.016827740594050455,0.0,0.04022144999999999,0.05704919059405045,0.043599746485537653,5.211887100428901,1004299.1533959623,17,Stage2.2,/home/yangshen0711/tsc_all/tsc_rzip_rllib/stage2_2_runs/stage2_2_svd3_corner_feasibility_100ms_20260721_085327,2002,"[2.3911854335466187,1.204177336495726,0.471384395947247,1.2074894018745899,1.8169705144173893,0.1219191614298483,-0.3311916993257833,2.3232626175368156,-0.15057155928820806,-1.036316955539345,-1.3808607624481462,0.19471092455057434,-0.5876141015070175,-0.19641535211487987,0.03645305730778417]",v_41f14f4a8ff648ab
Stage2.2,3,s22g003_143d2c9a2727b497,77,bridge_d08_p02_c20_065,boundary_bridge,2.9359831464069654,50.66791913658157,"[2.3911854335466187,1.204177336495726,0.471384395947247,1.2203757048655708,1.8222090330676306,0.10430563549928683,-0.33095640930944675,2.2407973978462175,-0.24704024399923122,-0.9995986599580846,-1.3651599317627539,0.20621560586866297,-0.5283746806644493,-0.13390636202704476,0.01357540099828888]",s22g003_143d2c9a2727b497,0.031460727672263,0.022570763327691905,0.09822822299369915,0.048690922408766824,0.048690922408766824,,,,,True,,11,-0.027450956999999998,0.0305135192,710.3018000000011,0.04104424313085353,0.0305135192,1.3681414376951178,0.5817437020072838,0.7819332053556993,0.02345799616067098,1,0.6279867362113741,0.0,-0.3441197603990719,0,0,0,0,1,1,True,False,True,False,10000.0,True,1.0,1.0,0.0,0.02761167980627212,0.031181312113330424,0.04164947883026896,0.011556102070010392,0.6493239931483464,0.08867045308819656,0.10121168934036792,0.41450000000000004,270.1253590583801,1,True,False,0.0,2,0,1,True,True,1.0,10,10,1,True,True,1.0,10,10,3,POSITION_40MM_SPEED_FAIL,False,False,0.5273038171344405,4288.773865827825,1004288.7738658278,0.0023187145654741345,0.00014681910575612092,1.0,0.47270919905962694,0.2557001744935502,0.07277367871532335,3000038.741263968,38.741263968047505,"[0.0312095257,0.0304170637,0.0305135192]",0.0312095257,0.03071336953333333,0.0305135192,0.02762889199999996,0.0312095257,0.040317523333333494,0.0,0.012116893403679052,0.0,0.040317523333333494,0.052434416737012546,0.04209895240371204,5.184913142693706,1004288.7738658278,37,Stage2.2,/home/yangshen0711/tsc_all/tsc_rzip_rllib/stage2_2_runs/stage2_2_svd3_corner_feasibility_100ms_20260721_085327,2003,"[2.3911854335466187,1.204177336495726,0.471384395947247,1.2203757048655708,1.8222090330676306,0.10430563549928683,-0.33095640930944675,2.2407973978462175,-0.24704024399923122,-0.9995986599580846,-1.3651599317627539,0.20621560586866297,-0.5283746806644493,-0.13390636202704476,0.01357540099828888]",v_143d2c9a2727b497
Stage2.2,2,s22g002_b31603bcf1ce6b8e,73,bridge_d04_p06_c23_054,boundary_bridge,2.9360417882344936,46.44737663746196,"[2.4156833455235933,1.2134774513649513,0.47907036778035206,1.2188317110414462,1.8313254319900654,0.10982986186799175,-0.3113466950838117,2.1353313977213553,-0.23166665716969834,-0.9520851892332021,-1.3796738085139653,0.17477090639749165,-0.5243166779371764,-0.14697557419236856,0.021500753692774377]",s22g002_b31603bcf1ce6b8e,0.031307545966381724,0.030302776690762655,0.1027243901291994,0.04358486554605756,0.0708287668380514,,,,,True,,11,-0.027764882000000046,0.030427009,714.7976000000017,0.04119091585726163,0.030427009,1.3730305285753879,0.5817437020072838,0.7819410457617871,0.023458231372853616,1,0.6280101555085302,0.0,-0.3441332378223096,0,0,0,0,1,1,True,False,True,False,10000.0,True,1.0,1.0,0.0,0.0277915778260483,0.03115630561808953,0.04175029554181739,0.017369667834638922,0.6494457592006836,0.09069933099813407,0.10200884694161669,0.41450000000000004,276.8694517612457,1,True,False,0.0,2,0,1,True,True,1.0,10,10,1,True,True,1.0,10,10,3,POSITION_40MM_SPEED_FAIL,False,False,0.5256146243849833,4324.996411533793,1004324.9964115338,0.0023092208531079943,0.0004035466034842653,1.0,0.47105034312157434,0.2547296786603131,0.05440424218695194,3000038.8813961316,38.88139613157892,"[0.0312099169,0.0303858224,0.030427009]",0.0312099169,0.03067424943333333,0.030427009,0.027764882000000046,0.0312099169,0.04033056333333329,0.0,0.02008846941616671,0.0,0.04033056333333329,0.0604190327495,0.04505664148899997,5.2073057134112375,1004324.9964115338,26,Stage2.2,/home/yangshen0711/tsc_all/tsc_rzip_rllib/stage2_2_runs/stage2_2_svd3_corner_feasibility_100ms_20260721_085327,2002,"[2.4156833455235933,1.2134774513649513,0.47907036778035206,1.2188317110414462,1.8313254319900654,0.10982986186799175,-0.3113466950838117,2.1353313977213553,-0.23166665716969834,-0.9520851892332021,-1.3796738085139653,0.17477090639749165,-0.5243166779371764,-0.14697557419236856,0.021500753692774377]",v_b31603bcf1ce6b8e
Stage2.2,3,s22g003_ff758b52837a5751,34,probe_c2_h09_m,multi_center_probes,2.9477364212151604,46.8491606704793,"[2.4156833455235933,1.2134774513649513,0.47907036778035206,1.221951434942497,1.8000944869218463,0.11666845403562731,-0.3543948495828374,2.169363648757632,-0.2995990226543265,-0.9496162129819165,-1.3447246074137584,0.22790091051340608,-0.6655112891487809,0.1257831940965105,0.026043307691845728]",s22g003_ff758b52837a5751,0.031350567787680785,0.02618300604782666,0.09848480911895417,0.045018926256026104,0.045018926256026104,,,,,True,,11,-0.027654100999999986,0.0304796306,745.3076000000001,0.04115528135769037,0.0304796306,1.3718427119230125,0.5817437020072838,0.7819410457617871,0.023458231372853616,1,0.6280101555085302,0.0,-0.3441332378223096,0,0,0,0,1,1,True,False,True,False,10000.0,True,1.0,1.0,0.0,0.027787068890786255,0.031169797280133513,0.04175736414126159,0.008183326370128105,0.649443589029739,0.08717178591889271,0.10033399714413183,0.4146,253.06343460083008,1,True,False,0.0,2,0,1,True,True,1.0,10,10,1,True,True,1.0,10,10,3,POSITION_40MM_SPEED_FAIL,False,False,0.5260250179174444,4255.220190045657,1004255.2201900457,0.002295743316242861,1.1155409228821554e-05,1.0,0.46978452870538673,0.2555542405077133,0.06964145206064991,3000038.7419684213,38.74196842113139,"[0.0312104486,0.0304129926,0.0304796306]",0.0312104486,0.030701023933333335,0.0304796306,0.02779858099999999,0.0312104486,0.04034828666666668,0.0,0.003339971441318257,0.0,0.04034828666666668,0.043688258107984934,0.04048628960727734,5.1522013398654884,1004255.2201900457,31,Stage2.2,/home/yangshen0711/tsc_all/tsc_rzip_rllib/stage2_2_runs/stage2_2_svd3_corner_feasibility_100ms_20260721_085327,2003,"[2.4156833455235933,1.2134774513649513,0.47907036778035206,1.221951434942497,1.8000944869218463,0.11666845403562731,-0.3543948495828374,2.169363648757632,-0.2995990226543265,-0.9496162129819165,-1.3447246074137584,0.22790091051340608,-0.6655112891487809,0.1257831940965105,0.026043307691845728]",v_ff758b52837a5751
Stage2.2,3,s22g003_b1f802f5bb88d419,54,corner_local_0026,corner_local,2.931411446771579,49.63078173533223,"[2.3911854335466187,1.204177336495726,0.471384395947247,1.2242038835468345,1.8480536957895293,0.11101197632111713,-0.31767669913737967,2.1725753151245755,-0.2621913280416055,-1.015145268734382,-1.3326694953740033,0.1945721529918303,-0.5493305688493271,-0.06789514860501267,0.042844088152575927]",s22g003_b1f802f5bb88d419,0.031430811565986476,0.02399770666740233,0.09902841730279056,0.04769371886621587,0.04769371886621587,,,,,True,,11,-0.027405350999999967,0.0305251224,723.4356000000007,0.041022388533192226,0.0305251224,1.3674129511064075,0.5817437020072838,0.7819332053556993,0.02345799616067098,1,0.6279867362113741,0.0,-0.3441197603990719,0,0,0,0,1,1,True,False,True,False,10000.0,True,1.0,1.0,0.0,0.027594795644012824,0.031185927191928305,0.041641743496821586,0.010681728152825188,0.6493226826899495,0.08841923738998307,0.10115514976222764,0.41445,248.90690159797668,1,True,False,0.0,2,0,1,True,True,1.0,10,10,1,True,True,1.0,10,10,3,POSITION_40MM_SPEED_FAIL,False,False,0.5275555110165673,4290.814382578828,1004290.8143825788,0.0023252620225036975,0.00013343709731745648,1.0,0.47130035014325733,0.25359058708072046,0.06439836380276584,3000038.7256100783,38.72561007852012,"[0.031210802,0.0304221627,0.0305251224]",0.031210802,0.03071936236666667,0.0305251224,0.02762602599999997,0.031210802,0.04036006666666658,0.0,0.011551497622276363,0.0,0.04036006666666658,0.051911564288942946,0.04198061551067621,5.180843245618064,1004290.8143825788,38,Stage2.2,/home/yangshen0711/tsc_all/tsc_rzip_rllib/stage2_2_runs/stage2_2_svd3_corner_feasibility_100ms_20260721_085327,2003,"[2.3911854335466187,1.204177336495726,0.471384395947247,1.2242038835468345,1.8480536957895293,0.11101197632111713,-0.31767669913737967,2.1725753151245755,-0.2621913280416055,-1.015145268734382,-1.3326694953740033,0.1945721529918303,-0.5493305688493271,-0.06789514860501267,0.042844088152575927]",v_b1f802f5bb88d419
Stage2.2,3,s22g003_003fc50f1d8166d5,89,trust_mix_0041,trust_mix,2.9316126435622043,46.17010448455531,"[2.3911854335466187,1.204177336495726,0.471384395947247,1.2442035440119905,1.8281934024859936,0.09773082907458402,-0.3337203622325506,2.137114865148249,-0.2781284154573638,-0.9001581123747519,-1.3257327059850093,0.16718649643665573,-0.5488428964008977,0.027756800491580892,0.05197825190337953]",s22g003_003fc50f1d8166d5,0.03132245402799914,0.028972075806856845,0.10073928846870724,0.044081800933304605,0.051474685620376937,,,,,True,,11,-0.027754104,0.0301905127,748.7722000000031,0.041009234885958035,0.0301905127,1.3669744961986012,0.5817437020072838,0.7819332053556993,0.02345799616067098,1,0.6279867362113741,0.0,-0.3441197603990719,0,0,0,0,1,1,True,False,True,False,10000.0,True,1.0,1.0,0.0,0.02781760008794715,0.03103472804646715,0.041677010684202535,0.013535318725466882,0.6493239533014762,0.09191011524605748,0.10403719140402738,0.4146,259.9199059009552,1,True,False,0.0,2,0,1,True,True,1.0,10,10,1,True,True,1.0,10,10,3,POSITION_40MM_SPEED_FAIL,False,False,0.5277069982499545,4410.769070285838,1004410.7690702858,0.00212209268686086,0.0016298914432752607,1.0,0.465507043761534,0.2519700524805081,0.06139684974974076,3000038.941042132,38.941042132155154,"[0.0311362186,0.0302569928,0.0301905127]",0.0311362186,0.030527908033333332,0.0301905127,0.027801607999999978,0.0311362186,0.03787395333333343,0.0,0.04037191404027385,0.0,0.04037191404027385,0.07824586737360728,0.05535637076589089,5.237825998141593,1004410.7690702858,56,Stage2.2,/home/yangshen0711/tsc_all/tsc_rzip_rllib/stage2_2_runs/stage2_2_svd3_corner_feasibility_100ms_20260721_085327,2003,"[2.3911854335466187,1.204177336495726,0.471384395947247,1.2442035440119905,1.8281934024859936,0.09773082907458402,-0.3337203622325506,2.137114865148249,-0.2781284154573638,-0.9001581123747519,-1.3257327059850093,0.16718649643665573,-0.5488428964008977,0.027756800491580892,0.05197825190337953]",v_003fc50f1d8166d5
Stage2.2,2,s22g002_0c1869ebf546baeb,14,probe_c0_h09_m,multi_center_probes,2.9245421126501103,51.77638655799097,"[2.3911854335466187,1.204177336495726,0.471384395947247,1.2167601768972367,1.8343370748969636,0.0952963421788616,-0.2841506520551947,2.2358018817729635,-0.15771508593500527,-1.1607630457377542,-1.3033587584692328,0.2244860700782217,-0.5790994086987542,-0.1373530047699112,-0.03876927915377852]",s22g002_0c1869ebf546baeb,0.03146443474182532,0.02516605280155949,0.10245017521729972,0.048814491394177484,0.07331624356717459,,,,,True,,11,-0.027005685999999973,0.0307242137,715.0600000000013,0.04090579890203664,0.0307242137,1.363526630067888,0.5817437020072838,0.7819332053556993,0.02345799616067098,1,0.6279867362113741,0.0,-0.3441197603990719,0,0,0,0,1,1,True,False,True,False,10000.0,True,1.0,1.0,0.0,0.027411550429036313,0.03124879658347425,0.04156778060997427,0.028145077435220624,0.6493152210684582,0.09345445661292055,0.10282788499017664,0.41450000000000004,275.46940565109253,1,True,False,0.0,2,0,1,True,True,1.0,10,10,1,True,True,1.0,10,10,3,POSITION_40MM_SPEED_FAIL,False,False,0.5288982443551563,4369.772799981409,1004369.7727999814,0.002408185461502344,0.0007996933517666291,1.0,0.4780594715388254,0.25610853672882034,0.059202802631780314,3000038.926374155,38.9263741549268,"[0.0312121333,0.0304794475,0.0307242137]",0.0312121333,0.030805264833333332,0.0307242137,0.027535447999999962,0.0312121333,0.040404443333333484,0.0,0.028278849901766323,0.0,0.040404443333333484,0.06868329323509981,0.049317465393541725,5.2778283139479685,1004369.7727999814,36,Stage2.2,/home/yangshen0711/tsc_all/tsc_rzip_rllib/stage2_2_runs/stage2_2_svd3_corner_feasibility_100ms_20260721_085327,2002,"[2.3911854335466187,1.204177336495726,0.471384395947247,1.2167601768972367,1.8343370748969636,0.0952963421788616,-0.2841506520551947,2.2358018817729635,-0.15771508593500527,-1.1607630457377542,-1.3033587584692328,0.2244860700782217,-0.5790994086987542,-0.1373530047699112,-0.03876927915377852]",v_0c1869ebf546baeb
Stage2.2,1,s22g001_892d4e420d25fa5c,42,corner_local_0057,corner_local,2.9321602494322327,47.00853643505475,"[2.4156833455235933,1.2134774513649513,0.47907036778035206,1.2067900718970233,1.818936887817145,0.11613457946536736,-0.3238013612679115,2.130654151108831,-0.326253935684422,-0.8966153628953288,-1.2718897420015214,0.20369951868870906,-0.5699454997941561,0.00640641205342608,0.11593613016039261]",s22g001_892d4e420d25fa5c,0.03134583426732227,0.03221954733056355,0.10080906724680434,0.04486114224407567,0.05295181471211907,,,,,True,,11,-0.027618142999999984,0.0302733522,710.4067000000032,0.04097850261043823,0.0302733522,1.3659500870146077,0.5817437020072838,0.7819410457617871,0.023458231372853616,1,0.6280101555085302,0.0,-0.3441332378223096,0,0,0,0,1,1,True,False,True,False,10000.0,True,1.0,1.0,0.0,0.027736552337416356,0.031111681855499267,0.04168036808191644,0.009921035883354554,0.6494312323690303,0.09001586907439177,0.10269311218129594,0.41450000000000004,261.87416100502014,1,True,False,0.0,2,0,1,True,True,1.0,10,10,1,True,True,1.0,10,10,3,POSITION_40MM_SPEED_FAIL,False,False,0.5280609341060176,4375.542433579452,1004375.5424335795,0.0022853370864470415,0.0007252853221044529,1.0,0.4638680033614493,0.2473007551838422,0.06721392316364465,3000038.824258508,38.82425850812004,"[0.0312155635,0.0303422705,0.0302733522]",0.0312155635,0.0306103954,0.0302733522,0.027743033000000028,0.0312155635,0.040518783333333364,0.0,0.026931121812959313,0.0,0.040518783333333364,0.06744990514629268,0.04865241129602999,5.212068364916854,1004375.5424335795,9,Stage2.2,/home/yangshen0711/tsc_all/tsc_rzip_rllib/stage2_2_runs/stage2_2_svd3_corner_feasibility_100ms_20260721_085327,2001,"[2.4156833455235933,1.2134774513649513,0.47907036778035206,1.2067900718970233,1.818936887817145,0.11613457946536736,-0.3238013612679115,2.130654151108831,-0.326253935684422,-0.8966153628953288,-1.2718897420015214,0.20369951868870906,-0.5699454997941561,0.00640641205342608,0.11593613016039261]",v_892d4e420d25fa5c
Stage2.2,3,s22g003_f3b94ed04acae33e,46,corner_local_0045,corner_local,2.962092041705017,45.68147959571811,"[2.4156833455235933,1.2134774513649513,0.47907036778035206,1.2013742559307383,1.770012446789832,0.11361276817664372,-0.3268064092836318,2.2337371022051435,-0.3401645066956993,-0.8548305742052229,-1.3617068292042045,0.20243262654862845,-0.6336649827943514,0.12361369310292987,0.0828362720482938]",s22g003_f3b94ed04acae33e,0.03131688053871061,0.026634225755319492,0.09884314817607326,0.04389601795702025,0.04389601795702025,,,,,True,,11,-0.027974072000000016,0.0302433717,735.3636000000006,0.041197211508129356,0.0302433717,1.3732403836043119,0.5817437020072838,0.7819410457617871,0.023458231372853616,1,0.6280101555085302,0.0,-0.3441332378223096,0,0,0,0,1,1,True,False,True,False,10000.0,True,1.0,1.0,0.0,0.02796440916464684,0.03110408220798533,0.04182669135765933,0.01890329577488381,0.649442573570053,0.09229699732823515,0.10303970994939048,0.4146,271.839724779129,1,True,False,0.0,2,0,1,True,True,1.0,10,10,1,True,True,1.0,10,10,3,POSITION_40MM_SPEED_FAIL,False,False,0.5255421189638372,4399.366248875624,1004399.3662488756,0.002290870556788507,0.0009239836576423401,1.0,0.46455094830335564,0.2544553746768959,0.08536824452742625,3000039.0026441365,39.002644136681546,"[0.0312178339,0.0303307942,0.0302433717]",0.0312178339,0.030597333266666665,0.0302433717,0.027974072000000016,0.0312178339,0.040594463333333275,0.0,0.030397099493904678,0.0,0.040594463333333275,0.07099156282723795,0.050713845357689843,5.2398188756556285,1004399.3662488756,54,Stage2.2,/home/yangshen0711/tsc_all/tsc_rzip_rllib/stage2_2_runs/stage2_2_svd3_corner_feasibility_100ms_20260721_085327,2003,"[2.4156833455235933,1.2134774513649513,0.47907036778035206,1.2013742559307383,1.770012446789832,0.11361276817664372,-0.3268064092836318,2.2337371022051435,-0.3401645066956993,-0.8548305742052229,-1.3617068292042045,0.20243262654862845,-0.6336649827943514,0.12361369310292987,0.0828362720482938]",v_f3b94ed04acae33e
