[Stage3.2] user=yangshen0711 host=master pwd=/home/yangshen0711/tsc_all/tsc_rzip_rllib
[Stage3.2] source_stage3_1_run=/home/yangshen0711/tsc_all/tsc_rzip_rllib/stage3_1_runs/stage3_1_svd3_adaptive_sqp_causal_mpc_150ms_20260722_013158
[Stage3.2] run_dir=/home/yangshen0711/tsc_all/tsc_rzip_rllib/stage3_2_runs/stage3_2_svd3_margin_long_hold_causal_mpc_250ms_20260722_073932
[Stage3.2] config=/home/yangshen0711/tsc_all/tsc_rzip_rllib/configs/stage3_2_svd3_margin_long_hold_causal_mpc_250ms.json
[Stage3.2] command=all
[Stage3.2] backend=ray
[Stage3.2] resume=1
[Stage3.2] workers=96
[Stage3.2] ray_capacity_policy=configured campaign capacity; later waves cannot exceed the initialized cluster
[Stage3.2] ray_capacity_guard=undersized existing Ray clusters fail immediately; no silent slow fallback
[Stage3.2] python=/home/yangshen0711/tsc_all/tsc_simulation/venv_simu/bin/python
[Stage3.2] RAY_TMPDIR=/tmp/stage3_2_1120
[Stage3.2] TSC_WORKSPACE_ROOT=/tmp/tsc_workspace
[Stage3.2] TSC_RUN_ROOT=/tmp/tsc_workspace/episode_runs
[Stage3.2] Complete standalone tree: no Git, network, or external code tree is used.
[Stage3.2] Ray cluster capacity is fixed at the configured worker count; wave size cannot under-size later waves.
[Stage3.2] Stage3.1 confirmed strict candidates are reused; Stage3.1 optimization is not repeated.
[Stage3.2] Hard gate remains 30 mm / 0.10 m/s / 10 kA; arrival must complete by 150 ms and hold through 250 ms.
[Stage3.2] Phase A optimizes signed 150 ms margin; Phase B/C extend and optimize long hold; Phase D/E identify and test full-horizon causal feedback.
[Stage3.2] Feedback selection uses signed margins and preservation/recovery, not zero-clipped violations.
[Stage3.2] The tested feedback envelope is not initial-state, plant-parameter, noise, or delay robustness.
[Stage3.2] Final task remains a robust causal feedback controller; residual RL is not the primary controller.
[Stage3.2] SIGKILL cannot be intercepted; completed JSON.GZ results remain resumable.
2026-07-23 15:00:33,863	INFO worker.py:2012 -- Started a local Ray instance.
/home/yangshen0711/tsc_all/tsc_simulation/venv_simu/lib/python3.12/site-packages/ray/_private/worker.py:2051: FutureWarning: Tip: In future versions of Ray, Ray will no longer override accelerator visible devices env var if num_gpus=0 or num_gpus=None (default). To enable this behavior and turn off this error message, set RAY_ACCEL_ENV_VAR_OVERRIDE_ON_ZERO=0
  warnings.warn(
[Stage2 evaluation] ray_capacity requested=96 cluster_cpus=96 pending=12 actors=12 initialized_now=1
[Stage2 evaluation] waiting 0/12
[Stage2 evaluation] waiting 0/12
[Stage2 evaluation] waiting 0/12
[Stage2 evaluation] waiting 0/12
[Stage2 evaluation] waiting 0/12
[Stage2 evaluation] waiting 0/12
[Stage2 evaluation] waiting 0/12
[Stage2 evaluation] waiting 0/12
[Stage2 evaluation] waiting 0/12
[Stage2 evaluation] waiting 0/12
[Stage2 evaluation] waiting 0/12
[Stage2 evaluation] waiting 0/12
[Stage2 evaluation] 1/12
[Stage2 evaluation] 2/12
[Stage2 evaluation] 3/12
[Stage2 evaluation] 4/12
[Stage2 evaluation] 5/12
[Stage2 evaluation] 6/12
[Stage2 evaluation] 7/12
[Stage2 evaluation] 8/12
[Stage2 evaluation] 9/12
[Stage2 evaluation] 10/12
[Stage2 evaluation] 11/12
[Stage2 evaluation] 12/12
/home/yangshen0711/tsc_all/tsc_simulation/venv_simu/lib/python3.12/site-packages/scipy/optimize/_slsqp_py.py:434: RuntimeWarning: Values in x were outside bounds during a minimize step, clipping to bounds
  fx = wrapped_fun(x)
[Stage2 evaluation] ray_capacity requested=96 cluster_cpus=96 pending=24 actors=24 initialized_now=0
[Stage2 evaluation] waiting 0/24
[Stage2 evaluation] waiting 0/24
[Stage2 evaluation] waiting 0/24
[Stage2 evaluation] waiting 0/24
[Stage2 evaluation] waiting 0/24
[Stage2 evaluation] waiting 0/24
[Stage2 evaluation] waiting 0/24
[Stage2 evaluation] waiting 0/24
[Stage2 evaluation] waiting 0/24
[Stage2 evaluation] waiting 0/24
[Stage2 evaluation] waiting 0/24
[Stage2 evaluation] waiting 0/24
[Stage2 evaluation] 1/24
[Stage2 evaluation] 2/24
[Stage2 evaluation] 3/24
[Stage2 evaluation] 4/24
[Stage2 evaluation] 5/24
[Stage2 evaluation] 6/24
[Stage2 evaluation] 7/24
[Stage2 evaluation] 8/24
[Stage2 evaluation] 9/24
[Stage2 evaluation] 10/24
[Stage2 evaluation] 11/24
[Stage2 evaluation] 12/24
[Stage2 evaluation] 13/24
[Stage2 evaluation] 14/24
[Stage2 evaluation] 15/24
[Stage2 evaluation] 16/24
[Stage2 evaluation] 17/24
[Stage2 evaluation] 18/24
[Stage2 evaluation] 19/24
[Stage2 evaluation] 20/24
[Stage2 evaluation] 21/24
[Stage2 evaluation] 22/24
[Stage2 evaluation] 23/24
[Stage2 evaluation] 24/24
{
  "stage": "Stage3.2",
  "phase": "long_hold",
  "round": 0,
  "probe_success": 120,
  "proposal_success": 24,
  "best": {
    "candidate_id": "s32hr000s_a34c24e89a7d631f",
    "strict": true,
    "sustained_box_m": 0.0292699754,
    "post_arrival_velocity_rms": 0.029288937058637887,
    "signed_margin": 0.02433415333333333,
    "internal_signed_margin": -0.0643627418181818
  },
  "next_round": 1,
  "finished": false,
  "stop_reason": ""
}
[Stage2 evaluation] ray_capacity requested=96 cluster_cpus=96 pending=120 actors=96 initialized_now=0
[Stage2 evaluation] waiting 0/120
[Stage2 evaluation] waiting 0/120
[Stage2 evaluation] waiting 0/120
[Stage2 evaluation] waiting 0/120
[Stage2 evaluation] waiting 0/120
[Stage2 evaluation] waiting 0/120
[Stage2 evaluation] waiting 0/120
[Stage2 evaluation] waiting 0/120
[Stage2 evaluation] waiting 0/120
[Stage2 evaluation] waiting 0/120
[Stage2 evaluation] waiting 0/120
[Stage2 evaluation] waiting 0/120
[Stage2 evaluation] waiting 0/120
[Stage2 evaluation] waiting 0/120
[Stage2 evaluation] waiting 0/120
[Stage2 evaluation] waiting 0/120
[Stage2 evaluation] waiting 0/120
[Stage2 evaluation] waiting 0/120
[Stage2 evaluation] waiting 0/120
[Stage2 evaluation] waiting 0/120
[Stage2 evaluation] waiting 0/120
[Stage2 evaluation] 1/120
[Stage2 evaluation] waiting 1/120
[Stage2 evaluation] 2/120
[Stage2 evaluation] 3/120
[Stage2 evaluation] waiting 3/120
[Stage2 evaluation] 4/120
[Stage2 evaluation] 5/120
[Stage2 evaluation] 6/120
[Stage2 evaluation] 7/120
[Stage2 evaluation] 8/120
[Stage2 evaluation] 9/120
[Stage2 evaluation] 10/120
[Stage2 evaluation] 11/120
[Stage2 evaluation] 12/120
[Stage2 evaluation] 13/120
[Stage2 evaluation] 14/120
[Stage2 evaluation] 15/120
[Stage2 evaluation] 16/120
[Stage2 evaluation] 17/120
[Stage2 evaluation] 18/120
[Stage2 evaluation] 19/120
[Stage2 evaluation] 20/120
[Stage2 evaluation] 21/120
[Stage2 evaluation] 22/120
[Stage2 evaluation] 23/120
[Stage2 evaluation] 24/120
[Stage2 evaluation] 25/120
[Stage2 evaluation] 26/120
[Stage2 evaluation] 27/120
[Stage2 evaluation] 28/120
[Stage2 evaluation] 29/120
[Stage2 evaluation] 30/120
[Stage2 evaluation] 31/120
[Stage2 evaluation] 32/120
[Stage2 evaluation] 33/120
[Stage2 evaluation] 34/120
[Stage2 evaluation] 35/120
[Stage2 evaluation] 36/120
[Stage2 evaluation] 37/120
[Stage2 evaluation] 38/120
[Stage2 evaluation] 39/120
[Stage2 evaluation] 40/120
[Stage2 evaluation] 41/120
[Stage2 evaluation] 42/120
[Stage2 evaluation] 43/120
[Stage2 evaluation] 44/120
[Stage2 evaluation] 45/120
[Stage2 evaluation] 46/120
[Stage2 evaluation] 47/120
[Stage2 evaluation] 48/120
[Stage2 evaluation] 49/120
[Stage2 evaluation] 50/120
[Stage2 evaluation] 51/120
[Stage2 evaluation] 52/120
[Stage2 evaluation] 53/120
[Stage2 evaluation] 54/120
[Stage2 evaluation] 55/120
[Stage2 evaluation] 56/120
[Stage2 evaluation] 57/120
[Stage2 evaluation] 58/120
[Stage2 evaluation] 59/120
[Stage2 evaluation] 60/120
[Stage2 evaluation] 61/120
[Stage2 evaluation] 62/120
[Stage2 evaluation] 63/120
[Stage2 evaluation] 64/120
[Stage2 evaluation] 65/120
[Stage2 evaluation] 66/120
[Stage2 evaluation] 67/120
[Stage2 evaluation] 68/120
[Stage2 evaluation] 69/120
[Stage2 evaluation] 70/120
[Stage2 evaluation] 71/120
[Stage2 evaluation] 72/120
[Stage2 evaluation] 73/120
[Stage2 evaluation] 74/120
[Stage2 evaluation] 75/120
[Stage2 evaluation] 76/120
[Stage2 evaluation] 77/120
[Stage2 evaluation] 78/120
[Stage2 evaluation] 79/120
[Stage2 evaluation] 80/120
[Stage2 evaluation] 81/120
[Stage2 evaluation] 82/120
[Stage2 evaluation] 83/120
[Stage2 evaluation] 84/120
[Stage2 evaluation] 85/120
[Stage2 evaluation] 86/120
[Stage2 evaluation] 87/120
[Stage2 evaluation] 88/120
[Stage2 evaluation] 89/120
[Stage2 evaluation] 90/120
[Stage2 evaluation] 91/120
[Stage2 evaluation] 92/120
[Stage2 evaluation] 93/120
[Stage2 evaluation] 94/120
[Stage2 evaluation] 95/120
[Stage2 evaluation] 96/120
[Stage2 evaluation] waiting 96/120
[Stage2 evaluation] waiting 96/120
[Stage2 evaluation] waiting 96/120
[Stage2 evaluation] waiting 96/120
[Stage2 evaluation] waiting 96/120
[Stage2 evaluation] waiting 96/120
[Stage2 evaluation] waiting 96/120
[Stage2 evaluation] waiting 96/120
[Stage2 evaluation] 97/120
[Stage2 evaluation] 98/120
[Stage2 evaluation] waiting 98/120
[Stage2 evaluation] 99/120
[Stage2 evaluation] 100/120
[Stage2 evaluation] 101/120
[Stage2 evaluation] 102/120
[Stage2 evaluation] 103/120
[Stage2 evaluation] 104/120
[Stage2 evaluation] 105/120
[Stage2 evaluation] 106/120
[Stage2 evaluation] 107/120
[Stage2 evaluation] 108/120
[Stage2 evaluation] 109/120
[Stage2 evaluation] 110/120
[Stage2 evaluation] 111/120
[Stage2 evaluation] 112/120
[Stage2 evaluation] 113/120
[Stage2 evaluation] 114/120
[Stage2 evaluation] 115/120
[Stage2 evaluation] 116/120
[Stage2 evaluation] 117/120
[Stage2 evaluation] 118/120
[Stage2 evaluation] 119/120
[Stage2 evaluation] 120/120
/home/yangshen0711/tsc_all/tsc_simulation/venv_simu/lib/python3.12/site-packages/scipy/optimize/_slsqp_py.py:438: RuntimeWarning: Values in x were outside bounds during a minimize step, clipping to bounds
  g = append(wrapped_grad(x), 0.0)
[Stage2 evaluation] ray_capacity requested=96 cluster_cpus=96 pending=24 actors=24 initialized_now=0
[Stage2 evaluation] waiting 0/24
[Stage2 evaluation] waiting 0/24
[Stage2 evaluation] waiting 0/24
[Stage2 evaluation] waiting 0/24
[Stage2 evaluation] waiting 0/24
[Stage2 evaluation] waiting 0/24
[Stage2 evaluation] waiting 0/24
[Stage2 evaluation] waiting 0/24
[Stage2 evaluation] waiting 0/24
[Stage2 evaluation] waiting 0/24
[Stage2 evaluation] waiting 0/24
[Stage2 evaluation] waiting 0/24
[Stage2 evaluation] waiting 0/24
[Stage2 evaluation] 1/24
[Stage2 evaluation] 2/24
[Stage2 evaluation] 3/24
[Stage2 evaluation] 4/24
[Stage2 evaluation] 5/24
[Stage2 evaluation] 6/24
[Stage2 evaluation] 7/24
[Stage2 evaluation] 8/24
[Stage2 evaluation] 9/24
[Stage2 evaluation] 10/24
[Stage2 evaluation] 11/24
[Stage2 evaluation] 12/24
[Stage2 evaluation] 13/24
[Stage2 evaluation] 14/24
[Stage2 evaluation] 15/24
[Stage2 evaluation] 16/24
[Stage2 evaluation] 17/24
[Stage2 evaluation] 18/24
[Stage2 evaluation] 19/24
[Stage2 evaluation] 20/24
[Stage2 evaluation] 21/24
[Stage2 evaluation] 22/24
[Stage2 evaluation] 23/24
[Stage2 evaluation] 24/24
{
  "stage": "Stage3.2",
  "phase": "long_hold",
  "round": 1,
  "probe_success": 120,
  "proposal_success": 24,
  "best": {
    "candidate_id": "s32hr001s_c35a74e63036b542",
    "strict": true,
    "sustained_box_m": 0.0290892668,
    "post_arrival_velocity_rms": 0.02386352200670043,
    "signed_margin": 0.030357773333333338,
    "internal_signed_margin": -0.057791519999999874
  },
  "next_round": 2,
  "finished": true,
  "stop_reason": "max_hold_rounds"
}
[Stage2 evaluation] ray_capacity requested=96 cluster_cpus=96 pending=150 actors=96 initialized_now=0
[Stage2 evaluation] waiting 0/150
[Stage2 evaluation] waiting 0/150
[Stage2 evaluation] waiting 0/150
[Stage2 evaluation] waiting 0/150
[Stage2 evaluation] waiting 0/150
[Stage2 evaluation] waiting 0/150
[Stage2 evaluation] waiting 0/150
[Stage2 evaluation] waiting 0/150
[Stage2 evaluation] waiting 0/150
[Stage2 evaluation] waiting 0/150
[Stage2 evaluation] waiting 0/150
[Stage2 evaluation] waiting 0/150
[Stage2 evaluation] waiting 0/150
[Stage2 evaluation] waiting 0/150
[Stage2 evaluation] waiting 0/150
[Stage2 evaluation] waiting 0/150
[Stage2 evaluation] waiting 0/150
[Stage2 evaluation] waiting 0/150
[Stage2 evaluation] waiting 0/150
[Stage2 evaluation] waiting 0/150
[Stage2 evaluation] waiting 0/150
[Stage2 evaluation] waiting 0/150
[Stage2 evaluation] waiting 0/150
[Stage2 evaluation] waiting 0/150
[Stage2 evaluation] waiting 0/150
[Stage2 evaluation] 1/150
[Stage2 evaluation] 2/150
[Stage2 evaluation] 3/150
[Stage2 evaluation] 4/150
[Stage2 evaluation] 5/150
[Stage2 evaluation] 6/150
[Stage2 evaluation] 7/150
[Stage2 evaluation] 8/150
[Stage2 evaluation] 9/150
[Stage2 evaluation] 10/150
[Stage2 evaluation] 11/150
[Stage2 evaluation] 12/150
[Stage2 evaluation] 13/150
[Stage2 evaluation] 14/150
[Stage2 evaluation] 15/150
[Stage2 evaluation] 16/150
[Stage2 evaluation] 17/150
[Stage2 evaluation] 18/150
[Stage2 evaluation] 19/150
[Stage2 evaluation] 20/150
[Stage2 evaluation] 21/150
[Stage2 evaluation] 22/150
[Stage2 evaluation] 23/150
[Stage2 evaluation] 24/150
[Stage2 evaluation] 25/150
[Stage2 evaluation] 26/150
[Stage2 evaluation] 27/150
[Stage2 evaluation] 28/150
[Stage2 evaluation] 29/150
[Stage2 evaluation] 30/150
[Stage2 evaluation] 31/150
[Stage2 evaluation] 32/150
[Stage2 evaluation] 33/150
[Stage2 evaluation] 34/150
[Stage2 evaluation] 35/150
[Stage2 evaluation] 36/150
[Stage2 evaluation] 37/150
[Stage2 evaluation] 38/150
[Stage2 evaluation] 39/150
[Stage2 evaluation] 40/150
[Stage2 evaluation] 41/150
[Stage2 evaluation] 42/150
[Stage2 evaluation] 43/150
[Stage2 evaluation] 44/150
[Stage2 evaluation] 45/150
[Stage2 evaluation] 46/150
[Stage2 evaluation] 47/150
[Stage2 evaluation] 48/150
[Stage2 evaluation] 49/150
[Stage2 evaluation] 50/150
[Stage2 evaluation] 51/150
[Stage2 evaluation] 52/150
[Stage2 evaluation] 53/150
[Stage2 evaluation] 54/150
[Stage2 evaluation] 55/150
[Stage2 evaluation] 56/150
[Stage2 evaluation] 57/150
[Stage2 evaluation] 58/150
[Stage2 evaluation] 59/150
[Stage2 evaluation] 60/150
[Stage2 evaluation] 61/150
[Stage2 evaluation] 62/150
[Stage2 evaluation] 63/150
[Stage2 evaluation] 64/150
[Stage2 evaluation] 65/150
[Stage2 evaluation] 66/150
[Stage2 evaluation] 67/150
[Stage2 evaluation] 68/150
[Stage2 evaluation] 69/150
[Stage2 evaluation] 70/150
[Stage2 evaluation] 71/150
[Stage2 evaluation] 72/150
[Stage2 evaluation] 73/150
[Stage2 evaluation] 74/150
[Stage2 evaluation] 75/150
[Stage2 evaluation] 76/150
[Stage2 evaluation] 77/150
[Stage2 evaluation] 78/150
[Stage2 evaluation] 79/150
[Stage2 evaluation] 80/150
[Stage2 evaluation] 81/150
[Stage2 evaluation] 82/150
[Stage2 evaluation] 83/150
[Stage2 evaluation] 84/150
[Stage2 evaluation] 85/150
[Stage2 evaluation] 86/150
[Stage2 evaluation] 87/150
[Stage2 evaluation] 88/150
[Stage2 evaluation] 89/150
[Stage2 evaluation] 90/150
[Stage2 evaluation] 91/150
[Stage2 evaluation] 92/150
[Stage2 evaluation] 93/150
[Stage2 evaluation] 94/150
[Stage2 evaluation] 95/150
[Stage2 evaluation] 96/150
[Stage2 evaluation] waiting 96/150
[Stage2 evaluation] waiting 96/150
[Stage2 evaluation] waiting 96/150
[Stage2 evaluation] waiting 96/150
[Stage2 evaluation] waiting 96/150
[Stage2 evaluation] waiting 96/150
[Stage2 evaluation] waiting 96/150
[Stage2 evaluation] waiting 96/150
[Stage2 evaluation] waiting 96/150
[Stage2 evaluation] waiting 96/150
[Stage2 evaluation] waiting 96/150
[Stage2 evaluation] 97/150
[Stage2 evaluation] 98/150
[Stage2 evaluation] 99/150
[Stage2 evaluation] 100/150
[Stage2 evaluation] 101/150
[Stage2 evaluation] 102/150
[Stage2 evaluation] 103/150
[Stage2 evaluation] 104/150
[Stage2 evaluation] 105/150
[Stage2 evaluation] 106/150
[Stage2 evaluation] 107/150
[Stage2 evaluation] 108/150
[Stage2 evaluation] 109/150
[Stage2 evaluation] 110/150
[Stage2 evaluation] 111/150
[Stage2 evaluation] 112/150
[Stage2 evaluation] 113/150
[Stage2 evaluation] 114/150
[Stage2 evaluation] 115/150
[Stage2 evaluation] 116/150
[Stage2 evaluation] 117/150
[Stage2 evaluation] 118/150
[Stage2 evaluation] 119/150
[Stage2 evaluation] 120/150
[Stage2 evaluation] 121/150
[Stage2 evaluation] 122/150
[Stage2 evaluation] 123/150
[Stage2 evaluation] 124/150
[Stage2 evaluation] 125/150
[Stage2 evaluation] 126/150
[Stage2 evaluation] 127/150
[Stage2 evaluation] 128/150
[Stage2 evaluation] 129/150
[Stage2 evaluation] 130/150
[Stage2 evaluation] 131/150
[Stage2 evaluation] 132/150
[Stage2 evaluation] 133/150
[Stage2 evaluation] 134/150
[Stage2 evaluation] 135/150
[Stage2 evaluation] 136/150
[Stage2 evaluation] 137/150
[Stage2 evaluation] 138/150
[Stage2 evaluation] 139/150
[Stage2 evaluation] 140/150
[Stage2 evaluation] 141/150
[Stage2 evaluation] 142/150
[Stage2 evaluation] 143/150
[Stage2 evaluation] 144/150
[Stage2 evaluation] 145/150
[Stage2 evaluation] 146/150
[Stage2 evaluation] 147/150
[Stage2 evaluation] 148/150
[Stage2 evaluation] 149/150
[Stage2 evaluation] 150/150
{
  "stage": "Stage3.2",
  "phase": "full_controller_identification",
  "center": "s32hr001s_c35a74e63036b542",
  "recentered": false,
  "successful_probes": 150,
  "reliable_columns": 75,
  "numerical_rank": 70,
  "batch_retained_rank": 38,
  "online_feedback_validated": false
}
[Stage3.2 feedback] ray_capacity requested=96 cluster_cpus=96 pending=99 actors=96 initialized_now=0
[Stage3.2 feedback] waiting 0/99
[Stage3.2 feedback] waiting 0/99
[Stage3.2 feedback] waiting 0/99
[Stage3.2 feedback] waiting 0/99
[Stage3.2 feedback] waiting 0/99
[Stage3.2 feedback] waiting 0/99
[Stage3.2 feedback] waiting 0/99
[Stage3.2 feedback] waiting 0/99
[Stage3.2 feedback] waiting 0/99
[Stage3.2 feedback] waiting 0/99
[Stage3.2 feedback] waiting 0/99
[Stage3.2 feedback] waiting 0/99
[Stage3.2 feedback] waiting 0/99
[Stage3.2 feedback] waiting 0/99
[Stage3.2 feedback] waiting 0/99
[Stage3.2 feedback] waiting 0/99
[Stage3.2 feedback] waiting 0/99
[Stage3.2 feedback] waiting 0/99
[Stage3.2 feedback] waiting 0/99
[Stage3.2 feedback] waiting 0/99
[Stage3.2 feedback] waiting 0/99
[Stage3.2 feedback] 1/99
[Stage3.2 feedback] 2/99
[Stage3.2 feedback] 3/99
[Stage3.2 feedback] 4/99
[Stage3.2 feedback] 5/99
[Stage3.2 feedback] 6/99
[Stage3.2 feedback] 7/99
[Stage3.2 feedback] 8/99
[Stage3.2 feedback] 9/99
[Stage3.2 feedback] 10/99
[Stage3.2 feedback] 11/99
[Stage3.2 feedback] 12/99
[Stage3.2 feedback] 13/99
[Stage3.2 feedback] 14/99
[Stage3.2 feedback] 15/99
[Stage3.2 feedback] 16/99
[Stage3.2 feedback] 17/99
[Stage3.2 feedback] 18/99
[Stage3.2 feedback] 19/99
[Stage3.2 feedback] 20/99
[Stage3.2 feedback] 21/99
[Stage3.2 feedback] 22/99
[Stage3.2 feedback] 23/99
[Stage3.2 feedback] 24/99
[Stage3.2 feedback] 25/99
[Stage3.2 feedback] 26/99
[Stage3.2 feedback] 27/99
[Stage3.2 feedback] 28/99
[Stage3.2 feedback] 29/99
[Stage3.2 feedback] 30/99
[Stage3.2 feedback] 31/99
[Stage3.2 feedback] 32/99
[Stage3.2 feedback] 33/99
[Stage3.2 feedback] 34/99
[Stage3.2 feedback] 35/99
[Stage3.2 feedback] 36/99
[Stage3.2 feedback] 37/99
[Stage3.2 feedback] 38/99
[Stage3.2 feedback] 39/99
[Stage3.2 feedback] 40/99
[Stage3.2 feedback] 41/99
[Stage3.2 feedback] 42/99
[Stage3.2 feedback] 43/99
[Stage3.2 feedback] 44/99
[Stage3.2 feedback] 45/99
[Stage3.2 feedback] 46/99
[Stage3.2 feedback] 47/99
[Stage3.2 feedback] 48/99
[Stage3.2 feedback] 49/99
[Stage3.2 feedback] 50/99
[Stage3.2 feedback] 51/99
[Stage3.2 feedback] 52/99
[Stage3.2 feedback] 53/99
[Stage3.2 feedback] 54/99
[Stage3.2 feedback] 55/99
[Stage3.2 feedback] 56/99
[Stage3.2 feedback] 57/99
[Stage3.2 feedback] 58/99
[Stage3.2 feedback] 59/99
[Stage3.2 feedback] 60/99
[Stage3.2 feedback] 61/99
[Stage3.2 feedback] 62/99
[Stage3.2 feedback] 63/99
[Stage3.2 feedback] 64/99
[Stage3.2 feedback] 65/99
[Stage3.2 feedback] 66/99
[Stage3.2 feedback] 67/99
[Stage3.2 feedback] 68/99
[Stage3.2 feedback] 69/99
[Stage3.2 feedback] 70/99
[Stage3.2 feedback] 71/99
[Stage3.2 feedback] 72/99
[Stage3.2 feedback] 73/99
[Stage3.2 feedback] 74/99
[Stage3.2 feedback] 75/99
[Stage3.2 feedback] 76/99
[Stage3.2 feedback] 77/99
[Stage3.2 feedback] 78/99
[Stage3.2 feedback] 79/99
[Stage3.2 feedback] 80/99
[Stage3.2 feedback] 81/99
[Stage3.2 feedback] 82/99
[Stage3.2 feedback] 83/99
[Stage3.2 feedback] 84/99
[Stage3.2 feedback] 85/99
[Stage3.2 feedback] 86/99
[Stage3.2 feedback] 87/99
[Stage3.2 feedback] 88/99
[Stage3.2 feedback] 89/99
[Stage3.2 feedback] 90/99
[Stage3.2 feedback] 91/99
[Stage3.2 feedback] 92/99
[Stage3.2 feedback] 93/99
[Stage3.2 feedback] 94/99
[Stage3.2 feedback] 95/99
[Stage3.2 feedback] 96/99
[Stage3.2 feedback] waiting 96/99
[Stage3.2 feedback] waiting 96/99
[Stage3.2 feedback] waiting 96/99
[Stage3.2 feedback] waiting 96/99
[Stage3.2 feedback] waiting 96/99
[Stage3.2 feedback] waiting 96/99
[Stage3.2 feedback] waiting 96/99
[Stage3.2 feedback] waiting 96/99
[Stage3.2 feedback] waiting 96/99
[Stage3.2 feedback] waiting 96/99
[Stage3.2 feedback] waiting 96/99
[Stage3.2 feedback] 97/99
[Stage3.2 feedback] 98/99
[Stage3.2 feedback] 99/99
{
  "schema_version": 1,
  "stage": "Stage3.2",
  "created_utc": "20260723_082259",
  "center_candidate_id": "s32hr001s_c35a74e63036b542",
  "n_scenarios": 33,
  "n_rollouts": 99,
  "n_successful": 99,
  "n_strict": 73,
  "selected_controller_scale": 1.0,
  "selected_scale_summary": {
    "controller_scale": 1.0,
    "comparisons": [
      {
        "scenario": "disturbance_m1_m_s04",
        "category": "disturbance",
        "controller_scale": 1.0,
        "baseline_signed_margin": 0.02360465333333328,
        "feedback_signed_margin": 0.024717373333333237,
        "signed_margin_gain": 0.001112719999999956,
        "baseline_strict": true,
        "feedback_strict": true,
        "recovered": false,
        "lost": false,
        "preserved": true,
        "pair_success": true
      },
      {
        "scenario": "disturbance_m1_m_s08",
        "category": "disturbance",
        "controller_scale": 1.0,
        "baseline_signed_margin": 0.02699636333333333,
        "feedback_signed_margin": 0.027389429999999937,
        "signed_margin_gain": 0.0003930666666666083,
        "baseline_strict": true,
        "feedback_strict": true,
        "recovered": false,
        "lost": false,
        "preserved": true,
        "pair_success": true
      },
      {
        "scenario": "disturbance_m1_m_s12",
        "category": "disturbance",
        "controller_scale": 1.0,
        "baseline_signed_margin": 0.03033503999999998,
        "feedback_signed_margin": 0.03033503999999998,
        "signed_margin_gain": 0.0,
        "baseline_strict": true,
        "feedback_strict": true,
        "recovered": false,
        "lost": false,
        "preserved": true,
        "pair_success": true
      },
      {
        "scenario": "disturbance_m1_p_s04",
        "category": "disturbance",
        "controller_scale": 1.0,
        "baseline_signed_margin": 0.03843017000000004,
        "feedback_signed_margin": 0.03664280666666664,
        "signed_margin_gain": -0.0017873633333334027,
        "baseline_strict": true,
        "feedback_strict": true,
        "recovered": false,
        "lost": false,
        "preserved": true,
        "pair_success": true
      },
      {
        "scenario": "disturbance_m1_p_s08",
        "category": "disturbance",
        "controller_scale": 1.0,
        "baseline_signed_margin": 0.032793506666666694,
        "feedback_signed_margin": 0.03275851333333335,
        "signed_margin_gain": -3.499333333334409e-05,
        "baseline_strict": true,
        "feedback_strict": true,
        "recovered": false,
        "lost": false,
        "preserved": true,
        "pair_success": true
      },
      {
        "scenario": "disturbance_m1_p_s12",
        "category": "disturbance",
        "controller_scale": 1.0,
        "baseline_signed_margin": 0.030383843333333327,
        "feedback_signed_margin": 0.030383843333333327,
        "signed_margin_gain": 0.0,
        "baseline_strict": true,
        "feedback_strict": true,
        "recovered": false,
        "lost": false,
        "preserved": true,
        "pair_success": true
      },
      {
        "scenario": "disturbance_m2_m_s08",
        "category": "disturbance",
        "controller_scale": 1.0,
        "baseline_signed_margin": 0.02869856999999998,
        "feedback_signed_margin": 0.028697663333333234,
        "signed_margin_gain": -9.066666667445489e-07,
        "baseline_strict": true,
        "feedback_strict": true,
        "recovered": false,
        "lost": false,
        "preserved": true,
        "pair_success": true
      },
      {
        "scenario": "disturbance_m2_m_s12",
        "category": "disturbance",
        "controller_scale": 1.0,
        "baseline_signed_margin": 0.030341829999999903,
        "feedback_signed_margin": 0.030341829999999903,
        "signed_margin_gain": 0.0,
        "baseline_strict": true,
        "feedback_strict": true,
        "recovered": false,
        "lost": false,
        "preserved": true,
        "pair_success": true
      },
      {
        "scenario": "disturbance_m2_p_s08",
        "category": "disturbance",
        "controller_scale": 1.0,
        "baseline_signed_margin": 0.032273413333333334,
        "feedback_signed_margin": 0.03227875000000002,
        "signed_margin_gain": 5.33666666668875e-06,
        "baseline_strict": true,
        "feedback_strict": true,
        "recovered": false,
        "lost": false,
        "preserved": true,
        "pair_success": true
      },
      {
        "scenario": "disturbance_m2_p_s12",
        "category": "disturbance",
        "controller_scale": 1.0,
        "baseline_signed_margin": 0.03037496999999989,
        "feedback_signed_margin": 0.03037496999999989,
        "signed_margin_gain": 0.0,
        "baseline_strict": true,
        "feedback_strict": true,
        "recovered": false,
        "lost": false,
        "preserved": true,
        "pair_success": true
      },
      {
        "scenario": "disturbance_m3_m_s08",
        "category": "disturbance",
        "controller_scale": 1.0,
        "baseline_signed_margin": 0.030186096666666717,
        "feedback_signed_margin": 0.030186596666666676,
        "signed_margin_gain": 4.999999999588667e-07,
        "baseline_strict": true,
        "feedback_strict": true,
        "recovered": false,
        "lost": false,
        "preserved": true,
        "pair_success": true
      },
      {
        "scenario": "disturbance_m3_p_s08",
        "category": "disturbance",
        "controller_scale": 1.0,
        "baseline_signed_margin": 0.030574013333333316,
        "feedback_signed_margin": 0.03056369999999997,
        "signed_margin_gain": -1.0313333333344943e-05,
        "baseline_strict": true,
        "feedback_strict": true,
        "recovered": false,
        "lost": false,
        "preserved": true,
        "pair_success": true
      },
      {
        "scenario": "nominal",
        "category": "nominal",
        "controller_scale": 1.0,
        "baseline_signed_margin": 0.030357773333333338,
        "feedback_signed_margin": 0.030357773333333338,
        "signed_margin_gain": 0.0,
        "baseline_strict": true,
        "feedback_strict": true,
        "recovered": false,
        "lost": false,
        "preserved": true,
        "pair_success": true
      },
      {
        "scenario": "target_Ip_m1000A",
        "category": "target",
        "controller_scale": 1.0,
        "baseline_signed_margin": 0.030357773333333338,
        "feedback_signed_margin": 0.030357773333333338,
        "signed_margin_gain": 0.0,
        "baseline_strict": true,
        "feedback_strict": true,
        "recovered": false,
        "lost": false,
        "preserved": true,
        "pair_success": true
      },
      {
        "scenario": "target_Ip_m500A",
        "category": "target",
        "controller_scale": 1.0,
        "baseline_signed_margin": 0.030357773333333338,
        "feedback_signed_margin": 0.030357773333333338,
        "signed_margin_gain": 0.0,
        "baseline_strict": true,
        "feedback_strict": true,
        "recovered": false,
        "lost": false,
        "preserved": true,
        "pair_success": true
      },
      {
        "scenario": "target_Ip_p1000A",
        "category": "target",
        "controller_scale": 1.0,
        "baseline_signed_margin": 0.030357773333333338,
        "feedback_signed_margin": 0.030357773333333338,
        "signed_margin_gain": 0.0,
        "baseline_strict": true,
        "feedback_strict": true,
        "recovered": false,
        "lost": false,
        "preserved": true,
        "pair_success": true
      },
      {
        "scenario": "target_Ip_p500A",
        "category": "target",
        "controller_scale": 1.0,
        "baseline_signed_margin": 0.030357773333333338,
        "feedback_signed_margin": 0.030357773333333338,
        "signed_margin_gain": 0.0,
        "baseline_strict": true,
        "feedback_strict": true,
        "recovered": false,
        "lost": false,
        "preserved": true,
        "pair_success": true
      },
      {
        "scenario": "target_RZ_m_m_5mm",
        "category": "target",
        "controller_scale": 1.0,
        "baseline_signed_margin": -0.13630889333333318,
        "feedback_signed_margin": -0.11291818666666664,
        "signed_margin_gain": 0.02339070666666654,
        "baseline_strict": false,
        "feedback_strict": false,
        "recovered": false,
        "lost": false,
        "preserved": false,
        "pair_success": true
      },
      {
        "scenario": "target_RZ_m_p_5mm",
        "category": "target",
        "controller_scale": 1.0,
        "baseline_signed_margin": 0.19702444000000008,
        "feedback_signed_margin": 0.18197896666666658,
        "signed_margin_gain": -0.015045473333333503,
        "baseline_strict": true,
        "feedback_strict": true,
        "recovered": false,
        "lost": false,
        "preserved": true,
        "pair_success": true
      },
      {
        "scenario": "target_RZ_p_m_5mm",
        "category": "target",
        "controller_scale": 1.0,
        "baseline_signed_margin": -0.13630889333333318,
        "feedback_signed_margin": -0.12481578333333321,
        "signed_margin_gain": 0.011493109999999973,
        "baseline_strict": false,
        "feedback_strict": false,
        "recovered": false,
        "lost": false,
        "preserved": false,
        "pair_success": true
      },
      {
        "scenario": "target_RZ_p_p_5mm",
        "category": "target",
        "controller_scale": 1.0,
        "baseline_signed_margin": -0.04584510000000175,
        "feedback_signed_margin": -0.022129166666666977,
        "signed_margin_gain": 0.02371593333333477,
        "baseline_strict": false,
        "feedback_strict": false,
        "recovered": false,
        "lost": false,
        "preserved": false,
        "pair_success": true
      },
      {
        "scenario": "target_R_m0p005m",
        "category": "target",
        "controller_scale": 1.0,
        "baseline_signed_margin": 0.030357773333333338,
        "feedback_signed_margin": 0.035453949999999956,
        "signed_margin_gain": 0.005096176666666619,
        "baseline_strict": true,
        "feedback_strict": true,
        "recovered": false,
        "lost": false,
        "preserved": true,
        "pair_success": true
      },
      {
        "scenario": "target_R_m0p010m",
        "category": "target",
        "controller_scale": 1.0,
        "baseline_signed_margin": 0.030357773333333338,
        "feedback_signed_margin": 0.039483253333333246,
        "signed_margin_gain": 0.009125479999999908,
        "baseline_strict": true,
        "feedback_strict": true,
        "recovered": false,
        "lost": false,
        "preserved": true,
        "pair_success": true
      },
      {
        "scenario": "target_R_p0p005m",
        "category": "target",
        "controller_scale": 1.0,
        "baseline_signed_margin": -0.04584510000000175,
        "feedback_signed_margin": -0.0255626666666684,
        "signed_margin_gain": 0.02028243333333335,
        "baseline_strict": false,
        "feedback_strict": false,
        "recovered": false,
        "lost": false,
        "preserved": false,
        "pair_success": true
      },
      {
        "scenario": "target_R_p0p010m",
        "category": "target",
        "controller_scale": 1.0,
        "baseline_signed_margin": -0.2125117666666685,
        "feedback_signed_margin": -0.17015159999999874,
        "signed_margin_gain": 0.04236016666666975,
        "baseline_strict": false,
        "feedback_strict": false,
        "recovered": false,
        "lost": false,
        "preserved": false,
        "pair_success": true
      },
      {
        "scenario": "target_Z_m0p001m",
        "category": "target",
        "controller_scale": 1.0,
        "baseline_signed_margin": -0.0029755600000000992,
        "feedback_signed_margin": 9.589666666653951e-05,
        "signed_margin_gain": 0.0030714566666666387,
        "baseline_strict": false,
        "feedback_strict": true,
        "recovered": true,
        "lost": false,
        "preserved": false,
        "pair_success": true
      },
      {
        "scenario": "target_Z_m0p002m",
        "category": "target",
        "controller_scale": 1.0,
        "baseline_signed_margin": -0.036308893333333314,
        "feedback_signed_margin": -0.029541189999999995,
        "signed_margin_gain": 0.006767703333333319,
        "baseline_strict": false,
        "feedback_strict": false,
        "recovered": false,
        "lost": false,
        "preserved": false,
        "pair_success": true
      },
      {
        "scenario": "target_Z_m0p005m",
        "category": "target",
        "controller_scale": 1.0,
        "baseline_signed_margin": -0.13630889333333318,
        "feedback_signed_margin": -0.11683561666666664,
        "signed_margin_gain": 0.01947327666666654,
        "baseline_strict": false,
        "feedback_strict": false,
        "recovered": false,
        "lost": false,
        "preserved": false,
        "pair_success": true
      },
      {
        "scenario": "target_Z_m0p010m",
        "category": "target",
        "controller_scale": 1.0,
        "baseline_signed_margin": -0.30297556000000014,
        "feedback_signed_margin": -0.2680068533333335,
        "signed_margin_gain": 0.03496870666666663,
        "baseline_strict": false,
        "feedback_strict": false,
        "recovered": false,
        "lost": false,
        "preserved": false,
        "pair_success": true
      },
      {
        "scenario": "target_Z_p0p001m",
        "category": "target",
        "controller_scale": 1.0,
        "baseline_signed_margin": 0.06369110666666666,
        "feedback_signed_margin": 0.060835056666666665,
        "signed_margin_gain": -0.002856049999999999,
        "baseline_strict": true,
        "feedback_strict": true,
        "recovered": false,
        "lost": false,
        "preserved": true,
        "pair_success": true
      },
      {
        "scenario": "target_Z_p0p002m",
        "category": "target",
        "controller_scale": 1.0,
        "baseline_signed_margin": 0.0970244400000001,
        "feedback_signed_margin": 0.09127315666666669,
        "signed_margin_gain": -0.005751283333333412,
        "baseline_strict": true,
        "feedback_strict": true,
        "recovered": false,
        "lost": false,
        "preserved": true,
        "pair_success": true
      },
      {
        "scenario": "target_Z_p0p005m",
        "category": "target",
        "controller_scale": 1.0,
        "baseline_signed_margin": 0.1208215666666651,
        "feedback_signed_margin": 0.124594399999999,
        "signed_margin_gain": 0.0037728333333338915,
        "baseline_strict": true,
        "feedback_strict": true,
        "recovered": false,
        "lost": false,
        "preserved": true,
        "pair_success": true
      },
      {
        "scenario": "target_Z_p0p010m",
        "category": "target",
        "controller_scale": 1.0,
        "baseline_signed_margin": 0.1208215666666651,
        "feedback_signed_margin": 0.12903816666666823,
        "signed_margin_gain": 0.008216600000003127,
        "baseline_strict": true,
        "feedback_strict": true,
        "recovered": false,
        "lost": false,
        "preserved": true,
        "pair_success": true
      }
    ],
    "n_nonnominal_scenarios": 32,
    "n_baseline_strict": 23,
    "n_feedback_strict": 24,
    "n_preserved": 23,
    "n_recovered": 1,
    "n_lost": 0,
    "nonnominal_strict_fraction": 0.75,
    "median_signed_margin_gain": 2.918333333323808e-06,
    "worst_baseline_signed_margin": -0.30297556000000014,
    "worst_feedback_signed_margin": -0.2680068533333335,
    "worst_case_signed_margin_gain": -0.015045473333333503,
    "nominal_strict": true,
    "all_required_rollouts_successful": true,
    "target_disturbance_feedback_validation_pass": false
  },
  "scale_summaries": [
    {
      "controller_scale": 0.5,
      "comparisons": [
        {
          "scenario": "disturbance_m1_m_s04",
          "category": "disturbance",
          "controller_scale": 0.5,
          "baseline_signed_margin": 0.02360465333333328,
          "feedback_signed_margin": 0.024543439999999972,
          "signed_margin_gain": 0.0009387866666666911,
          "baseline_strict": true,
          "feedback_strict": true,
          "recovered": false,
          "lost": false,
          "preserved": true,
          "pair_success": true
        },
        {
          "scenario": "disturbance_m1_m_s08",
          "category": "disturbance",
          "controller_scale": 0.5,
          "baseline_signed_margin": 0.02699636333333333,
          "feedback_signed_margin": 0.02737644666666661,
          "signed_margin_gain": 0.0003800833333332809,
          "baseline_strict": true,
          "feedback_strict": true,
          "recovered": false,
          "lost": false,
          "preserved": true,
          "pair_success": true
        },
        {
          "scenario": "disturbance_m1_m_s12",
          "category": "disturbance",
          "controller_scale": 0.5,
          "baseline_signed_margin": 0.03033503999999998,
          "feedback_signed_margin": 0.03033503999999998,
          "signed_margin_gain": 0.0,
          "baseline_strict": true,
          "feedback_strict": true,
          "recovered": false,
          "lost": false,
          "preserved": true,
          "pair_success": true
        },
        {
          "scenario": "disturbance_m1_p_s04",
          "category": "disturbance",
          "controller_scale": 0.5,
          "baseline_signed_margin": 0.03843017000000004,
          "feedback_signed_margin": 0.03725677999999999,
          "signed_margin_gain": -0.0011733900000000519,
          "baseline_strict": true,
          "feedback_strict": true,
          "recovered": false,
          "lost": false,
          "preserved": true,
          "pair_success": true
        },
        {
          "scenario": "disturbance_m1_p_s08",
          "category": "disturbance",
          "controller_scale": 0.5,
          "baseline_signed_margin": 0.032793506666666694,
          "feedback_signed_margin": 0.03278184000000006,
          "signed_margin_gain": -1.1666666666632075e-05,
          "baseline_strict": true,
          "feedback_strict": true,
          "recovered": false,
          "lost": false,
          "preserved": true,
          "pair_success": true
        },
        {
          "scenario": "disturbance_m1_p_s12",
          "category": "disturbance",
          "controller_scale": 0.5,
          "baseline_signed_margin": 0.030383843333333327,
          "feedback_signed_margin": 0.030383843333333327,
          "signed_margin_gain": 0.0,
          "baseline_strict": true,
          "feedback_strict": true,
          "recovered": false,
          "lost": false,
          "preserved": true,
          "pair_success": true
        },
        {
          "scenario": "disturbance_m2_m_s08",
          "category": "disturbance",
          "controller_scale": 0.5,
          "baseline_signed_margin": 0.02869856999999998,
          "feedback_signed_margin": 0.028703949999999923,
          "signed_margin_gain": 5.379999999943763e-06,
          "baseline_strict": true,
          "feedback_strict": true,
          "recovered": false,
          "lost": false,
          "preserved": true,
          "pair_success": true
        },
        {
          "scenario": "disturbance_m2_m_s12",
          "category": "disturbance",
          "controller_scale": 0.5,
          "baseline_signed_margin": 0.030341829999999903,
          "feedback_signed_margin": 0.030341829999999903,
          "signed_margin_gain": 0.0,
          "baseline_strict": true,
          "feedback_strict": true,
          "recovered": false,
          "lost": false,
          "preserved": true,
          "pair_success": true
        },
        {
          "scenario": "disturbance_m2_p_s08",
          "category": "disturbance",
          "controller_scale": 0.5,
          "baseline_signed_margin": 0.032273413333333334,
          "feedback_signed_margin": 0.0322637566666667,
          "signed_margin_gain": -9.656666666635338e-06,
          "baseline_strict": true,
          "feedback_strict": true,
          "recovered": false,
          "lost": false,
          "preserved": true,
          "pair_success": true
        },
        {
          "scenario": "disturbance_m2_p_s12",
          "category": "disturbance",
          "controller_scale": 0.5,
          "baseline_signed_margin": 0.03037496999999989,
          "feedback_signed_margin": 0.03037496999999989,
          "signed_margin_gain": 0.0,
          "baseline_strict": true,
          "feedback_strict": true,
          "recovered": false,
          "lost": false,
          "preserved": true,
          "pair_success": true
        },
        {
          "scenario": "disturbance_m3_m_s08",
          "category": "disturbance",
          "controller_scale": 0.5,
          "baseline_signed_margin": 0.030186096666666717,
          "feedback_signed_margin": 0.03018633000000004,
          "signed_margin_gain": 2.3333333332153927e-07,
          "baseline_strict": true,
          "feedback_strict": true,
          "recovered": false,
          "lost": false,
          "preserved": true,
          "pair_success": true
        },
        {
          "scenario": "disturbance_m3_p_s08",
          "category": "disturbance",
          "controller_scale": 0.5,
          "baseline_signed_margin": 0.030574013333333316,
          "feedback_signed_margin": 0.030573986666666553,
          "signed_margin_gain": -2.6666666763652813e-08,
          "baseline_strict": true,
          "feedback_strict": true,
          "recovered": false,
          "lost": false,
          "preserved": true,
          "pair_success": true
        },
        {
          "scenario": "nominal",
          "category": "nominal",
          "controller_scale": 0.5,
          "baseline_signed_margin": 0.030357773333333338,
          "feedback_signed_margin": 0.030357773333333338,
          "signed_margin_gain": 0.0,
          "baseline_strict": true,
          "feedback_strict": true,
          "recovered": false,
          "lost": false,
          "preserved": true,
          "pair_success": true
        },
        {
          "scenario": "target_Ip_m1000A",
          "category": "target",
          "controller_scale": 0.5,
          "baseline_signed_margin": 0.030357773333333338,
          "feedback_signed_margin": 0.030357773333333338,
          "signed_margin_gain": 0.0,
          "baseline_strict": true,
          "feedback_strict": true,
          "recovered": false,
          "lost": false,
          "preserved": true,
          "pair_success": true
        },
        {
          "scenario": "target_Ip_m500A",
          "category": "target",
          "controller_scale": 0.5,
          "baseline_signed_margin": 0.030357773333333338,
          "feedback_signed_margin": 0.030357773333333338,
          "signed_margin_gain": 0.0,
          "baseline_strict": true,
          "feedback_strict": true,
          "recovered": false,
          "lost": false,
          "preserved": true,
          "pair_success": true
        },
        {
          "scenario": "target_Ip_p1000A",
          "category": "target",
          "controller_scale": 0.5,
          "baseline_signed_margin": 0.030357773333333338,
          "feedback_signed_margin": 0.030357773333333338,
          "signed_margin_gain": 0.0,
          "baseline_strict": true,
          "feedback_strict": true,
          "recovered": false,
          "lost": false,
          "preserved": true,
          "pair_success": true
        },
        {
          "scenario": "target_Ip_p500A",
          "category": "target",
          "controller_scale": 0.5,
          "baseline_signed_margin": 0.030357773333333338,
          "feedback_signed_margin": 0.030357773333333338,
          "signed_margin_gain": 0.0,
          "baseline_strict": true,
          "feedback_strict": true,
          "recovered": false,
          "lost": false,
          "preserved": true,
          "pair_success": true
        },
        {
          "scenario": "target_RZ_m_m_5mm",
          "category": "target",
          "controller_scale": 0.5,
          "baseline_signed_margin": -0.13630889333333318,
          "feedback_signed_margin": -0.12396821000000013,
          "signed_margin_gain": 0.012340683333333047,
          "baseline_strict": false,
          "feedback_strict": false,
          "recovered": false,
          "lost": false,
          "preserved": false,
          "pair_success": true
        },
        {
          "scenario": "target_RZ_m_p_5mm",
          "category": "target",
          "controller_scale": 0.5,
          "baseline_signed_margin": 0.19702444000000008,
          "feedback_signed_margin": 0.18852432333333335,
          "signed_margin_gain": -0.008500116666666724,
          "baseline_strict": true,
          "feedback_strict": true,
          "recovered": false,
          "lost": false,
          "preserved": true,
          "pair_success": true
        },
        {
          "scenario": "target_RZ_p_m_5mm",
          "category": "target",
          "controller_scale": 0.5,
          "baseline_signed_margin": -0.13630889333333318,
          "feedback_signed_margin": -0.13001821666666658,
          "signed_margin_gain": 0.006290676666666606,
          "baseline_strict": false,
          "feedback_strict": false,
          "recovered": false,
          "lost": false,
          "preserved": false,
          "pair_success": true
        },
        {
          "scenario": "target_RZ_p_p_5mm",
          "category": "target",
          "controller_scale": 0.5,
          "baseline_signed_margin": -0.04584510000000175,
          "feedback_signed_margin": -0.02574560000000181,
          "signed_margin_gain": 0.020099499999999937,
          "baseline_strict": false,
          "feedback_strict": false,
          "recovered": false,
          "lost": false,
          "preserved": false,
          "pair_success": true
        },
        {
          "scenario": "target_R_m0p005m",
          "category": "target",
          "controller_scale": 0.5,
          "baseline_signed_margin": 0.030357773333333338,
          "feedback_signed_margin": 0.033052983333333286,
          "signed_margin_gain": 0.002695209999999948,
          "baseline_strict": true,
          "feedback_strict": true,
          "recovered": false,
          "lost": false,
          "preserved": true,
          "pair_success": true
        },
        {
          "scenario": "target_R_m0p010m",
          "category": "target",
          "controller_scale": 0.5,
          "baseline_signed_margin": 0.030357773333333338,
          "feedback_signed_margin": 0.03706884999999993,
          "signed_margin_gain": 0.006711076666666593,
          "baseline_strict": true,
          "feedback_strict": true,
          "recovered": false,
          "lost": false,
          "preserved": true,
          "pair_success": true
        },
        {
          "scenario": "target_R_p0p005m",
          "category": "target",
          "controller_scale": 0.5,
          "baseline_signed_margin": -0.04584510000000175,
          "feedback_signed_margin": -0.029765466666665574,
          "signed_margin_gain": 0.016079633333336174,
          "baseline_strict": false,
          "feedback_strict": false,
          "recovered": false,
          "lost": false,
          "preserved": false,
          "pair_success": true
        },
        {
          "scenario": "target_R_p0p010m",
          "category": "target",
          "controller_scale": 0.5,
          "baseline_signed_margin": -0.2125117666666685,
          "feedback_signed_margin": -0.18037003333333335,
          "signed_margin_gain": 0.03214173333333514,
          "baseline_strict": false,
          "feedback_strict": false,
          "recovered": false,
          "lost": false,
          "preserved": false,
          "pair_success": true
        },
        {
          "scenario": "target_Z_m0p001m",
          "category": "target",
          "controller_scale": 0.5,
          "baseline_signed_margin": -0.0029755600000000992,
          "feedback_signed_margin": -0.000794656666666782,
          "signed_margin_gain": 0.002180903333333317,
          "baseline_strict": false,
          "feedback_strict": false,
          "recovered": false,
          "lost": false,
          "preserved": false,
          "pair_success": true
        },
        {
          "scenario": "target_Z_m0p002m",
          "category": "target",
          "controller_scale": 0.5,
          "baseline_signed_margin": -0.036308893333333314,
          "feedback_signed_margin": -0.03293117000000012,
          "signed_margin_gain": 0.0033777233333331935,
          "baseline_strict": false,
          "feedback_strict": false,
          "recovered": false,
          "lost": false,
          "preserved": false,
          "pair_success": true
        },
        {
          "scenario": "target_Z_m0p005m",
          "category": "target",
          "controller_scale": 0.5,
          "baseline_signed_margin": -0.13630889333333318,
          "feedback_signed_margin": -0.12247866333333324,
          "signed_margin_gain": 0.013830229999999943,
          "baseline_strict": false,
          "feedback_strict": false,
          "recovered": false,
          "lost": false,
          "preserved": false,
          "pair_success": true
        },
        {
          "scenario": "target_Z_m0p010m",
          "category": "target",
          "controller_scale": 0.5,
          "baseline_signed_margin": -0.30297556000000014,
          "feedback_signed_margin": -0.28096381000000004,
          "signed_margin_gain": 0.022011750000000108,
          "baseline_strict": false,
          "feedback_strict": false,
          "recovered": false,
          "lost": false,
          "preserved": false,
          "pair_success": true
        },
        {
          "scenario": "target_Z_p0p001m",
          "category": "target",
          "controller_scale": 0.5,
          "baseline_signed_margin": 0.06369110666666666,
          "feedback_signed_margin": 0.06147558333333336,
          "signed_margin_gain": -0.0022155233333333024,
          "baseline_strict": true,
          "feedback_strict": true,
          "recovered": false,
          "lost": false,
          "preserved": true,
          "pair_success": true
        },
        {
          "scenario": "target_Z_p0p002m",
          "category": "target",
          "controller_scale": 0.5,
          "baseline_signed_margin": 0.0970244400000001,
          "feedback_signed_margin": 0.09312262999999998,
          "signed_margin_gain": -0.0039018100000001166,
          "baseline_strict": true,
          "feedback_strict": true,
          "recovered": false,
          "lost": false,
          "preserved": true,
          "pair_success": true
        },
        {
          "scenario": "target_Z_p0p005m",
          "category": "target",
          "controller_scale": 0.5,
          "baseline_signed_margin": 0.1208215666666651,
          "feedback_signed_margin": 0.12472539999999843,
          "signed_margin_gain": 0.0039038333333333286,
          "baseline_strict": true,
          "feedback_strict": true,
          "recovered": false,
          "lost": false,
          "preserved": true,
          "pair_success": true
        },
        {
          "scenario": "target_Z_p0p010m",
          "category": "target",
          "controller_scale": 0.5,
          "baseline_signed_margin": 0.1208215666666651,
          "feedback_signed_margin": 0.12755616666666747,
          "signed_margin_gain": 0.0067346000000023665,
          "baseline_strict": true,
          "feedback_strict": true,
          "recovered": false,
          "lost": false,
          "preserved": true,
          "pair_success": true
        }
      ],
      "n_nonnominal_scenarios": 32,
      "n_baseline_strict": 23,
      "n_feedback_strict": 23,
      "n_preserved": 23,
      "n_recovered": 0,
      "n_lost": 0,
      "nonnominal_strict_fraction": 0.71875,
      "median_signed_margin_gain": 2.806666666632651e-06,
      "worst_baseline_signed_margin": -0.30297556000000014,
      "worst_feedback_signed_margin": -0.28096381000000004,
      "worst_case_signed_margin_gain": -0.008500116666666724,
      "nominal_strict": true,
      "all_required_rollouts_successful": true,
      "target_disturbance_feedback_validation_pass": false
    },
    {
      "controller_scale": 1.0,
      "comparisons": [
        {
          "scenario": "disturbance_m1_m_s04",
          "category": "disturbance",
          "controller_scale": 1.0,
          "baseline_signed_margin": 0.02360465333333328,
          "feedback_signed_margin": 0.024717373333333237,
          "signed_margin_gain": 0.001112719999999956,
          "baseline_strict": true,
          "feedback_strict": true,
          "recovered": false,
          "lost": false,
          "preserved": true,
          "pair_success": true
        },
        {
          "scenario": "disturbance_m1_m_s08",
          "category": "disturbance",
          "controller_scale": 1.0,
          "baseline_signed_margin": 0.02699636333333333,
          "feedback_signed_margin": 0.027389429999999937,
          "signed_margin_gain": 0.0003930666666666083,
          "baseline_strict": true,
          "feedback_strict": true,
          "recovered": false,
          "lost": false,
          "preserved": true,
          "pair_success": true
        },
        {
          "scenario": "disturbance_m1_m_s12",
          "category": "disturbance",
          "controller_scale": 1.0,
          "baseline_signed_margin": 0.03033503999999998,
          "feedback_signed_margin": 0.03033503999999998,
          "signed_margin_gain": 0.0,
          "baseline_strict": true,
          "feedback_strict": true,
          "recovered": false,
          "lost": false,
          "preserved": true,
          "pair_success": true
        },
        {
          "scenario": "disturbance_m1_p_s04",
          "category": "disturbance",
          "controller_scale": 1.0,
          "baseline_signed_margin": 0.03843017000000004,
          "feedback_signed_margin": 0.03664280666666664,
          "signed_margin_gain": -0.0017873633333334027,
          "baseline_strict": true,
          "feedback_strict": true,
          "recovered": false,
          "lost": false,
          "preserved": true,
          "pair_success": true
        },
        {
          "scenario": "disturbance_m1_p_s08",
          "category": "disturbance",
          "controller_scale": 1.0,
          "baseline_signed_margin": 0.032793506666666694,
          "feedback_signed_margin": 0.03275851333333335,
          "signed_margin_gain": -3.499333333334409e-05,
          "baseline_strict": true,
          "feedback_strict": true,
          "recovered": false,
          "lost": false,
          "preserved": true,
          "pair_success": true
        },
        {
          "scenario": "disturbance_m1_p_s12",
          "category": "disturbance",
          "controller_scale": 1.0,
          "baseline_signed_margin": 0.030383843333333327,
          "feedback_signed_margin": 0.030383843333333327,
          "signed_margin_gain": 0.0,
          "baseline_strict": true,
          "feedback_strict": true,
          "recovered": false,
          "lost": false,
          "preserved": true,
          "pair_success": true
        },
        {
          "scenario": "disturbance_m2_m_s08",
          "category": "disturbance",
          "controller_scale": 1.0,
          "baseline_signed_margin": 0.02869856999999998,
          "feedback_signed_margin": 0.028697663333333234,
          "signed_margin_gain": -9.066666667445489e-07,
          "baseline_strict": true,
          "feedback_strict": true,
          "recovered": false,
          "lost": false,
          "preserved": true,
          "pair_success": true
        },
        {
          "scenario": "disturbance_m2_m_s12",
          "category": "disturbance",
          "controller_scale": 1.0,
          "baseline_signed_margin": 0.030341829999999903,
          "feedback_signed_margin": 0.030341829999999903,
          "signed_margin_gain": 0.0,
          "baseline_strict": true,
          "feedback_strict": true,
          "recovered": false,
          "lost": false,
          "preserved": true,
          "pair_success": true
        },
        {
          "scenario": "disturbance_m2_p_s08",
          "category": "disturbance",
          "controller_scale": 1.0,
          "baseline_signed_margin": 0.032273413333333334,
          "feedback_signed_margin": 0.03227875000000002,
          "signed_margin_gain": 5.33666666668875e-06,
          "baseline_strict": true,
          "feedback_strict": true,
          "recovered": false,
          "lost": false,
          "preserved": true,
          "pair_success": true
        },
        {
          "scenario": "disturbance_m2_p_s12",
          "category": "disturbance",
          "controller_scale": 1.0,
          "baseline_signed_margin": 0.03037496999999989,
          "feedback_signed_margin": 0.03037496999999989,
          "signed_margin_gain": 0.0,
          "baseline_strict": true,
          "feedback_strict": true,
          "recovered": false,
          "lost": false,
          "preserved": true,
          "pair_success": true
        },
        {
          "scenario": "disturbance_m3_m_s08",
          "category": "disturbance",
          "controller_scale": 1.0,
          "baseline_signed_margin": 0.030186096666666717,
          "feedback_signed_margin": 0.030186596666666676,
          "signed_margin_gain": 4.999999999588667e-07,
          "baseline_strict": true,
          "feedback_strict": true,
          "recovered": false,
          "lost": false,
          "preserved": true,
          "pair_success": true
        },
        {
          "scenario": "disturbance_m3_p_s08",
          "category": "disturbance",
          "controller_scale": 1.0,
          "baseline_signed_margin": 0.030574013333333316,
          "feedback_signed_margin": 0.03056369999999997,
          "signed_margin_gain": -1.0313333333344943e-05,
          "baseline_strict": true,
          "feedback_strict": true,
          "recovered": false,
          "lost": false,
          "preserved": true,
          "pair_success": true
        },
        {
          "scenario": "nominal",
          "category": "nominal",
          "controller_scale": 1.0,
          "baseline_signed_margin": 0.030357773333333338,
          "feedback_signed_margin": 0.030357773333333338,
          "signed_margin_gain": 0.0,
          "baseline_strict": true,
          "feedback_strict": true,
          "recovered": false,
          "lost": false,
          "preserved": true,
          "pair_success": true
        },
        {
          "scenario": "target_Ip_m1000A",
          "category": "target",
          "controller_scale": 1.0,
          "baseline_signed_margin": 0.030357773333333338,
          "feedback_signed_margin": 0.030357773333333338,
          "signed_margin_gain": 0.0,
          "baseline_strict": true,
          "feedback_strict": true,
          "recovered": false,
          "lost": false,
          "preserved": true,
          "pair_success": true
        },
        {
          "scenario": "target_Ip_m500A",
          "category": "target",
          "controller_scale": 1.0,
          "baseline_signed_margin": 0.030357773333333338,
          "feedback_signed_margin": 0.030357773333333338,
          "signed_margin_gain": 0.0,
          "baseline_strict": true,
          "feedback_strict": true,
          "recovered": false,
          "lost": false,
          "preserved": true,
          "pair_success": true
        },
        {
          "scenario": "target_Ip_p1000A",
          "category": "target",
          "controller_scale": 1.0,
          "baseline_signed_margin": 0.030357773333333338,
          "feedback_signed_margin": 0.030357773333333338,
          "signed_margin_gain": 0.0,
          "baseline_strict": true,
          "feedback_strict": true,
          "recovered": false,
          "lost": false,
          "preserved": true,
          "pair_success": true
        },
        {
          "scenario": "target_Ip_p500A",
          "category": "target",
          "controller_scale": 1.0,
          "baseline_signed_margin": 0.030357773333333338,
          "feedback_signed_margin": 0.030357773333333338,
          "signed_margin_gain": 0.0,
          "baseline_strict": true,
          "feedback_strict": true,
          "recovered": false,
          "lost": false,
          "preserved": true,
          "pair_success": true
        },
        {
          "scenario": "target_RZ_m_m_5mm",
          "category": "target",
          "controller_scale": 1.0,
          "baseline_signed_margin": -0.13630889333333318,
          "feedback_signed_margin": -0.11291818666666664,
          "signed_margin_gain": 0.02339070666666654,
          "baseline_strict": false,
          "feedback_strict": false,
          "recovered": false,
          "lost": false,
          "preserved": false,
          "pair_success": true
        },
        {
          "scenario": "target_RZ_m_p_5mm",
          "category": "target",
          "controller_scale": 1.0,
          "baseline_signed_margin": 0.19702444000000008,
          "feedback_signed_margin": 0.18197896666666658,
          "signed_margin_gain": -0.015045473333333503,
          "baseline_strict": true,
          "feedback_strict": true,
          "recovered": false,
          "lost": false,
          "preserved": true,
          "pair_success": true
        },
        {
          "scenario": "target_RZ_p_m_5mm",
          "category": "target",
          "controller_scale": 1.0,
          "baseline_signed_margin": -0.13630889333333318,
          "feedback_signed_margin": -0.12481578333333321,
          "signed_margin_gain": 0.011493109999999973,
          "baseline_strict": false,
          "feedback_strict": false,
          "recovered": false,
          "lost": false,
          "preserved": false,
          "pair_success": true
        },
        {
          "scenario": "target_RZ_p_p_5mm",
          "category": "target",
          "controller_scale": 1.0,
          "baseline_signed_margin": -0.04584510000000175,
          "feedback_signed_margin": -0.022129166666666977,
          "signed_margin_gain": 0.02371593333333477,
          "baseline_strict": false,
          "feedback_strict": false,
          "recovered": false,
          "lost": false,
          "preserved": false,
          "pair_success": true
        },
        {
          "scenario": "target_R_m0p005m",
          "category": "target",
          "controller_scale": 1.0,
          "baseline_signed_margin": 0.030357773333333338,
          "feedback_signed_margin": 0.035453949999999956,
          "signed_margin_gain": 0.005096176666666619,
          "baseline_strict": true,
          "feedback_strict": true,
          "recovered": false,
          "lost": false,
          "preserved": true,
          "pair_success": true
        },
        {
          "scenario": "target_R_m0p010m",
          "category": "target",
          "controller_scale": 1.0,
          "baseline_signed_margin": 0.030357773333333338,
          "feedback_signed_margin": 0.039483253333333246,
          "signed_margin_gain": 0.009125479999999908,
          "baseline_strict": true,
          "feedback_strict": true,
          "recovered": false,
          "lost": false,
          "preserved": true,
          "pair_success": true
        },
        {
          "scenario": "target_R_p0p005m",
          "category": "target",
          "controller_scale": 1.0,
          "baseline_signed_margin": -0.04584510000000175,
          "feedback_signed_margin": -0.0255626666666684,
          "signed_margin_gain": 0.02028243333333335,
          "baseline_strict": false,
          "feedback_strict": false,
          "recovered": false,
          "lost": false,
          "preserved": false,
          "pair_success": true
        },
        {
          "scenario": "target_R_p0p010m",
          "category": "target",
          "controller_scale": 1.0,
          "baseline_signed_margin": -0.2125117666666685,
          "feedback_signed_margin": -0.17015159999999874,
          "signed_margin_gain": 0.04236016666666975,
          "baseline_strict": false,
          "feedback_strict": false,
          "recovered": false,
          "lost": false,
          "preserved": false,
          "pair_success": true
        },
        {
          "scenario": "target_Z_m0p001m",
          "category": "target",
          "controller_scale": 1.0,
          "baseline_signed_margin": -0.0029755600000000992,
          "feedback_signed_margin": 9.589666666653951e-05,
          "signed_margin_gain": 0.0030714566666666387,
          "baseline_strict": false,
          "feedback_strict": true,
          "recovered": true,
          "lost": false,
          "preserved": false,
          "pair_success": true
        },
        {
          "scenario": "target_Z_m0p002m",
          "category": "target",
          "controller_scale": 1.0,
          "baseline_signed_margin": -0.036308893333333314,
          "feedback_signed_margin": -0.029541189999999995,
          "signed_margin_gain": 0.006767703333333319,
          "baseline_strict": false,
          "feedback_strict": false,
          "recovered": false,
          "lost": false,
          "preserved": false,
          "pair_success": true
        },
        {
          "scenario": "target_Z_m0p005m",
          "category": "target",
          "controller_scale": 1.0,
          "baseline_signed_margin": -0.13630889333333318,
          "feedback_signed_margin": -0.11683561666666664,
          "signed_margin_gain": 0.01947327666666654,
          "baseline_strict": false,
          "feedback_strict": false,
          "recovered": false,
          "lost": false,
          "preserved": false,
          "pair_success": true
        },
        {
          "scenario": "target_Z_m0p010m",
          "category": "target",
          "controller_scale": 1.0,
          "baseline_signed_margin": -0.30297556000000014,
          "feedback_signed_margin": -0.2680068533333335,
          "signed_margin_gain": 0.03496870666666663,
          "baseline_strict": false,
          "feedback_strict": false,
          "recovered": false,
          "lost": false,
          "preserved": false,
          "pair_success": true
        },
        {
          "scenario": "target_Z_p0p001m",
          "category": "target",
          "controller_scale": 1.0,
          "baseline_signed_margin": 0.06369110666666666,
          "feedback_signed_margin": 0.060835056666666665,
          "signed_margin_gain": -0.002856049999999999,
          "baseline_strict": true,
          "feedback_strict": true,
          "recovered": false,
          "lost": false,
          "preserved": true,
          "pair_success": true
        },
        {
          "scenario": "target_Z_p0p002m",
          "category": "target",
          "controller_scale": 1.0,
          "baseline_signed_margin": 0.0970244400000001,
          "feedback_signed_margin": 0.09127315666666669,
          "signed_margin_gain": -0.005751283333333412,
          "baseline_strict": true,
          "feedback_strict": true,
          "recovered": false,
          "lost": false,
          "preserved": true,
          "pair_success": true
        },
        {
          "scenario": "target_Z_p0p005m",
          "category": "target",
          "controller_scale": 1.0,
          "baseline_signed_margin": 0.1208215666666651,
          "feedback_signed_margin": 0.124594399999999,
          "signed_margin_gain": 0.0037728333333338915,
          "baseline_strict": true,
          "feedback_strict": true,
          "recovered": false,
          "lost": false,
          "preserved": true,
          "pair_success": true
        },
        {
          "scenario": "target_Z_p0p010m",
          "category": "target",
          "controller_scale": 1.0,
          "baseline_signed_margin": 0.1208215666666651,
          "feedback_signed_margin": 0.12903816666666823,
          "signed_margin_gain": 0.008216600000003127,
          "baseline_strict": true,
          "feedback_strict": true,
          "recovered": false,
          "lost": false,
          "preserved": true,
          "pair_success": true
        }
      ],
      "n_nonnominal_scenarios": 32,
      "n_baseline_strict": 23,
      "n_feedback_strict": 24,
      "n_preserved": 23,
      "n_recovered": 1,
      "n_lost": 0,
      "nonnominal_strict_fraction": 0.75,
      "median_signed_margin_gain": 2.918333333323808e-06,
      "worst_baseline_signed_margin": -0.30297556000000014,
      "worst_feedback_signed_margin": -0.2680068533333335,
      "worst_case_signed_margin_gain": -0.015045473333333503,
      "nominal_strict": true,
      "all_required_rollouts_successful": true,
      "target_disturbance_feedback_validation_pass": false
    }
  ],
  "target_disturbance_feedback_validated": false,
  "online_feedback_validated": false,
  "initial_state_robustness_validated": false,
  "plant_parameter_robustness_validated": false,
  "robustness_validated": false,
  "scope_warning": "The validation covers one initial state, configured target shifts, and injected mode disturbances. It does not establish robustness to initial-state, plant-parameter, noise, or delay variation."
}
[Stage2 evaluation] ray_capacity requested=96 cluster_cpus=96 pending=12 actors=12 initialized_now=0
[Stage2 evaluation] waiting 0/12
[Stage2 evaluation] waiting 0/12
[Stage2 evaluation] waiting 0/12
[Stage2 evaluation] waiting 0/12
[Stage2 evaluation] waiting 0/12
[Stage2 evaluation] waiting 0/12
[Stage2 evaluation] waiting 0/12
[Stage2 evaluation] waiting 0/12
[Stage2 evaluation] waiting 0/12
[Stage2 evaluation] waiting 0/12
[Stage2 evaluation] waiting 0/12
[Stage2 evaluation] waiting 0/12
[Stage2 evaluation] 1/12
[Stage2 evaluation] 2/12
[Stage2 evaluation] 3/12
[Stage2 evaluation] 4/12
[Stage2 evaluation] 5/12
[Stage2 evaluation] 6/12
[Stage2 evaluation] 7/12
[Stage2 evaluation] 8/12
[Stage2 evaluation] 9/12
[Stage2 evaluation] 10/12
[Stage2 evaluation] 11/12
[Stage2 evaluation] 12/12
[Stage3.2 feedback] ray_capacity requested=96 cluster_cpus=96 pending=16 actors=16 initialized_now=0
[Stage3.2 feedback] waiting 0/16
[Stage3.2 feedback] waiting 0/16
[Stage3.2 feedback] waiting 0/16
[Stage3.2 feedback] waiting 0/16
[Stage3.2 feedback] waiting 0/16
[Stage3.2 feedback] waiting 0/16
[Stage3.2 feedback] waiting 0/16
[Stage3.2 feedback] waiting 0/16
[Stage3.2 feedback] waiting 0/16
[Stage3.2 feedback] waiting 0/16
[Stage3.2 feedback] waiting 0/16
[Stage3.2 feedback] waiting 0/16
[Stage3.2 feedback] 1/16
[Stage3.2 feedback] 2/16
[Stage3.2 feedback] 3/16
[Stage3.2 feedback] 4/16
[Stage3.2 feedback] 5/16
[Stage3.2 feedback] 6/16
[Stage3.2 feedback] 7/16
[Stage3.2 feedback] 8/16
[Stage3.2 feedback] 9/16
[Stage3.2 feedback] 10/16
[Stage3.2 feedback] 11/16
[Stage3.2 feedback] 12/16
[Stage3.2 feedback] 13/16
[Stage3.2 feedback] 14/16
[Stage3.2 feedback] 15/16
[Stage3.2 feedback] 16/16
{
  "schema_version": 1,
  "stage": "Stage3.2",
  "verdict": "PASS_PRECISE_HOLD_30MM_250MS_OPEN_LOOP_CONFIRMED_FEEDBACK_NOT_VALIDATED",
  "created_utc": "20260723_083539",
  "open_loop_confirmation": {
    "schema_version": 1,
    "stage": "Stage3.2",
    "created_utc": "20260723_082920",
    "n_candidates_all_repeats_strict": 4,
    "any_candidate_confirmed_strict": true,
    "all_selected_candidates_confirmed_strict": true,
    "all_candidates_confirmed_strict": true,
    "candidate_summaries": [
      {
        "candidate_id": "s32cr000p_03075fa5a99f2223",
        "repeats": 3,
        "successful_repeats": 3,
        "all_repeats_strict_gate": true,
        "worst_signed_margin": 0.031981773333333297,
        "worst_sustained_box_m": 0.0290405468,
        "max_post_arrival_velocity_rms": 0.024192191262095444
      },
      {
        "candidate_id": "s32cr000p_9e71d5727fe194e1",
        "repeats": 3,
        "successful_repeats": 3,
        "all_repeats_strict_gate": true,
        "worst_signed_margin": 0.03115684333333324,
        "worst_sustained_box_m": 0.0290652947,
        "max_post_arrival_velocity_rms": 0.023950426942509893
      },
      {
        "candidate_id": "s32cr000p_5f985038dfb37d02",
        "repeats": 3,
        "successful_repeats": 3,
        "all_repeats_strict_gate": true,
        "worst_signed_margin": 0.031141506666666596,
        "worst_sustained_box_m": 0.0290657548,
        "max_post_arrival_velocity_rms": 0.02395307584101823
      },
      {
        "candidate_id": "s32cr000p_fd93266b56b83ad8",
        "repeats": 3,
        "successful_repeats": 3,
        "all_repeats_strict_gate": true,
        "worst_signed_margin": 0.03113665666666665,
        "worst_sustained_box_m": 0.0290659003,
        "max_post_arrival_velocity_rms": 0.023952827144644584
      }
    ]
  },
  "feedback_validation": {
    "schema_version": 1,
    "stage": "Stage3.2",
    "created_utc": "20260723_082259",
    "center_candidate_id": "s32hr001s_c35a74e63036b542",
    "n_scenarios": 33,
    "n_rollouts": 99,
    "n_successful": 99,
    "n_strict": 73,
    "selected_controller_scale": 1.0,
    "selected_scale_summary": {
      "controller_scale": 1.0,
      "comparisons": [
        {
          "scenario": "disturbance_m1_m_s04",
          "category": "disturbance",
          "controller_scale": 1.0,
          "baseline_signed_margin": 0.02360465333333328,
          "feedback_signed_margin": 0.024717373333333237,
          "signed_margin_gain": 0.001112719999999956,
          "baseline_strict": true,
          "feedback_strict": true,
          "recovered": false,
          "lost": false,
          "preserved": true,
          "pair_success": true
        },
        {
          "scenario": "disturbance_m1_m_s08",
          "category": "disturbance",
          "controller_scale": 1.0,
          "baseline_signed_margin": 0.02699636333333333,
          "feedback_signed_margin": 0.027389429999999937,
          "signed_margin_gain": 0.0003930666666666083,
          "baseline_strict": true,
          "feedback_strict": true,
          "recovered": false,
          "lost": false,
          "preserved": true,
          "pair_success": true
        },
        {
          "scenario": "disturbance_m1_m_s12",
          "category": "disturbance",
          "controller_scale": 1.0,
          "baseline_signed_margin": 0.03033503999999998,
          "feedback_signed_margin": 0.03033503999999998,
          "signed_margin_gain": 0.0,
          "baseline_strict": true,
          "feedback_strict": true,
          "recovered": false,
          "lost": false,
          "preserved": true,
          "pair_success": true
        },
        {
          "scenario": "disturbance_m1_p_s04",
          "category": "disturbance",
          "controller_scale": 1.0,
          "baseline_signed_margin": 0.03843017000000004,
          "feedback_signed_margin": 0.03664280666666664,
          "signed_margin_gain": -0.0017873633333334027,
          "baseline_strict": true,
          "feedback_strict": true,
          "recovered": false,
          "lost": false,
          "preserved": true,
          "pair_success": true
        },
        {
          "scenario": "disturbance_m1_p_s08",
          "category": "disturbance",
          "controller_scale": 1.0,
          "baseline_signed_margin": 0.032793506666666694,
          "feedback_signed_margin": 0.03275851333333335,
          "signed_margin_gain": -3.499333333334409e-05,
          "baseline_strict": true,
          "feedback_strict": true,
          "recovered": false,
          "lost": false,
          "preserved": true,
          "pair_success": true
        },
        {
          "scenario": "disturbance_m1_p_s12",
          "category": "disturbance",
          "controller_scale": 1.0,
          "baseline_signed_margin": 0.030383843333333327,
          "feedback_signed_margin": 0.030383843333333327,
          "signed_margin_gain": 0.0,
          "baseline_strict": true,
          "feedback_strict": true,
          "recovered": false,
          "lost": false,
          "preserved": true,
          "pair_success": true
        },
        {
          "scenario": "disturbance_m2_m_s08",
          "category": "disturbance",
          "controller_scale": 1.0,
          "baseline_signed_margin": 0.02869856999999998,
          "feedback_signed_margin": 0.028697663333333234,
          "signed_margin_gain": -9.066666667445489e-07,
          "baseline_strict": true,
          "feedback_strict": true,
          "recovered": false,
          "lost": false,
          "preserved": true,
          "pair_success": true
        },
        {
          "scenario": "disturbance_m2_m_s12",
          "category": "disturbance",
          "controller_scale": 1.0,
          "baseline_signed_margin": 0.030341829999999903,
          "feedback_signed_margin": 0.030341829999999903,
          "signed_margin_gain": 0.0,
          "baseline_strict": true,
          "feedback_strict": true,
          "recovered": false,
          "lost": false,
          "preserved": true,
          "pair_success": true
        },
        {
          "scenario": "disturbance_m2_p_s08",
          "category": "disturbance",
          "controller_scale": 1.0,
          "baseline_signed_margin": 0.032273413333333334,
          "feedback_signed_margin": 0.03227875000000002,
          "signed_margin_gain": 5.33666666668875e-06,
          "baseline_strict": true,
          "feedback_strict": true,
          "recovered": false,
          "lost": false,
          "preserved": true,
          "pair_success": true
        },
        {
          "scenario": "disturbance_m2_p_s12",
          "category": "disturbance",
          "controller_scale": 1.0,
          "baseline_signed_margin": 0.03037496999999989,
          "feedback_signed_margin": 0.03037496999999989,
          "signed_margin_gain": 0.0,
          "baseline_strict": true,
          "feedback_strict": true,
          "recovered": false,
          "lost": false,
          "preserved": true,
          "pair_success": true
        },
        {
          "scenario": "disturbance_m3_m_s08",
          "category": "disturbance",
          "controller_scale": 1.0,
          "baseline_signed_margin": 0.030186096666666717,
          "feedback_signed_margin": 0.030186596666666676,
          "signed_margin_gain": 4.999999999588667e-07,
          "baseline_strict": true,
          "feedback_strict": true,
          "recovered": false,
          "lost": false,
          "preserved": true,
          "pair_success": true
        },
        {
          "scenario": "disturbance_m3_p_s08",
          "category": "disturbance",
          "controller_scale": 1.0,
          "baseline_signed_margin": 0.030574013333333316,
          "feedback_signed_margin": 0.03056369999999997,
          "signed_margin_gain": -1.0313333333344943e-05,
          "baseline_strict": true,
          "feedback_strict": true,
          "recovered": false,
          "lost": false,
          "preserved": true,
          "pair_success": true
        },
        {
          "scenario": "nominal",
          "category": "nominal",
          "controller_scale": 1.0,
          "baseline_signed_margin": 0.030357773333333338,
          "feedback_signed_margin": 0.030357773333333338,
          "signed_margin_gain": 0.0,
          "baseline_strict": true,
          "feedback_strict": true,
          "recovered": false,
          "lost": false,
          "preserved": true,
          "pair_success": true
        },
        {
          "scenario": "target_Ip_m1000A",
          "category": "target",
          "controller_scale": 1.0,
          "baseline_signed_margin": 0.030357773333333338,
          "feedback_signed_margin": 0.030357773333333338,
          "signed_margin_gain": 0.0,
          "baseline_strict": true,
          "feedback_strict": true,
          "recovered": false,
          "lost": false,
          "preserved": true,
          "pair_success": true
        },
        {
          "scenario": "target_Ip_m500A",
          "category": "target",
          "controller_scale": 1.0,
          "baseline_signed_margin": 0.030357773333333338,
          "feedback_signed_margin": 0.030357773333333338,
          "signed_margin_gain": 0.0,
          "baseline_strict": true,
          "feedback_strict": true,
          "recovered": false,
          "lost": false,
          "preserved": true,
          "pair_success": true
        },
        {
          "scenario": "target_Ip_p1000A",
          "category": "target",
          "controller_scale": 1.0,
          "baseline_signed_margin": 0.030357773333333338,
          "feedback_signed_margin": 0.030357773333333338,
          "signed_margin_gain": 0.0,
          "baseline_strict": true,
          "feedback_strict": true,
          "recovered": false,
          "lost": false,
          "preserved": true,
          "pair_success": true
        },
        {
          "scenario": "target_Ip_p500A",
          "category": "target",
          "controller_scale": 1.0,
          "baseline_signed_margin": 0.030357773333333338,
          "feedback_signed_margin": 0.030357773333333338,
          "signed_margin_gain": 0.0,
          "baseline_strict": true,
          "feedback_strict": true,
          "recovered": false,
          "lost": false,
          "preserved": true,
          "pair_success": true
        },
        {
          "scenario": "target_RZ_m_m_5mm",
          "category": "target",
          "controller_scale": 1.0,
          "baseline_signed_margin": -0.13630889333333318,
          "feedback_signed_margin": -0.11291818666666664,
          "signed_margin_gain": 0.02339070666666654,
          "baseline_strict": false,
          "feedback_strict": false,
          "recovered": false,
          "lost": false,
          "preserved": false,
          "pair_success": true
        },
        {
          "scenario": "target_RZ_m_p_5mm",
          "category": "target",
          "controller_scale": 1.0,
          "baseline_signed_margin": 0.19702444000000008,
          "feedback_signed_margin": 0.18197896666666658,
          "signed_margin_gain": -0.015045473333333503,
          "baseline_strict": true,
          "feedback_strict": true,
          "recovered": false,
          "lost": false,
          "preserved": true,
          "pair_success": true
        },
        {
          "scenario": "target_RZ_p_m_5mm",
          "category": "target",
          "controller_scale": 1.0,
          "baseline_signed_margin": -0.13630889333333318,
          "feedback_signed_margin": -0.12481578333333321,
          "signed_margin_gain": 0.011493109999999973,
          "baseline_strict": false,
          "feedback_strict": false,
          "recovered": false,
          "lost": false,
          "preserved": false,
          "pair_success": true
        },
        {
          "scenario": "target_RZ_p_p_5mm",
          "category": "target",
          "controller_scale": 1.0,
          "baseline_signed_margin": -0.04584510000000175,
          "feedback_signed_margin": -0.022129166666666977,
          "signed_margin_gain": 0.02371593333333477,
          "baseline_strict": false,
          "feedback_strict": false,
          "recovered": false,
          "lost": false,
          "preserved": false,
          "pair_success": true
        },
        {
          "scenario": "target_R_m0p005m",
          "category": "target",
          "controller_scale": 1.0,
          "baseline_signed_margin": 0.030357773333333338,
          "feedback_signed_margin": 0.035453949999999956,
          "signed_margin_gain": 0.005096176666666619,
          "baseline_strict": true,
          "feedback_strict": true,
          "recovered": false,
          "lost": false,
          "preserved": true,
          "pair_success": true
        },
        {
          "scenario": "target_R_m0p010m",
          "category": "target",
          "controller_scale": 1.0,
          "baseline_signed_margin": 0.030357773333333338,
          "feedback_signed_margin": 0.039483253333333246,
          "signed_margin_gain": 0.009125479999999908,
          "baseline_strict": true,
          "feedback_strict": true,
          "recovered": false,
          "lost": false,
          "preserved": true,
          "pair_success": true
        },
        {
          "scenario": "target_R_p0p005m",
          "category": "target",
          "controller_scale": 1.0,
          "baseline_signed_margin": -0.04584510000000175,
          "feedback_signed_margin": -0.0255626666666684,
          "signed_margin_gain": 0.02028243333333335,
          "baseline_strict": false,
          "feedback_strict": false,
          "recovered": false,
          "lost": false,
          "preserved": false,
          "pair_success": true
        },
        {
          "scenario": "target_R_p0p010m",
          "category": "target",
          "controller_scale": 1.0,
          "baseline_signed_margin": -0.2125117666666685,
          "feedback_signed_margin": -0.17015159999999874,
          "signed_margin_gain": 0.04236016666666975,
          "baseline_strict": false,
          "feedback_strict": false,
          "recovered": false,
          "lost": false,
          "preserved": false,
          "pair_success": true
        },
        {
          "scenario": "target_Z_m0p001m",
          "category": "target",
          "controller_scale": 1.0,
          "baseline_signed_margin": -0.0029755600000000992,
          "feedback_signed_margin": 9.589666666653951e-05,
          "signed_margin_gain": 0.0030714566666666387,
          "baseline_strict": false,
          "feedback_strict": true,
          "recovered": true,
          "lost": false,
          "preserved": false,
          "pair_success": true
        },
        {
          "scenario": "target_Z_m0p002m",
          "category": "target",
          "controller_scale": 1.0,
          "baseline_signed_margin": -0.036308893333333314,
          "feedback_signed_margin": -0.029541189999999995,
          "signed_margin_gain": 0.006767703333333319,
          "baseline_strict": false,
          "feedback_strict": false,
          "recovered": false,
          "lost": false,
          "preserved": false,
          "pair_success": true
        },
        {
          "scenario": "target_Z_m0p005m",
          "category": "target",
          "controller_scale": 1.0,
          "baseline_signed_margin": -0.13630889333333318,
          "feedback_signed_margin": -0.11683561666666664,
          "signed_margin_gain": 0.01947327666666654,
          "baseline_strict": false,
          "feedback_strict": false,
          "recovered": false,
          "lost": false,
          "preserved": false,
          "pair_success": true
        },
        {
          "scenario": "target_Z_m0p010m",
          "category": "target",
          "controller_scale": 1.0,
          "baseline_signed_margin": -0.30297556000000014,
          "feedback_signed_margin": -0.2680068533333335,
          "signed_margin_gain": 0.03496870666666663,
          "baseline_strict": false,
          "feedback_strict": false,
          "recovered": false,
          "lost": false,
          "preserved": false,
          "pair_success": true
        },
        {
          "scenario": "target_Z_p0p001m",
          "category": "target",
          "controller_scale": 1.0,
          "baseline_signed_margin": 0.06369110666666666,
          "feedback_signed_margin": 0.060835056666666665,
          "signed_margin_gain": -0.002856049999999999,
          "baseline_strict": true,
          "feedback_strict": true,
          "recovered": false,
          "lost": false,
          "preserved": true,
          "pair_success": true
        },
        {
          "scenario": "target_Z_p0p002m",
          "category": "target",
          "controller_scale": 1.0,
          "baseline_signed_margin": 0.0970244400000001,
          "feedback_signed_margin": 0.09127315666666669,
          "signed_margin_gain": -0.005751283333333412,
          "baseline_strict": true,
          "feedback_strict": true,
          "recovered": false,
          "lost": false,
          "preserved": true,
          "pair_success": true
        },
        {
          "scenario": "target_Z_p0p005m",
          "category": "target",
          "controller_scale": 1.0,
          "baseline_signed_margin": 0.1208215666666651,
          "feedback_signed_margin": 0.124594399999999,
          "signed_margin_gain": 0.0037728333333338915,
          "baseline_strict": true,
          "feedback_strict": true,
          "recovered": false,
          "lost": false,
          "preserved": true,
          "pair_success": true
        },
        {
          "scenario": "target_Z_p0p010m",
          "category": "target",
          "controller_scale": 1.0,
          "baseline_signed_margin": 0.1208215666666651,
          "feedback_signed_margin": 0.12903816666666823,
          "signed_margin_gain": 0.008216600000003127,
          "baseline_strict": true,
          "feedback_strict": true,
          "recovered": false,
          "lost": false,
          "preserved": true,
          "pair_success": true
        }
      ],
      "n_nonnominal_scenarios": 32,
      "n_baseline_strict": 23,
      "n_feedback_strict": 24,
      "n_preserved": 23,
      "n_recovered": 1,
      "n_lost": 0,
      "nonnominal_strict_fraction": 0.75,
      "median_signed_margin_gain": 2.918333333323808e-06,
      "worst_baseline_signed_margin": -0.30297556000000014,
      "worst_feedback_signed_margin": -0.2680068533333335,
      "worst_case_signed_margin_gain": -0.015045473333333503,
      "nominal_strict": true,
      "all_required_rollouts_successful": true,
      "target_disturbance_feedback_validation_pass": false
    },
    "scale_summaries": [
      {
        "controller_scale": 0.5,
        "comparisons": [
          {
            "scenario": "disturbance_m1_m_s04",
            "category": "disturbance",
            "controller_scale": 0.5,
            "baseline_signed_margin": 0.02360465333333328,
            "feedback_signed_margin": 0.024543439999999972,
            "signed_margin_gain": 0.0009387866666666911,
            "baseline_strict": true,
            "feedback_strict": true,
            "recovered": false,
            "lost": false,
            "preserved": true,
            "pair_success": true
          },
          {
            "scenario": "disturbance_m1_m_s08",
            "category": "disturbance",
            "controller_scale": 0.5,
            "baseline_signed_margin": 0.02699636333333333,
            "feedback_signed_margin": 0.02737644666666661,
            "signed_margin_gain": 0.0003800833333332809,
            "baseline_strict": true,
            "feedback_strict": true,
            "recovered": false,
            "lost": false,
            "preserved": true,
            "pair_success": true
          },
          {
            "scenario": "disturbance_m1_m_s12",
            "category": "disturbance",
            "controller_scale": 0.5,
            "baseline_signed_margin": 0.03033503999999998,
            "feedback_signed_margin": 0.03033503999999998,
            "signed_margin_gain": 0.0,
            "baseline_strict": true,
            "feedback_strict": true,
            "recovered": false,
            "lost": false,
            "preserved": true,
            "pair_success": true
          },
          {
            "scenario": "disturbance_m1_p_s04",
            "category": "disturbance",
            "controller_scale": 0.5,
            "baseline_signed_margin": 0.03843017000000004,
            "feedback_signed_margin": 0.03725677999999999,
            "signed_margin_gain": -0.0011733900000000519,
            "baseline_strict": true,
            "feedback_strict": true,
            "recovered": false,
            "lost": false,
            "preserved": true,
            "pair_success": true
          },
          {
            "scenario": "disturbance_m1_p_s08",
            "category": "disturbance",
            "controller_scale": 0.5,
            "baseline_signed_margin": 0.032793506666666694,
            "feedback_signed_margin": 0.03278184000000006,
            "signed_margin_gain": -1.1666666666632075e-05,
            "baseline_strict": true,
            "feedback_strict": true,
            "recovered": false,
            "lost": false,
            "preserved": true,
            "pair_success": true
          },
          {
            "scenario": "disturbance_m1_p_s12",
            "category": "disturbance",
            "controller_scale": 0.5,
            "baseline_signed_margin": 0.030383843333333327,
            "feedback_signed_margin": 0.030383843333333327,
            "signed_margin_gain": 0.0,
            "baseline_strict": true,
            "feedback_strict": true,
            "recovered": false,
            "lost": false,
            "preserved": true,
            "pair_success": true
          },
          {
            "scenario": "disturbance_m2_m_s08",
            "category": "disturbance",
            "controller_scale": 0.5,
            "baseline_signed_margin": 0.02869856999999998,
            "feedback_signed_margin": 0.028703949999999923,
            "signed_margin_gain": 5.379999999943763e-06,
            "baseline_strict": true,
            "feedback_strict": true,
            "recovered": false,
            "lost": false,
            "preserved": true,
            "pair_success": true
          },
          {
            "scenario": "disturbance_m2_m_s12",
            "category": "disturbance",
            "controller_scale": 0.5,
            "baseline_signed_margin": 0.030341829999999903,
            "feedback_signed_margin": 0.030341829999999903,
            "signed_margin_gain": 0.0,
            "baseline_strict": true,
            "feedback_strict": true,
            "recovered": false,
            "lost": false,
            "preserved": true,
            "pair_success": true
          },
          {
            "scenario": "disturbance_m2_p_s08",
            "category": "disturbance",
            "controller_scale": 0.5,
            "baseline_signed_margin": 0.032273413333333334,
            "feedback_signed_margin": 0.0322637566666667,
            "signed_margin_gain": -9.656666666635338e-06,
            "baseline_strict": true,
            "feedback_strict": true,
            "recovered": false,
            "lost": false,
            "preserved": true,
            "pair_success": true
          },
          {
            "scenario": "disturbance_m2_p_s12",
            "category": "disturbance",
            "controller_scale": 0.5,
            "baseline_signed_margin": 0.03037496999999989,
            "feedback_signed_margin": 0.03037496999999989,
            "signed_margin_gain": 0.0,
            "baseline_strict": true,
            "feedback_strict": true,
            "recovered": false,
            "lost": false,
            "preserved": true,
            "pair_success": true
          },
          {
            "scenario": "disturbance_m3_m_s08",
            "category": "disturbance",
            "controller_scale": 0.5,
            "baseline_signed_margin": 0.030186096666666717,
            "feedback_signed_margin": 0.03018633000000004,
            "signed_margin_gain": 2.3333333332153927e-07,
            "baseline_strict": true,
            "feedback_strict": true,
            "recovered": false,
            "lost": false,
            "preserved": true,
            "pair_success": true
          },
          {
            "scenario": "disturbance_m3_p_s08",
            "category": "disturbance",
            "controller_scale": 0.5,
            "baseline_signed_margin": 0.030574013333333316,
            "feedback_signed_margin": 0.030573986666666553,
            "signed_margin_gain": -2.6666666763652813e-08,
            "baseline_strict": true,
            "feedback_strict": true,
            "recovered": false,
            "lost": false,
            "preserved": true,
            "pair_success": true
          },
          {
            "scenario": "nominal",
            "category": "nominal",
            "controller_scale": 0.5,
            "baseline_signed_margin": 0.030357773333333338,
            "feedback_signed_margin": 0.030357773333333338,
            "signed_margin_gain": 0.0,
            "baseline_strict": true,
            "feedback_strict": true,
            "recovered": false,
            "lost": false,
            "preserved": true,
            "pair_success": true
          },
          {
            "scenario": "target_Ip_m1000A",
            "category": "target",
            "controller_scale": 0.5,
            "baseline_signed_margin": 0.030357773333333338,
            "feedback_signed_margin": 0.030357773333333338,
            "signed_margin_gain": 0.0,
            "baseline_strict": true,
            "feedback_strict": true,
            "recovered": false,
            "lost": false,
            "preserved": true,
            "pair_success": true
          },
          {
            "scenario": "target_Ip_m500A",
            "category": "target",
            "controller_scale": 0.5,
            "baseline_signed_margin": 0.030357773333333338,
            "feedback_signed_margin": 0.030357773333333338,
            "signed_margin_gain": 0.0,
            "baseline_strict": true,
            "feedback_strict": true,
            "recovered": false,
            "lost": false,
            "preserved": true,
            "pair_success": true
          },
          {
            "scenario": "target_Ip_p1000A",
            "category": "target",
            "controller_scale": 0.5,
            "baseline_signed_margin": 0.030357773333333338,
            "feedback_signed_margin": 0.030357773333333338,
            "signed_margin_gain": 0.0,
            "baseline_strict": true,
            "feedback_strict": true,
            "recovered": false,
            "lost": false,
            "preserved": true,
            "pair_success": true
          },
          {
            "scenario": "target_Ip_p500A",
            "category": "target",
            "controller_scale": 0.5,
            "baseline_signed_margin": 0.030357773333333338,
            "feedback_signed_margin": 0.030357773333333338,
            "signed_margin_gain": 0.0,
            "baseline_strict": true,
            "feedback_strict": true,
            "recovered": false,
            "lost": false,
            "preserved": true,
            "pair_success": true
          },
          {
            "scenario": "target_RZ_m_m_5mm",
            "category": "target",
            "controller_scale": 0.5,
            "baseline_signed_margin": -0.13630889333333318,
            "feedback_signed_margin": -0.12396821000000013,
            "signed_margin_gain": 0.012340683333333047,
            "baseline_strict": false,
            "feedback_strict": false,
            "recovered": false,
            "lost": false,
            "preserved": false,
            "pair_success": true
          },
          {
            "scenario": "target_RZ_m_p_5mm",
            "category": "target",
            "controller_scale": 0.5,
            "baseline_signed_margin": 0.19702444000000008,
            "feedback_signed_margin": 0.18852432333333335,
            "signed_margin_gain": -0.008500116666666724,
            "baseline_strict": true,
            "feedback_strict": true,
            "recovered": false,
            "lost": false,
            "preserved": true,
            "pair_success": true
          },
          {
            "scenario": "target_RZ_p_m_5mm",
            "category": "target",
            "controller_scale": 0.5,
            "baseline_signed_margin": -0.13630889333333318,
            "feedback_signed_margin": -0.13001821666666658,
            "signed_margin_gain": 0.006290676666666606,
            "baseline_strict": false,
            "feedback_strict": false,
            "recovered": false,
            "lost": false,
            "preserved": false,
            "pair_success": true
          },
          {
            "scenario": "target_RZ_p_p_5mm",
            "category": "target",
            "controller_scale": 0.5,
            "baseline_signed_margin": -0.04584510000000175,
            "feedback_signed_margin": -0.02574560000000181,
            "signed_margin_gain": 0.020099499999999937,
            "baseline_strict": false,
            "feedback_strict": false,
            "recovered": false,
            "lost": false,
            "preserved": false,
            "pair_success": true
          },
          {
            "scenario": "target_R_m0p005m",
            "category": "target",
            "controller_scale": 0.5,
            "baseline_signed_margin": 0.030357773333333338,
            "feedback_signed_margin": 0.033052983333333286,
            "signed_margin_gain": 0.002695209999999948,
            "baseline_strict": true,
            "feedback_strict": true,
            "recovered": false,
            "lost": false,
            "preserved": true,
            "pair_success": true
          },
          {
            "scenario": "target_R_m0p010m",
            "category": "target",
            "controller_scale": 0.5,
            "baseline_signed_margin": 0.030357773333333338,
            "feedback_signed_margin": 0.03706884999999993,
            "signed_margin_gain": 0.006711076666666593,
            "baseline_strict": true,
            "feedback_strict": true,
            "recovered": false,
            "lost": false,
            "preserved": true,
            "pair_success": true
          },
          {
            "scenario": "target_R_p0p005m",
            "category": "target",
            "controller_scale": 0.5,
            "baseline_signed_margin": -0.04584510000000175,
            "feedback_signed_margin": -0.029765466666665574,
            "signed_margin_gain": 0.016079633333336174,
            "baseline_strict": false,
            "feedback_strict": false,
            "recovered": false,
            "lost": false,
            "preserved": false,
            "pair_success": true
          },
          {
            "scenario": "target_R_p0p010m",
            "category": "target",
            "controller_scale": 0.5,
            "baseline_signed_margin": -0.2125117666666685,
            "feedback_signed_margin": -0.18037003333333335,
            "signed_margin_gain": 0.03214173333333514,
            "baseline_strict": false,
            "feedback_strict": false,
            "recovered": false,
            "lost": false,
            "preserved": false,
            "pair_success": true
          },
          {
            "scenario": "target_Z_m0p001m",
            "category": "target",
            "controller_scale": 0.5,
            "baseline_signed_margin": -0.0029755600000000992,
            "feedback_signed_margin": -0.000794656666666782,
            "signed_margin_gain": 0.002180903333333317,
            "baseline_strict": false,
            "feedback_strict": false,
            "recovered": false,
            "lost": false,
            "preserved": false,
            "pair_success": true
          },
          {
            "scenario": "target_Z_m0p002m",
            "category": "target",
            "controller_scale": 0.5,
            "baseline_signed_margin": -0.036308893333333314,
            "feedback_signed_margin": -0.03293117000000012,
            "signed_margin_gain": 0.0033777233333331935,
            "baseline_strict": false,
            "feedback_strict": false,
            "recovered": false,
            "lost": false,
            "preserved": false,
            "pair_success": true
          },
          {
            "scenario": "target_Z_m0p005m",
            "category": "target",
            "controller_scale": 0.5,
            "baseline_signed_margin": -0.13630889333333318,
            "feedback_signed_margin": -0.12247866333333324,
            "signed_margin_gain": 0.013830229999999943,
            "baseline_strict": false,
            "feedback_strict": false,
            "recovered": false,
            "lost": false,
            "preserved": false,
            "pair_success": true
          },
          {
            "scenario": "target_Z_m0p010m",
            "category": "target",
            "controller_scale": 0.5,
            "baseline_signed_margin": -0.30297556000000014,
            "feedback_signed_margin": -0.28096381000000004,
            "signed_margin_gain": 0.022011750000000108,
            "baseline_strict": false,
            "feedback_strict": false,
            "recovered": false,
            "lost": false,
            "preserved": false,
            "pair_success": true
          },
          {
            "scenario": "target_Z_p0p001m",
            "category": "target",
            "controller_scale": 0.5,
            "baseline_signed_margin": 0.06369110666666666,
            "feedback_signed_margin": 0.06147558333333336,
            "signed_margin_gain": -0.0022155233333333024,
            "baseline_strict": true,
            "feedback_strict": true,
            "recovered": false,
            "lost": false,
            "preserved": true,
            "pair_success": true
          },
          {
            "scenario": "target_Z_p0p002m",
            "category": "target",
            "controller_scale": 0.5,
            "baseline_signed_margin": 0.0970244400000001,
            "feedback_signed_margin": 0.09312262999999998,
            "signed_margin_gain": -0.0039018100000001166,
            "baseline_strict": true,
            "feedback_strict": true,
            "recovered": false,
            "lost": false,
            "preserved": true,
            "pair_success": true
          },
          {
            "scenario": "target_Z_p0p005m",
            "category": "target",
            "controller_scale": 0.5,
            "baseline_signed_margin": 0.1208215666666651,
            "feedback_signed_margin": 0.12472539999999843,
            "signed_margin_gain": 0.0039038333333333286,
            "baseline_strict": true,
            "feedback_strict": true,
            "recovered": false,
            "lost": false,
            "preserved": true,
            "pair_success": true
          },
          {
            "scenario": "target_Z_p0p010m",
            "category": "target",
            "controller_scale": 0.5,
            "baseline_signed_margin": 0.1208215666666651,
            "feedback_signed_margin": 0.12755616666666747,
            "signed_margin_gain": 0.0067346000000023665,
            "baseline_strict": true,
            "feedback_strict": true,
            "recovered": false,
            "lost": false,
            "preserved": true,
            "pair_success": true
          }
        ],
        "n_nonnominal_scenarios": 32,
        "n_baseline_strict": 23,
        "n_feedback_strict": 23,
        "n_preserved": 23,
        "n_recovered": 0,
        "n_lost": 0,
        "nonnominal_strict_fraction": 0.71875,
        "median_signed_margin_gain": 2.806666666632651e-06,
        "worst_baseline_signed_margin": -0.30297556000000014,
        "worst_feedback_signed_margin": -0.28096381000000004,
        "worst_case_signed_margin_gain": -0.008500116666666724,
        "nominal_strict": true,
        "all_required_rollouts_successful": true,
        "target_disturbance_feedback_validation_pass": false
      },
      {
        "controller_scale": 1.0,
        "comparisons": [
          {
            "scenario": "disturbance_m1_m_s04",
            "category": "disturbance",
            "controller_scale": 1.0,
            "baseline_signed_margin": 0.02360465333333328,
            "feedback_signed_margin": 0.024717373333333237,
            "signed_margin_gain": 0.001112719999999956,
            "baseline_strict": true,
            "feedback_strict": true,
            "recovered": false,
            "lost": false,
            "preserved": true,
            "pair_success": true
          },
          {
            "scenario": "disturbance_m1_m_s08",
            "category": "disturbance",
            "controller_scale": 1.0,
            "baseline_signed_margin": 0.02699636333333333,
            "feedback_signed_margin": 0.027389429999999937,
            "signed_margin_gain": 0.0003930666666666083,
            "baseline_strict": true,
            "feedback_strict": true,
            "recovered": false,
            "lost": false,
            "preserved": true,
            "pair_success": true
          },
          {
            "scenario": "disturbance_m1_m_s12",
            "category": "disturbance",
            "controller_scale": 1.0,
            "baseline_signed_margin": 0.03033503999999998,
            "feedback_signed_margin": 0.03033503999999998,
            "signed_margin_gain": 0.0,
            "baseline_strict": true,
            "feedback_strict": true,
            "recovered": false,
            "lost": false,
            "preserved": true,
            "pair_success": true
          },
          {
            "scenario": "disturbance_m1_p_s04",
            "category": "disturbance",
            "controller_scale": 1.0,
            "baseline_signed_margin": 0.03843017000000004,
            "feedback_signed_margin": 0.03664280666666664,
            "signed_margin_gain": -0.0017873633333334027,
            "baseline_strict": true,
            "feedback_strict": true,
            "recovered": false,
            "lost": false,
            "preserved": true,
            "pair_success": true
          },
          {
            "scenario": "disturbance_m1_p_s08",
            "category": "disturbance",
            "controller_scale": 1.0,
            "baseline_signed_margin": 0.032793506666666694,
            "feedback_signed_margin": 0.03275851333333335,
            "signed_margin_gain": -3.499333333334409e-05,
            "baseline_strict": true,
            "feedback_strict": true,
            "recovered": false,
            "lost": false,
            "preserved": true,
            "pair_success": true
          },
          {
            "scenario": "disturbance_m1_p_s12",
            "category": "disturbance",
            "controller_scale": 1.0,
            "baseline_signed_margin": 0.030383843333333327,
            "feedback_signed_margin": 0.030383843333333327,
            "signed_margin_gain": 0.0,
            "baseline_strict": true,
            "feedback_strict": true,
            "recovered": false,
            "lost": false,
            "preserved": true,
            "pair_success": true
          },
          {
            "scenario": "disturbance_m2_m_s08",
            "category": "disturbance",
            "controller_scale": 1.0,
            "baseline_signed_margin": 0.02869856999999998,
            "feedback_signed_margin": 0.028697663333333234,
            "signed_margin_gain": -9.066666667445489e-07,
            "baseline_strict": true,
            "feedback_strict": true,
            "recovered": false,
            "lost": false,
            "preserved": true,
            "pair_success": true
          },
          {
            "scenario": "disturbance_m2_m_s12",
            "category": "disturbance",
            "controller_scale": 1.0,
            "baseline_signed_margin": 0.030341829999999903,
            "feedback_signed_margin": 0.030341829999999903,
            "signed_margin_gain": 0.0,
            "baseline_strict": true,
            "feedback_strict": true,
            "recovered": false,
            "lost": false,
            "preserved": true,
            "pair_success": true
          },
          {
            "scenario": "disturbance_m2_p_s08",
            "category": "disturbance",
            "controller_scale": 1.0,
            "baseline_signed_margin": 0.032273413333333334,
            "feedback_signed_margin": 0.03227875000000002,
            "signed_margin_gain": 5.33666666668875e-06,
            "baseline_strict": true,
            "feedback_strict": true,
            "recovered": false,
            "lost": false,
            "preserved": true,
            "pair_success": true
          },
          {
            "scenario": "disturbance_m2_p_s12",
            "category": "disturbance",
            "controller_scale": 1.0,
            "baseline_signed_margin": 0.03037496999999989,
            "feedback_signed_margin": 0.03037496999999989,
            "signed_margin_gain": 0.0,
            "baseline_strict": true,
            "feedback_strict": true,
            "recovered": false,
            "lost": false,
            "preserved": true,
            "pair_success": true
          },
          {
            "scenario": "disturbance_m3_m_s08",
            "category": "disturbance",
            "controller_scale": 1.0,
            "baseline_signed_margin": 0.030186096666666717,
            "feedback_signed_margin": 0.030186596666666676,
            "signed_margin_gain": 4.999999999588667e-07,
            "baseline_strict": true,
            "feedback_strict": true,
            "recovered": false,
            "lost": false,
            "preserved": true,
            "pair_success": true
          },
          {
            "scenario": "disturbance_m3_p_s08",
            "category": "disturbance",
            "controller_scale": 1.0,
            "baseline_signed_margin": 0.030574013333333316,
            "feedback_signed_margin": 0.03056369999999997,
            "signed_margin_gain": -1.0313333333344943e-05,
            "baseline_strict": true,
            "feedback_strict": true,
            "recovered": false,
            "lost": false,
            "preserved": true,
            "pair_success": true
          },
          {
            "scenario": "nominal",
            "category": "nominal",
            "controller_scale": 1.0,
            "baseline_signed_margin": 0.030357773333333338,
            "feedback_signed_margin": 0.030357773333333338,
            "signed_margin_gain": 0.0,
            "baseline_strict": true,
            "feedback_strict": true,
            "recovered": false,
            "lost": false,
            "preserved": true,
            "pair_success": true
          },
          {
            "scenario": "target_Ip_m1000A",
            "category": "target",
            "controller_scale": 1.0,
            "baseline_signed_margin": 0.030357773333333338,
            "feedback_signed_margin": 0.030357773333333338,
            "signed_margin_gain": 0.0,
            "baseline_strict": true,
            "feedback_strict": true,
            "recovered": false,
            "lost": false,
            "preserved": true,
            "pair_success": true
          },
          {
            "scenario": "target_Ip_m500A",
            "category": "target",
            "controller_scale": 1.0,
            "baseline_signed_margin": 0.030357773333333338,
            "feedback_signed_margin": 0.030357773333333338,
            "signed_margin_gain": 0.0,
            "baseline_strict": true,
            "feedback_strict": true,
            "recovered": false,
            "lost": false,
            "preserved": true,
            "pair_success": true
          },
          {
            "scenario": "target_Ip_p1000A",
            "category": "target",
            "controller_scale": 1.0,
            "baseline_signed_margin": 0.030357773333333338,
            "feedback_signed_margin": 0.030357773333333338,
            "signed_margin_gain": 0.0,
            "baseline_strict": true,
            "feedback_strict": true,
            "recovered": false,
            "lost": false,
            "preserved": true,
            "pair_success": true
          },
          {
            "scenario": "target_Ip_p500A",
            "category": "target",
            "controller_scale": 1.0,
            "baseline_signed_margin": 0.030357773333333338,
            "feedback_signed_margin": 0.030357773333333338,
            "signed_margin_gain": 0.0,
            "baseline_strict": true,
            "feedback_strict": true,
            "recovered": false,
            "lost": false,
            "preserved": true,
            "pair_success": true
          },
          {
            "scenario": "target_RZ_m_m_5mm",
            "category": "target",
            "controller_scale": 1.0,
            "baseline_signed_margin": -0.13630889333333318,
            "feedback_signed_margin": -0.11291818666666664,
            "signed_margin_gain": 0.02339070666666654,
            "baseline_strict": false,
            "feedback_strict": false,
            "recovered": false,
            "lost": false,
            "preserved": false,
            "pair_success": true
          },
          {
            "scenario": "target_RZ_m_p_5mm",
            "category": "target",
            "controller_scale": 1.0,
            "baseline_signed_margin": 0.19702444000000008,
            "feedback_signed_margin": 0.18197896666666658,
            "signed_margin_gain": -0.015045473333333503,
            "baseline_strict": true,
            "feedback_strict": true,
            "recovered": false,
            "lost": false,
            "preserved": true,
            "pair_success": true
          },
          {
            "scenario": "target_RZ_p_m_5mm",
            "category": "target",
            "controller_scale": 1.0,
            "baseline_signed_margin": -0.13630889333333318,
            "feedback_signed_margin": -0.12481578333333321,
            "signed_margin_gain": 0.011493109999999973,
            "baseline_strict": false,
            "feedback_strict": false,
            "recovered": false,
            "lost": false,
            "preserved": false,
            "pair_success": true
          },
          {
            "scenario": "target_RZ_p_p_5mm",
            "category": "target",
            "controller_scale": 1.0,
            "baseline_signed_margin": -0.04584510000000175,
            "feedback_signed_margin": -0.022129166666666977,
            "signed_margin_gain": 0.02371593333333477,
            "baseline_strict": false,
            "feedback_strict": false,
            "recovered": false,
            "lost": false,
            "preserved": false,
            "pair_success": true
          },
          {
            "scenario": "target_R_m0p005m",
            "category": "target",
            "controller_scale": 1.0,
            "baseline_signed_margin": 0.030357773333333338,
            "feedback_signed_margin": 0.035453949999999956,
            "signed_margin_gain": 0.005096176666666619,
            "baseline_strict": true,
            "feedback_strict": true,
            "recovered": false,
            "lost": false,
            "preserved": true,
            "pair_success": true
          },
          {
            "scenario": "target_R_m0p010m",
            "category": "target",
            "controller_scale": 1.0,
            "baseline_signed_margin": 0.030357773333333338,
            "feedback_signed_margin": 0.039483253333333246,
            "signed_margin_gain": 0.009125479999999908,
            "baseline_strict": true,
            "feedback_strict": true,
            "recovered": false,
            "lost": false,
            "preserved": true,
            "pair_success": true
          },
          {
            "scenario": "target_R_p0p005m",
            "category": "target",
            "controller_scale": 1.0,
            "baseline_signed_margin": -0.04584510000000175,
            "feedback_signed_margin": -0.0255626666666684,
            "signed_margin_gain": 0.02028243333333335,
            "baseline_strict": false,
            "feedback_strict": false,
            "recovered": false,
            "lost": false,
            "preserved": false,
            "pair_success": true
          },
          {
            "scenario": "target_R_p0p010m",
            "category": "target",
            "controller_scale": 1.0,
            "baseline_signed_margin": -0.2125117666666685,
            "feedback_signed_margin": -0.17015159999999874,
            "signed_margin_gain": 0.04236016666666975,
            "baseline_strict": false,
            "feedback_strict": false,
            "recovered": false,
            "lost": false,
            "preserved": false,
            "pair_success": true
          },
          {
            "scenario": "target_Z_m0p001m",
            "category": "target",
            "controller_scale": 1.0,
            "baseline_signed_margin": -0.0029755600000000992,
            "feedback_signed_margin": 9.589666666653951e-05,
            "signed_margin_gain": 0.0030714566666666387,
            "baseline_strict": false,
            "feedback_strict": true,
            "recovered": true,
            "lost": false,
            "preserved": false,
            "pair_success": true
          },
          {
            "scenario": "target_Z_m0p002m",
            "category": "target",
            "controller_scale": 1.0,
            "baseline_signed_margin": -0.036308893333333314,
            "feedback_signed_margin": -0.029541189999999995,
            "signed_margin_gain": 0.006767703333333319,
            "baseline_strict": false,
            "feedback_strict": false,
            "recovered": false,
            "lost": false,
            "preserved": false,
            "pair_success": true
          },
          {
            "scenario": "target_Z_m0p005m",
            "category": "target",
            "controller_scale": 1.0,
            "baseline_signed_margin": -0.13630889333333318,
            "feedback_signed_margin": -0.11683561666666664,
            "signed_margin_gain": 0.01947327666666654,
            "baseline_strict": false,
            "feedback_strict": false,
            "recovered": false,
            "lost": false,
            "preserved": false,
            "pair_success": true
          },
          {
            "scenario": "target_Z_m0p010m",
            "category": "target",
            "controller_scale": 1.0,
            "baseline_signed_margin": -0.30297556000000014,
            "feedback_signed_margin": -0.2680068533333335,
            "signed_margin_gain": 0.03496870666666663,
            "baseline_strict": false,
            "feedback_strict": false,
            "recovered": false,
            "lost": false,
            "preserved": false,
            "pair_success": true
          },
          {
            "scenario": "target_Z_p0p001m",
            "category": "target",
            "controller_scale": 1.0,
            "baseline_signed_margin": 0.06369110666666666,
            "feedback_signed_margin": 0.060835056666666665,
            "signed_margin_gain": -0.002856049999999999,
            "baseline_strict": true,
            "feedback_strict": true,
            "recovered": false,
            "lost": false,
            "preserved": true,
            "pair_success": true
          },
          {
            "scenario": "target_Z_p0p002m",
            "category": "target",
            "controller_scale": 1.0,
            "baseline_signed_margin": 0.0970244400000001,
            "feedback_signed_margin": 0.09127315666666669,
            "signed_margin_gain": -0.005751283333333412,
            "baseline_strict": true,
            "feedback_strict": true,
            "recovered": false,
            "lost": false,
            "preserved": true,
            "pair_success": true
          },
          {
            "scenario": "target_Z_p0p005m",
            "category": "target",
            "controller_scale": 1.0,
            "baseline_signed_margin": 0.1208215666666651,
            "feedback_signed_margin": 0.124594399999999,
            "signed_margin_gain": 0.0037728333333338915,
            "baseline_strict": true,
            "feedback_strict": true,
            "recovered": false,
            "lost": false,
            "preserved": true,
            "pair_success": true
          },
          {
            "scenario": "target_Z_p0p010m",
            "category": "target",
            "controller_scale": 1.0,
            "baseline_signed_margin": 0.1208215666666651,
            "feedback_signed_margin": 0.12903816666666823,
            "signed_margin_gain": 0.008216600000003127,
            "baseline_strict": true,
            "feedback_strict": true,
            "recovered": false,
            "lost": false,
            "preserved": true,
            "pair_success": true
          }
        ],
        "n_nonnominal_scenarios": 32,
        "n_baseline_strict": 23,
        "n_feedback_strict": 24,
        "n_preserved": 23,
        "n_recovered": 1,
        "n_lost": 0,
        "nonnominal_strict_fraction": 0.75,
        "median_signed_margin_gain": 2.918333333323808e-06,
        "worst_baseline_signed_margin": -0.30297556000000014,
        "worst_feedback_signed_margin": -0.2680068533333335,
        "worst_case_signed_margin_gain": -0.015045473333333503,
        "nominal_strict": true,
        "all_required_rollouts_successful": true,
        "target_disturbance_feedback_validation_pass": false
      }
    ],
    "target_disturbance_feedback_validated": false,
    "online_feedback_validated": false,
    "initial_state_robustness_validated": false,
    "plant_parameter_robustness_validated": false,
    "robustness_validated": false,
    "scope_warning": "The validation covers one initial state, configured target shifts, and injected mode disturbances. It does not establish robustness to initial-state, plant-parameter, noise, or delay variation."
  },
  "feedback_confirmation": {
    "schema_version": 1,
    "stage": "Stage3.2",
    "created_utc": "20260723_083539",
    "selected_controller_scale": 1.0,
    "all_scenarios_confirmed_strict": false,
    "scenario_summaries": [
      {
        "scenario": "nominal",
        "category": "nominal",
        "repeats": 2,
        "successful_repeats": 2,
        "all_repeats_strict_gate": true,
        "worst_signed_margin": 0.030357773333333338
      },
      {
        "scenario": "target_Z_m0p010m",
        "category": "target",
        "repeats": 2,
        "successful_repeats": 2,
        "all_repeats_strict_gate": false,
        "worst_signed_margin": -0.2680068533333335
      },
      {
        "scenario": "target_R_p0p010m",
        "category": "target",
        "repeats": 2,
        "successful_repeats": 2,
        "all_repeats_strict_gate": false,
        "worst_signed_margin": -0.17015159999999874
      },
      {
        "scenario": "target_RZ_p_m_5mm",
        "category": "target",
        "repeats": 2,
        "successful_repeats": 2,
        "all_repeats_strict_gate": false,
        "worst_signed_margin": -0.12481578333333321
      },
      {
        "scenario": "target_Z_m0p005m",
        "category": "target",
        "repeats": 2,
        "successful_repeats": 2,
        "all_repeats_strict_gate": false,
        "worst_signed_margin": -0.11683561666666664
      },
      {
        "scenario": "target_RZ_m_m_5mm",
        "category": "target",
        "repeats": 2,
        "successful_repeats": 2,
        "all_repeats_strict_gate": false,
        "worst_signed_margin": -0.11291818666666664
      },
      {
        "scenario": "target_Z_m0p002m",
        "category": "target",
        "repeats": 2,
        "successful_repeats": 2,
        "all_repeats_strict_gate": false,
        "worst_signed_margin": -0.029541189999999995
      },
      {
        "scenario": "target_R_p0p005m",
        "category": "target",
        "repeats": 2,
        "successful_repeats": 2,
        "all_repeats_strict_gate": false,
        "worst_signed_margin": -0.0255626666666684
      }
    ]
  },
  "online_feedback_validated": false,
  "initial_state_robustness_validated": false,
  "plant_parameter_robustness_validated": false,
  "robustness_validated": false,
  "final_task_warning": "Stage3.2 does not validate different initial states, plant parameters, noise, delay, or discharge-scale hold. It is not the final robust controller and does not justify replacing causal feedback with residual RL."
}
{
  "schema_version": 1,
  "stage": "Stage3.2",
  "created_utc": "20260723_083546",
  "source_stage3_1_run": "/home/yangshen0711/tsc_all/tsc_rzip_rllib/stage3_1_runs/stage3_1_svd3_adaptive_sqp_causal_mpc_150ms_20260722_013158",
  "source_strict_candidates": 46,
  "n_new_evaluations": 810,
  "n_new_successful": 810,
  "n_new_150ms_strict": 324,
  "n_new_long_hold_strict": 314,
  "n_new_long_hold_relaxed": 444,
  "phase_counts": [
    {
      "phase": "controller_round_000_probes",
      "n_rows": 150,
      "n_successful": 150,
      "n_strict": 150,
      "n_relaxed": 150,
      "best_signed_margin": 0.031981773333333297
    },
    {
      "phase": "extension_screen",
      "n_rows": 48,
      "n_successful": 48,
      "n_strict": 0,
      "n_relaxed": 6,
      "best_signed_margin": -0.06842920999999991
    },
    {
      "phase": "hold_round_000_probes",
      "n_rows": 120,
      "n_successful": 120,
      "n_strict": 0,
      "n_relaxed": 120,
      "best_signed_margin": -0.06497945000000005
    },
    {
      "phase": "hold_round_000_proposals",
      "n_rows": 24,
      "n_successful": 24,
      "n_strict": 20,
      "n_relaxed": 24,
      "best_signed_margin": 0.02433415333333333
    },
    {
      "phase": "hold_round_001_probes",
      "n_rows": 120,
      "n_successful": 120,
      "n_strict": 120,
      "n_relaxed": 120,
      "best_signed_margin": 0.025347149999999874
    },
    {
      "phase": "hold_round_001_proposals",
      "n_rows": 24,
      "n_successful": 24,
      "n_strict": 24,
      "n_relaxed": 24,
      "best_signed_margin": 0.030357773333333338
    },
    {
      "phase": "margin_round_000_probes",
      "n_rows": 84,
      "n_successful": 84,
      "n_strict": 84,
      "n_relaxed": 84,
      "best_signed_margin": 0.029030069999999908
    },
    {
      "phase": "margin_round_000_proposals",
      "n_rows": 24,
      "n_successful": 24,
      "n_strict": 24,
      "n_relaxed": 24,
      "best_signed_margin": 0.02920206999999997
    },
    {
      "phase": "margin_round_001_probes",
      "n_rows": 84,
      "n_successful": 84,
      "n_strict": 84,
      "n_relaxed": 84,
      "best_signed_margin": 0.03006014333333329
    },
    {
      "phase": "margin_round_001_proposals",
      "n_rows": 24,
      "n_successful": 24,
      "n_strict": 24,
      "n_relaxed": 24,
      "best_signed_margin": 0.029529189999999983
    },
    {
      "phase": "margin_round_002_probes",
      "n_rows": 84,
      "n_successful": 84,
      "n_strict": 84,
      "n_relaxed": 84,
      "best_signed_margin": 0.030616140000000014
    },
    {
      "phase": "margin_round_002_proposals",
      "n_rows": 24,
      "n_successful": 24,
      "n_strict": 24,
      "n_relaxed": 24,
      "best_signed_margin": 0.030279183333333348
    }
  ],
  "best_margin": {
    "stage": "Stage3.2",
    "phase": "margin_round_002_probes",
    "candidate_id": "s32mr002p_60561a966014cce4",
    "source_name": "center0_v3_1",
    "source_type": "real_tsc_fd_probe",
    "parent_candidate_id": "s32mr001p_ab1dff8ddf4e904e",
    "source_stage3_1_candidate_id": "s31r999p_6de147eb9cfd6186",
    "full_control_vector": [
      2.3705445176467634,
      1.218059178969841,
      0.480262669915016,
      1.7873853428013768,
      1.5319834441862021,
      0.28986020499887877,
      1.2042261679559902,
      1.8459077094025633,
      0.09945774008274161,
      0.4058699528127642,
      1.9547204162635479,
      -0.11886421791327684,
      -0.3924862623304618,
      2.0635331231245324,
      -0.3371861759092953,
      -0.5941020377973161,
      0.3930469031369952,
      -0.12278921244095856,
      -0.7957178132641703,
      -1.277439316850542,
      0.09160775102737818,
      -0.6965096927821501,
      -0.7906720433597355,
      0.11758864223165101,
      0.2876434276998702,
      0.572040230131071,
      0.18747878343592358,
      0.73732404818189,
      1.6322800036218754,
      -0.01384070035980308,
      0.12806661553497395,
      0.2509908399311615,
      0.05900843609612033,
      -0.8689019269553486,
      -1.3613055953182878,
      0.7449068669037617,
      -0.21198628928047197,
      -0.16391496554601098,
      0.5999209209163072,
      0.03205893373294061,
      -0.2027650000000008,
      0.22559641495695462,
      0.02145564202421857,
      -0.5448859878787722,
      0.37685390377494327,
      -0.2785443579757814,
      -0.8448859878787722,
      0.3086456620311949,
      -0.2785443579757814,
      -0.8448859878787722,
      0.3086456620311949,
      -0.2785443579757814,
      -0.8448859878787722,
      0.3086456620311949,
      -0.2785443579757814,
      -0.8448859878787722,
      0.3086456620311949,
      -0.2785443579757814,
      -0.8448859878787722,
      0.3086456620311949,
      -0.2785443579757814,
      -0.8448859878787722,
      0.3086456620311949,
      -0.2785443579757814,
      -0.8448859878787722,
      0.3086456620311949,
      -0.2785443579757814,
      -0.8448859878787722,
      0.3086456620311949,
      -0.2785443579757814,
      -0.8448859878787722,
      0.3086456620311949,
      -0.2785443579757814,
      -0.8448859878787722,
      0.3086456620311949
    ],
    "margin_control_vector": [
      0.2876434276998702,
      0.572040230131071,
      0.18747878343592358,
      0.73732404818189,
      1.6322800036218754,
      -0.01384070035980308,
      0.12806661553497395,
      0.2509908399311615,
      0.05900843609612033,
      -0.8689019269553486,
      -1.3613055953182878,
      0.7449068669037617,
      -0.21198628928047197,
      -0.16391496554601098,
      0.5999209209163072,
      0.03205893373294061,
      -0.2027650000000008,
      0.22559641495695462,
      0.02145564202421857,
      -0.5448859878787722,
      0.37685390377494327
    ],
    "hold_control_vector": [
      -0.2785443579757814,
      -0.8448859878787722,
      0.3086456620311949,
      -0.2785443579757814,
      -0.8448859878787722,
      0.3086456620311949,
      -0.2785443579757814,
      -0.8448859878787722,
      0.3086456620311949,
      -0.2785443579757814,
      -0.8448859878787722,
      0.3086456620311949,
      -0.2785443579757814,
      -0.8448859878787722,
      0.3086456620311949,
      -0.2785443579757814,
      -0.8448859878787722,
      0.3086456620311949,
      -0.2785443579757814,
      -0.8448859878787722,
      0.3086456620311949,
      -0.2785443579757814,
      -0.8448859878787722,
      0.3086456620311949,
      -0.2785443579757814,
      -0.8448859878787722,
      0.3086456620311949,
      -0.2785443579757814,
      -0.8448859878787722,
      0.3086456620311949
    ],
    "probe_center_candidate_id": "s32mr001p_ab1dff8ddf4e904e",
    "probe_center_index": 0,
    "probe_variable_local_index": 3,
    "probe_variable_full_index": 27,
    "probe_step": 9,
    "probe_mode": 0,
    "probe_slot": 1,
    "probe_scheme": "two_sided",
    "probe_requested_delta": 0.013,
    "probe_actual_delta": 0.013000000000000012,
    "population_index": 7,
    "result_relpath": "stage3_2_margin_evaluations/round_002_probes/s32mr002p_60561a966014cce4.json.gz",
    "success": true,
    "failure_reason": "",
    "n_trajectory_steps": 16,
    "terminal_R_error_m": -0.02557518000000003,
    "terminal_Z_error_m": 0.0283488403,
    "terminal_Ip_error_A": 78.1037000000033,
    "terminal_RZ_euclidean_error_m": 0.03818044759280993,
    "terminal_RZ_box_max_error_m": 0.0283488403,
    "terminal_velocity_m_per_s": 0.020146686885443243,
    "late_velocity_rms_m_per_s": 0.07002570378012739,
    "max_velocity_m_per_s": 0.6492383287639514,
    "max_current_utilization": 0.41409999999999997,
    "trailing_streak_within_30mm_steps": 4,
    "trailing_streak_within_40mm_steps": 16,
    "strict_gate_pass": true,
    "relaxed_gate_pass": true,
    "gate_label": "PASS_PRECISE_MARGIN_30MM_120_150MS",
    "stage3_2_horizon_steps": 15,
    "stage3_2_earliest_strict_arrival_step": 14,
    "stage3_2_earliest_strict_arrival_ms": 140,
    "stage3_2_earliest_relaxed_arrival_step": 12,
    "stage3_2_earliest_relaxed_arrival_ms": 120,
    "stage3_2_gate_endpoint_step": 14,
    "stage3_2_gate_endpoint_ms": 140,
    "stage3_2_best_endpoint_step": 15,
    "stage3_2_best_endpoint_ms": 150,
    "stage3_2_window_start_step": 13,
    "stage3_2_sustained_box_max_error_m": 0.0290815158,
    "stage3_2_endpoint_velocity_m_per_s": 0.020146686885443243,
    "stage3_2_endpoint_late_velocity_rms_m_per_s": 0.07002570378012739,
    "stage3_2_post_arrival_velocity_rms_m_per_s": 0.020146686885443243,
    "stage3_2_final_velocity_m_per_s": 0.020146686885443243,
    "stage3_2_sustained_Ip_max_error_A": 307.9741000000031,
    "stage3_2_minimum_signed_margin": 0.030616140000000014,
    "stage3_2_mean_signed_margin": 0.6158601809392381,
    "stage3_2_position_signed_margin": 0.030616140000000014,
    "stage3_2_post_speed_signed_margin": 0.7985331311455676,
    "stage3_2_max_violation": 0.0,
    "stage3_2_sum_violation": 0.0,
    "stage3_2_l2_violation": 0.0,
    "stage3_2_internal_goal_pass": false,
    "stage3_2_internal_best_endpoint_step": 15,
    "stage3_2_internal_sustained_box_max_error_m": 0.0290815158,
    "stage3_2_internal_post_arrival_velocity_rms_m_per_s": 0.020146686885443243,
    "stage3_2_internal_minimum_signed_margin": -0.0575096654545455,
    "stage3_2_endpoint_evaluations": [
      {
        "endpoint_step": 12,
        "arrival_time_ms": 120,
        "window_start_step": 10,
        "sustained_box_max_error_m": 0.0304334207,
        "endpoint_velocity_m_per_s": 0.07443420043490157,
        "endpoint_late_velocity_rms_m_per_s": 0.05849484477602819,
        "post_arrival_velocity_rms_m_per_s": 0.07002570378012739,
        "final_velocity_m_per_s": 0.020146686885443243,
        "sustained_Ip_max_error_A": 919.7604000000028,
        "position_signed_margin": -0.014447356666666744,
        "endpoint_speed_signed_margin": 0.25565799565098435,
        "endpoint_late_speed_signed_margin": 0.4150515522397181,
        "post_speed_signed_margin": 0.2997429621987262,
        "final_speed_signed_margin": 0.7985331311455676,
        "ip_signed_margin": 0.9080239599999997,
        "minimum_signed_margin": -0.014447356666666744,
        "mean_signed_margin": 0.4437603740947216,
        "position_violation": 0.014447356666666744,
        "endpoint_speed_violation": 0.0,
        "endpoint_late_speed_violation": 0.0,
        "post_speed_violation": 0.0,
        "final_speed_violation": 0.0,
        "ip_violation": 0.0,
        "max_violation": 0.014447356666666744,
        "sum_violation": 0.014447356666666744,
        "l2_violation": 0.014447356666666744,
        "pass": false
      },
      {
        "endpoint_step": 13,
        "arrival_time_ms": 130,
        "window_start_step": 11,
        "sustained_box_max_error_m": 0.0303135978,
        "endpoint_velocity_m_per_s": 0.09830120391247359,
        "endpoint_late_velocity_rms_m_per_s": 0.06371559167861844,
        "post_arrival_velocity_rms_m_per_s": 0.0684931786511754,
        "final_velocity_m_per_s": 0.020146686885443243,
        "sustained_Ip_max_error_A": 818.4409000000014,
        "position_signed_margin": -0.01045326000000002,
        "endpoint_speed_signed_margin": 0.01698796087526422,
        "endpoint_late_speed_signed_margin": 0.36284408321381567,
        "post_speed_signed_margin": 0.3150682134882461,
        "final_speed_signed_margin": 0.7985331311455676,
        "ip_signed_margin": 0.9181559099999999,
        "minimum_signed_margin": -0.01045326000000002,
        "mean_signed_margin": 0.40018933978714893,
        "position_violation": 0.01045326000000002,
        "endpoint_speed_violation": 0.0,
        "endpoint_late_speed_violation": 0.0,
        "post_speed_violation": 0.0,
        "final_speed_violation": 0.0,
        "ip_violation": 0.0,
        "max_violation": 0.01045326000000002,
        "sum_violation": 0.01045326000000002,
        "l2_violation": 0.01045326000000002,
        "pass": false
      },
      {
        "endpoint_step": 14,
        "arrival_time_ms": 140,
        "window_start_step": 12,
        "sustained_box_max_error_m": 0.0298388713,
        "endpoint_velocity_m_per_s": 0.06328452324323608,
        "endpoint_late_velocity_rms_m_per_s": 0.06998410128879724,
        "post_arrival_velocity_rms_m_per_s": 0.04696179231345296,
        "final_velocity_m_per_s": 0.020146686885443243,
        "sustained_Ip_max_error_A": 482.1746000000021,
        "position_signed_margin": 0.005370956666666649,
        "endpoint_speed_signed_margin": 0.3671547675676392,
        "endpoint_late_speed_signed_margin": 0.3001589871120276,
        "post_speed_signed_margin": 0.5303820768654703,
        "final_speed_signed_margin": 0.7985331311455676,
        "ip_signed_margin": 0.9517825399999997,
        "minimum_signed_margin": 0.005370956666666649,
        "mean_signed_margin": 0.4922304098928952,
        "position_violation": 0.0,
        "endpoint_speed_violation": 0.0,
        "endpoint_late_speed_violation": 0.0,
        "post_speed_violation": 0.0,
        "final_speed_violation": 0.0,
        "ip_violation": 0.0,
        "max_violation": 0.0,
        "sum_violation": 0.0,
        "l2_violation": 0.0,
        "pass": true
      },
      {
        "endpoint_step": 15,
        "arrival_time_ms": 150,
        "window_start_step": 13,
        "sustained_box_max_error_m": 0.0290815158,
        "endpoint_velocity_m_per_s": 0.020146686885443243,
        "endpoint_late_velocity_rms_m_per_s": 0.07002570378012739,
        "post_arrival_velocity_rms_m_per_s": 0.020146686885443243,
        "final_velocity_m_per_s": 0.020146686885443243,
        "sustained_Ip_max_error_A": 307.9741000000031,
        "position_signed_margin": 0.030616140000000014,
        "endpoint_speed_signed_margin": 0.7985331311455676,
        "endpoint_late_speed_signed_margin": 0.2997429621987262,
        "post_speed_signed_margin": 0.7985331311455676,
        "final_speed_signed_margin": 0.7985331311455676,
        "ip_signed_margin": 0.9692025899999996,
        "minimum_signed_margin": 0.030616140000000014,
        "mean_signed_margin": 0.6158601809392381,
        "position_violation": 0.0,
        "endpoint_speed_violation": 0.0,
        "endpoint_late_speed_violation": 0.0,
        "post_speed_violation": 0.0,
        "final_speed_violation": 0.0,
        "ip_violation": 0.0,
        "max_violation": 0.0,
        "sum_violation": 0.0,
        "l2_violation": 0.0,
        "pass": true
      }
    ],
    "stage3_2_internal_endpoint_evaluations": [
      {
        "endpoint_step": 12,
        "arrival_time_ms": 120,
        "window_start_step": 10,
        "sustained_box_max_error_m": 0.0304334207,
        "endpoint_velocity_m_per_s": 0.07443420043490157,
        "endpoint_late_velocity_rms_m_per_s": 0.05849484477602819,
        "post_arrival_velocity_rms_m_per_s": 0.07002570378012739,
        "final_velocity_m_per_s": 0.020146686885443243,
        "sustained_Ip_max_error_A": 919.7604000000028,
        "position_signed_margin": -0.10666984363636378,
        "endpoint_speed_signed_margin": -0.06334572049859366,
        "endpoint_late_speed_signed_margin": 0.16435936034245446,
        "post_speed_signed_margin": -0.00036719685896269283,
        "final_speed_signed_margin": 0.7121901873508109,
        "ip_signed_margin": 0.9080239599999997,
        "minimum_signed_margin": -0.10666984363636378,
        "mean_signed_margin": 0.26903179111655745,
        "position_violation": 0.10666984363636378,
        "endpoint_speed_violation": 0.06334572049859366,
        "endpoint_late_speed_violation": 0.0,
        "post_speed_violation": 0.00036719685896269283,
        "final_speed_violation": 0.0,
        "ip_violation": 0.0,
        "max_violation": 0.10666984363636378,
        "sum_violation": 0.17038276099392013,
        "l2_violation": 0.12406156004349406,
        "pass": false
      },
      {
        "endpoint_step": 13,
        "arrival_time_ms": 130,
        "window_start_step": 11,
        "sustained_box_max_error_m": 0.0303135978,
        "endpoint_velocity_m_per_s": 0.09830120391247359,
        "endpoint_late_velocity_rms_m_per_s": 0.06371559167861844,
        "post_arrival_velocity_rms_m_per_s": 0.0684931786511754,
        "final_velocity_m_per_s": 0.020146686885443243,
        "sustained_Ip_max_error_A": 818.4409000000014,
        "position_signed_margin": -0.10231264727272738,
        "endpoint_speed_signed_margin": -0.40430291303533683,
        "endpoint_late_speed_signed_margin": 0.08977726173402234,
        "post_speed_signed_margin": 0.021526019268923058,
        "final_speed_signed_margin": 0.7121901873508109,
        "ip_signed_margin": 0.9181559099999999,
        "minimum_signed_margin": -0.40430291303533683,
        "mean_signed_margin": 0.20583896967428197,
        "position_violation": 0.10231264727272738,
        "endpoint_speed_violation": 0.40430291303533683,
        "endpoint_late_speed_violation": 0.0,
        "post_speed_violation": 0.0,
        "final_speed_violation": 0.0,
        "ip_violation": 0.0,
        "max_violation": 0.40430291303533683,
        "sum_violation": 0.5066155603080642,
        "l2_violation": 0.41704762711327426,
        "pass": false
      },
      {
        "endpoint_step": 14,
        "arrival_time_ms": 140,
        "window_start_step": 12,
        "sustained_box_max_error_m": 0.0298388713,
        "endpoint_velocity_m_per_s": 0.06328452324323608,
        "endpoint_late_velocity_rms_m_per_s": 0.06998410128879724,
        "post_arrival_velocity_rms_m_per_s": 0.04696179231345296,
        "final_velocity_m_per_s": 0.020146686885443243,
        "sustained_Ip_max_error_A": 482.1746000000021,
        "position_signed_margin": -0.08504986545454551,
        "endpoint_speed_signed_margin": 0.09593538223948461,
        "endpoint_late_speed_signed_margin": 0.0002271244457537902,
        "post_speed_signed_margin": 0.3291172526649577,
        "final_speed_signed_margin": 0.7121901873508109,
        "ip_signed_margin": 0.9517825399999997,
        "minimum_signed_margin": -0.08504986545454551,
        "mean_signed_margin": 0.33403377020774355,
        "position_violation": 0.08504986545454551,
        "endpoint_speed_violation": 0.0,
        "endpoint_late_speed_violation": 0.0,
        "post_speed_violation": 0.0,
        "final_speed_violation": 0.0,
        "ip_violation": 0.0,
        "max_violation": 0.08504986545454551,
        "sum_violation": 0.08504986545454551,
        "l2_violation": 0.08504986545454551,
        "pass": false
      },
      {
        "endpoint_step": 15,
        "arrival_time_ms": 150,
        "window_start_step": 13,
        "sustained_box_max_error_m": 0.0290815158,
        "endpoint_velocity_m_per_s": 0.020146686885443243,
        "endpoint_late_velocity_rms_m_per_s": 0.07002570378012739,
        "post_arrival_velocity_rms_m_per_s": 0.020146686885443243,
        "final_velocity_m_per_s": 0.020146686885443243,
        "sustained_Ip_max_error_A": 307.9741000000031,
        "position_signed_margin": -0.0575096654545455,
        "endpoint_speed_signed_margin": 0.7121901873508109,
        "endpoint_late_speed_signed_margin": -0.00036719685896269283,
        "post_speed_signed_margin": 0.7121901873508109,
        "final_speed_signed_margin": 0.7121901873508109,
        "ip_signed_margin": 0.9692025899999996,
        "minimum_signed_margin": -0.0575096654545455,
        "mean_signed_margin": 0.5079827149564874,
        "position_violation": 0.0575096654545455,
        "endpoint_speed_violation": 0.0,
        "endpoint_late_speed_violation": 0.00036719685896269283,
        "post_speed_violation": 0.0,
        "final_speed_violation": 0.0,
        "ip_violation": 0.0,
        "max_violation": 0.0575096654545455,
        "sum_violation": 0.05787686231350819,
        "l2_violation": 0.057510837711052136,
        "pass": false
      }
    ],
    "stage3_2_margin_objective": 6.943518339249102,
    "continuous_objective": 6.943518339249102,
    "selection_score": 6.943518339249102,
    "action_rms": 0.4162125253094288,
    "delta_action_rms": 0.3196794505376032,
    "repair_excess_rms": 0.04807504367787985,
    "wall_time_s": 362.69775676727295,
    "phase_rank": 1
  },
  "best_long_hold": {
    "stage": "Stage3.2",
    "phase": "controller_round_000_probes",
    "candidate_id": "s32cr000p_03075fa5a99f2223",
    "source_name": "center0_v15_1",
    "source_type": "real_tsc_fd_probe",
    "parent_candidate_id": "s32hr001s_c35a74e63036b542",
    "source_stage3_1_candidate_id": "s31r999p_6de147eb9cfd6186",
    "full_control_vector": [
      2.3705445176467634,
      1.218059178969841,
      0.480262669915016,
      1.7873853428013768,
      1.5319834441862021,
      0.28986020499887877,
      1.2042261679559902,
      1.8459077094025633,
      0.09945774008274161,
      0.4058699528127642,
      1.9547204162635479,
      -0.11886421791327684,
      -0.3924862623304618,
      2.0635331231245324,
      -0.3371861759092953,
      -0.5881020377973161,
      0.3930469031369952,
      -0.12278921244095856,
      -0.7957178132641703,
      -1.277439316850542,
      0.09160775102737818,
      -0.6965096927821501,
      -0.7906720433597355,
      0.11758864223165101,
      0.2876434276998702,
      0.572040230131071,
      0.18747878343592358,
      0.72432404818189,
      1.6322800036218754,
      -0.01384070035980308,
      0.14606661553497394,
      0.2509908399311615,
      0.05900843609612033,
      -0.8689019269553486,
      -1.3613055953182878,
      0.7449068669037617,
      -0.21198628928047197,
      -0.16391496554601098,
      0.5999209209163072,
      0.03205893373294061,
      -0.2027650000000008,
      0.22559641495695462,
      0.02145564202421857,
      -0.5448859878787722,
      0.37685390377494327,
      0.22499999999999984,
      0.22499999999999998,
      0.00874999999999996,
      0.27,
      0.2699999999999999,
      0.09449999999999997,
      -0.02159041059921596,
      0.315,
      -0.012499999999999935,
      -0.039999999999999925,
      0.08859789698863821,
      -0.013750000000000005,
      -0.0449999999999999,
      -0.044999999999999846,
      -0.015,
      -0.1991253391949117,
      -0.04499999999999993,
      0.07500042670153008,
      0.01484548721785317,
      -0.3471300973687731,
      0.15750000000000003,
      0.04507361398535806,
      0.01128223188424829,
      0.07327460942653245,
      0.03292564825615048,
      0.0898852507822189,
      -0.003937336584220397,
      0.01960896961420761,
      0.0587203843804233,
      -0.011737417610397852
    ],
    "margin_control_vector": [
      0.2876434276998702,
      0.572040230131071,
      0.18747878343592358,
      0.72432404818189,
      1.6322800036218754,
      -0.01384070035980308,
      0.14606661553497394,
      0.2509908399311615,
      0.05900843609612033,
      -0.8689019269553486,
      -1.3613055953182878,
      0.7449068669037617,
      -0.21198628928047197,
      -0.16391496554601098,
      0.5999209209163072,
      0.03205893373294061,
      -0.2027650000000008,
      0.22559641495695462,
      0.02145564202421857,
      -0.5448859878787722,
      0.37685390377494327
    ],
    "hold_control_vector": [
      0.22499999999999984,
      0.22499999999999998,
      0.00874999999999996,
      0.27,
      0.2699999999999999,
      0.09449999999999997,
      -0.02159041059921596,
      0.315,
      -0.012499999999999935,
      -0.039999999999999925,
      0.08859789698863821,
      -0.013750000000000005,
      -0.0449999999999999,
      -0.044999999999999846,
      -0.015,
      -0.1991253391949117,
      -0.04499999999999993,
      0.07500042670153008,
      0.01484548721785317,
      -0.3471300973687731,
      0.15750000000000003,
      0.04507361398535806,
      0.01128223188424829,
      0.07327460942653245,
      0.03292564825615048,
      0.0898852507822189,
      -0.003937336584220397,
      0.01960896961420761,
      0.0587203843804233,
      -0.011737417610397852
    ],
    "probe_center_candidate_id": "s32hr001s_c35a74e63036b542",
    "probe_center_index": 0,
    "probe_variable_local_index": 15,
    "probe_variable_full_index": 15,
    "probe_step": 5,
    "probe_mode": 0,
    "probe_slot": 1,
    "probe_scheme": "two_sided",
    "probe_requested_delta": 0.006,
    "probe_actual_delta": 0.006000000000000005,
    "population_index": 31,
    "result_relpath": "stage3_2_controller/identification_pass_00_raw/s32cr000p_03075fa5a99f2223.json.gz",
    "success": true,
    "failure_reason": "",
    "n_trajectory_steps": 26,
    "terminal_R_error_m": -0.02568173500000004,
    "terminal_Z_error_m": 0.0278167854,
    "terminal_Ip_error_A": 105.38160000000062,
    "terminal_RZ_euclidean_error_m": 0.03785927974222278,
    "terminal_RZ_box_max_error_m": 0.0278167854,
    "terminal_velocity_m_per_s": 0.00277610960563108,
    "late_velocity_rms_m_per_s": 0.02139899274863395,
    "max_velocity_m_per_s": 0.6492383287639514,
    "max_current_utilization": 0.41409999999999997,
    "trailing_streak_within_30mm_steps": 14,
    "trailing_streak_within_40mm_steps": 26,
    "strict_gate_pass": true,
    "relaxed_gate_pass": true,
    "gate_label": "PASS_PRECISE_HOLD_30MM_120_250MS",
    "stage3_2_horizon_steps": 25,
    "stage3_2_earliest_strict_arrival_step": 14,
    "stage3_2_earliest_strict_arrival_ms": 140,
    "stage3_2_earliest_relaxed_arrival_step": 12,
    "stage3_2_earliest_relaxed_arrival_ms": 120,
    "stage3_2_gate_endpoint_step": 14,
    "stage3_2_gate_endpoint_ms": 140,
    "stage3_2_best_endpoint_step": 15,
    "stage3_2_best_endpoint_ms": 150,
    "stage3_2_window_start_step": 13,
    "stage3_2_sustained_box_max_error_m": 0.0290405468,
    "stage3_2_endpoint_velocity_m_per_s": 0.020787630897573506,
    "stage3_2_endpoint_late_velocity_rms_m_per_s": 0.0703768422226078,
    "stage3_2_post_arrival_velocity_rms_m_per_s": 0.024192191262095444,
    "stage3_2_final_velocity_m_per_s": 0.00277610960563108,
    "stage3_2_sustained_Ip_max_error_A": 308.21140000000014,
    "stage3_2_minimum_signed_margin": 0.031981773333333297,
    "stage3_2_mean_signed_margin": 0.6366388155757091,
    "stage3_2_position_signed_margin": 0.031981773333333297,
    "stage3_2_post_speed_signed_margin": 0.7580780873790456,
    "stage3_2_max_violation": 0.0,
    "stage3_2_sum_violation": 0.0,
    "stage3_2_l2_violation": 0.0,
    "stage3_2_internal_goal_pass": false,
    "stage3_2_internal_best_endpoint_step": 15,
    "stage3_2_internal_sustained_box_max_error_m": 0.0290405468,
    "stage3_2_internal_post_arrival_velocity_rms_m_per_s": 0.024192191262095444,
    "stage3_2_internal_minimum_signed_margin": -0.056019883636363677,
    "stage3_2_endpoint_evaluations": [
      {
        "endpoint_step": 12,
        "arrival_time_ms": 120,
        "window_start_step": 10,
        "sustained_box_max_error_m": 0.0304126965,
        "endpoint_velocity_m_per_s": 0.07456388798352546,
        "endpoint_late_velocity_rms_m_per_s": 0.058839199520544616,
        "post_arrival_velocity_rms_m_per_s": 0.04294295001614638,
        "final_velocity_m_per_s": 0.00277610960563108,
        "sustained_Ip_max_error_A": 919.4243000000024,
        "position_signed_margin": -0.01375655000000009,
        "endpoint_speed_signed_margin": 0.25436112016474544,
        "endpoint_late_speed_signed_margin": 0.41160800479455384,
        "post_speed_signed_margin": 0.5705704998385361,
        "final_speed_signed_margin": 0.9722389039436892,
        "ip_signed_margin": 0.9080575699999998,
        "minimum_signed_margin": -0.01375655000000009,
        "mean_signed_margin": 0.5171799247902541,
        "position_violation": 0.01375655000000009,
        "endpoint_speed_violation": 0.0,
        "endpoint_late_speed_violation": 0.0,
        "post_speed_violation": 0.0,
        "final_speed_violation": 0.0,
        "ip_violation": 0.0,
        "max_violation": 0.01375655000000009,
        "sum_violation": 0.01375655000000009,
        "l2_violation": 0.01375655000000009,
        "pass": false
      },
      {
        "endpoint_step": 13,
        "arrival_time_ms": 130,
        "window_start_step": 11,
        "sustained_box_max_error_m": 0.0302852524,
        "endpoint_velocity_m_per_s": 0.09864437144480603,
        "endpoint_late_velocity_rms_m_per_s": 0.06397758209030927,
        "post_arrival_velocity_rms_m_per_s": 0.03947500084671867,
        "final_velocity_m_per_s": 0.00277610960563108,
        "sustained_Ip_max_error_A": 818.1512000000002,
        "position_signed_margin": -0.00950841333333341,
        "endpoint_speed_signed_margin": 0.013556285551939662,
        "endpoint_late_speed_signed_margin": 0.3602241790969074,
        "post_speed_signed_margin": 0.6052499915328133,
        "final_speed_signed_margin": 0.9722389039436892,
        "ip_signed_margin": 0.91818488,
        "minimum_signed_margin": -0.00950841333333341,
        "mean_signed_margin": 0.4766576377986694,
        "position_violation": 0.00950841333333341,
        "endpoint_speed_violation": 0.0,
        "endpoint_late_speed_violation": 0.0,
        "post_speed_violation": 0.0,
        "final_speed_violation": 0.0,
        "ip_violation": 0.0,
        "max_violation": 0.00950841333333341,
        "sum_violation": 0.00950841333333341,
        "l2_violation": 0.00950841333333341,
        "pass": false
      },
      {
        "endpoint_step": 14,
        "arrival_time_ms": 140,
        "window_start_step": 12,
        "sustained_box_max_error_m": 0.0298048214,
        "endpoint_velocity_m_per_s": 0.06394520058306938,
        "endpoint_late_velocity_rms_m_per_s": 0.07029940699271156,
        "post_arrival_velocity_rms_m_per_s": 0.029618226337129044,
        "final_velocity_m_per_s": 0.00277610960563108,
        "sustained_Ip_max_error_A": 482.3631000000023,
        "position_signed_margin": 0.006505953333333259,
        "endpoint_speed_signed_margin": 0.3605479941693063,
        "endpoint_late_speed_signed_margin": 0.29700593007288445,
        "post_speed_signed_margin": 0.7038177366287095,
        "final_speed_signed_margin": 0.9722389039436892,
        "ip_signed_margin": 0.9517636899999997,
        "minimum_signed_margin": 0.006505953333333259,
        "mean_signed_margin": 0.5486467013579871,
        "position_violation": 0.0,
        "endpoint_speed_violation": 0.0,
        "endpoint_late_speed_violation": 0.0,
        "post_speed_violation": 0.0,
        "final_speed_violation": 0.0,
        "ip_violation": 0.0,
        "max_violation": 0.0,
        "sum_violation": 0.0,
        "l2_violation": 0.0,
        "pass": true
      },
      {
        "endpoint_step": 15,
        "arrival_time_ms": 150,
        "window_start_step": 13,
        "sustained_box_max_error_m": 0.0290405468,
        "endpoint_velocity_m_per_s": 0.020787630897573506,
        "endpoint_late_velocity_rms_m_per_s": 0.0703768422226078,
        "post_arrival_velocity_rms_m_per_s": 0.024192191262095444,
        "final_velocity_m_per_s": 0.00277610960563108,
        "sustained_Ip_max_error_A": 308.21140000000014,
        "position_signed_margin": 0.031981773333333297,
        "endpoint_speed_signed_margin": 0.7921236910242649,
        "endpoint_late_speed_signed_margin": 0.29623157777392206,
        "post_speed_signed_margin": 0.7580780873790456,
        "final_speed_signed_margin": 0.9722389039436892,
        "ip_signed_margin": 0.96917886,
        "minimum_signed_margin": 0.031981773333333297,
        "mean_signed_margin": 0.6366388155757091,
        "position_violation": 0.0,
        "endpoint_speed_violation": 0.0,
        "endpoint_late_speed_violation": 0.0,
        "post_speed_violation": 0.0,
        "final_speed_violation": 0.0,
        "ip_violation": 0.0,
        "max_violation": 0.0,
        "sum_violation": 0.0,
        "l2_violation": 0.0,
        "pass": true
      }
    ],
    "stage3_2_internal_endpoint_evaluations": [
      {
        "endpoint_step": 12,
        "arrival_time_ms": 120,
        "window_start_step": 10,
        "sustained_box_max_error_m": 0.0304126965,
        "endpoint_velocity_m_per_s": 0.07456388798352546,
        "endpoint_late_velocity_rms_m_per_s": 0.058839199520544616,
        "post_arrival_velocity_rms_m_per_s": 0.04294295001614638,
        "final_velocity_m_per_s": 0.00277610960563108,
        "sustained_Ip_max_error_A": 919.4243000000024,
        "position_signed_margin": -0.10591623636363634,
        "endpoint_speed_signed_margin": -0.06519839976464947,
        "endpoint_late_speed_signed_margin": 0.15944000684936266,
        "post_speed_signed_margin": 0.3865292854836232,
        "final_speed_signed_margin": 0.9603412913481274,
        "ip_signed_margin": 0.9080575699999998,
        "minimum_signed_margin": -0.10591623636363634,
        "mean_signed_margin": 0.37387558625880457,
        "position_violation": 0.10591623636363634,
        "endpoint_speed_violation": 0.06519839976464947,
        "endpoint_late_speed_violation": 0.0,
        "post_speed_violation": 0.0,
        "final_speed_violation": 0.0,
        "ip_violation": 0.0,
        "max_violation": 0.10591623636363634,
        "sum_violation": 0.1711146361282858,
        "l2_violation": 0.12437475811959887,
        "pass": false
      },
      {
        "endpoint_step": 13,
        "arrival_time_ms": 130,
        "window_start_step": 11,
        "sustained_box_max_error_m": 0.0302852524,
        "endpoint_velocity_m_per_s": 0.09864437144480603,
        "endpoint_late_velocity_rms_m_per_s": 0.06397758209030927,
        "post_arrival_velocity_rms_m_per_s": 0.03947500084671867,
        "final_velocity_m_per_s": 0.00277610960563108,
        "sustained_Ip_max_error_A": 818.1512000000002,
        "position_signed_margin": -0.10128190545454552,
        "endpoint_speed_signed_margin": -0.4092053063543717,
        "endpoint_late_speed_signed_margin": 0.08603454156701063,
        "post_speed_signed_margin": 0.43607141647544767,
        "final_speed_signed_margin": 0.9603412913481274,
        "ip_signed_margin": 0.91818488,
        "minimum_signed_margin": -0.4092053063543717,
        "mean_signed_margin": 0.3150241529302781,
        "position_violation": 0.10128190545454552,
        "endpoint_speed_violation": 0.4092053063543717,
        "endpoint_late_speed_violation": 0.0,
        "post_speed_violation": 0.0,
        "final_speed_violation": 0.0,
        "ip_violation": 0.0,
        "max_violation": 0.4092053063543717,
        "sum_violation": 0.5104872118089172,
        "l2_violation": 0.4215530893269301,
        "pass": false
      },
      {
        "endpoint_step": 14,
        "arrival_time_ms": 140,
        "window_start_step": 12,
        "sustained_box_max_error_m": 0.0298048214,
        "endpoint_velocity_m_per_s": 0.06394520058306938,
        "endpoint_late_velocity_rms_m_per_s": 0.07029940699271156,
        "post_arrival_velocity_rms_m_per_s": 0.029618226337129044,
        "final_velocity_m_per_s": 0.00277610960563108,
        "sustained_Ip_max_error_A": 482.3631000000023,
        "position_signed_margin": -0.08381168727272725,
        "endpoint_speed_signed_margin": 0.08649713452758034,
        "endpoint_late_speed_signed_margin": -0.004277242753022215,
        "post_speed_signed_margin": 0.5768824808981565,
        "final_speed_signed_margin": 0.9603412913481274,
        "ip_signed_margin": 0.9517636899999997,
        "minimum_signed_margin": -0.08381168727272725,
        "mean_signed_margin": 0.41456594445801914,
        "position_violation": 0.08381168727272725,
        "endpoint_speed_violation": 0.0,
        "endpoint_late_speed_violation": 0.004277242753022215,
        "post_speed_violation": 0.0,
        "final_speed_violation": 0.0,
        "ip_violation": 0.0,
        "max_violation": 0.08381168727272725,
        "sum_violation": 0.08808893002574947,
        "l2_violation": 0.0839207586302085,
        "pass": false
      },
      {
        "endpoint_step": 15,
        "arrival_time_ms": 150,
        "window_start_step": 13,
        "sustained_box_max_error_m": 0.0290405468,
        "endpoint_velocity_m_per_s": 0.020787630897573506,
        "endpoint_late_velocity_rms_m_per_s": 0.0703768422226078,
        "post_arrival_velocity_rms_m_per_s": 0.024192191262095444,
        "final_velocity_m_per_s": 0.00277610960563108,
        "sustained_Ip_max_error_A": 308.21140000000014,
        "position_signed_margin": -0.056019883636363677,
        "endpoint_speed_signed_margin": 0.7030338443203785,
        "endpoint_late_speed_signed_margin": -0.005383460322968547,
        "post_speed_signed_margin": 0.6543972676843508,
        "final_speed_signed_margin": 0.9603412913481274,
        "ip_signed_margin": 0.96917886,
        "minimum_signed_margin": -0.056019883636363677,
        "mean_signed_margin": 0.5375913198989207,
        "position_violation": 0.056019883636363677,
        "endpoint_speed_violation": 0.0,
        "endpoint_late_speed_violation": 0.005383460322968547,
        "post_speed_violation": 0.0,
        "final_speed_violation": 0.0,
        "ip_violation": 0.0,
        "max_violation": 0.056019883636363677,
        "sum_violation": 0.061403343959332224,
        "l2_violation": 0.05627796200717207,
        "pass": false
      }
    ],
    "stage3_2_margin_objective": 6.469956913430393,
    "continuous_objective": 6.469956913430393,
    "selection_score": 6.469956913430393,
    "action_rms": 0.3248782797591295,
    "delta_action_rms": 0.25173297332118394,
    "repair_excess_rms": 0.03723876870652456,
    "wall_time_s": 859.8091959953308,
    "phase_rank": 1
  },
  "state": {
    "schema_version": 1,
    "stage": "Stage3.2",
    "source_stage3_1_run": "/home/yangshen0711/tsc_all/tsc_rzip_rllib/stage3_1_runs/stage3_1_svd3_adaptive_sqp_causal_mpc_150ms_20260722_013158",
    "margin_next_round": 3,
    "margin_max_rounds": 3,
    "margin_trust_scale": 1.3,
    "margin_rounds_without_improvement": 0,
    "margin_finished": true,
    "margin_stop_reason": "max_margin_rounds",
    "margin_best_candidate_id": "s32mr002p_60561a966014cce4",
    "margin_best_full_control_vector": [
      2.3705445176467634,
      1.218059178969841,
      0.480262669915016,
      1.7873853428013768,
      1.5319834441862021,
      0.28986020499887877,
      1.2042261679559902,
      1.8459077094025633,
      0.09945774008274161,
      0.4058699528127642,
      1.9547204162635479,
      -0.11886421791327684,
      -0.3924862623304618,
      2.0635331231245324,
      -0.3371861759092953,
      -0.5941020377973161,
      0.3930469031369952,
      -0.12278921244095856,
      -0.7957178132641703,
      -1.277439316850542,
      0.09160775102737818,
      -0.6965096927821501,
      -0.7906720433597355,
      0.11758864223165101,
      0.2876434276998702,
      0.572040230131071,
      0.18747878343592358,
      0.73732404818189,
      1.6322800036218754,
      -0.01384070035980308,
      0.12806661553497395,
      0.2509908399311615,
      0.05900843609612033,
      -0.8689019269553486,
      -1.3613055953182878,
      0.7449068669037617,
      -0.21198628928047197,
      -0.16391496554601098,
      0.5999209209163072,
      0.03205893373294061,
      -0.2027650000000008,
      0.22559641495695462,
      0.02145564202421857,
      -0.5448859878787722,
      0.37685390377494327,
      -0.2785443579757814,
      -0.8448859878787722,
      0.3086456620311949,
      -0.2785443579757814,
      -0.8448859878787722,
      0.3086456620311949,
      -0.2785443579757814,
      -0.8448859878787722,
      0.3086456620311949,
      -0.2785443579757814,
      -0.8448859878787722,
      0.3086456620311949,
      -0.2785443579757814,
      -0.8448859878787722,
      0.3086456620311949,
      -0.2785443579757814,
      -0.8448859878787722,
      0.3086456620311949,
      -0.2785443579757814,
      -0.8448859878787722,
      0.3086456620311949,
      -0.2785443579757814,
      -0.8448859878787722,
      0.3086456620311949,
      -0.2785443579757814,
      -0.8448859878787722,
      0.3086456620311949,
      -0.2785443579757814,
      -0.8448859878787722,
      0.3086456620311949
    ],
    "margin_best_internal_signed_margin": -0.0575096654545455,
    "extension_complete": true,
    "hold_next_round": 2,
    "hold_max_rounds": 2,
    "hold_trust_scale": 1.5625,
    "hold_rounds_without_improvement": 0,
    "hold_finished": true,
    "hold_stop_reason": "max_hold_rounds",
    "hold_best_candidate_id": "s32hr001s_c35a74e63036b542",
    "hold_best_full_control_vector": [
      2.3705445176467634,
      1.218059178969841,
      0.480262669915016,
      1.7873853428013768,
      1.5319834441862021,
      0.28986020499887877,
      1.2042261679559902,
      1.8459077094025633,
      0.09945774008274161,
      0.4058699528127642,
      1.9547204162635479,
      -0.11886421791327684,
      -0.3924862623304618,
      2.0635331231245324,
      -0.3371861759092953,
      -0.5941020377973161,
      0.3930469031369952,
      -0.12278921244095856,
      -0.7957178132641703,
      -1.277439316850542,
      0.09160775102737818,
      -0.6965096927821501,
      -0.7906720433597355,
      0.11758864223165101,
      0.2876434276998702,
      0.572040230131071,
      0.18747878343592358,
      0.72432404818189,
      1.6322800036218754,
      -0.01384070035980308,
      0.14606661553497394,
      0.2509908399311615,
      0.05900843609612033,
      -0.8689019269553486,
      -1.3613055953182878,
      0.7449068669037617,
      -0.21198628928047197,
      -0.16391496554601098,
      0.5999209209163072,
      0.03205893373294061,
      -0.2027650000000008,
      0.22559641495695462,
      0.02145564202421857,
      -0.5448859878787722,
      0.37685390377494327,
      0.22499999999999984,
      0.22499999999999998,
      0.00874999999999996,
      0.27,
      0.2699999999999999,
      0.09449999999999997,
      -0.02159041059921596,
      0.315,
      -0.012499999999999935,
      -0.039999999999999925,
      0.08859789698863821,
      -0.013750000000000005,
      -0.0449999999999999,
      -0.044999999999999846,
      -0.015,
      -0.1991253391949117,
      -0.04499999999999993,
      0.07500042670153008,
      0.01484548721785317,
      -0.3471300973687731,
      0.15750000000000003,
      0.04507361398535806,
      0.01128223188424829,
      0.07327460942653245,
      0.03292564825615048,
      0.0898852507822189,
      -0.003937336584220397,
      0.01960896961420761,
      0.0587203843804233,
      -0.011737417610397852
    ],
    "hold_best_signed_margin": 0.030357773333333338,
    "full_controller_identification_complete": true,
    "feedback_validation_complete": true,
    "confirmation_complete": true,
    "analysis_complete": true,
    "online_feedback_validated": false,
    "robustness_validated": false,
    "updated_utc": "20260723_083546",
    "last_margin_round": {
      "round_index": 2,
      "centers": [
        "s32mr001p_ab1dff8ddf4e904e",
        "s32mr001p_58c0f0efcc85cb11"
      ],
      "round_best_candidate_id": "s32mr002p_60561a966014cce4",
      "round_best_internal_signed_margin": -0.0575096654545455,
      "meaningful_improvement": true,
      "trust_diagnostics": [
        {
          "center_candidate_id": "s32mr001p_ab1dff8ddf4e904e",
          "best_step_candidate_id": "s32mr002s_3f13d612e50d2fc6",
          "center_objective": 6.997680713265335,
          "predicted_objective": 6.983721604073857,
          "real_objective": 6.9810708291148815,
          "predicted_reduction": 0.013959109191477914,
          "actual_reduction": 0.01660988415045317,
          "rho": 1.1898957105796952,
          "trust_boundary_fraction": 1.0,
          "accepted": true,
          "action": "expand",
          "old_trust_scale": 1.0,
          "new_trust_scale": 1.3
        },
        {
          "center_candidate_id": "s32mr001p_58c0f0efcc85cb11",
          "best_step_candidate_id": "s32mr002s_3bfa18b939fbb0cd",
          "center_objective": 7.069292068419525,
          "predicted_objective": 6.559619692870522,
          "real_objective": 7.329849714023179,
          "predicted_reduction": 0.5096723755490027,
          "actual_reduction": -0.2605576456036536,
          "rho": -0.5112257561987527,
          "trust_boundary_fraction": 1.0,
          "accepted": false,
          "action": "shrink_rejected",
          "old_trust_scale": 1.0,
          "new_trust_scale": 0.5
        }
      ]
    },
    "last_hold_round": {
      "round_index": 1,
      "centers": [
        "s32hr000s_a34c24e89a7d631f",
        "s32hr000s_f20891ea3dd1d15b"
      ],
      "round_best_candidate_id": "s32hr001s_c35a74e63036b542",
      "round_best_signed_margin": 0.030357773333333338,
      "meaningful_improvement": true,
      "trust_diagnostics": [
        {
          "center_candidate_id": "s32hr000s_a34c24e89a7d631f",
          "best_step_candidate_id": "s32hr001s_c35a74e63036b542",
          "center_objective": 7.371812075068278,
          "predicted_objective": 6.646132805613737,
          "real_objective": 6.647853467270078,
          "predicted_reduction": 0.7256792694545409,
          "actual_reduction": 0.7239586077981999,
          "rho": 0.9976288951210714,
          "trust_boundary_fraction": 1.0,
          "accepted": true,
          "action": "expand",
          "old_trust_scale": 1.25,
          "new_trust_scale": 1.5625
        },
        {
          "center_candidate_id": "s32hr000s_f20891ea3dd1d15b",
          "best_step_candidate_id": "s32hr001s_f2530b645b3a52ee",
          "center_objective": 7.398428661212918,
          "predicted_objective": 6.646288724312254,
          "real_objective": 6.648051503757875,
          "predicted_reduction": 0.7521399369006643,
          "actual_reduction": 0.7503771574550431,
          "rho": 0.9976563145245484,
          "trust_boundary_fraction": 1.0,
          "accepted": true,
          "action": "expand",
          "old_trust_scale": 1.25,
          "new_trust_scale": 1.5625
        }
      ]
    },
    "controller_center_candidate_id": "s32hr001s_c35a74e63036b542",
    "controller_identification_recentered": false,
    "selected_controller_scale": 1.0,
    "target_disturbance_feedback_validated": false,
    "confirmation_verdict": "PASS_PRECISE_HOLD_30MM_250MS_OPEN_LOOP_CONFIRMED_FEEDBACK_NOT_VALIDATED",
    "finished": true,
    "stop_reason": "all_phases_complete"
  },
  "feedback_validation": {
    "schema_version": 1,
    "stage": "Stage3.2",
    "created_utc": "20260723_082259",
    "center_candidate_id": "s32hr001s_c35a74e63036b542",
    "n_scenarios": 33,
    "n_rollouts": 99,
    "n_successful": 99,
    "n_strict": 73,
    "selected_controller_scale": 1.0,
    "selected_scale_summary": {
      "controller_scale": 1.0,
      "comparisons": [
        {
          "scenario": "disturbance_m1_m_s04",
          "category": "disturbance",
          "controller_scale": 1.0,
          "baseline_signed_margin": 0.02360465333333328,
          "feedback_signed_margin": 0.024717373333333237,
          "signed_margin_gain": 0.001112719999999956,
          "baseline_strict": true,
          "feedback_strict": true,
          "recovered": false,
          "lost": false,
          "preserved": true,
          "pair_success": true
        },
        {
          "scenario": "disturbance_m1_m_s08",
          "category": "disturbance",
          "controller_scale": 1.0,
          "baseline_signed_margin": 0.02699636333333333,
          "feedback_signed_margin": 0.027389429999999937,
          "signed_margin_gain": 0.0003930666666666083,
          "baseline_strict": true,
          "feedback_strict": true,
          "recovered": false,
          "lost": false,
          "preserved": true,
          "pair_success": true
        },
        {
          "scenario": "disturbance_m1_m_s12",
          "category": "disturbance",
          "controller_scale": 1.0,
          "baseline_signed_margin": 0.03033503999999998,
          "feedback_signed_margin": 0.03033503999999998,
          "signed_margin_gain": 0.0,
          "baseline_strict": true,
          "feedback_strict": true,
          "recovered": false,
          "lost": false,
          "preserved": true,
          "pair_success": true
        },
        {
          "scenario": "disturbance_m1_p_s04",
          "category": "disturbance",
          "controller_scale": 1.0,
          "baseline_signed_margin": 0.03843017000000004,
          "feedback_signed_margin": 0.03664280666666664,
          "signed_margin_gain": -0.0017873633333334027,
          "baseline_strict": true,
          "feedback_strict": true,
          "recovered": false,
          "lost": false,
          "preserved": true,
          "pair_success": true
        },
        {
          "scenario": "disturbance_m1_p_s08",
          "category": "disturbance",
          "controller_scale": 1.0,
          "baseline_signed_margin": 0.032793506666666694,
          "feedback_signed_margin": 0.03275851333333335,
          "signed_margin_gain": -3.499333333334409e-05,
          "baseline_strict": true,
          "feedback_strict": true,
          "recovered": false,
          "lost": false,
          "preserved": true,
          "pair_success": true
        },
        {
          "scenario": "disturbance_m1_p_s12",
          "category": "disturbance",
          "controller_scale": 1.0,
          "baseline_signed_margin": 0.030383843333333327,
          "feedback_signed_margin": 0.030383843333333327,
          "signed_margin_gain": 0.0,
          "baseline_strict": true,
          "feedback_strict": true,
          "recovered": false,
          "lost": false,
          "preserved": true,
          "pair_success": true
        },
        {
          "scenario": "disturbance_m2_m_s08",
          "category": "disturbance",
          "controller_scale": 1.0,
          "baseline_signed_margin": 0.02869856999999998,
          "feedback_signed_margin": 0.028697663333333234,
          "signed_margin_gain": -9.066666667445489e-07,
          "baseline_strict": true,
          "feedback_strict": true,
          "recovered": false,
          "lost": false,
          "preserved": true,
          "pair_success": true
        },
        {
          "scenario": "disturbance_m2_m_s12",
          "category": "disturbance",
          "controller_scale": 1.0,
          "baseline_signed_margin": 0.030341829999999903,
          "feedback_signed_margin": 0.030341829999999903,
          "signed_margin_gain": 0.0,
          "baseline_strict": true,
          "feedback_strict": true,
          "recovered": false,
          "lost": false,
          "preserved": true,
          "pair_success": true
        },
        {
          "scenario": "disturbance_m2_p_s08",
          "category": "disturbance",
          "controller_scale": 1.0,
          "baseline_signed_margin": 0.032273413333333334,
          "feedback_signed_margin": 0.03227875000000002,
          "signed_margin_gain": 5.33666666668875e-06,
          "baseline_strict": true,
          "feedback_strict": true,
          "recovered": false,
          "lost": false,
          "preserved": true,
          "pair_success": true
        },
        {
          "scenario": "disturbance_m2_p_s12",
          "category": "disturbance",
          "controller_scale": 1.0,
          "baseline_signed_margin": 0.03037496999999989,
          "feedback_signed_margin": 0.03037496999999989,
          "signed_margin_gain": 0.0,
          "baseline_strict": true,
          "feedback_strict": true,
          "recovered": false,
          "lost": false,
          "preserved": true,
          "pair_success": true
        },
        {
          "scenario": "disturbance_m3_m_s08",
          "category": "disturbance",
          "controller_scale": 1.0,
          "baseline_signed_margin": 0.030186096666666717,
          "feedback_signed_margin": 0.030186596666666676,
          "signed_margin_gain": 4.999999999588667e-07,
          "baseline_strict": true,
          "feedback_strict": true,
          "recovered": false,
          "lost": false,
          "preserved": true,
          "pair_success": true
        },
        {
          "scenario": "disturbance_m3_p_s08",
          "category": "disturbance",
          "controller_scale": 1.0,
          "baseline_signed_margin": 0.030574013333333316,
          "feedback_signed_margin": 0.03056369999999997,
          "signed_margin_gain": -1.0313333333344943e-05,
          "baseline_strict": true,
          "feedback_strict": true,
          "recovered": false,
          "lost": false,
          "preserved": true,
          "pair_success": true
        },
        {
          "scenario": "nominal",
          "category": "nominal",
          "controller_scale": 1.0,
          "baseline_signed_margin": 0.030357773333333338,
          "feedback_signed_margin": 0.030357773333333338,
          "signed_margin_gain": 0.0,
          "baseline_strict": true,
          "feedback_strict": true,
          "recovered": false,
          "lost": false,
          "preserved": true,
          "pair_success": true
        },
        {
          "scenario": "target_Ip_m1000A",
          "category": "target",
          "controller_scale": 1.0,
          "baseline_signed_margin": 0.030357773333333338,
          "feedback_signed_margin": 0.030357773333333338,
          "signed_margin_gain": 0.0,
          "baseline_strict": true,
          "feedback_strict": true,
          "recovered": false,
          "lost": false,
          "preserved": true,
          "pair_success": true
        },
        {
          "scenario": "target_Ip_m500A",
          "category": "target",
          "controller_scale": 1.0,
          "baseline_signed_margin": 0.030357773333333338,
          "feedback_signed_margin": 0.030357773333333338,
          "signed_margin_gain": 0.0,
          "baseline_strict": true,
          "feedback_strict": true,
          "recovered": false,
          "lost": false,
          "preserved": true,
          "pair_success": true
        },
        {
          "scenario": "target_Ip_p1000A",
          "category": "target",
          "controller_scale": 1.0,
          "baseline_signed_margin": 0.030357773333333338,
          "feedback_signed_margin": 0.030357773333333338,
          "signed_margin_gain": 0.0,
          "baseline_strict": true,
          "feedback_strict": true,
          "recovered": false,
          "lost": false,
          "preserved": true,
          "pair_success": true
        },
        {
          "scenario": "target_Ip_p500A",
          "category": "target",
          "controller_scale": 1.0,
          "baseline_signed_margin": 0.030357773333333338,
          "feedback_signed_margin": 0.030357773333333338,
          "signed_margin_gain": 0.0,
          "baseline_strict": true,
          "feedback_strict": true,
          "recovered": false,
          "lost": false,
          "preserved": true,
          "pair_success": true
        },
        {
          "scenario": "target_RZ_m_m_5mm",
          "category": "target",
          "controller_scale": 1.0,
          "baseline_signed_margin": -0.13630889333333318,
          "feedback_signed_margin": -0.11291818666666664,
          "signed_margin_gain": 0.02339070666666654,
          "baseline_strict": false,
          "feedback_strict": false,
          "recovered": false,
          "lost": false,
          "preserved": false,
          "pair_success": true
        },
        {
          "scenario": "target_RZ_m_p_5mm",
          "category": "target",
          "controller_scale": 1.0,
          "baseline_signed_margin": 0.19702444000000008,
          "feedback_signed_margin": 0.18197896666666658,
          "signed_margin_gain": -0.015045473333333503,
          "baseline_strict": true,
          "feedback_strict": true,
          "recovered": false,
          "lost": false,
          "preserved": true,
          "pair_success": true
        },
        {
          "scenario": "target_RZ_p_m_5mm",
          "category": "target",
          "controller_scale": 1.0,
          "baseline_signed_margin": -0.13630889333333318,
          "feedback_signed_margin": -0.12481578333333321,
          "signed_margin_gain": 0.011493109999999973,
          "baseline_strict": false,
          "feedback_strict": false,
          "recovered": false,
          "lost": false,
          "preserved": false,
          "pair_success": true
        },
        {
          "scenario": "target_RZ_p_p_5mm",
          "category": "target",
          "controller_scale": 1.0,
          "baseline_signed_margin": -0.04584510000000175,
          "feedback_signed_margin": -0.022129166666666977,
          "signed_margin_gain": 0.02371593333333477,
          "baseline_strict": false,
          "feedback_strict": false,
          "recovered": false,
          "lost": false,
          "preserved": false,
          "pair_success": true
        },
        {
          "scenario": "target_R_m0p005m",
          "category": "target",
          "controller_scale": 1.0,
          "baseline_signed_margin": 0.030357773333333338,
          "feedback_signed_margin": 0.035453949999999956,
          "signed_margin_gain": 0.005096176666666619,
          "baseline_strict": true,
          "feedback_strict": true,
          "recovered": false,
          "lost": false,
          "preserved": true,
          "pair_success": true
        },
        {
          "scenario": "target_R_m0p010m",
          "category": "target",
          "controller_scale": 1.0,
          "baseline_signed_margin": 0.030357773333333338,
          "feedback_signed_margin": 0.039483253333333246,
          "signed_margin_gain": 0.009125479999999908,
          "baseline_strict": true,
          "feedback_strict": true,
          "recovered": false,
          "lost": false,
          "preserved": true,
          "pair_success": true
        },
        {
          "scenario": "target_R_p0p005m",
          "category": "target",
          "controller_scale": 1.0,
          "baseline_signed_margin": -0.04584510000000175,
          "feedback_signed_margin": -0.0255626666666684,
          "signed_margin_gain": 0.02028243333333335,
          "baseline_strict": false,
          "feedback_strict": false,
          "recovered": false,
          "lost": false,
          "preserved": false,
          "pair_success": true
        },
        {
          "scenario": "target_R_p0p010m",
          "category": "target",
          "controller_scale": 1.0,
          "baseline_signed_margin": -0.2125117666666685,
          "feedback_signed_margin": -0.17015159999999874,
          "signed_margin_gain": 0.04236016666666975,
          "baseline_strict": false,
          "feedback_strict": false,
          "recovered": false,
          "lost": false,
          "preserved": false,
          "pair_success": true
        },
        {
          "scenario": "target_Z_m0p001m",
          "category": "target",
          "controller_scale": 1.0,
          "baseline_signed_margin": -0.0029755600000000992,
          "feedback_signed_margin": 9.589666666653951e-05,
          "signed_margin_gain": 0.0030714566666666387,
          "baseline_strict": false,
          "feedback_strict": true,
          "recovered": true,
          "lost": false,
          "preserved": false,
          "pair_success": true
        },
        {
          "scenario": "target_Z_m0p002m",
          "category": "target",
          "controller_scale": 1.0,
          "baseline_signed_margin": -0.036308893333333314,
          "feedback_signed_margin": -0.029541189999999995,
          "signed_margin_gain": 0.006767703333333319,
          "baseline_strict": false,
          "feedback_strict": false,
          "recovered": false,
          "lost": false,
          "preserved": false,
          "pair_success": true
        },
        {
          "scenario": "target_Z_m0p005m",
          "category": "target",
          "controller_scale": 1.0,
          "baseline_signed_margin": -0.13630889333333318,
          "feedback_signed_margin": -0.11683561666666664,
          "signed_margin_gain": 0.01947327666666654,
          "baseline_strict": false,
          "feedback_strict": false,
          "recovered": false,
          "lost": false,
          "preserved": false,
          "pair_success": true
        },
        {
          "scenario": "target_Z_m0p010m",
          "category": "target",
          "controller_scale": 1.0,
          "baseline_signed_margin": -0.30297556000000014,
          "feedback_signed_margin": -0.2680068533333335,
          "signed_margin_gain": 0.03496870666666663,
          "baseline_strict": false,
          "feedback_strict": false,
          "recovered": false,
          "lost": false,
          "preserved": false,
          "pair_success": true
        },
        {
          "scenario": "target_Z_p0p001m",
          "category": "target",
          "controller_scale": 1.0,
          "baseline_signed_margin": 0.06369110666666666,
          "feedback_signed_margin": 0.060835056666666665,
          "signed_margin_gain": -0.002856049999999999,
          "baseline_strict": true,
          "feedback_strict": true,
          "recovered": false,
          "lost": false,
          "preserved": true,
          "pair_success": true
        },
        {
          "scenario": "target_Z_p0p002m",
          "category": "target",
          "controller_scale": 1.0,
          "baseline_signed_margin": 0.0970244400000001,
          "feedback_signed_margin": 0.09127315666666669,
          "signed_margin_gain": -0.005751283333333412,
          "baseline_strict": true,
          "feedback_strict": true,
          "recovered": false,
          "lost": false,
          "preserved": true,
          "pair_success": true
        },
        {
          "scenario": "target_Z_p0p005m",
          "category": "target",
          "controller_scale": 1.0,
          "baseline_signed_margin": 0.1208215666666651,
          "feedback_signed_margin": 0.124594399999999,
          "signed_margin_gain": 0.0037728333333338915,
          "baseline_strict": true,
          "feedback_strict": true,
          "recovered": false,
          "lost": false,
          "preserved": true,
          "pair_success": true
        },
        {
          "scenario": "target_Z_p0p010m",
          "category": "target",
          "controller_scale": 1.0,
          "baseline_signed_margin": 0.1208215666666651,
          "feedback_signed_margin": 0.12903816666666823,
          "signed_margin_gain": 0.008216600000003127,
          "baseline_strict": true,
          "feedback_strict": true,
          "recovered": false,
          "lost": false,
          "preserved": true,
          "pair_success": true
        }
      ],
      "n_nonnominal_scenarios": 32,
      "n_baseline_strict": 23,
      "n_feedback_strict": 24,
      "n_preserved": 23,
      "n_recovered": 1,
      "n_lost": 0,
      "nonnominal_strict_fraction": 0.75,
      "median_signed_margin_gain": 2.918333333323808e-06,
      "worst_baseline_signed_margin": -0.30297556000000014,
      "worst_feedback_signed_margin": -0.2680068533333335,
      "worst_case_signed_margin_gain": -0.015045473333333503,
      "nominal_strict": true,
      "all_required_rollouts_successful": true,
      "target_disturbance_feedback_validation_pass": false
    },
    "scale_summaries": [
      {
        "controller_scale": 0.5,
        "comparisons": [
          {
            "scenario": "disturbance_m1_m_s04",
            "category": "disturbance",
            "controller_scale": 0.5,
            "baseline_signed_margin": 0.02360465333333328,
            "feedback_signed_margin": 0.024543439999999972,
            "signed_margin_gain": 0.0009387866666666911,
            "baseline_strict": true,
            "feedback_strict": true,
            "recovered": false,
            "lost": false,
            "preserved": true,
            "pair_success": true
          },
          {
            "scenario": "disturbance_m1_m_s08",
            "category": "disturbance",
            "controller_scale": 0.5,
            "baseline_signed_margin": 0.02699636333333333,
            "feedback_signed_margin": 0.02737644666666661,
            "signed_margin_gain": 0.0003800833333332809,
            "baseline_strict": true,
            "feedback_strict": true,
            "recovered": false,
            "lost": false,
            "preserved": true,
            "pair_success": true
          },
          {
            "scenario": "disturbance_m1_m_s12",
            "category": "disturbance",
            "controller_scale": 0.5,
            "baseline_signed_margin": 0.03033503999999998,
            "feedback_signed_margin": 0.03033503999999998,
            "signed_margin_gain": 0.0,
            "baseline_strict": true,
            "feedback_strict": true,
            "recovered": false,
            "lost": false,
            "preserved": true,
            "pair_success": true
          },
          {
            "scenario": "disturbance_m1_p_s04",
            "category": "disturbance",
            "controller_scale": 0.5,
            "baseline_signed_margin": 0.03843017000000004,
            "feedback_signed_margin": 0.03725677999999999,
            "signed_margin_gain": -0.0011733900000000519,
            "baseline_strict": true,
            "feedback_strict": true,
            "recovered": false,
            "lost": false,
            "preserved": true,
            "pair_success": true
          },
          {
            "scenario": "disturbance_m1_p_s08",
            "category": "disturbance",
            "controller_scale": 0.5,
            "baseline_signed_margin": 0.032793506666666694,
            "feedback_signed_margin": 0.03278184000000006,
            "signed_margin_gain": -1.1666666666632075e-05,
            "baseline_strict": true,
            "feedback_strict": true,
            "recovered": false,
            "lost": false,
            "preserved": true,
            "pair_success": true
          },
          {
            "scenario": "disturbance_m1_p_s12",
            "category": "disturbance",
            "controller_scale": 0.5,
            "baseline_signed_margin": 0.030383843333333327,
            "feedback_signed_margin": 0.030383843333333327,
            "signed_margin_gain": 0.0,
            "baseline_strict": true,
            "feedback_strict": true,
            "recovered": false,
            "lost": false,
            "preserved": true,
            "pair_success": true
          },
          {
            "scenario": "disturbance_m2_m_s08",
            "category": "disturbance",
            "controller_scale": 0.5,
            "baseline_signed_margin": 0.02869856999999998,
            "feedback_signed_margin": 0.028703949999999923,
            "signed_margin_gain": 5.379999999943763e-06,
            "baseline_strict": true,
            "feedback_strict": true,
            "recovered": false,
            "lost": false,
            "preserved": true,
            "pair_success": true
          },
          {
            "scenario": "disturbance_m2_m_s12",
            "category": "disturbance",
            "controller_scale": 0.5,
            "baseline_signed_margin": 0.030341829999999903,
            "feedback_signed_margin": 0.030341829999999903,
            "signed_margin_gain": 0.0,
            "baseline_strict": true,
            "feedback_strict": true,
            "recovered": false,
            "lost": false,
            "preserved": true,
            "pair_success": true
          },
          {
            "scenario": "disturbance_m2_p_s08",
            "category": "disturbance",
            "controller_scale": 0.5,
            "baseline_signed_margin": 0.032273413333333334,
            "feedback_signed_margin": 0.0322637566666667,
            "signed_margin_gain": -9.656666666635338e-06,
            "baseline_strict": true,
            "feedback_strict": true,
            "recovered": false,
            "lost": false,
            "preserved": true,
            "pair_success": true
          },
          {
            "scenario": "disturbance_m2_p_s12",
            "category": "disturbance",
            "controller_scale": 0.5,
            "baseline_signed_margin": 0.03037496999999989,
            "feedback_signed_margin": 0.03037496999999989,
            "signed_margin_gain": 0.0,
            "baseline_strict": true,
            "feedback_strict": true,
            "recovered": false,
            "lost": false,
            "preserved": true,
            "pair_success": true
          },
          {
            "scenario": "disturbance_m3_m_s08",
            "category": "disturbance",
            "controller_scale": 0.5,
            "baseline_signed_margin": 0.030186096666666717,
            "feedback_signed_margin": 0.03018633000000004,
            "signed_margin_gain": 2.3333333332153927e-07,
            "baseline_strict": true,
            "feedback_strict": true,
            "recovered": false,
            "lost": false,
            "preserved": true,
            "pair_success": true
          },
          {
            "scenario": "disturbance_m3_p_s08",
            "category": "disturbance",
            "controller_scale": 0.5,
            "baseline_signed_margin": 0.030574013333333316,
            "feedback_signed_margin": 0.030573986666666553,
            "signed_margin_gain": -2.6666666763652813e-08,
            "baseline_strict": true,
            "feedback_strict": true,
            "recovered": false,
            "lost": false,
            "preserved": true,
            "pair_success": true
          },
          {
            "scenario": "nominal",
            "category": "nominal",
            "controller_scale": 0.5,
            "baseline_signed_margin": 0.030357773333333338,
            "feedback_signed_margin": 0.030357773333333338,
            "signed_margin_gain": 0.0,
            "baseline_strict": true,
            "feedback_strict": true,
            "recovered": false,
            "lost": false,
            "preserved": true,
            "pair_success": true
          },
          {
            "scenario": "target_Ip_m1000A",
            "category": "target",
            "controller_scale": 0.5,
            "baseline_signed_margin": 0.030357773333333338,
            "feedback_signed_margin": 0.030357773333333338,
            "signed_margin_gain": 0.0,
            "baseline_strict": true,
            "feedback_strict": true,
            "recovered": false,
            "lost": false,
            "preserved": true,
            "pair_success": true
          },
          {
            "scenario": "target_Ip_m500A",
            "category": "target",
            "controller_scale": 0.5,
            "baseline_signed_margin": 0.030357773333333338,
            "feedback_signed_margin": 0.030357773333333338,
            "signed_margin_gain": 0.0,
            "baseline_strict": true,
            "feedback_strict": true,
            "recovered": false,
            "lost": false,
            "preserved": true,
            "pair_success": true
          },
          {
            "scenario": "target_Ip_p1000A",
            "category": "target",
            "controller_scale": 0.5,
            "baseline_signed_margin": 0.030357773333333338,
            "feedback_signed_margin": 0.030357773333333338,
            "signed_margin_gain": 0.0,
            "baseline_strict": true,
            "feedback_strict": true,
            "recovered": false,
            "lost": false,
            "preserved": true,
            "pair_success": true
          },
          {
            "scenario": "target_Ip_p500A",
            "category": "target",
            "controller_scale": 0.5,
            "baseline_signed_margin": 0.030357773333333338,
            "feedback_signed_margin": 0.030357773333333338,
            "signed_margin_gain": 0.0,
            "baseline_strict": true,
            "feedback_strict": true,
            "recovered": false,
            "lost": false,
            "preserved": true,
            "pair_success": true
          },
          {
            "scenario": "target_RZ_m_m_5mm",
            "category": "target",
            "controller_scale": 0.5,
            "baseline_signed_margin": -0.13630889333333318,
            "feedback_signed_margin": -0.12396821000000013,
            "signed_margin_gain": 0.012340683333333047,
            "baseline_strict": false,
            "feedback_strict": false,
            "recovered": false,
            "lost": false,
            "preserved": false,
            "pair_success": true
          },
          {
            "scenario": "target_RZ_m_p_5mm",
            "category": "target",
            "controller_scale": 0.5,
            "baseline_signed_margin": 0.19702444000000008,
            "feedback_signed_margin": 0.18852432333333335,
            "signed_margin_gain": -0.008500116666666724,
            "baseline_strict": true,
            "feedback_strict": true,
            "recovered": false,
            "lost": false,
            "preserved": true,
            "pair_success": true
          },
          {
            "scenario": "target_RZ_p_m_5mm",
            "category": "target",
            "controller_scale": 0.5,
            "baseline_signed_margin": -0.13630889333333318,
            "feedback_signed_margin": -0.13001821666666658,
            "signed_margin_gain": 0.006290676666666606,
            "baseline_strict": false,
            "feedback_strict": false,
            "recovered": false,
            "lost": false,
            "preserved": false,
            "pair_success": true
          },
          {
            "scenario": "target_RZ_p_p_5mm",
            "category": "target",
            "controller_scale": 0.5,
            "baseline_signed_margin": -0.04584510000000175,
            "feedback_signed_margin": -0.02574560000000181,
            "signed_margin_gain": 0.020099499999999937,
            "baseline_strict": false,
            "feedback_strict": false,
            "recovered": false,
            "lost": false,
            "preserved": false,
            "pair_success": true
          },
          {
            "scenario": "target_R_m0p005m",
            "category": "target",
            "controller_scale": 0.5,
            "baseline_signed_margin": 0.030357773333333338,
            "feedback_signed_margin": 0.033052983333333286,
            "signed_margin_gain": 0.002695209999999948,
            "baseline_strict": true,
            "feedback_strict": true,
            "recovered": false,
            "lost": false,
            "preserved": true,
            "pair_success": true
          },
          {
            "scenario": "target_R_m0p010m",
            "category": "target",
            "controller_scale": 0.5,
            "baseline_signed_margin": 0.030357773333333338,
            "feedback_signed_margin": 0.03706884999999993,
            "signed_margin_gain": 0.006711076666666593,
            "baseline_strict": true,
            "feedback_strict": true,
            "recovered": false,
            "lost": false,
            "preserved": true,
            "pair_success": true
          },
          {
            "scenario": "target_R_p0p005m",
            "category": "target",
            "controller_scale": 0.5,
            "baseline_signed_margin": -0.04584510000000175,
            "feedback_signed_margin": -0.029765466666665574,
            "signed_margin_gain": 0.016079633333336174,
            "baseline_strict": false,
            "feedback_strict": false,
            "recovered": false,
            "lost": false,
            "preserved": false,
            "pair_success": true
          },
          {
            "scenario": "target_R_p0p010m",
            "category": "target",
            "controller_scale": 0.5,
            "baseline_signed_margin": -0.2125117666666685,
            "feedback_signed_margin": -0.18037003333333335,
            "signed_margin_gain": 0.03214173333333514,
            "baseline_strict": false,
            "feedback_strict": false,
            "recovered": false,
            "lost": false,
            "preserved": false,
            "pair_success": true
          },
          {
            "scenario": "target_Z_m0p001m",
            "category": "target",
            "controller_scale": 0.5,
            "baseline_signed_margin": -0.0029755600000000992,
            "feedback_signed_margin": -0.000794656666666782,
            "signed_margin_gain": 0.002180903333333317,
            "baseline_strict": false,
            "feedback_strict": false,
            "recovered": false,
            "lost": false,
            "preserved": false,
            "pair_success": true
          },
          {
            "scenario": "target_Z_m0p002m",
            "category": "target",
            "controller_scale": 0.5,
            "baseline_signed_margin": -0.036308893333333314,
            "feedback_signed_margin": -0.03293117000000012,
            "signed_margin_gain": 0.0033777233333331935,
            "baseline_strict": false,
            "feedback_strict": false,
            "recovered": false,
            "lost": false,
            "preserved": false,
            "pair_success": true
          },
          {
            "scenario": "target_Z_m0p005m",
            "category": "target",
            "controller_scale": 0.5,
            "baseline_signed_margin": -0.13630889333333318,
            "feedback_signed_margin": -0.12247866333333324,
            "signed_margin_gain": 0.013830229999999943,
            "baseline_strict": false,
            "feedback_strict": false,
            "recovered": false,
            "lost": false,
            "preserved": false,
            "pair_success": true
          },
          {
            "scenario": "target_Z_m0p010m",
            "category": "target",
            "controller_scale": 0.5,
            "baseline_signed_margin": -0.30297556000000014,
            "feedback_signed_margin": -0.28096381000000004,
            "signed_margin_gain": 0.022011750000000108,
            "baseline_strict": false,
            "feedback_strict": false,
            "recovered": false,
            "lost": false,
            "preserved": false,
            "pair_success": true
          },
          {
            "scenario": "target_Z_p0p001m",
            "category": "target",
            "controller_scale": 0.5,
            "baseline_signed_margin": 0.06369110666666666,
            "feedback_signed_margin": 0.06147558333333336,
            "signed_margin_gain": -0.0022155233333333024,
            "baseline_strict": true,
            "feedback_strict": true,
            "recovered": false,
            "lost": false,
            "preserved": true,
            "pair_success": true
          },
          {
            "scenario": "target_Z_p0p002m",
            "category": "target",
            "controller_scale": 0.5,
            "baseline_signed_margin": 0.0970244400000001,
            "feedback_signed_margin": 0.09312262999999998,
            "signed_margin_gain": -0.0039018100000001166,
            "baseline_strict": true,
            "feedback_strict": true,
            "recovered": false,
            "lost": false,
            "preserved": true,
            "pair_success": true
          },
          {
            "scenario": "target_Z_p0p005m",
            "category": "target",
            "controller_scale": 0.5,
            "baseline_signed_margin": 0.1208215666666651,
            "feedback_signed_margin": 0.12472539999999843,
            "signed_margin_gain": 0.0039038333333333286,
            "baseline_strict": true,
            "feedback_strict": true,
            "recovered": false,
            "lost": false,
            "preserved": true,
            "pair_success": true
          },
          {
            "scenario": "target_Z_p0p010m",
            "category": "target",
            "controller_scale": 0.5,
            "baseline_signed_margin": 0.1208215666666651,
            "feedback_signed_margin": 0.12755616666666747,
            "signed_margin_gain": 0.0067346000000023665,
            "baseline_strict": true,
            "feedback_strict": true,
            "recovered": false,
            "lost": false,
            "preserved": true,
            "pair_success": true
          }
        ],
        "n_nonnominal_scenarios": 32,
        "n_baseline_strict": 23,
        "n_feedback_strict": 23,
        "n_preserved": 23,
        "n_recovered": 0,
        "n_lost": 0,
        "nonnominal_strict_fraction": 0.71875,
        "median_signed_margin_gain": 2.806666666632651e-06,
        "worst_baseline_signed_margin": -0.30297556000000014,
        "worst_feedback_signed_margin": -0.28096381000000004,
        "worst_case_signed_margin_gain": -0.008500116666666724,
        "nominal_strict": true,
        "all_required_rollouts_successful": true,
        "target_disturbance_feedback_validation_pass": false
      },
      {
        "controller_scale": 1.0,
        "comparisons": [
          {
            "scenario": "disturbance_m1_m_s04",
            "category": "disturbance",
            "controller_scale": 1.0,
            "baseline_signed_margin": 0.02360465333333328,
            "feedback_signed_margin": 0.024717373333333237,
            "signed_margin_gain": 0.001112719999999956,
            "baseline_strict": true,
            "feedback_strict": true,
            "recovered": false,
            "lost": false,
            "preserved": true,
            "pair_success": true
          },
          {
            "scenario": "disturbance_m1_m_s08",
            "category": "disturbance",
            "controller_scale": 1.0,
            "baseline_signed_margin": 0.02699636333333333,
            "feedback_signed_margin": 0.027389429999999937,
            "signed_margin_gain": 0.0003930666666666083,
            "baseline_strict": true,
            "feedback_strict": true,
            "recovered": false,
            "lost": false,
            "preserved": true,
            "pair_success": true
          },
          {
            "scenario": "disturbance_m1_m_s12",
            "category": "disturbance",
            "controller_scale": 1.0,
            "baseline_signed_margin": 0.03033503999999998,
            "feedback_signed_margin": 0.03033503999999998,
            "signed_margin_gain": 0.0,
            "baseline_strict": true,
            "feedback_strict": true,
            "recovered": false,
            "lost": false,
            "preserved": true,
            "pair_success": true
          },
          {
            "scenario": "disturbance_m1_p_s04",
            "category": "disturbance",
            "controller_scale": 1.0,
            "baseline_signed_margin": 0.03843017000000004,
            "feedback_signed_margin": 0.03664280666666664,
            "signed_margin_gain": -0.0017873633333334027,
            "baseline_strict": true,
            "feedback_strict": true,
            "recovered": false,
            "lost": false,
            "preserved": true,
            "pair_success": true
          },
          {
            "scenario": "disturbance_m1_p_s08",
            "category": "disturbance",
            "controller_scale": 1.0,
            "baseline_signed_margin": 0.032793506666666694,
            "feedback_signed_margin": 0.03275851333333335,
            "signed_margin_gain": -3.499333333334409e-05,
            "baseline_strict": true,
            "feedback_strict": true,
            "recovered": false,
            "lost": false,
            "preserved": true,
            "pair_success": true
          },
          {
            "scenario": "disturbance_m1_p_s12",
            "category": "disturbance",
            "controller_scale": 1.0,
            "baseline_signed_margin": 0.030383843333333327,
            "feedback_signed_margin": 0.030383843333333327,
            "signed_margin_gain": 0.0,
            "baseline_strict": true,
            "feedback_strict": true,
            "recovered": false,
            "lost": false,
            "preserved": true,
            "pair_success": true
          },
          {
            "scenario": "disturbance_m2_m_s08",
            "category": "disturbance",
            "controller_scale": 1.0,
            "baseline_signed_margin": 0.02869856999999998,
            "feedback_signed_margin": 0.028697663333333234,
            "signed_margin_gain": -9.066666667445489e-07,
            "baseline_strict": true,
            "feedback_strict": true,
            "recovered": false,
            "lost": false,
            "preserved": true,
            "pair_success": true
          },
          {
            "scenario": "disturbance_m2_m_s12",
            "category": "disturbance",
            "controller_scale": 1.0,
            "baseline_signed_margin": 0.030341829999999903,
            "feedback_signed_margin": 0.030341829999999903,
            "signed_margin_gain": 0.0,
            "baseline_strict": true,
            "feedback_strict": true,
            "recovered": false,
            "lost": false,
            "preserved": true,
            "pair_success": true
          },
          {
            "scenario": "disturbance_m2_p_s08",
            "category": "disturbance",
            "controller_scale": 1.0,
            "baseline_signed_margin": 0.032273413333333334,
            "feedback_signed_margin": 0.03227875000000002,
            "signed_margin_gain": 5.33666666668875e-06,
            "baseline_strict": true,
            "feedback_strict": true,
            "recovered": false,
            "lost": false,
            "preserved": true,
            "pair_success": true
          },
          {
            "scenario": "disturbance_m2_p_s12",
            "category": "disturbance",
            "controller_scale": 1.0,
            "baseline_signed_margin": 0.03037496999999989,
            "feedback_signed_margin": 0.03037496999999989,
            "signed_margin_gain": 0.0,
            "baseline_strict": true,
            "feedback_strict": true,
            "recovered": false,
            "lost": false,
            "preserved": true,
            "pair_success": true
          },
          {
            "scenario": "disturbance_m3_m_s08",
            "category": "disturbance",
            "controller_scale": 1.0,
            "baseline_signed_margin": 0.030186096666666717,
            "feedback_signed_margin": 0.030186596666666676,
            "signed_margin_gain": 4.999999999588667e-07,
            "baseline_strict": true,
            "feedback_strict": true,
            "recovered": false,
            "lost": false,
            "preserved": true,
            "pair_success": true
          },
          {
            "scenario": "disturbance_m3_p_s08",
            "category": "disturbance",
            "controller_scale": 1.0,
            "baseline_signed_margin": 0.030574013333333316,
            "feedback_signed_margin": 0.03056369999999997,
            "signed_margin_gain": -1.0313333333344943e-05,
            "baseline_strict": true,
            "feedback_strict": true,
            "recovered": false,
            "lost": false,
            "preserved": true,
            "pair_success": true
          },
          {
            "scenario": "nominal",
            "category": "nominal",
            "controller_scale": 1.0,
            "baseline_signed_margin": 0.030357773333333338,
            "feedback_signed_margin": 0.030357773333333338,
            "signed_margin_gain": 0.0,
            "baseline_strict": true,
            "feedback_strict": true,
            "recovered": false,
            "lost": false,
            "preserved": true,
            "pair_success": true
          },
          {
            "scenario": "target_Ip_m1000A",
            "category": "target",
            "controller_scale": 1.0,
            "baseline_signed_margin": 0.030357773333333338,
            "feedback_signed_margin": 0.030357773333333338,
            "signed_margin_gain": 0.0,
            "baseline_strict": true,
            "feedback_strict": true,
            "recovered": false,
            "lost": false,
            "preserved": true,
            "pair_success": true
          },
          {
            "scenario": "target_Ip_m500A",
            "category": "target",
            "controller_scale": 1.0,
            "baseline_signed_margin": 0.030357773333333338,
            "feedback_signed_margin": 0.030357773333333338,
            "signed_margin_gain": 0.0,
            "baseline_strict": true,
            "feedback_strict": true,
            "recovered": false,
            "lost": false,
            "preserved": true,
            "pair_success": true
          },
          {
            "scenario": "target_Ip_p1000A",
            "category": "target",
            "controller_scale": 1.0,
            "baseline_signed_margin": 0.030357773333333338,
            "feedback_signed_margin": 0.030357773333333338,
            "signed_margin_gain": 0.0,
            "baseline_strict": true,
            "feedback_strict": true,
            "recovered": false,
            "lost": false,
            "preserved": true,
            "pair_success": true
          },
          {
            "scenario": "target_Ip_p500A",
            "category": "target",
            "controller_scale": 1.0,
            "baseline_signed_margin": 0.030357773333333338,
            "feedback_signed_margin": 0.030357773333333338,
            "signed_margin_gain": 0.0,
            "baseline_strict": true,
            "feedback_strict": true,
            "recovered": false,
            "lost": false,
            "preserved": true,
            "pair_success": true
          },
          {
            "scenario": "target_RZ_m_m_5mm",
            "category": "target",
            "controller_scale": 1.0,
            "baseline_signed_margin": -0.13630889333333318,
            "feedback_signed_margin": -0.11291818666666664,
            "signed_margin_gain": 0.02339070666666654,
            "baseline_strict": false,
            "feedback_strict": false,
            "recovered": false,
            "lost": false,
            "preserved": false,
            "pair_success": true
          },
          {
            "scenario": "target_RZ_m_p_5mm",
            "category": "target",
            "controller_scale": 1.0,
            "baseline_signed_margin": 0.19702444000000008,
            "feedback_signed_margin": 0.18197896666666658,
            "signed_margin_gain": -0.015045473333333503,
            "baseline_strict": true,
            "feedback_strict": true,
            "recovered": false,
            "lost": false,
            "preserved": true,
            "pair_success": true
          },
          {
            "scenario": "target_RZ_p_m_5mm",
            "category": "target",
            "controller_scale": 1.0,
            "baseline_signed_margin": -0.13630889333333318,
            "feedback_signed_margin": -0.12481578333333321,
            "signed_margin_gain": 0.011493109999999973,
            "baseline_strict": false,
            "feedback_strict": false,
            "recovered": false,
            "lost": false,
            "preserved": false,
            "pair_success": true
          },
          {
            "scenario": "target_RZ_p_p_5mm",
            "category": "target",
            "controller_scale": 1.0,
            "baseline_signed_margin": -0.04584510000000175,
            "feedback_signed_margin": -0.022129166666666977,
            "signed_margin_gain": 0.02371593333333477,
            "baseline_strict": false,
            "feedback_strict": false,
            "recovered": false,
            "lost": false,
            "preserved": false,
            "pair_success": true
          },
          {
            "scenario": "target_R_m0p005m",
            "category": "target",
            "controller_scale": 1.0,
            "baseline_signed_margin": 0.030357773333333338,
            "feedback_signed_margin": 0.035453949999999956,
            "signed_margin_gain": 0.005096176666666619,
            "baseline_strict": true,
            "feedback_strict": true,
            "recovered": false,
            "lost": false,
            "preserved": true,
            "pair_success": true
          },
          {
            "scenario": "target_R_m0p010m",
            "category": "target",
            "controller_scale": 1.0,
            "baseline_signed_margin": 0.030357773333333338,
            "feedback_signed_margin": 0.039483253333333246,
            "signed_margin_gain": 0.009125479999999908,
            "baseline_strict": true,
            "feedback_strict": true,
            "recovered": false,
            "lost": false,
            "preserved": true,
            "pair_success": true
          },
          {
            "scenario": "target_R_p0p005m",
            "category": "target",
            "controller_scale": 1.0,
            "baseline_signed_margin": -0.04584510000000175,
            "feedback_signed_margin": -0.0255626666666684,
            "signed_margin_gain": 0.02028243333333335,
            "baseline_strict": false,
            "feedback_strict": false,
            "recovered": false,
            "lost": false,
            "preserved": false,
            "pair_success": true
          },
          {
            "scenario": "target_R_p0p010m",
            "category": "target",
            "controller_scale": 1.0,
            "baseline_signed_margin": -0.2125117666666685,
            "feedback_signed_margin": -0.17015159999999874,
            "signed_margin_gain": 0.04236016666666975,
            "baseline_strict": false,
            "feedback_strict": false,
            "recovered": false,
            "lost": false,
            "preserved": false,
            "pair_success": true
          },
          {
            "scenario": "target_Z_m0p001m",
            "category": "target",
            "controller_scale": 1.0,
            "baseline_signed_margin": -0.0029755600000000992,
            "feedback_signed_margin": 9.589666666653951e-05,
            "signed_margin_gain": 0.0030714566666666387,
            "baseline_strict": false,
            "feedback_strict": true,
            "recovered": true,
            "lost": false,
            "preserved": false,
            "pair_success": true
          },
          {
            "scenario": "target_Z_m0p002m",
            "category": "target",
            "controller_scale": 1.0,
            "baseline_signed_margin": -0.036308893333333314,
            "feedback_signed_margin": -0.029541189999999995,
            "signed_margin_gain": 0.006767703333333319,
            "baseline_strict": false,
            "feedback_strict": false,
            "recovered": false,
            "lost": false,
            "preserved": false,
            "pair_success": true
          },
          {
            "scenario": "target_Z_m0p005m",
            "category": "target",
            "controller_scale": 1.0,
            "baseline_signed_margin": -0.13630889333333318,
            "feedback_signed_margin": -0.11683561666666664,
            "signed_margin_gain": 0.01947327666666654,
            "baseline_strict": false,
            "feedback_strict": false,
            "recovered": false,
            "lost": false,
            "preserved": false,
            "pair_success": true
          },
          {
            "scenario": "target_Z_m0p010m",
            "category": "target",
            "controller_scale": 1.0,
            "baseline_signed_margin": -0.30297556000000014,
            "feedback_signed_margin": -0.2680068533333335,
            "signed_margin_gain": 0.03496870666666663,
            "baseline_strict": false,
            "feedback_strict": false,
            "recovered": false,
            "lost": false,
            "preserved": false,
            "pair_success": true
          },
          {
            "scenario": "target_Z_p0p001m",
            "category": "target",
            "controller_scale": 1.0,
            "baseline_signed_margin": 0.06369110666666666,
            "feedback_signed_margin": 0.060835056666666665,
            "signed_margin_gain": -0.002856049999999999,
            "baseline_strict": true,
            "feedback_strict": true,
            "recovered": false,
            "lost": false,
            "preserved": true,
            "pair_success": true
          },
          {
            "scenario": "target_Z_p0p002m",
            "category": "target",
            "controller_scale": 1.0,
            "baseline_signed_margin": 0.0970244400000001,
            "feedback_signed_margin": 0.09127315666666669,
            "signed_margin_gain": -0.005751283333333412,
            "baseline_strict": true,
            "feedback_strict": true,
            "recovered": false,
            "lost": false,
            "preserved": true,
            "pair_success": true
          },
          {
            "scenario": "target_Z_p0p005m",
            "category": "target",
            "controller_scale": 1.0,
            "baseline_signed_margin": 0.1208215666666651,
            "feedback_signed_margin": 0.124594399999999,
            "signed_margin_gain": 0.0037728333333338915,
            "baseline_strict": true,
            "feedback_strict": true,
            "recovered": false,
            "lost": false,
            "preserved": true,
            "pair_success": true
          },
          {
            "scenario": "target_Z_p0p010m",
            "category": "target",
            "controller_scale": 1.0,
            "baseline_signed_margin": 0.1208215666666651,
            "feedback_signed_margin": 0.12903816666666823,
            "signed_margin_gain": 0.008216600000003127,
            "baseline_strict": true,
            "feedback_strict": true,
            "recovered": false,
            "lost": false,
            "preserved": true,
            "pair_success": true
          }
        ],
        "n_nonnominal_scenarios": 32,
        "n_baseline_strict": 23,
        "n_feedback_strict": 24,
        "n_preserved": 23,
        "n_recovered": 1,
        "n_lost": 0,
        "nonnominal_strict_fraction": 0.75,
        "median_signed_margin_gain": 2.918333333323808e-06,
        "worst_baseline_signed_margin": -0.30297556000000014,
        "worst_feedback_signed_margin": -0.2680068533333335,
        "worst_case_signed_margin_gain": -0.015045473333333503,
        "nominal_strict": true,
        "all_required_rollouts_successful": true,
        "target_disturbance_feedback_validation_pass": false
      }
    ],
    "target_disturbance_feedback_validated": false,
    "online_feedback_validated": false,
    "initial_state_robustness_validated": false,
    "plant_parameter_robustness_validated": false,
    "robustness_validated": false,
    "scope_warning": "The validation covers one initial state, configured target shifts, and injected mode disturbances. It does not establish robustness to initial-state, plant-parameter, noise, or delay variation."
  },
  "confirmation": {
    "schema_version": 1,
    "stage": "Stage3.2",
    "verdict": "PASS_PRECISE_HOLD_30MM_250MS_OPEN_LOOP_CONFIRMED_FEEDBACK_NOT_VALIDATED",
    "created_utc": "20260723_083539",
    "open_loop_confirmation": {
      "schema_version": 1,
      "stage": "Stage3.2",
      "created_utc": "20260723_082920",
      "n_candidates_all_repeats_strict": 4,
      "any_candidate_confirmed_strict": true,
      "all_selected_candidates_confirmed_strict": true,
      "all_candidates_confirmed_strict": true,
      "candidate_summaries": [
        {
          "candidate_id": "s32cr000p_03075fa5a99f2223",
          "repeats": 3,
          "successful_repeats": 3,
          "all_repeats_strict_gate": true,
          "worst_signed_margin": 0.031981773333333297,
          "worst_sustained_box_m": 0.0290405468,
          "max_post_arrival_velocity_rms": 0.024192191262095444
        },
        {
          "candidate_id": "s32cr000p_9e71d5727fe194e1",
          "repeats": 3,
          "successful_repeats": 3,
          "all_repeats_strict_gate": true,
          "worst_signed_margin": 0.03115684333333324,
          "worst_sustained_box_m": 0.0290652947,
          "max_post_arrival_velocity_rms": 0.023950426942509893
        },
        {
          "candidate_id": "s32cr000p_5f985038dfb37d02",
          "repeats": 3,
          "successful_repeats": 3,
          "all_repeats_strict_gate": true,
          "worst_signed_margin": 0.031141506666666596,
          "worst_sustained_box_m": 0.0290657548,
          "max_post_arrival_velocity_rms": 0.02395307584101823
        },
        {
          "candidate_id": "s32cr000p_fd93266b56b83ad8",
          "repeats": 3,
          "successful_repeats": 3,
          "all_repeats_strict_gate": true,
          "worst_signed_margin": 0.03113665666666665,
          "worst_sustained_box_m": 0.0290659003,
          "max_post_arrival_velocity_rms": 0.023952827144644584
        }
      ]
    },
    "feedback_validation": {
      "schema_version": 1,
      "stage": "Stage3.2",
      "created_utc": "20260723_082259",
      "center_candidate_id": "s32hr001s_c35a74e63036b542",
      "n_scenarios": 33,
      "n_rollouts": 99,
      "n_successful": 99,
      "n_strict": 73,
      "selected_controller_scale": 1.0,
      "selected_scale_summary": {
        "controller_scale": 1.0,
        "comparisons": [
          {
            "scenario": "disturbance_m1_m_s04",
            "category": "disturbance",
            "controller_scale": 1.0,
            "baseline_signed_margin": 0.02360465333333328,
            "feedback_signed_margin": 0.024717373333333237,
            "signed_margin_gain": 0.001112719999999956,
            "baseline_strict": true,
            "feedback_strict": true,
            "recovered": false,
            "lost": false,
            "preserved": true,
            "pair_success": true
          },
          {
            "scenario": "disturbance_m1_m_s08",
            "category": "disturbance",
            "controller_scale": 1.0,
            "baseline_signed_margin": 0.02699636333333333,
            "feedback_signed_margin": 0.027389429999999937,
            "signed_margin_gain": 0.0003930666666666083,
            "baseline_strict": true,
            "feedback_strict": true,
            "recovered": false,
            "lost": false,
            "preserved": true,
            "pair_success": true
          },
          {
            "scenario": "disturbance_m1_m_s12",
            "category": "disturbance",
            "controller_scale": 1.0,
            "baseline_signed_margin": 0.03033503999999998,
            "feedback_signed_margin": 0.03033503999999998,
            "signed_margin_gain": 0.0,
            "baseline_strict": true,
            "feedback_strict": true,
            "recovered": false,
            "lost": false,
            "preserved": true,
            "pair_success": true
          },
          {
            "scenario": "disturbance_m1_p_s04",
            "category": "disturbance",
            "controller_scale": 1.0,
            "baseline_signed_margin": 0.03843017000000004,
            "feedback_signed_margin": 0.03664280666666664,
            "signed_margin_gain": -0.0017873633333334027,
            "baseline_strict": true,
            "feedback_strict": true,
            "recovered": false,
            "lost": false,
            "preserved": true,
            "pair_success": true
          },
          {
            "scenario": "disturbance_m1_p_s08",
            "category": "disturbance",
            "controller_scale": 1.0,
            "baseline_signed_margin": 0.032793506666666694,
            "feedback_signed_margin": 0.03275851333333335,
            "signed_margin_gain": -3.499333333334409e-05,
            "baseline_strict": true,
            "feedback_strict": true,
            "recovered": false,
            "lost": false,
            "preserved": true,
            "pair_success": true
          },
          {
            "scenario": "disturbance_m1_p_s12",
            "category": "disturbance",
            "controller_scale": 1.0,
            "baseline_signed_margin": 0.030383843333333327,
            "feedback_signed_margin": 0.030383843333333327,
            "signed_margin_gain": 0.0,
            "baseline_strict": true,
            "feedback_strict": true,
            "recovered": false,
            "lost": false,
            "preserved": true,
            "pair_success": true
          },
          {
            "scenario": "disturbance_m2_m_s08",
            "category": "disturbance",
            "controller_scale": 1.0,
            "baseline_signed_margin": 0.02869856999999998,
            "feedback_signed_margin": 0.028697663333333234,
            "signed_margin_gain": -9.066666667445489e-07,
            "baseline_strict": true,
            "feedback_strict": true,
            "recovered": false,
            "lost": false,
            "preserved": true,
            "pair_success": true
          },
          {
            "scenario": "disturbance_m2_m_s12",
            "category": "disturbance",
            "controller_scale": 1.0,
            "baseline_signed_margin": 0.030341829999999903,
            "feedback_signed_margin": 0.030341829999999903,
            "signed_margin_gain": 0.0,
            "baseline_strict": true,
            "feedback_strict": true,
            "recovered": false,
            "lost": false,
            "preserved": true,
            "pair_success": true
          },
          {
            "scenario": "disturbance_m2_p_s08",
            "category": "disturbance",
            "controller_scale": 1.0,
            "baseline_signed_margin": 0.032273413333333334,
            "feedback_signed_margin": 0.03227875000000002,
            "signed_margin_gain": 5.33666666668875e-06,
            "baseline_strict": true,
            "feedback_strict": true,
            "recovered": false,
            "lost": false,
            "preserved": true,
            "pair_success": true
          },
          {
            "scenario": "disturbance_m2_p_s12",
            "category": "disturbance",
            "controller_scale": 1.0,
            "baseline_signed_margin": 0.03037496999999989,
            "feedback_signed_margin": 0.03037496999999989,
            "signed_margin_gain": 0.0,
            "baseline_strict": true,
            "feedback_strict": true,
            "recovered": false,
            "lost": false,
            "preserved": true,
            "pair_success": true
          },
          {
            "scenario": "disturbance_m3_m_s08",
            "category": "disturbance",
            "controller_scale": 1.0,
            "baseline_signed_margin": 0.030186096666666717,
            "feedback_signed_margin": 0.030186596666666676,
            "signed_margin_gain": 4.999999999588667e-07,
            "baseline_strict": true,
            "feedback_strict": true,
            "recovered": false,
            "lost": false,
            "preserved": true,
            "pair_success": true
          },
          {
            "scenario": "disturbance_m3_p_s08",
            "category": "disturbance",
            "controller_scale": 1.0,
            "baseline_signed_margin": 0.030574013333333316,
            "feedback_signed_margin": 0.03056369999999997,
            "signed_margin_gain": -1.0313333333344943e-05,
            "baseline_strict": true,
            "feedback_strict": true,
            "recovered": false,
            "lost": false,
            "preserved": true,
            "pair_success": true
          },
          {
            "scenario": "nominal",
            "category": "nominal",
            "controller_scale": 1.0,
            "baseline_signed_margin": 0.030357773333333338,
            "feedback_signed_margin": 0.030357773333333338,
            "signed_margin_gain": 0.0,
            "baseline_strict": true,
            "feedback_strict": true,
            "recovered": false,
            "lost": false,
            "preserved": true,
            "pair_success": true
          },
          {
            "scenario": "target_Ip_m1000A",
            "category": "target",
            "controller_scale": 1.0,
            "baseline_signed_margin": 0.030357773333333338,
            "feedback_signed_margin": 0.030357773333333338,
            "signed_margin_gain": 0.0,
            "baseline_strict": true,
            "feedback_strict": true,
            "recovered": false,
            "lost": false,
            "preserved": true,
            "pair_success": true
          },
          {
            "scenario": "target_Ip_m500A",
            "category": "target",
            "controller_scale": 1.0,
            "baseline_signed_margin": 0.030357773333333338,
            "feedback_signed_margin": 0.030357773333333338,
            "signed_margin_gain": 0.0,
            "baseline_strict": true,
            "feedback_strict": true,
            "recovered": false,
            "lost": false,
            "preserved": true,
            "pair_success": true
          },
          {
            "scenario": "target_Ip_p1000A",
            "category": "target",
            "controller_scale": 1.0,
            "baseline_signed_margin": 0.030357773333333338,
            "feedback_signed_margin": 0.030357773333333338,
            "signed_margin_gain": 0.0,
            "baseline_strict": true,
            "feedback_strict": true,
            "recovered": false,
            "lost": false,
            "preserved": true,
            "pair_success": true
          },
          {
            "scenario": "target_Ip_p500A",
            "category": "target",
            "controller_scale": 1.0,
            "baseline_signed_margin": 0.030357773333333338,
            "feedback_signed_margin": 0.030357773333333338,
            "signed_margin_gain": 0.0,
            "baseline_strict": true,
            "feedback_strict": true,
            "recovered": false,
            "lost": false,
            "preserved": true,
            "pair_success": true
          },
          {
            "scenario": "target_RZ_m_m_5mm",
            "category": "target",
            "controller_scale": 1.0,
            "baseline_signed_margin": -0.13630889333333318,
            "feedback_signed_margin": -0.11291818666666664,
            "signed_margin_gain": 0.02339070666666654,
            "baseline_strict": false,
            "feedback_strict": false,
            "recovered": false,
            "lost": false,
            "preserved": false,
            "pair_success": true
          },
          {
            "scenario": "target_RZ_m_p_5mm",
            "category": "target",
            "controller_scale": 1.0,
            "baseline_signed_margin": 0.19702444000000008,
            "feedback_signed_margin": 0.18197896666666658,
            "signed_margin_gain": -0.015045473333333503,
            "baseline_strict": true,
            "feedback_strict": true,
            "recovered": false,
            "lost": false,
            "preserved": true,
            "pair_success": true
          },
          {
            "scenario": "target_RZ_p_m_5mm",
            "category": "target",
            "controller_scale": 1.0,
            "baseline_signed_margin": -0.13630889333333318,
            "feedback_signed_margin": -0.12481578333333321,
            "signed_margin_gain": 0.011493109999999973,
            "baseline_strict": false,
            "feedback_strict": false,
            "recovered": false,
            "lost": false,
            "preserved": false,
            "pair_success": true
          },
          {
            "scenario": "target_RZ_p_p_5mm",
            "category": "target",
            "controller_scale": 1.0,
            "baseline_signed_margin": -0.04584510000000175,
            "feedback_signed_margin": -0.022129166666666977,
            "signed_margin_gain": 0.02371593333333477,
            "baseline_strict": false,
            "feedback_strict": false,
            "recovered": false,
            "lost": false,
            "preserved": false,
            "pair_success": true
          },
          {
            "scenario": "target_R_m0p005m",
            "category": "target",
            "controller_scale": 1.0,
            "baseline_signed_margin": 0.030357773333333338,
            "feedback_signed_margin": 0.035453949999999956,
            "signed_margin_gain": 0.005096176666666619,
            "baseline_strict": true,
            "feedback_strict": true,
            "recovered": false,
            "lost": false,
            "preserved": true,
            "pair_success": true
          },
          {
            "scenario": "target_R_m0p010m",
            "category": "target",
            "controller_scale": 1.0,
            "baseline_signed_margin": 0.030357773333333338,
            "feedback_signed_margin": 0.039483253333333246,
            "signed_margin_gain": 0.009125479999999908,
            "baseline_strict": true,
            "feedback_strict": true,
            "recovered": false,
            "lost": false,
            "preserved": true,
            "pair_success": true
          },
          {
            "scenario": "target_R_p0p005m",
            "category": "target",
            "controller_scale": 1.0,
            "baseline_signed_margin": -0.04584510000000175,
            "feedback_signed_margin": -0.0255626666666684,
            "signed_margin_gain": 0.02028243333333335,
            "baseline_strict": false,
            "feedback_strict": false,
            "recovered": false,
            "lost": false,
            "preserved": false,
            "pair_success": true
          },
          {
            "scenario": "target_R_p0p010m",
            "category": "target",
            "controller_scale": 1.0,
            "baseline_signed_margin": -0.2125117666666685,
            "feedback_signed_margin": -0.17015159999999874,
            "signed_margin_gain": 0.04236016666666975,
            "baseline_strict": false,
            "feedback_strict": false,
            "recovered": false,
            "lost": false,
            "preserved": false,
            "pair_success": true
          },
          {
            "scenario": "target_Z_m0p001m",
            "category": "target",
            "controller_scale": 1.0,
            "baseline_signed_margin": -0.0029755600000000992,
            "feedback_signed_margin": 9.589666666653951e-05,
            "signed_margin_gain": 0.0030714566666666387,
            "baseline_strict": false,
            "feedback_strict": true,
            "recovered": true,
            "lost": false,
            "preserved": false,
            "pair_success": true
          },
          {
            "scenario": "target_Z_m0p002m",
            "category": "target",
            "controller_scale": 1.0,
            "baseline_signed_margin": -0.036308893333333314,
            "feedback_signed_margin": -0.029541189999999995,
            "signed_margin_gain": 0.006767703333333319,
            "baseline_strict": false,
            "feedback_strict": false,
            "recovered": false,
            "lost": false,
            "preserved": false,
            "pair_success": true
          },
          {
            "scenario": "target_Z_m0p005m",
            "category": "target",
            "controller_scale": 1.0,
            "baseline_signed_margin": -0.13630889333333318,
            "feedback_signed_margin": -0.11683561666666664,
            "signed_margin_gain": 0.01947327666666654,
            "baseline_strict": false,
            "feedback_strict": false,
            "recovered": false,
            "lost": false,
            "preserved": false,
            "pair_success": true
          },
          {
            "scenario": "target_Z_m0p010m",
            "category": "target",
            "controller_scale": 1.0,
            "baseline_signed_margin": -0.30297556000000014,
            "feedback_signed_margin": -0.2680068533333335,
            "signed_margin_gain": 0.03496870666666663,
            "baseline_strict": false,
            "feedback_strict": false,
            "recovered": false,
            "lost": false,
            "preserved": false,
            "pair_success": true
          },
          {
            "scenario": "target_Z_p0p001m",
            "category": "target",
            "controller_scale": 1.0,
            "baseline_signed_margin": 0.06369110666666666,
            "feedback_signed_margin": 0.060835056666666665,
            "signed_margin_gain": -0.002856049999999999,
            "baseline_strict": true,
            "feedback_strict": true,
            "recovered": false,
            "lost": false,
            "preserved": true,
            "pair_success": true
          },
          {
            "scenario": "target_Z_p0p002m",
            "category": "target",
            "controller_scale": 1.0,
            "baseline_signed_margin": 0.0970244400000001,
            "feedback_signed_margin": 0.09127315666666669,
            "signed_margin_gain": -0.005751283333333412,
            "baseline_strict": true,
            "feedback_strict": true,
            "recovered": false,
            "lost": false,
            "preserved": true,
            "pair_success": true
          },
          {
            "scenario": "target_Z_p0p005m",
            "category": "target",
            "controller_scale": 1.0,
            "baseline_signed_margin": 0.1208215666666651,
            "feedback_signed_margin": 0.124594399999999,
            "signed_margin_gain": 0.0037728333333338915,
            "baseline_strict": true,
            "feedback_strict": true,
            "recovered": false,
            "lost": false,
            "preserved": true,
            "pair_success": true
          },
          {
            "scenario": "target_Z_p0p010m",
            "category": "target",
            "controller_scale": 1.0,
            "baseline_signed_margin": 0.1208215666666651,
            "feedback_signed_margin": 0.12903816666666823,
            "signed_margin_gain": 0.008216600000003127,
            "baseline_strict": true,
            "feedback_strict": true,
            "recovered": false,
            "lost": false,
            "preserved": true,
            "pair_success": true
          }
        ],
        "n_nonnominal_scenarios": 32,
        "n_baseline_strict": 23,
        "n_feedback_strict": 24,
        "n_preserved": 23,
        "n_recovered": 1,
        "n_lost": 0,
        "nonnominal_strict_fraction": 0.75,
        "median_signed_margin_gain": 2.918333333323808e-06,
        "worst_baseline_signed_margin": -0.30297556000000014,
        "worst_feedback_signed_margin": -0.2680068533333335,
        "worst_case_signed_margin_gain": -0.015045473333333503,
        "nominal_strict": true,
        "all_required_rollouts_successful": true,
        "target_disturbance_feedback_validation_pass": false
      },
      "scale_summaries": [
        {
          "controller_scale": 0.5,
          "comparisons": [
            {
              "scenario": "disturbance_m1_m_s04",
              "category": "disturbance",
              "controller_scale": 0.5,
              "baseline_signed_margin": 0.02360465333333328,
              "feedback_signed_margin": 0.024543439999999972,
              "signed_margin_gain": 0.0009387866666666911,
              "baseline_strict": true,
              "feedback_strict": true,
              "recovered": false,
              "lost": false,
              "preserved": true,
              "pair_success": true
            },
            {
              "scenario": "disturbance_m1_m_s08",
              "category": "disturbance",
              "controller_scale": 0.5,
              "baseline_signed_margin": 0.02699636333333333,
              "feedback_signed_margin": 0.02737644666666661,
              "signed_margin_gain": 0.0003800833333332809,
              "baseline_strict": true,
              "feedback_strict": true,
              "recovered": false,
              "lost": false,
              "preserved": true,
              "pair_success": true
            },
            {
              "scenario": "disturbance_m1_m_s12",
              "category": "disturbance",
              "controller_scale": 0.5,
              "baseline_signed_margin": 0.03033503999999998,
              "feedback_signed_margin": 0.03033503999999998,
              "signed_margin_gain": 0.0,
              "baseline_strict": true,
              "feedback_strict": true,
              "recovered": false,
              "lost": false,
              "preserved": true,
              "pair_success": true
            },
            {
              "scenario": "disturbance_m1_p_s04",
              "category": "disturbance",
              "controller_scale": 0.5,
              "baseline_signed_margin": 0.03843017000000004,
              "feedback_signed_margin": 0.03725677999999999,
              "signed_margin_gain": -0.0011733900000000519,
              "baseline_strict": true,
              "feedback_strict": true,
              "recovered": false,
              "lost": false,
              "preserved": true,
              "pair_success": true
            },
            {
              "scenario": "disturbance_m1_p_s08",
              "category": "disturbance",
              "controller_scale": 0.5,
              "baseline_signed_margin": 0.032793506666666694,
              "feedback_signed_margin": 0.03278184000000006,
              "signed_margin_gain": -1.1666666666632075e-05,
              "baseline_strict": true,
              "feedback_strict": true,
              "recovered": false,
              "lost": false,
              "preserved": true,
              "pair_success": true
            },
            {
              "scenario": "disturbance_m1_p_s12",
              "category": "disturbance",
              "controller_scale": 0.5,
              "baseline_signed_margin": 0.030383843333333327,
              "feedback_signed_margin": 0.030383843333333327,
              "signed_margin_gain": 0.0,
              "baseline_strict": true,
              "feedback_strict": true,
              "recovered": false,
              "lost": false,
              "preserved": true,
              "pair_success": true
            },
            {
              "scenario": "disturbance_m2_m_s08",
              "category": "disturbance",
              "controller_scale": 0.5,
              "baseline_signed_margin": 0.02869856999999998,
              "feedback_signed_margin": 0.028703949999999923,
              "signed_margin_gain": 5.379999999943763e-06,
              "baseline_strict": true,
              "feedback_strict": true,
              "recovered": false,
              "lost": false,
              "preserved": true,
              "pair_success": true
            },
            {
              "scenario": "disturbance_m2_m_s12",
              "category": "disturbance",
              "controller_scale": 0.5,
              "baseline_signed_margin": 0.030341829999999903,
              "feedback_signed_margin": 0.030341829999999903,
              "signed_margin_gain": 0.0,
              "baseline_strict": true,
              "feedback_strict": true,
              "recovered": false,
              "lost": false,
              "preserved": true,
              "pair_success": true
            },
            {
              "scenario": "disturbance_m2_p_s08",
              "category": "disturbance",
              "controller_scale": 0.5,
              "baseline_signed_margin": 0.032273413333333334,
              "feedback_signed_margin": 0.0322637566666667,
              "signed_margin_gain": -9.656666666635338e-06,
              "baseline_strict": true,
              "feedback_strict": true,
              "recovered": false,
              "lost": false,
              "preserved": true,
              "pair_success": true
            },
            {
              "scenario": "disturbance_m2_p_s12",
              "category": "disturbance",
              "controller_scale": 0.5,
              "baseline_signed_margin": 0.03037496999999989,
              "feedback_signed_margin": 0.03037496999999989,
              "signed_margin_gain": 0.0,
              "baseline_strict": true,
              "feedback_strict": true,
              "recovered": false,
              "lost": false,
              "preserved": true,
              "pair_success": true
            },
            {
              "scenario": "disturbance_m3_m_s08",
              "category": "disturbance",
              "controller_scale": 0.5,
              "baseline_signed_margin": 0.030186096666666717,
              "feedback_signed_margin": 0.03018633000000004,
              "signed_margin_gain": 2.3333333332153927e-07,
              "baseline_strict": true,
              "feedback_strict": true,
              "recovered": false,
              "lost": false,
              "preserved": true,
              "pair_success": true
            },
            {
              "scenario": "disturbance_m3_p_s08",
              "category": "disturbance",
              "controller_scale": 0.5,
              "baseline_signed_margin": 0.030574013333333316,
              "feedback_signed_margin": 0.030573986666666553,
              "signed_margin_gain": -2.6666666763652813e-08,
              "baseline_strict": true,
              "feedback_strict": true,
              "recovered": false,
              "lost": false,
              "preserved": true,
              "pair_success": true
            },
            {
              "scenario": "nominal",
              "category": "nominal",
              "controller_scale": 0.5,
              "baseline_signed_margin": 0.030357773333333338,
              "feedback_signed_margin": 0.030357773333333338,
              "signed_margin_gain": 0.0,
              "baseline_strict": true,
              "feedback_strict": true,
              "recovered": false,
              "lost": false,
              "preserved": true,
              "pair_success": true
            },
            {
              "scenario": "target_Ip_m1000A",
              "category": "target",
              "controller_scale": 0.5,
              "baseline_signed_margin": 0.030357773333333338,
              "feedback_signed_margin": 0.030357773333333338,
              "signed_margin_gain": 0.0,
              "baseline_strict": true,
              "feedback_strict": true,
              "recovered": false,
              "lost": false,
              "preserved": true,
              "pair_success": true
            },
            {
              "scenario": "target_Ip_m500A",
              "category": "target",
              "controller_scale": 0.5,
              "baseline_signed_margin": 0.030357773333333338,
              "feedback_signed_margin": 0.030357773333333338,
              "signed_margin_gain": 0.0,
              "baseline_strict": true,
              "feedback_strict": true,
              "recovered": false,
              "lost": false,
              "preserved": true,
              "pair_success": true
            },
            {
              "scenario": "target_Ip_p1000A",
              "category": "target",
              "controller_scale": 0.5,
              "baseline_signed_margin": 0.030357773333333338,
              "feedback_signed_margin": 0.030357773333333338,
              "signed_margin_gain": 0.0,
              "baseline_strict": true,
              "feedback_strict": true,
              "recovered": false,
              "lost": false,
              "preserved": true,
              "pair_success": true
            },
            {
              "scenario": "target_Ip_p500A",
              "category": "target",
              "controller_scale": 0.5,
              "baseline_signed_margin": 0.030357773333333338,
              "feedback_signed_margin": 0.030357773333333338,
              "signed_margin_gain": 0.0,
              "baseline_strict": true,
              "feedback_strict": true,
              "recovered": false,
              "lost": false,
              "preserved": true,
              "pair_success": true
            },
            {
              "scenario": "target_RZ_m_m_5mm",
              "category": "target",
              "controller_scale": 0.5,
              "baseline_signed_margin": -0.13630889333333318,
              "feedback_signed_margin": -0.12396821000000013,
              "signed_margin_gain": 0.012340683333333047,
              "baseline_strict": false,
              "feedback_strict": false,
              "recovered": false,
              "lost": false,
              "preserved": false,
              "pair_success": true
            },
            {
              "scenario": "target_RZ_m_p_5mm",
              "category": "target",
              "controller_scale": 0.5,
              "baseline_signed_margin": 0.19702444000000008,
              "feedback_signed_margin": 0.18852432333333335,
              "signed_margin_gain": -0.008500116666666724,
              "baseline_strict": true,
              "feedback_strict": true,
              "recovered": false,
              "lost": false,
              "preserved": true,
              "pair_success": true
            },
            {
              "scenario": "target_RZ_p_m_5mm",
              "category": "target",
              "controller_scale": 0.5,
              "baseline_signed_margin": -0.13630889333333318,
              "feedback_signed_margin": -0.13001821666666658,
              "signed_margin_gain": 0.006290676666666606,
              "baseline_strict": false,
              "feedback_strict": false,
              "recovered": false,
              "lost": false,
              "preserved": false,
              "pair_success": true
            },
            {
              "scenario": "target_RZ_p_p_5mm",
              "category": "target",
              "controller_scale": 0.5,
              "baseline_signed_margin": -0.04584510000000175,
              "feedback_signed_margin": -0.02574560000000181,
              "signed_margin_gain": 0.020099499999999937,
              "baseline_strict": false,
              "feedback_strict": false,
              "recovered": false,
              "lost": false,
              "preserved": false,
              "pair_success": true
            },
            {
              "scenario": "target_R_m0p005m",
              "category": "target",
              "controller_scale": 0.5,
              "baseline_signed_margin": 0.030357773333333338,
              "feedback_signed_margin": 0.033052983333333286,
              "signed_margin_gain": 0.002695209999999948,
              "baseline_strict": true,
              "feedback_strict": true,
              "recovered": false,
              "lost": false,
              "preserved": true,
              "pair_success": true
            },
            {
              "scenario": "target_R_m0p010m",
              "category": "target",
              "controller_scale": 0.5,
              "baseline_signed_margin": 0.030357773333333338,
              "feedback_signed_margin": 0.03706884999999993,
              "signed_margin_gain": 0.006711076666666593,
              "baseline_strict": true,
              "feedback_strict": true,
              "recovered": false,
              "lost": false,
              "preserved": true,
              "pair_success": true
            },
            {
              "scenario": "target_R_p0p005m",
              "category": "target",
              "controller_scale": 0.5,
              "baseline_signed_margin": -0.04584510000000175,
              "feedback_signed_margin": -0.029765466666665574,
              "signed_margin_gain": 0.016079633333336174,
              "baseline_strict": false,
              "feedback_strict": false,
              "recovered": false,
              "lost": false,
              "preserved": false,
              "pair_success": true
            },
            {
              "scenario": "target_R_p0p010m",
              "category": "target",
              "controller_scale": 0.5,
              "baseline_signed_margin": -0.2125117666666685,
              "feedback_signed_margin": -0.18037003333333335,
              "signed_margin_gain": 0.03214173333333514,
              "baseline_strict": false,
              "feedback_strict": false,
              "recovered": false,
              "lost": false,
              "preserved": false,
              "pair_success": true
            },
            {
              "scenario": "target_Z_m0p001m",
              "category": "target",
              "controller_scale": 0.5,
              "baseline_signed_margin": -0.0029755600000000992,
              "feedback_signed_margin": -0.000794656666666782,
              "signed_margin_gain": 0.002180903333333317,
              "baseline_strict": false,
              "feedback_strict": false,
              "recovered": false,
              "lost": false,
              "preserved": false,
              "pair_success": true
            },
            {
              "scenario": "target_Z_m0p002m",
              "category": "target",
              "controller_scale": 0.5,
              "baseline_signed_margin": -0.036308893333333314,
              "feedback_signed_margin": -0.03293117000000012,
              "signed_margin_gain": 0.0033777233333331935,
              "baseline_strict": false,
              "feedback_strict": false,
              "recovered": false,
              "lost": false,
              "preserved": false,
              "pair_success": true
            },
            {
              "scenario": "target_Z_m0p005m",
              "category": "target",
              "controller_scale": 0.5,
              "baseline_signed_margin": -0.13630889333333318,
              "feedback_signed_margin": -0.12247866333333324,
              "signed_margin_gain": 0.013830229999999943,
              "baseline_strict": false,
              "feedback_strict": false,
              "recovered": false,
              "lost": false,
              "preserved": false,
              "pair_success": true
            },
            {
              "scenario": "target_Z_m0p010m",
              "category": "target",
              "controller_scale": 0.5,
              "baseline_signed_margin": -0.30297556000000014,
              "feedback_signed_margin": -0.28096381000000004,
              "signed_margin_gain": 0.022011750000000108,
              "baseline_strict": false,
              "feedback_strict": false,
              "recovered": false,
              "lost": false,
              "preserved": false,
              "pair_success": true
            },
            {
              "scenario": "target_Z_p0p001m",
              "category": "target",
              "controller_scale": 0.5,
              "baseline_signed_margin": 0.06369110666666666,
              "feedback_signed_margin": 0.06147558333333336,
              "signed_margin_gain": -0.0022155233333333024,
              "baseline_strict": true,
              "feedback_strict": true,
              "recovered": false,
              "lost": false,
              "preserved": true,
              "pair_success": true
            },
            {
              "scenario": "target_Z_p0p002m",
              "category": "target",
              "controller_scale": 0.5,
              "baseline_signed_margin": 0.0970244400000001,
              "feedback_signed_margin": 0.09312262999999998,
              "signed_margin_gain": -0.0039018100000001166,
              "baseline_strict": true,
              "feedback_strict": true,
              "recovered": false,
              "lost": false,
              "preserved": true,
              "pair_success": true
            },
            {
              "scenario": "target_Z_p0p005m",
              "category": "target",
              "controller_scale": 0.5,
              "baseline_signed_margin": 0.1208215666666651,
              "feedback_signed_margin": 0.12472539999999843,
              "signed_margin_gain": 0.0039038333333333286,
              "baseline_strict": true,
              "feedback_strict": true,
              "recovered": false,
              "lost": false,
              "preserved": true,
              "pair_success": true
            },
            {
              "scenario": "target_Z_p0p010m",
              "category": "target",
              "controller_scale": 0.5,
              "baseline_signed_margin": 0.1208215666666651,
              "feedback_signed_margin": 0.12755616666666747,
              "signed_margin_gain": 0.0067346000000023665,
              "baseline_strict": true,
              "feedback_strict": true,
              "recovered": false,
              "lost": false,
              "preserved": true,
              "pair_success": true
            }
          ],
          "n_nonnominal_scenarios": 32,
          "n_baseline_strict": 23,
          "n_feedback_strict": 23,
          "n_preserved": 23,
          "n_recovered": 0,
          "n_lost": 0,
          "nonnominal_strict_fraction": 0.71875,
          "median_signed_margin_gain": 2.806666666632651e-06,
          "worst_baseline_signed_margin": -0.30297556000000014,
          "worst_feedback_signed_margin": -0.28096381000000004,
          "worst_case_signed_margin_gain": -0.008500116666666724,
          "nominal_strict": true,
          "all_required_rollouts_successful": true,
          "target_disturbance_feedback_validation_pass": false
        },
        {
          "controller_scale": 1.0,
          "comparisons": [
            {
              "scenario": "disturbance_m1_m_s04",
              "category": "disturbance",
              "controller_scale": 1.0,
              "baseline_signed_margin": 0.02360465333333328,
              "feedback_signed_margin": 0.024717373333333237,
              "signed_margin_gain": 0.001112719999999956,
              "baseline_strict": true,
              "feedback_strict": true,
              "recovered": false,
              "lost": false,
              "preserved": true,
              "pair_success": true
            },
            {
              "scenario": "disturbance_m1_m_s08",
              "category": "disturbance",
              "controller_scale": 1.0,
              "baseline_signed_margin": 0.02699636333333333,
              "feedback_signed_margin": 0.027389429999999937,
              "signed_margin_gain": 0.0003930666666666083,
              "baseline_strict": true,
              "feedback_strict": true,
              "recovered": false,
              "lost": false,
              "preserved": true,
              "pair_success": true
            },
            {
              "scenario": "disturbance_m1_m_s12",
              "category": "disturbance",
              "controller_scale": 1.0,
              "baseline_signed_margin": 0.03033503999999998,
              "feedback_signed_margin": 0.03033503999999998,
              "signed_margin_gain": 0.0,
              "baseline_strict": true,
              "feedback_strict": true,
              "recovered": false,
              "lost": false,
              "preserved": true,
              "pair_success": true
            },
            {
              "scenario": "disturbance_m1_p_s04",
              "category": "disturbance",
              "controller_scale": 1.0,
              "baseline_signed_margin": 0.03843017000000004,
              "feedback_signed_margin": 0.03664280666666664,
              "signed_margin_gain": -0.0017873633333334027,
              "baseline_strict": true,
              "feedback_strict": true,
              "recovered": false,
              "lost": false,
              "preserved": true,
              "pair_success": true
            },
            {
              "scenario": "disturbance_m1_p_s08",
              "category": "disturbance",
              "controller_scale": 1.0,
              "baseline_signed_margin": 0.032793506666666694,
              "feedback_signed_margin": 0.03275851333333335,
              "signed_margin_gain": -3.499333333334409e-05,
              "baseline_strict": true,
              "feedback_strict": true,
              "recovered": false,
              "lost": false,
              "preserved": true,
              "pair_success": true
            },
            {
              "scenario": "disturbance_m1_p_s12",
              "category": "disturbance",
              "controller_scale": 1.0,
              "baseline_signed_margin": 0.030383843333333327,
              "feedback_signed_margin": 0.030383843333333327,
              "signed_margin_gain": 0.0,
              "baseline_strict": true,
              "feedback_strict": true,
              "recovered": false,
              "lost": false,
              "preserved": true,
              "pair_success": true
            },
            {
              "scenario": "disturbance_m2_m_s08",
              "category": "disturbance",
              "controller_scale": 1.0,
              "baseline_signed_margin": 0.02869856999999998,
              "feedback_signed_margin": 0.028697663333333234,
              "signed_margin_gain": -9.066666667445489e-07,
              "baseline_strict": true,
              "feedback_strict": true,
              "recovered": false,
              "lost": false,
              "preserved": true,
              "pair_success": true
            },
            {
              "scenario": "disturbance_m2_m_s12",
              "category": "disturbance",
              "controller_scale": 1.0,
              "baseline_signed_margin": 0.030341829999999903,
              "feedback_signed_margin": 0.030341829999999903,
              "signed_margin_gain": 0.0,
              "baseline_strict": true,
              "feedback_strict": true,
              "recovered": false,
              "lost": false,
              "preserved": true,
              "pair_success": true
            },
            {
              "scenario": "disturbance_m2_p_s08",
              "category": "disturbance",
              "controller_scale": 1.0,
              "baseline_signed_margin": 0.032273413333333334,
              "feedback_signed_margin": 0.03227875000000002,
              "signed_margin_gain": 5.33666666668875e-06,
              "baseline_strict": true,
              "feedback_strict": true,
              "recovered": false,
              "lost": false,
              "preserved": true,
              "pair_success": true
            },
            {
              "scenario": "disturbance_m2_p_s12",
              "category": "disturbance",
              "controller_scale": 1.0,
              "baseline_signed_margin": 0.03037496999999989,
              "feedback_signed_margin": 0.03037496999999989,
              "signed_margin_gain": 0.0,
              "baseline_strict": true,
              "feedback_strict": true,
              "recovered": false,
              "lost": false,
              "preserved": true,
              "pair_success": true
            },
            {
              "scenario": "disturbance_m3_m_s08",
              "category": "disturbance",
              "controller_scale": 1.0,
              "baseline_signed_margin": 0.030186096666666717,
              "feedback_signed_margin": 0.030186596666666676,
              "signed_margin_gain": 4.999999999588667e-07,
              "baseline_strict": true,
              "feedback_strict": true,
              "recovered": false,
              "lost": false,
              "preserved": true,
              "pair_success": true
            },
            {
              "scenario": "disturbance_m3_p_s08",
              "category": "disturbance",
              "controller_scale": 1.0,
              "baseline_signed_margin": 0.030574013333333316,
              "feedback_signed_margin": 0.03056369999999997,
              "signed_margin_gain": -1.0313333333344943e-05,
              "baseline_strict": true,
              "feedback_strict": true,
              "recovered": false,
              "lost": false,
              "preserved": true,
              "pair_success": true
            },
            {
              "scenario": "nominal",
              "category": "nominal",
              "controller_scale": 1.0,
              "baseline_signed_margin": 0.030357773333333338,
              "feedback_signed_margin": 0.030357773333333338,
              "signed_margin_gain": 0.0,
              "baseline_strict": true,
              "feedback_strict": true,
              "recovered": false,
              "lost": false,
              "preserved": true,
              "pair_success": true
            },
            {
              "scenario": "target_Ip_m1000A",
              "category": "target",
              "controller_scale": 1.0,
              "baseline_signed_margin": 0.030357773333333338,
              "feedback_signed_margin": 0.030357773333333338,
              "signed_margin_gain": 0.0,
              "baseline_strict": true,
              "feedback_strict": true,
              "recovered": false,
              "lost": false,
              "preserved": true,
              "pair_success": true
            },
            {
              "scenario": "target_Ip_m500A",
              "category": "target",
              "controller_scale": 1.0,
              "baseline_signed_margin": 0.030357773333333338,
              "feedback_signed_margin": 0.030357773333333338,
              "signed_margin_gain": 0.0,
              "baseline_strict": true,
              "feedback_strict": true,
              "recovered": false,
              "lost": false,
              "preserved": true,
              "pair_success": true
            },
            {
              "scenario": "target_Ip_p1000A",
              "category": "target",
              "controller_scale": 1.0,
              "baseline_signed_margin": 0.030357773333333338,
              "feedback_signed_margin": 0.030357773333333338,
              "signed_margin_gain": 0.0,
              "baseline_strict": true,
              "feedback_strict": true,
              "recovered": false,
              "lost": false,
              "preserved": true,
              "pair_success": true
            },
            {
              "scenario": "target_Ip_p500A",
              "category": "target",
              "controller_scale": 1.0,
              "baseline_signed_margin": 0.030357773333333338,
              "feedback_signed_margin": 0.030357773333333338,
              "signed_margin_gain": 0.0,
              "baseline_strict": true,
              "feedback_strict": true,
              "recovered": false,
              "lost": false,
              "preserved": true,
              "pair_success": true
            },
            {
              "scenario": "target_RZ_m_m_5mm",
              "category": "target",
              "controller_scale": 1.0,
              "baseline_signed_margin": -0.13630889333333318,
              "feedback_signed_margin": -0.11291818666666664,
              "signed_margin_gain": 0.02339070666666654,
              "baseline_strict": false,
              "feedback_strict": false,
              "recovered": false,
              "lost": false,
              "preserved": false,
              "pair_success": true
            },
            {
              "scenario": "target_RZ_m_p_5mm",
              "category": "target",
              "controller_scale": 1.0,
              "baseline_signed_margin": 0.19702444000000008,
              "feedback_signed_margin": 0.18197896666666658,
              "signed_margin_gain": -0.015045473333333503,
              "baseline_strict": true,
              "feedback_strict": true,
              "recovered": false,
              "lost": false,
              "preserved": true,
              "pair_success": true
            },
            {
              "scenario": "target_RZ_p_m_5mm",
              "category": "target",
              "controller_scale": 1.0,
              "baseline_signed_margin": -0.13630889333333318,
              "feedback_signed_margin": -0.12481578333333321,
              "signed_margin_gain": 0.011493109999999973,
              "baseline_strict": false,
              "feedback_strict": false,
              "recovered": false,
              "lost": false,
              "preserved": false,
              "pair_success": true
            },
            {
              "scenario": "target_RZ_p_p_5mm",
              "category": "target",
              "controller_scale": 1.0,
              "baseline_signed_margin": -0.04584510000000175,
              "feedback_signed_margin": -0.022129166666666977,
              "signed_margin_gain": 0.02371593333333477,
              "baseline_strict": false,
              "feedback_strict": false,
              "recovered": false,
              "lost": false,
              "preserved": false,
              "pair_success": true
            },
            {
              "scenario": "target_R_m0p005m",
              "category": "target",
              "controller_scale": 1.0,
              "baseline_signed_margin": 0.030357773333333338,
              "feedback_signed_margin": 0.035453949999999956,
              "signed_margin_gain": 0.005096176666666619,
              "baseline_strict": true,
              "feedback_strict": true,
              "recovered": false,
              "lost": false,
              "preserved": true,
              "pair_success": true
            },
            {
              "scenario": "target_R_m0p010m",
              "category": "target",
              "controller_scale": 1.0,
              "baseline_signed_margin": 0.030357773333333338,
              "feedback_signed_margin": 0.039483253333333246,
              "signed_margin_gain": 0.009125479999999908,
              "baseline_strict": true,
              "feedback_strict": true,
              "recovered": false,
              "lost": false,
              "preserved": true,
              "pair_success": true
            },
            {
              "scenario": "target_R_p0p005m",
              "category": "target",
              "controller_scale": 1.0,
              "baseline_signed_margin": -0.04584510000000175,
              "feedback_signed_margin": -0.0255626666666684,
              "signed_margin_gain": 0.02028243333333335,
              "baseline_strict": false,
              "feedback_strict": false,
              "recovered": false,
              "lost": false,
              "preserved": false,
              "pair_success": true
            },
            {
              "scenario": "target_R_p0p010m",
              "category": "target",
              "controller_scale": 1.0,
              "baseline_signed_margin": -0.2125117666666685,
              "feedback_signed_margin": -0.17015159999999874,
              "signed_margin_gain": 0.04236016666666975,
              "baseline_strict": false,
              "feedback_strict": false,
              "recovered": false,
              "lost": false,
              "preserved": false,
              "pair_success": true
            },
            {
              "scenario": "target_Z_m0p001m",
              "category": "target",
              "controller_scale": 1.0,
              "baseline_signed_margin": -0.0029755600000000992,
              "feedback_signed_margin": 9.589666666653951e-05,
              "signed_margin_gain": 0.0030714566666666387,
              "baseline_strict": false,
              "feedback_strict": true,
              "recovered": true,
              "lost": false,
              "preserved": false,
              "pair_success": true
            },
            {
              "scenario": "target_Z_m0p002m",
              "category": "target",
              "controller_scale": 1.0,
              "baseline_signed_margin": -0.036308893333333314,
              "feedback_signed_margin": -0.029541189999999995,
              "signed_margin_gain": 0.006767703333333319,
              "baseline_strict": false,
              "feedback_strict": false,
              "recovered": false,
              "lost": false,
              "preserved": false,
              "pair_success": true
            },
            {
              "scenario": "target_Z_m0p005m",
              "category": "target",
              "controller_scale": 1.0,
              "baseline_signed_margin": -0.13630889333333318,
              "feedback_signed_margin": -0.11683561666666664,
              "signed_margin_gain": 0.01947327666666654,
              "baseline_strict": false,
              "feedback_strict": false,
              "recovered": false,
              "lost": false,
              "preserved": false,
              "pair_success": true
            },
            {
              "scenario": "target_Z_m0p010m",
              "category": "target",
              "controller_scale": 1.0,
              "baseline_signed_margin": -0.30297556000000014,
              "feedback_signed_margin": -0.2680068533333335,
              "signed_margin_gain": 0.03496870666666663,
              "baseline_strict": false,
              "feedback_strict": false,
              "recovered": false,
              "lost": false,
              "preserved": false,
              "pair_success": true
            },
            {
              "scenario": "target_Z_p0p001m",
              "category": "target",
              "controller_scale": 1.0,
              "baseline_signed_margin": 0.06369110666666666,
              "feedback_signed_margin": 0.060835056666666665,
              "signed_margin_gain": -0.002856049999999999,
              "baseline_strict": true,
              "feedback_strict": true,
              "recovered": false,
              "lost": false,
              "preserved": true,
              "pair_success": true
            },
            {
              "scenario": "target_Z_p0p002m",
              "category": "target",
              "controller_scale": 1.0,
              "baseline_signed_margin": 0.0970244400000001,
              "feedback_signed_margin": 0.09127315666666669,
              "signed_margin_gain": -0.005751283333333412,
              "baseline_strict": true,
              "feedback_strict": true,
              "recovered": false,
              "lost": false,
              "preserved": true,
              "pair_success": true
            },
            {
              "scenario": "target_Z_p0p005m",
              "category": "target",
              "controller_scale": 1.0,
              "baseline_signed_margin": 0.1208215666666651,
              "feedback_signed_margin": 0.124594399999999,
              "signed_margin_gain": 0.0037728333333338915,
              "baseline_strict": true,
              "feedback_strict": true,
              "recovered": false,
              "lost": false,
              "preserved": true,
              "pair_success": true
            },
            {
              "scenario": "target_Z_p0p010m",
              "category": "target",
              "controller_scale": 1.0,
              "baseline_signed_margin": 0.1208215666666651,
              "feedback_signed_margin": 0.12903816666666823,
              "signed_margin_gain": 0.008216600000003127,
              "baseline_strict": true,
              "feedback_strict": true,
              "recovered": false,
              "lost": false,
              "preserved": true,
              "pair_success": true
            }
          ],
          "n_nonnominal_scenarios": 32,
          "n_baseline_strict": 23,
          "n_feedback_strict": 24,
          "n_preserved": 23,
          "n_recovered": 1,
          "n_lost": 0,
          "nonnominal_strict_fraction": 0.75,
          "median_signed_margin_gain": 2.918333333323808e-06,
          "worst_baseline_signed_margin": -0.30297556000000014,
          "worst_feedback_signed_margin": -0.2680068533333335,
          "worst_case_signed_margin_gain": -0.015045473333333503,
          "nominal_strict": true,
          "all_required_rollouts_successful": true,
          "target_disturbance_feedback_validation_pass": false
        }
      ],
      "target_disturbance_feedback_validated": false,
      "online_feedback_validated": false,
      "initial_state_robustness_validated": false,
      "plant_parameter_robustness_validated": false,
      "robustness_validated": false,
      "scope_warning": "The validation covers one initial state, configured target shifts, and injected mode disturbances. It does not establish robustness to initial-state, plant-parameter, noise, or delay variation."
    },
    "feedback_confirmation": {
      "schema_version": 1,
      "stage": "Stage3.2",
      "created_utc": "20260723_083539",
      "selected_controller_scale": 1.0,
      "all_scenarios_confirmed_strict": false,
      "scenario_summaries": [
        {
          "scenario": "nominal",
          "category": "nominal",
          "repeats": 2,
          "successful_repeats": 2,
          "all_repeats_strict_gate": true,
          "worst_signed_margin": 0.030357773333333338
        },
        {
          "scenario": "target_Z_m0p010m",
          "category": "target",
          "repeats": 2,
          "successful_repeats": 2,
          "all_repeats_strict_gate": false,
          "worst_signed_margin": -0.2680068533333335
        },
        {
          "scenario": "target_R_p0p010m",
          "category": "target",
          "repeats": 2,
          "successful_repeats": 2,
          "all_repeats_strict_gate": false,
          "worst_signed_margin": -0.17015159999999874
        },
        {
          "scenario": "target_RZ_p_m_5mm",
          "category": "target",
          "repeats": 2,
          "successful_repeats": 2,
          "all_repeats_strict_gate": false,
          "worst_signed_margin": -0.12481578333333321
        },
        {
          "scenario": "target_Z_m0p005m",
          "category": "target",
          "repeats": 2,
          "successful_repeats": 2,
          "all_repeats_strict_gate": false,
          "worst_signed_margin": -0.11683561666666664
        },
        {
          "scenario": "target_RZ_m_m_5mm",
          "category": "target",
          "repeats": 2,
          "successful_repeats": 2,
          "all_repeats_strict_gate": false,
          "worst_signed_margin": -0.11291818666666664
        },
        {
          "scenario": "target_Z_m0p002m",
          "category": "target",
          "repeats": 2,
          "successful_repeats": 2,
          "all_repeats_strict_gate": false,
          "worst_signed_margin": -0.029541189999999995
        },
        {
          "scenario": "target_R_p0p005m",
          "category": "target",
          "repeats": 2,
          "successful_repeats": 2,
          "all_repeats_strict_gate": false,
          "worst_signed_margin": -0.0255626666666684
        }
      ]
    },
    "online_feedback_validated": false,
    "initial_state_robustness_validated": false,
    "plant_parameter_robustness_validated": false,
    "robustness_validated": false,
    "final_task_warning": "Stage3.2 does not validate different initial states, plant parameters, noise, delay, or discharge-scale hold. It is not the final robust controller and does not justify replacing causal feedback with residual RL."
  },
  "online_feedback_validated": false,
  "initial_state_robustness_validated": false,
  "plant_parameter_robustness_validated": false,
  "robustness_validated": false,
  "final_task": "robust causal feedback across initial states, targets, plant uncertainty, noise, and delay",
  "report": "/home/yangshen0711/tsc_all/tsc_rzip_rllib/stage3_2_runs/stage3_2_svd3_margin_long_hold_causal_mpc_250ms_20260722_073932/STAGE3_2_REPORT.md"
}
{
  "schema_version": 1,
  "stage": "Stage3.2",
  "created_utc": "20260723_083546",
  "source_stage3_1_run": "/home/yangshen0711/tsc_all/tsc_rzip_rllib/stage3_1_runs/stage3_1_svd3_adaptive_sqp_causal_mpc_150ms_20260722_013158",
  "source_strict_candidates": 46,
  "n_new_evaluations": 810,
  "n_new_successful": 810,
  "n_new_150ms_strict": 324,
  "n_new_long_hold_strict": 314,
  "n_new_long_hold_relaxed": 444,
  "phase_counts": [
    {
      "phase": "controller_round_000_probes",
      "n_rows": 150,
      "n_successful": 150,
      "n_strict": 150,
      "n_relaxed": 150,
      "best_signed_margin": 0.031981773333333297
    },
    {
      "phase": "extension_screen",
      "n_rows": 48,
      "n_successful": 48,
      "n_strict": 0,
      "n_relaxed": 6,
      "best_signed_margin": -0.06842920999999991
    },
    {
      "phase": "hold_round_000_probes",
      "n_rows": 120,
      "n_successful": 120,
      "n_strict": 0,
      "n_relaxed": 120,
      "best_signed_margin": -0.06497945000000005
    },
    {
      "phase": "hold_round_000_proposals",
      "n_rows": 24,
      "n_successful": 24,
      "n_strict": 20,
      "n_relaxed": 24,
      "best_signed_margin": 0.02433415333333333
    },
    {
      "phase": "hold_round_001_probes",
      "n_rows": 120,
      "n_successful": 120,
      "n_strict": 120,
      "n_relaxed": 120,
      "best_signed_margin": 0.025347149999999874
    },
    {
      "phase": "hold_round_001_proposals",
      "n_rows": 24,
      "n_successful": 24,
      "n_strict": 24,
      "n_relaxed": 24,
      "best_signed_margin": 0.030357773333333338
    },
    {
      "phase": "margin_round_000_probes",
      "n_rows": 84,
      "n_successful": 84,
      "n_strict": 84,
      "n_relaxed": 84,
      "best_signed_margin": 0.029030069999999908
    },
    {
      "phase": "margin_round_000_proposals",
      "n_rows": 24,
      "n_successful": 24,
      "n_strict": 24,
      "n_relaxed": 24,
      "best_signed_margin": 0.02920206999999997
    },
    {
      "phase": "margin_round_001_probes",
      "n_rows": 84,
      "n_successful": 84,
      "n_strict": 84,
      "n_relaxed": 84,
      "best_signed_margin": 0.03006014333333329
    },
    {
      "phase": "margin_round_001_proposals",
      "n_rows": 24,
      "n_successful": 24,
      "n_strict": 24,
      "n_relaxed": 24,
      "best_signed_margin": 0.029529189999999983
    },
    {
      "phase": "margin_round_002_probes",
      "n_rows": 84,
      "n_successful": 84,
      "n_strict": 84,
      "n_relaxed": 84,
      "best_signed_margin": 0.030616140000000014
    },
    {
      "phase": "margin_round_002_proposals",
      "n_rows": 24,
      "n_successful": 24,
      "n_strict": 24,
      "n_relaxed": 24,
      "best_signed_margin": 0.030279183333333348
    }
  ],
  "best_margin": {
    "stage": "Stage3.2",
    "phase": "margin_round_002_probes",
    "candidate_id": "s32mr002p_60561a966014cce4",
    "source_name": "center0_v3_1",
    "source_type": "real_tsc_fd_probe",
    "parent_candidate_id": "s32mr001p_ab1dff8ddf4e904e",
    "source_stage3_1_candidate_id": "s31r999p_6de147eb9cfd6186",
    "full_control_vector": [
      2.3705445176467634,
      1.218059178969841,
      0.480262669915016,
      1.7873853428013768,
      1.5319834441862021,
      0.28986020499887877,
      1.2042261679559902,
      1.8459077094025633,
      0.09945774008274161,
      0.4058699528127642,
      1.9547204162635479,
      -0.11886421791327684,
      -0.3924862623304618,
      2.0635331231245324,
      -0.3371861759092953,
      -0.5941020377973161,
      0.3930469031369952,
      -0.12278921244095856,
      -0.7957178132641703,
      -1.277439316850542,
      0.09160775102737818,
      -0.6965096927821501,
      -0.7906720433597355,
      0.11758864223165101,
      0.2876434276998702,
      0.572040230131071,
      0.18747878343592358,
      0.73732404818189,
      1.6322800036218754,
      -0.01384070035980308,
      0.12806661553497395,
      0.2509908399311615,
      0.05900843609612033,
      -0.8689019269553486,
      -1.3613055953182878,
      0.7449068669037617,
      -0.21198628928047197,
      -0.16391496554601098,
      0.5999209209163072,
      0.03205893373294061,
      -0.2027650000000008,
      0.22559641495695462,
      0.02145564202421857,
      -0.5448859878787722,
      0.37685390377494327,
      -0.2785443579757814,
      -0.8448859878787722,
      0.3086456620311949,
      -0.2785443579757814,
      -0.8448859878787722,
      0.3086456620311949,
      -0.2785443579757814,
      -0.8448859878787722,
      0.3086456620311949,
      -0.2785443579757814,
      -0.8448859878787722,
      0.3086456620311949,
      -0.2785443579757814,
      -0.8448859878787722,
      0.3086456620311949,
      -0.2785443579757814,
      -0.8448859878787722,
      0.3086456620311949,
      -0.2785443579757814,
      -0.8448859878787722,
      0.3086456620311949,
      -0.2785443579757814,
      -0.8448859878787722,
      0.3086456620311949,
      -0.2785443579757814,
      -0.8448859878787722,
      0.3086456620311949,
      -0.2785443579757814,
      -0.8448859878787722,
      0.3086456620311949
    ],
    "margin_control_vector": [
      0.2876434276998702,
      0.572040230131071,
      0.18747878343592358,
      0.73732404818189,
      1.6322800036218754,
      -0.01384070035980308,
      0.12806661553497395,
      0.2509908399311615,
      0.05900843609612033,
      -0.8689019269553486,
      -1.3613055953182878,
      0.7449068669037617,
      -0.21198628928047197,
      -0.16391496554601098,
      0.5999209209163072,
      0.03205893373294061,
      -0.2027650000000008,
      0.22559641495695462,
      0.02145564202421857,
      -0.5448859878787722,
      0.37685390377494327
    ],
    "hold_control_vector": [
      -0.2785443579757814,
      -0.8448859878787722,
      0.3086456620311949,
      -0.2785443579757814,
      -0.8448859878787722,
      0.3086456620311949,
      -0.2785443579757814,
      -0.8448859878787722,
      0.3086456620311949,
      -0.2785443579757814,
      -0.8448859878787722,
      0.3086456620311949,
      -0.2785443579757814,
      -0.8448859878787722,
      0.3086456620311949,
      -0.2785443579757814,
      -0.8448859878787722,
      0.3086456620311949,
      -0.2785443579757814,
      -0.8448859878787722,
      0.3086456620311949,
      -0.2785443579757814,
      -0.8448859878787722,
      0.3086456620311949,
      -0.2785443579757814,
      -0.8448859878787722,
      0.3086456620311949,
      -0.2785443579757814,
      -0.8448859878787722,
      0.3086456620311949
    ],
    "probe_center_candidate_id": "s32mr001p_ab1dff8ddf4e904e",
    "probe_center_index": 0,
    "probe_variable_local_index": 3,
    "probe_variable_full_index": 27,
    "probe_step": 9,
    "probe_mode": 0,
    "probe_slot": 1,
    "probe_scheme": "two_sided",
    "probe_requested_delta": 0.013,
    "probe_actual_delta": 0.013000000000000012,
    "population_index": 7,
    "result_relpath": "stage3_2_margin_evaluations/round_002_probes/s32mr002p_60561a966014cce4.json.gz",
    "success": true,
    "failure_reason": "",
    "n_trajectory_steps": 16,
    "terminal_R_error_m": -0.02557518000000003,
    "terminal_Z_error_m": 0.0283488403,
    "terminal_Ip_error_A": 78.1037000000033,
    "terminal_RZ_euclidean_error_m": 0.03818044759280993,
    "terminal_RZ_box_max_error_m": 0.0283488403,
    "terminal_velocity_m_per_s": 0.020146686885443243,
    "late_velocity_rms_m_per_s": 0.07002570378012739,
    "max_velocity_m_per_s": 0.6492383287639514,
    "max_current_utilization": 0.41409999999999997,
    "trailing_streak_within_30mm_steps": 4,
    "trailing_streak_within_40mm_steps": 16,
    "strict_gate_pass": true,
    "relaxed_gate_pass": true,
    "gate_label": "PASS_PRECISE_MARGIN_30MM_120_150MS",
    "stage3_2_horizon_steps": 15,
    "stage3_2_earliest_strict_arrival_step": 14,
    "stage3_2_earliest_strict_arrival_ms": 140,
    "stage3_2_earliest_relaxed_arrival_step": 12,
    "stage3_2_earliest_relaxed_arrival_ms": 120,
    "stage3_2_gate_endpoint_step": 14,
    "stage3_2_gate_endpoint_ms": 140,
    "stage3_2_best_endpoint_step": 15,
    "stage3_2_best_endpoint_ms": 150,
    "stage3_2_window_start_step": 13,
    "stage3_2_sustained_box_max_error_m": 0.0290815158,
    "stage3_2_endpoint_velocity_m_per_s": 0.020146686885443243,
    "stage3_2_endpoint_late_velocity_rms_m_per_s": 0.07002570378012739,
    "stage3_2_post_arrival_velocity_rms_m_per_s": 0.020146686885443243,
    "stage3_2_final_velocity_m_per_s": 0.020146686885443243,
    "stage3_2_sustained_Ip_max_error_A": 307.9741000000031,
    "stage3_2_minimum_signed_margin": 0.030616140000000014,
    "stage3_2_mean_signed_margin": 0.6158601809392381,
    "stage3_2_position_signed_margin": 0.030616140000000014,
    "stage3_2_post_speed_signed_margin": 0.7985331311455676,
    "stage3_2_max_violation": 0.0,
    "stage3_2_sum_violation": 0.0,
    "stage3_2_l2_violation": 0.0,
    "stage3_2_internal_goal_pass": false,
    "stage3_2_internal_best_endpoint_step": 15,
    "stage3_2_internal_sustained_box_max_error_m": 0.0290815158,
    "stage3_2_internal_post_arrival_velocity_rms_m_per_s": 0.020146686885443243,
    "stage3_2_internal_minimum_signed_margin": -0.0575096654545455,
    "stage3_2_endpoint_evaluations": [
      {
        "endpoint_step": 12,
        "arrival_time_ms": 120,
        "window_start_step": 10,
        "sustained_box_max_error_m": 0.0304334207,
        "endpoint_velocity_m_per_s": 0.07443420043490157,
        "endpoint_late_velocity_rms_m_per_s": 0.05849484477602819,
        "post_arrival_velocity_rms_m_per_s": 0.07002570378012739,
        "final_velocity_m_per_s": 0.020146686885443243,
        "sustained_Ip_max_error_A": 919.7604000000028,
        "position_signed_margin": -0.014447356666666744,
        "endpoint_speed_signed_margin": 0.25565799565098435,
        "endpoint_late_speed_signed_margin": 0.4150515522397181,
        "post_speed_signed_margin": 0.2997429621987262,
        "final_speed_signed_margin": 0.7985331311455676,
        "ip_signed_margin": 0.9080239599999997,
        "minimum_signed_margin": -0.014447356666666744,
        "mean_signed_margin": 0.4437603740947216,
        "position_violation": 0.014447356666666744,
        "endpoint_speed_violation": 0.0,
        "endpoint_late_speed_violation": 0.0,
        "post_speed_violation": 0.0,
        "final_speed_violation": 0.0,
        "ip_violation": 0.0,
        "max_violation": 0.014447356666666744,
        "sum_violation": 0.014447356666666744,
        "l2_violation": 0.014447356666666744,
        "pass": false
      },
      {
        "endpoint_step": 13,
        "arrival_time_ms": 130,
        "window_start_step": 11,
        "sustained_box_max_error_m": 0.0303135978,
        "endpoint_velocity_m_per_s": 0.09830120391247359,
        "endpoint_late_velocity_rms_m_per_s": 0.06371559167861844,
        "post_arrival_velocity_rms_m_per_s": 0.0684931786511754,
        "final_velocity_m_per_s": 0.020146686885443243,
        "sustained_Ip_max_error_A": 818.4409000000014,
        "position_signed_margin": -0.01045326000000002,
        "endpoint_speed_signed_margin": 0.01698796087526422,
        "endpoint_late_speed_signed_margin": 0.36284408321381567,
        "post_speed_signed_margin": 0.3150682134882461,
        "final_speed_signed_margin": 0.7985331311455676,
        "ip_signed_margin": 0.9181559099999999,
        "minimum_signed_margin": -0.01045326000000002,
        "mean_signed_margin": 0.40018933978714893,
        "position_violation": 0.01045326000000002,
        "endpoint_speed_violation": 0.0,
        "endpoint_late_speed_violation": 0.0,
        "post_speed_violation": 0.0,
        "final_speed_violation": 0.0,
        "ip_violation": 0.0,
        "max_violation": 0.01045326000000002,
        "sum_violation": 0.01045326000000002,
        "l2_violation": 0.01045326000000002,
        "pass": false
      },
      {
        "endpoint_step": 14,
        "arrival_time_ms": 140,
        "window_start_step": 12,
        "sustained_box_max_error_m": 0.0298388713,
        "endpoint_velocity_m_per_s": 0.06328452324323608,
        "endpoint_late_velocity_rms_m_per_s": 0.06998410128879724,
        "post_arrival_velocity_rms_m_per_s": 0.04696179231345296,
        "final_velocity_m_per_s": 0.020146686885443243,
        "sustained_Ip_max_error_A": 482.1746000000021,
        "position_signed_margin": 0.005370956666666649,
        "endpoint_speed_signed_margin": 0.3671547675676392,
        "endpoint_late_speed_signed_margin": 0.3001589871120276,
        "post_speed_signed_margin": 0.5303820768654703,
        "final_speed_signed_margin": 0.7985331311455676,
        "ip_signed_margin": 0.9517825399999997,
        "minimum_signed_margin": 0.005370956666666649,
        "mean_signed_margin": 0.4922304098928952,
        "position_violation": 0.0,
        "endpoint_speed_violation": 0.0,
        "endpoint_late_speed_violation": 0.0,
        "post_speed_violation": 0.0,
        "final_speed_violation": 0.0,
        "ip_violation": 0.0,
        "max_violation": 0.0,
        "sum_violation": 0.0,
        "l2_violation": 0.0,
        "pass": true
      },
      {
        "endpoint_step": 15,
        "arrival_time_ms": 150,
        "window_start_step": 13,
        "sustained_box_max_error_m": 0.0290815158,
        "endpoint_velocity_m_per_s": 0.020146686885443243,
        "endpoint_late_velocity_rms_m_per_s": 0.07002570378012739,
        "post_arrival_velocity_rms_m_per_s": 0.020146686885443243,
        "final_velocity_m_per_s": 0.020146686885443243,
        "sustained_Ip_max_error_A": 307.9741000000031,
        "position_signed_margin": 0.030616140000000014,
        "endpoint_speed_signed_margin": 0.7985331311455676,
        "endpoint_late_speed_signed_margin": 0.2997429621987262,
        "post_speed_signed_margin": 0.7985331311455676,
        "final_speed_signed_margin": 0.7985331311455676,
        "ip_signed_margin": 0.9692025899999996,
        "minimum_signed_margin": 0.030616140000000014,
        "mean_signed_margin": 0.6158601809392381,
        "position_violation": 0.0,
        "endpoint_speed_violation": 0.0,
        "endpoint_late_speed_violation": 0.0,
        "post_speed_violation": 0.0,
        "final_speed_violation": 0.0,
        "ip_violation": 0.0,
        "max_violation": 0.0,
        "sum_violation": 0.0,
        "l2_violation": 0.0,
        "pass": true
      }
    ],
    "stage3_2_internal_endpoint_evaluations": [
      {
        "endpoint_step": 12,
        "arrival_time_ms": 120,
        "window_start_step": 10,
        "sustained_box_max_error_m": 0.0304334207,
        "endpoint_velocity_m_per_s": 0.07443420043490157,
        "endpoint_late_velocity_rms_m_per_s": 0.05849484477602819,
        "post_arrival_velocity_rms_m_per_s": 0.07002570378012739,
        "final_velocity_m_per_s": 0.020146686885443243,
        "sustained_Ip_max_error_A": 919.7604000000028,
        "position_signed_margin": -0.10666984363636378,
        "endpoint_speed_signed_margin": -0.06334572049859366,
        "endpoint_late_speed_signed_margin": 0.16435936034245446,
        "post_speed_signed_margin": -0.00036719685896269283,
        "final_speed_signed_margin": 0.7121901873508109,
        "ip_signed_margin": 0.9080239599999997,
        "minimum_signed_margin": -0.10666984363636378,
        "mean_signed_margin": 0.26903179111655745,
        "position_violation": 0.10666984363636378,
        "endpoint_speed_violation": 0.06334572049859366,
        "endpoint_late_speed_violation": 0.0,
        "post_speed_violation": 0.00036719685896269283,
        "final_speed_violation": 0.0,
        "ip_violation": 0.0,
        "max_violation": 0.10666984363636378,
        "sum_violation": 0.17038276099392013,
        "l2_violation": 0.12406156004349406,
        "pass": false
      },
      {
        "endpoint_step": 13,
        "arrival_time_ms": 130,
        "window_start_step": 11,
        "sustained_box_max_error_m": 0.0303135978,
        "endpoint_velocity_m_per_s": 0.09830120391247359,
        "endpoint_late_velocity_rms_m_per_s": 0.06371559167861844,
        "post_arrival_velocity_rms_m_per_s": 0.0684931786511754,
        "final_velocity_m_per_s": 0.020146686885443243,
        "sustained_Ip_max_error_A": 818.4409000000014,
        "position_signed_margin": -0.10231264727272738,
        "endpoint_speed_signed_margin": -0.40430291303533683,
        "endpoint_late_speed_signed_margin": 0.08977726173402234,
        "post_speed_signed_margin": 0.021526019268923058,
        "final_speed_signed_margin": 0.7121901873508109,
        "ip_signed_margin": 0.9181559099999999,
        "minimum_signed_margin": -0.40430291303533683,
        "mean_signed_margin": 0.20583896967428197,
        "position_violation": 0.10231264727272738,
        "endpoint_speed_violation": 0.40430291303533683,
        "endpoint_late_speed_violation": 0.0,
        "post_speed_violation": 0.0,
        "final_speed_violation": 0.0,
        "ip_violation": 0.0,
        "max_violation": 0.40430291303533683,
        "sum_violation": 0.5066155603080642,
        "l2_violation": 0.41704762711327426,
        "pass": false
      },
      {
        "endpoint_step": 14,
        "arrival_time_ms": 140,
        "window_start_step": 12,
        "sustained_box_max_error_m": 0.0298388713,
        "endpoint_velocity_m_per_s": 0.06328452324323608,
        "endpoint_late_velocity_rms_m_per_s": 0.06998410128879724,
        "post_arrival_velocity_rms_m_per_s": 0.04696179231345296,
        "final_velocity_m_per_s": 0.020146686885443243,
        "sustained_Ip_max_error_A": 482.1746000000021,
        "position_signed_margin": -0.08504986545454551,
        "endpoint_speed_signed_margin": 0.09593538223948461,
        "endpoint_late_speed_signed_margin": 0.0002271244457537902,
        "post_speed_signed_margin": 0.3291172526649577,
        "final_speed_signed_margin": 0.7121901873508109,
        "ip_signed_margin": 0.9517825399999997,
        "minimum_signed_margin": -0.08504986545454551,
        "mean_signed_margin": 0.33403377020774355,
        "position_violation": 0.08504986545454551,
        "endpoint_speed_violation": 0.0,
        "endpoint_late_speed_violation": 0.0,
        "post_speed_violation": 0.0,
        "final_speed_violation": 0.0,
        "ip_violation": 0.0,
        "max_violation": 0.08504986545454551,
        "sum_violation": 0.08504986545454551,
        "l2_violation": 0.08504986545454551,
        "pass": false
      },
      {
        "endpoint_step": 15,
        "arrival_time_ms": 150,
        "window_start_step": 13,
        "sustained_box_max_error_m": 0.0290815158,
        "endpoint_velocity_m_per_s": 0.020146686885443243,
        "endpoint_late_velocity_rms_m_per_s": 0.07002570378012739,
        "post_arrival_velocity_rms_m_per_s": 0.020146686885443243,
        "final_velocity_m_per_s": 0.020146686885443243,
        "sustained_Ip_max_error_A": 307.9741000000031,
        "position_signed_margin": -0.0575096654545455,
        "endpoint_speed_signed_margin": 0.7121901873508109,
        "endpoint_late_speed_signed_margin": -0.00036719685896269283,
        "post_speed_signed_margin": 0.7121901873508109,
        "final_speed_signed_margin": 0.7121901873508109,
        "ip_signed_margin": 0.9692025899999996,
        "minimum_signed_margin": -0.0575096654545455,
        "mean_signed_margin": 0.5079827149564874,
        "position_violation": 0.0575096654545455,
        "endpoint_speed_violation": 0.0,
        "endpoint_late_speed_violation": 0.00036719685896269283,
        "post_speed_violation": 0.0,
        "final_speed_violation": 0.0,
        "ip_violation": 0.0,
        "max_violation": 0.0575096654545455,
        "sum_violation": 0.05787686231350819,
        "l2_violation": 0.057510837711052136,
        "pass": false
      }
    ],
    "stage3_2_margin_objective": 6.943518339249102,
    "continuous_objective": 6.943518339249102,
    "selection_score": 6.943518339249102,
    "action_rms": 0.4162125253094288,
    "delta_action_rms": 0.3196794505376032,
    "repair_excess_rms": 0.04807504367787985,
    "wall_time_s": 362.69775676727295,
    "phase_rank": 1
  },
  "best_long_hold": {
    "stage": "Stage3.2",
    "phase": "controller_round_000_probes",
    "candidate_id": "s32cr000p_03075fa5a99f2223",
    "source_name": "center0_v15_1",
    "source_type": "real_tsc_fd_probe",
    "parent_candidate_id": "s32hr001s_c35a74e63036b542",
    "source_stage3_1_candidate_id": "s31r999p_6de147eb9cfd6186",
    "full_control_vector": [
      2.3705445176467634,
      1.218059178969841,
      0.480262669915016,
      1.7873853428013768,
      1.5319834441862021,
      0.28986020499887877,
      1.2042261679559902,
      1.8459077094025633,
      0.09945774008274161,
      0.4058699528127642,
      1.9547204162635479,
      -0.11886421791327684,
      -0.3924862623304618,
      2.0635331231245324,
      -0.3371861759092953,
      -0.5881020377973161,
      0.3930469031369952,
      -0.12278921244095856,
      -0.7957178132641703,
      -1.277439316850542,
      0.09160775102737818,
      -0.6965096927821501,
      -0.7906720433597355,
      0.11758864223165101,
      0.2876434276998702,
      0.572040230131071,
      0.18747878343592358,
      0.72432404818189,
      1.6322800036218754,
      -0.01384070035980308,
      0.14606661553497394,
      0.2509908399311615,
      0.05900843609612033,
      -0.8689019269553486,
      -1.3613055953182878,
      0.7449068669037617,
      -0.21198628928047197,
      -0.16391496554601098,
      0.5999209209163072,
      0.03205893373294061,
      -0.2027650000000008,
      0.22559641495695462,
      0.02145564202421857,
      -0.5448859878787722,
      0.37685390377494327,
      0.22499999999999984,
      0.22499999999999998,
      0.00874999999999996,
      0.27,
      0.2699999999999999,
      0.09449999999999997,
      -0.02159041059921596,
      0.315,
      -0.012499999999999935,
      -0.039999999999999925,
      0.08859789698863821,
      -0.013750000000000005,
      -0.0449999999999999,
      -0.044999999999999846,
      -0.015,
      -0.1991253391949117,
      -0.04499999999999993,
      0.07500042670153008,
      0.01484548721785317,
      -0.3471300973687731,
      0.15750000000000003,
      0.04507361398535806,
      0.01128223188424829,
      0.07327460942653245,
      0.03292564825615048,
      0.0898852507822189,
      -0.003937336584220397,
      0.01960896961420761,
      0.0587203843804233,
      -0.011737417610397852
    ],
    "margin_control_vector": [
      0.2876434276998702,
      0.572040230131071,
      0.18747878343592358,
      0.72432404818189,
      1.6322800036218754,
      -0.01384070035980308,
      0.14606661553497394,
      0.2509908399311615,
      0.05900843609612033,
      -0.8689019269553486,
      -1.3613055953182878,
      0.7449068669037617,
      -0.21198628928047197,
      -0.16391496554601098,
      0.5999209209163072,
      0.03205893373294061,
      -0.2027650000000008,
      0.22559641495695462,
      0.02145564202421857,
      -0.5448859878787722,
      0.37685390377494327
    ],
    "hold_control_vector": [
      0.22499999999999984,
      0.22499999999999998,
      0.00874999999999996,
      0.27,
      0.2699999999999999,
      0.09449999999999997,
      -0.02159041059921596,
      0.315,
      -0.012499999999999935,
      -0.039999999999999925,
      0.08859789698863821,
      -0.013750000000000005,
      -0.0449999999999999,
      -0.044999999999999846,
      -0.015,
      -0.1991253391949117,
      -0.04499999999999993,
      0.07500042670153008,
      0.01484548721785317,
      -0.3471300973687731,
      0.15750000000000003,
      0.04507361398535806,
      0.01128223188424829,
      0.07327460942653245,
      0.03292564825615048,
      0.0898852507822189,
      -0.003937336584220397,
      0.01960896961420761,
      0.0587203843804233,
      -0.011737417610397852
    ],
    "probe_center_candidate_id": "s32hr001s_c35a74e63036b542",
    "probe_center_index": 0,
    "probe_variable_local_index": 15,
    "probe_variable_full_index": 15,
    "probe_step": 5,
    "probe_mode": 0,
    "probe_slot": 1,
    "probe_scheme": "two_sided",
    "probe_requested_delta": 0.006,
    "probe_actual_delta": 0.006000000000000005,
    "population_index": 31,
    "result_relpath": "stage3_2_controller/identification_pass_00_raw/s32cr000p_03075fa5a99f2223.json.gz",
    "success": true,
    "failure_reason": "",
    "n_trajectory_steps": 26,
    "terminal_R_error_m": -0.02568173500000004,
    "terminal_Z_error_m": 0.0278167854,
    "terminal_Ip_error_A": 105.38160000000062,
    "terminal_RZ_euclidean_error_m": 0.03785927974222278,
    "terminal_RZ_box_max_error_m": 0.0278167854,
    "terminal_velocity_m_per_s": 0.00277610960563108,
    "late_velocity_rms_m_per_s": 0.02139899274863395,
    "max_velocity_m_per_s": 0.6492383287639514,
    "max_current_utilization": 0.41409999999999997,
    "trailing_streak_within_30mm_steps": 14,
    "trailing_streak_within_40mm_steps": 26,
    "strict_gate_pass": true,
    "relaxed_gate_pass": true,
    "gate_label": "PASS_PRECISE_HOLD_30MM_120_250MS",
    "stage3_2_horizon_steps": 25,
    "stage3_2_earliest_strict_arrival_step": 14,
    "stage3_2_earliest_strict_arrival_ms": 140,
    "stage3_2_earliest_relaxed_arrival_step": 12,
    "stage3_2_earliest_relaxed_arrival_ms": 120,
    "stage3_2_gate_endpoint_step": 14,
    "stage3_2_gate_endpoint_ms": 140,
    "stage3_2_best_endpoint_step": 15,
    "stage3_2_best_endpoint_ms": 150,
    "stage3_2_window_start_step": 13,
    "stage3_2_sustained_box_max_error_m": 0.0290405468,
    "stage3_2_endpoint_velocity_m_per_s": 0.020787630897573506,
    "stage3_2_endpoint_late_velocity_rms_m_per_s": 0.0703768422226078,
    "stage3_2_post_arrival_velocity_rms_m_per_s": 0.024192191262095444,
    "stage3_2_final_velocity_m_per_s": 0.00277610960563108,
    "stage3_2_sustained_Ip_max_error_A": 308.21140000000014,
    "stage3_2_minimum_signed_margin": 0.031981773333333297,
    "stage3_2_mean_signed_margin": 0.6366388155757091,
    "stage3_2_position_signed_margin": 0.031981773333333297,
    "stage3_2_post_speed_signed_margin": 0.7580780873790456,
    "stage3_2_max_violation": 0.0,
    "stage3_2_sum_violation": 0.0,
    "stage3_2_l2_violation": 0.0,
    "stage3_2_internal_goal_pass": false,
    "stage3_2_internal_best_endpoint_step": 15,
    "stage3_2_internal_sustained_box_max_error_m": 0.0290405468,
    "stage3_2_internal_post_arrival_velocity_rms_m_per_s": 0.024192191262095444,
    "stage3_2_internal_minimum_signed_margin": -0.056019883636363677,
    "stage3_2_endpoint_evaluations": [
      {
        "endpoint_step": 12,
        "arrival_time_ms": 120,
        "window_start_step": 10,
        "sustained_box_max_error_m": 0.0304126965,
        "endpoint_velocity_m_per_s": 0.07456388798352546,
        "endpoint_late_velocity_rms_m_per_s": 0.058839199520544616,
        "post_arrival_velocity_rms_m_per_s": 0.04294295001614638,
        "final_velocity_m_per_s": 0.00277610960563108,
        "sustained_Ip_max_error_A": 919.4243000000024,
        "position_signed_margin": -0.01375655000000009,
        "endpoint_speed_signed_margin": 0.25436112016474544,
        "endpoint_late_speed_signed_margin": 0.41160800479455384,
        "post_speed_signed_margin": 0.5705704998385361,
        "final_speed_signed_margin": 0.9722389039436892,
        "ip_signed_margin": 0.9080575699999998,
        "minimum_signed_margin": -0.01375655000000009,
        "mean_signed_margin": 0.5171799247902541,
        "position_violation": 0.01375655000000009,
        "endpoint_speed_violation": 0.0,
        "endpoint_late_speed_violation": 0.0,
        "post_speed_violation": 0.0,
        "final_speed_violation": 0.0,
        "ip_violation": 0.0,
        "max_violation": 0.01375655000000009,
        "sum_violation": 0.01375655000000009,
        "l2_violation": 0.01375655000000009,
        "pass": false
      },
      {
        "endpoint_step": 13,
        "arrival_time_ms": 130,
        "window_start_step": 11,
        "sustained_box_max_error_m": 0.0302852524,
        "endpoint_velocity_m_per_s": 0.09864437144480603,
        "endpoint_late_velocity_rms_m_per_s": 0.06397758209030927,
        "post_arrival_velocity_rms_m_per_s": 0.03947500084671867,
        "final_velocity_m_per_s": 0.00277610960563108,
        "sustained_Ip_max_error_A": 818.1512000000002,
        "position_signed_margin": -0.00950841333333341,
        "endpoint_speed_signed_margin": 0.013556285551939662,
        "endpoint_late_speed_signed_margin": 0.3602241790969074,
        "post_speed_signed_margin": 0.6052499915328133,
        "final_speed_signed_margin": 0.9722389039436892,
        "ip_signed_margin": 0.91818488,
        "minimum_signed_margin": -0.00950841333333341,
        "mean_signed_margin": 0.4766576377986694,
        "position_violation": 0.00950841333333341,
        "endpoint_speed_violation": 0.0,
        "endpoint_late_speed_violation": 0.0,
        "post_speed_violation": 0.0,
        "final_speed_violation": 0.0,
        "ip_violation": 0.0,
        "max_violation": 0.00950841333333341,
        "sum_violation": 0.00950841333333341,
        "l2_violation": 0.00950841333333341,
        "pass": false
      },
      {
        "endpoint_step": 14,
        "arrival_time_ms": 140,
        "window_start_step": 12,
        "sustained_box_max_error_m": 0.0298048214,
        "endpoint_velocity_m_per_s": 0.06394520058306938,
        "endpoint_late_velocity_rms_m_per_s": 0.07029940699271156,
        "post_arrival_velocity_rms_m_per_s": 0.029618226337129044,
        "final_velocity_m_per_s": 0.00277610960563108,
        "sustained_Ip_max_error_A": 482.3631000000023,
        "position_signed_margin": 0.006505953333333259,
        "endpoint_speed_signed_margin": 0.3605479941693063,
        "endpoint_late_speed_signed_margin": 0.29700593007288445,
        "post_speed_signed_margin": 0.7038177366287095,
        "final_speed_signed_margin": 0.9722389039436892,
        "ip_signed_margin": 0.9517636899999997,
        "minimum_signed_margin": 0.006505953333333259,
        "mean_signed_margin": 0.5486467013579871,
        "position_violation": 0.0,
        "endpoint_speed_violation": 0.0,
        "endpoint_late_speed_violation": 0.0,
        "post_speed_violation": 0.0,
        "final_speed_violation": 0.0,
        "ip_violation": 0.0,
        "max_violation": 0.0,
        "sum_violation": 0.0,
        "l2_violation": 0.0,
        "pass": true
      },
      {
        "endpoint_step": 15,
        "arrival_time_ms": 150,
        "window_start_step": 13,
        "sustained_box_max_error_m": 0.0290405468,
        "endpoint_velocity_m_per_s": 0.020787630897573506,
        "endpoint_late_velocity_rms_m_per_s": 0.0703768422226078,
        "post_arrival_velocity_rms_m_per_s": 0.024192191262095444,
        "final_velocity_m_per_s": 0.00277610960563108,
        "sustained_Ip_max_error_A": 308.21140000000014,
        "position_signed_margin": 0.031981773333333297,
        "endpoint_speed_signed_margin": 0.7921236910242649,
        "endpoint_late_speed_signed_margin": 0.29623157777392206,
        "post_speed_signed_margin": 0.7580780873790456,
        "final_speed_signed_margin": 0.9722389039436892,
        "ip_signed_margin": 0.96917886,
        "minimum_signed_margin": 0.031981773333333297,
        "mean_signed_margin": 0.6366388155757091,
        "position_violation": 0.0,
        "endpoint_speed_violation": 0.0,
        "endpoint_late_speed_violation": 0.0,
        "post_speed_violation": 0.0,
        "final_speed_violation": 0.0,
        "ip_violation": 0.0,
        "max_violation": 0.0,
        "sum_violation": 0.0,
        "l2_violation": 0.0,
        "pass": true
      }
    ],
    "stage3_2_internal_endpoint_evaluations": [
      {
        "endpoint_step": 12,
        "arrival_time_ms": 120,
        "window_start_step": 10,
        "sustained_box_max_error_m": 0.0304126965,
        "endpoint_velocity_m_per_s": 0.07456388798352546,
        "endpoint_late_velocity_rms_m_per_s": 0.058839199520544616,
        "post_arrival_velocity_rms_m_per_s": 0.04294295001614638,
        "final_velocity_m_per_s": 0.00277610960563108,
        "sustained_Ip_max_error_A": 919.4243000000024,
        "position_signed_margin": -0.10591623636363634,
        "endpoint_speed_signed_margin": -0.06519839976464947,
        "endpoint_late_speed_signed_margin": 0.15944000684936266,
        "post_speed_signed_margin": 0.3865292854836232,
        "final_speed_signed_margin": 0.9603412913481274,
        "ip_signed_margin": 0.9080575699999998,
        "minimum_signed_margin": -0.10591623636363634,
        "mean_signed_margin": 0.37387558625880457,
        "position_violation": 0.10591623636363634,
        "endpoint_speed_violation": 0.06519839976464947,
        "endpoint_late_speed_violation": 0.0,
        "post_speed_violation": 0.0,
        "final_speed_violation": 0.0,
        "ip_violation": 0.0,
        "max_violation": 0.10591623636363634,
        "sum_violation": 0.1711146361282858,
        "l2_violation": 0.12437475811959887,
        "pass": false
      },
      {
        "endpoint_step": 13,
        "arrival_time_ms": 130,
        "window_start_step": 11,
        "sustained_box_max_error_m": 0.0302852524,
        "endpoint_velocity_m_per_s": 0.09864437144480603,
        "endpoint_late_velocity_rms_m_per_s": 0.06397758209030927,
        "post_arrival_velocity_rms_m_per_s": 0.03947500084671867,
        "final_velocity_m_per_s": 0.00277610960563108,
        "sustained_Ip_max_error_A": 818.1512000000002,
        "position_signed_margin": -0.10128190545454552,
        "endpoint_speed_signed_margin": -0.4092053063543717,
        "endpoint_late_speed_signed_margin": 0.08603454156701063,
        "post_speed_signed_margin": 0.43607141647544767,
        "final_speed_signed_margin": 0.9603412913481274,
        "ip_signed_margin": 0.91818488,
        "minimum_signed_margin": -0.4092053063543717,
        "mean_signed_margin": 0.3150241529302781,
        "position_violation": 0.10128190545454552,
        "endpoint_speed_violation": 0.4092053063543717,
        "endpoint_late_speed_violation": 0.0,
        "post_speed_violation": 0.0,
        "final_speed_violation": 0.0,
        "ip_violation": 0.0,
        "max_violation": 0.4092053063543717,
        "sum_violation": 0.5104872118089172,
        "l2_violation": 0.4215530893269301,
        "pass": false
      },
      {
        "endpoint_step": 14,
        "arrival_time_ms": 140,
        "window_start_step": 12,
        "sustained_box_max_error_m": 0.0298048214,
        "endpoint_velocity_m_per_s": 0.06394520058306938,
        "endpoint_late_velocity_rms_m_per_s": 0.07029940699271156,
        "post_arrival_velocity_rms_m_per_s": 0.029618226337129044,
        "final_velocity_m_per_s": 0.00277610960563108,
        "sustained_Ip_max_error_A": 482.3631000000023,
        "position_signed_margin": -0.08381168727272725,
        "endpoint_speed_signed_margin": 0.08649713452758034,
        "endpoint_late_speed_signed_margin": -0.004277242753022215,
        "post_speed_signed_margin": 0.5768824808981565,
        "final_speed_signed_margin": 0.9603412913481274,
        "ip_signed_margin": 0.9517636899999997,
        "minimum_signed_margin": -0.08381168727272725,
        "mean_signed_margin": 0.41456594445801914,
        "position_violation": 0.08381168727272725,
        "endpoint_speed_violation": 0.0,
        "endpoint_late_speed_violation": 0.004277242753022215,
        "post_speed_violation": 0.0,
        "final_speed_violation": 0.0,
        "ip_violation": 0.0,
        "max_violation": 0.08381168727272725,
        "sum_violation": 0.08808893002574947,
        "l2_violation": 0.0839207586302085,
        "pass": false
      },
      {
        "endpoint_step": 15,
        "arrival_time_ms": 150,
        "window_start_step": 13,
        "sustained_box_max_error_m": 0.0290405468,
        "endpoint_velocity_m_per_s": 0.020787630897573506,
        "endpoint_late_velocity_rms_m_per_s": 0.0703768422226078,
        "post_arrival_velocity_rms_m_per_s": 0.024192191262095444,
        "final_velocity_m_per_s": 0.00277610960563108,
        "sustained_Ip_max_error_A": 308.21140000000014,
        "position_signed_margin": -0.056019883636363677,
        "endpoint_speed_signed_margin": 0.7030338443203785,
        "endpoint_late_speed_signed_margin": -0.005383460322968547,
        "post_speed_signed_margin": 0.6543972676843508,
        "final_speed_signed_margin": 0.9603412913481274,
        "ip_signed_margin": 0.96917886,
        "minimum_signed_margin": -0.056019883636363677,
        "mean_signed_margin": 0.5375913198989207,
        "position_violation": 0.056019883636363677,
        "endpoint_speed_violation": 0.0,
        "endpoint_late_speed_violation": 0.005383460322968547,
        "post_speed_violation": 0.0,
        "final_speed_violation": 0.0,
        "ip_violation": 0.0,
        "max_violation": 0.056019883636363677,
        "sum_violation": 0.061403343959332224,
        "l2_violation": 0.05627796200717207,
        "pass": false
      }
    ],
    "stage3_2_margin_objective": 6.469956913430393,
    "continuous_objective": 6.469956913430393,
    "selection_score": 6.469956913430393,
    "action_rms": 0.3248782797591295,
    "delta_action_rms": 0.25173297332118394,
    "repair_excess_rms": 0.03723876870652456,
    "wall_time_s": 859.8091959953308,
    "phase_rank": 1
  },
  "state": {
    "schema_version": 1,
    "stage": "Stage3.2",
    "source_stage3_1_run": "/home/yangshen0711/tsc_all/tsc_rzip_rllib/stage3_1_runs/stage3_1_svd3_adaptive_sqp_causal_mpc_150ms_20260722_013158",
    "margin_next_round": 3,
    "margin_max_rounds": 3,
    "margin_trust_scale": 1.3,
    "margin_rounds_without_improvement": 0,
    "margin_finished": true,
    "margin_stop_reason": "max_margin_rounds",
    "margin_best_candidate_id": "s32mr002p_60561a966014cce4",
    "margin_best_full_control_vector": [
      2.3705445176467634,
      1.218059178969841,
      0.480262669915016,
      1.7873853428013768,
      1.5319834441862021,
      0.28986020499887877,
      1.2042261679559902,
      1.8459077094025633,
      0.09945774008274161,
      0.4058699528127642,
      1.9547204162635479,
      -0.11886421791327684,
      -0.3924862623304618,
      2.0635331231245324,
      -0.3371861759092953,
      -0.5941020377973161,
      0.3930469031369952,
      -0.12278921244095856,
      -0.7957178132641703,
      -1.277439316850542,
      0.09160775102737818,
      -0.6965096927821501,
      -0.7906720433597355,
      0.11758864223165101,
      0.2876434276998702,
      0.572040230131071,
      0.18747878343592358,
      0.73732404818189,
      1.6322800036218754,
      -0.01384070035980308,
      0.12806661553497395,
      0.2509908399311615,
      0.05900843609612033,
      -0.8689019269553486,
      -1.3613055953182878,
      0.7449068669037617,
      -0.21198628928047197,
      -0.16391496554601098,
      0.5999209209163072,
      0.03205893373294061,
      -0.2027650000000008,
      0.22559641495695462,
      0.02145564202421857,
      -0.5448859878787722,
      0.37685390377494327,
      -0.2785443579757814,
      -0.8448859878787722,
      0.3086456620311949,
      -0.2785443579757814,
      -0.8448859878787722,
      0.3086456620311949,
      -0.2785443579757814,
      -0.8448859878787722,
      0.3086456620311949,
      -0.2785443579757814,
      -0.8448859878787722,
      0.3086456620311949,
      -0.2785443579757814,
      -0.8448859878787722,
      0.3086456620311949,
      -0.2785443579757814,
      -0.8448859878787722,
      0.3086456620311949,
      -0.2785443579757814,
      -0.8448859878787722,
      0.3086456620311949,
      -0.2785443579757814,
      -0.8448859878787722,
      0.3086456620311949,
      -0.2785443579757814,
      -0.8448859878787722,
      0.3086456620311949,
      -0.2785443579757814,
      -0.8448859878787722,
      0.3086456620311949
    ],
    "margin_best_internal_signed_margin": -0.0575096654545455,
    "extension_complete": true,
    "hold_next_round": 2,
    "hold_max_rounds": 2,
    "hold_trust_scale": 1.5625,
    "hold_rounds_without_improvement": 0,
    "hold_finished": true,
    "hold_stop_reason": "max_hold_rounds",
    "hold_best_candidate_id": "s32hr001s_c35a74e63036b542",
    "hold_best_full_control_vector": [
      2.3705445176467634,
      1.218059178969841,
      0.480262669915016,
      1.7873853428013768,
      1.5319834441862021,
      0.28986020499887877,
      1.2042261679559902,
      1.8459077094025633,
      0.09945774008274161,
      0.4058699528127642,
      1.9547204162635479,
      -0.11886421791327684,
      -0.3924862623304618,
      2.0635331231245324,
      -0.3371861759092953,
      -0.5941020377973161,
      0.3930469031369952,
      -0.12278921244095856,
      -0.7957178132641703,
      -1.277439316850542,
      0.09160775102737818,
      -0.6965096927821501,
      -0.7906720433597355,
      0.11758864223165101,
      0.2876434276998702,
      0.572040230131071,
      0.18747878343592358,
      0.72432404818189,
      1.6322800036218754,
      -0.01384070035980308,
      0.14606661553497394,
      0.2509908399311615,
      0.05900843609612033,
      -0.8689019269553486,
      -1.3613055953182878,
      0.7449068669037617,
      -0.21198628928047197,
      -0.16391496554601098,
      0.5999209209163072,
      0.03205893373294061,
      -0.2027650000000008,
      0.22559641495695462,
      0.02145564202421857,
      -0.5448859878787722,
      0.37685390377494327,
      0.22499999999999984,
      0.22499999999999998,
      0.00874999999999996,
      0.27,
      0.2699999999999999,
      0.09449999999999997,
      -0.02159041059921596,
      0.315,
      -0.012499999999999935,
      -0.039999999999999925,
      0.08859789698863821,
      -0.013750000000000005,
      -0.0449999999999999,
      -0.044999999999999846,
      -0.015,
      -0.1991253391949117,
      -0.04499999999999993,
      0.07500042670153008,
      0.01484548721785317,
      -0.3471300973687731,
      0.15750000000000003,
      0.04507361398535806,
      0.01128223188424829,
      0.07327460942653245,
      0.03292564825615048,
      0.0898852507822189,
      -0.003937336584220397,
      0.01960896961420761,
      0.0587203843804233,
      -0.011737417610397852
    ],
    "hold_best_signed_margin": 0.030357773333333338,
    "full_controller_identification_complete": true,
    "feedback_validation_complete": true,
    "confirmation_complete": true,
    "analysis_complete": true,
    "online_feedback_validated": false,
    "robustness_validated": false,
    "updated_utc": "20260723_083546",
    "last_margin_round": {
      "round_index": 2,
      "centers": [
        "s32mr001p_ab1dff8ddf4e904e",
        "s32mr001p_58c0f0efcc85cb11"
      ],
      "round_best_candidate_id": "s32mr002p_60561a966014cce4",
      "round_best_internal_signed_margin": -0.0575096654545455,
      "meaningful_improvement": true,
      "trust_diagnostics": [
        {
          "center_candidate_id": "s32mr001p_ab1dff8ddf4e904e",
          "best_step_candidate_id": "s32mr002s_3f13d612e50d2fc6",
          "center_objective": 6.997680713265335,
          "predicted_objective": 6.983721604073857,
          "real_objective": 6.9810708291148815,
          "predicted_reduction": 0.013959109191477914,
          "actual_reduction": 0.01660988415045317,
          "rho": 1.1898957105796952,
          "trust_boundary_fraction": 1.0,
          "accepted": true,
          "action": "expand",
          "old_trust_scale": 1.0,
          "new_trust_scale": 1.3
        },
        {
          "center_candidate_id": "s32mr001p_58c0f0efcc85cb11",
          "best_step_candidate_id": "s32mr002s_3bfa18b939fbb0cd",
          "center_objective": 7.069292068419525,
          "predicted_objective": 6.559619692870522,
          "real_objective": 7.329849714023179,
          "predicted_reduction": 0.5096723755490027,
          "actual_reduction": -0.2605576456036536,
          "rho": -0.5112257561987527,
          "trust_boundary_fraction": 1.0,
          "accepted": false,
          "action": "shrink_rejected",
          "old_trust_scale": 1.0,
          "new_trust_scale": 0.5
        }
      ]
    },
    "last_hold_round": {
      "round_index": 1,
      "centers": [
        "s32hr000s_a34c24e89a7d631f",
        "s32hr000s_f20891ea3dd1d15b"
      ],
      "round_best_candidate_id": "s32hr001s_c35a74e63036b542",
      "round_best_signed_margin": 0.030357773333333338,
      "meaningful_improvement": true,
      "trust_diagnostics": [
        {
          "center_candidate_id": "s32hr000s_a34c24e89a7d631f",
          "best_step_candidate_id": "s32hr001s_c35a74e63036b542",
          "center_objective": 7.371812075068278,
          "predicted_objective": 6.646132805613737,
          "real_objective": 6.647853467270078,
          "predicted_reduction": 0.7256792694545409,
          "actual_reduction": 0.7239586077981999,
          "rho": 0.9976288951210714,
          "trust_boundary_fraction": 1.0,
          "accepted": true,
          "action": "expand",
          "old_trust_scale": 1.25,
          "new_trust_scale": 1.5625
        },
        {
          "center_candidate_id": "s32hr000s_f20891ea3dd1d15b",
          "best_step_candidate_id": "s32hr001s_f2530b645b3a52ee",
          "center_objective": 7.398428661212918,
          "predicted_objective": 6.646288724312254,
          "real_objective": 6.648051503757875,
          "predicted_reduction": 0.7521399369006643,
          "actual_reduction": 0.7503771574550431,
          "rho": 0.9976563145245484,
          "trust_boundary_fraction": 1.0,
          "accepted": true,
          "action": "expand",
          "old_trust_scale": 1.25,
          "new_trust_scale": 1.5625
        }
      ]
    },
    "controller_center_candidate_id": "s32hr001s_c35a74e63036b542",
    "controller_identification_recentered": false,
    "selected_controller_scale": 1.0,
    "target_disturbance_feedback_validated": false,
    "confirmation_verdict": "PASS_PRECISE_HOLD_30MM_250MS_OPEN_LOOP_CONFIRMED_FEEDBACK_NOT_VALIDATED",
    "finished": true,
    "stop_reason": "all_phases_complete"
  },
  "feedback_validation": {
    "schema_version": 1,
    "stage": "Stage3.2",
    "created_utc": "20260723_082259",
    "center_candidate_id": "s32hr001s_c35a74e63036b542",
    "n_scenarios": 33,
    "n_rollouts": 99,
    "n_successful": 99,
    "n_strict": 73,
    "selected_controller_scale": 1.0,
    "selected_scale_summary": {
      "controller_scale": 1.0,
      "comparisons": [
        {
          "scenario": "disturbance_m1_m_s04",
          "category": "disturbance",
          "controller_scale": 1.0,
          "baseline_signed_margin": 0.02360465333333328,
          "feedback_signed_margin": 0.024717373333333237,
          "signed_margin_gain": 0.001112719999999956,
          "baseline_strict": true,
          "feedback_strict": true,
          "recovered": false,
          "lost": false,
          "preserved": true,
          "pair_success": true
        },
        {
          "scenario": "disturbance_m1_m_s08",
          "category": "disturbance",
          "controller_scale": 1.0,
          "baseline_signed_margin": 0.02699636333333333,
          "feedback_signed_margin": 0.027389429999999937,
          "signed_margin_gain": 0.0003930666666666083,
          "baseline_strict": true,
          "feedback_strict": true,
          "recovered": false,
          "lost": false,
          "preserved": true,
          "pair_success": true
        },
        {
          "scenario": "disturbance_m1_m_s12",
          "category": "disturbance",
          "controller_scale": 1.0,
          "baseline_signed_margin": 0.03033503999999998,
          "feedback_signed_margin": 0.03033503999999998,
          "signed_margin_gain": 0.0,
          "baseline_strict": true,
          "feedback_strict": true,
          "recovered": false,
          "lost": false,
          "preserved": true,
          "pair_success": true
        },
        {
          "scenario": "disturbance_m1_p_s04",
          "category": "disturbance",
          "controller_scale": 1.0,
          "baseline_signed_margin": 0.03843017000000004,
          "feedback_signed_margin": 0.03664280666666664,
          "signed_margin_gain": -0.0017873633333334027,
          "baseline_strict": true,
          "feedback_strict": true,
          "recovered": false,
          "lost": false,
          "preserved": true,
          "pair_success": true
        },
        {
          "scenario": "disturbance_m1_p_s08",
          "category": "disturbance",
          "controller_scale": 1.0,
          "baseline_signed_margin": 0.032793506666666694,
          "feedback_signed_margin": 0.03275851333333335,
          "signed_margin_gain": -3.499333333334409e-05,
          "baseline_strict": true,
          "feedback_strict": true,
          "recovered": false,
          "lost": false,
          "preserved": true,
          "pair_success": true
        },
        {
          "scenario": "disturbance_m1_p_s12",
          "category": "disturbance",
          "controller_scale": 1.0,
          "baseline_signed_margin": 0.030383843333333327,
          "feedback_signed_margin": 0.030383843333333327,
          "signed_margin_gain": 0.0,
          "baseline_strict": true,
          "feedback_strict": true,
          "recovered": false,
          "lost": false,
          "preserved": true,
          "pair_success": true
        },
        {
          "scenario": "disturbance_m2_m_s08",
          "category": "disturbance",
          "controller_scale": 1.0,
          "baseline_signed_margin": 0.02869856999999998,
          "feedback_signed_margin": 0.028697663333333234,
          "signed_margin_gain": -9.066666667445489e-07,
          "baseline_strict": true,
          "feedback_strict": true,
          "recovered": false,
          "lost": false,
          "preserved": true,
          "pair_success": true
        },
        {
          "scenario": "disturbance_m2_m_s12",
          "category": "disturbance",
          "controller_scale": 1.0,
          "baseline_signed_margin": 0.030341829999999903,
          "feedback_signed_margin": 0.030341829999999903,
          "signed_margin_gain": 0.0,
          "baseline_strict": true,
          "feedback_strict": true,
          "recovered": false,
          "lost": false,
          "preserved": true,
          "pair_success": true
        },
        {
          "scenario": "disturbance_m2_p_s08",
          "category": "disturbance",
          "controller_scale": 1.0,
          "baseline_signed_margin": 0.032273413333333334,
          "feedback_signed_margin": 0.03227875000000002,
          "signed_margin_gain": 5.33666666668875e-06,
          "baseline_strict": true,
          "feedback_strict": true,
          "recovered": false,
          "lost": false,
          "preserved": true,
          "pair_success": true
        },
        {
          "scenario": "disturbance_m2_p_s12",
          "category": "disturbance",
          "controller_scale": 1.0,
          "baseline_signed_margin": 0.03037496999999989,
          "feedback_signed_margin": 0.03037496999999989,
          "signed_margin_gain": 0.0,
          "baseline_strict": true,
          "feedback_strict": true,
          "recovered": false,
          "lost": false,
          "preserved": true,
          "pair_success": true
        },
        {
          "scenario": "disturbance_m3_m_s08",
          "category": "disturbance",
          "controller_scale": 1.0,
          "baseline_signed_margin": 0.030186096666666717,
          "feedback_signed_margin": 0.030186596666666676,
          "signed_margin_gain": 4.999999999588667e-07,
          "baseline_strict": true,
          "feedback_strict": true,
          "recovered": false,
          "lost": false,
          "preserved": true,
          "pair_success": true
        },
        {
          "scenario": "disturbance_m3_p_s08",
          "category": "disturbance",
          "controller_scale": 1.0,
          "baseline_signed_margin": 0.030574013333333316,
          "feedback_signed_margin": 0.03056369999999997,
          "signed_margin_gain": -1.0313333333344943e-05,
          "baseline_strict": true,
          "feedback_strict": true,
          "recovered": false,
          "lost": false,
          "preserved": true,
          "pair_success": true
        },
        {
          "scenario": "nominal",
          "category": "nominal",
          "controller_scale": 1.0,
          "baseline_signed_margin": 0.030357773333333338,
          "feedback_signed_margin": 0.030357773333333338,
          "signed_margin_gain": 0.0,
          "baseline_strict": true,
          "feedback_strict": true,
          "recovered": false,
          "lost": false,
          "preserved": true,
          "pair_success": true
        },
        {
          "scenario": "target_Ip_m1000A",
          "category": "target",
          "controller_scale": 1.0,
          "baseline_signed_margin": 0.030357773333333338,
          "feedback_signed_margin": 0.030357773333333338,
          "signed_margin_gain": 0.0,
          "baseline_strict": true,
          "feedback_strict": true,
          "recovered": false,
          "lost": false,
          "preserved": true,
          "pair_success": true
        },
        {
          "scenario": "target_Ip_m500A",
          "category": "target",
          "controller_scale": 1.0,
          "baseline_signed_margin": 0.030357773333333338,
          "feedback_signed_margin": 0.030357773333333338,
          "signed_margin_gain": 0.0,
          "baseline_strict": true,
          "feedback_strict": true,
          "recovered": false,
          "lost": false,
          "preserved": true,
          "pair_success": true
        },
        {
          "scenario": "target_Ip_p1000A",
          "category": "target",
          "controller_scale": 1.0,
          "baseline_signed_margin": 0.030357773333333338,
          "feedback_signed_margin": 0.030357773333333338,
          "signed_margin_gain": 0.0,
          "baseline_strict": true,
          "feedback_strict": true,
          "recovered": false,
          "lost": false,
          "preserved": true,
          "pair_success": true
        },
        {
          "scenario": "target_Ip_p500A",
          "category": "target",
          "controller_scale": 1.0,
          "baseline_signed_margin": 0.030357773333333338,
          "feedback_signed_margin": 0.030357773333333338,
          "signed_margin_gain": 0.0,
          "baseline_strict": true,
          "feedback_strict": true,
          "recovered": false,
          "lost": false,
          "preserved": true,
          "pair_success": true
        },
        {
          "scenario": "target_RZ_m_m_5mm",
          "category": "target",
          "controller_scale": 1.0,
          "baseline_signed_margin": -0.13630889333333318,
          "feedback_signed_margin": -0.11291818666666664,
          "signed_margin_gain": 0.02339070666666654,
          "baseline_strict": false,
          "feedback_strict": false,
          "recovered": false,
          "lost": false,
          "preserved": false,
          "pair_success": true
        },
        {
          "scenario": "target_RZ_m_p_5mm",
          "category": "target",
          "controller_scale": 1.0,
          "baseline_signed_margin": 0.19702444000000008,
          "feedback_signed_margin": 0.18197896666666658,
          "signed_margin_gain": -0.015045473333333503,
          "baseline_strict": true,
          "feedback_strict": true,
          "recovered": false,
          "lost": false,
          "preserved": true,
          "pair_success": true
        },
        {
          "scenario": "target_RZ_p_m_5mm",
          "category": "target",
          "controller_scale": 1.0,
          "baseline_signed_margin": -0.13630889333333318,
          "feedback_signed_margin": -0.12481578333333321,
          "signed_margin_gain": 0.011493109999999973,
          "baseline_strict": false,
          "feedback_strict": false,
          "recovered": false,
          "lost": false,
          "preserved": false,
          "pair_success": true
        },
        {
          "scenario": "target_RZ_p_p_5mm",
          "category": "target",
          "controller_scale": 1.0,
          "baseline_signed_margin": -0.04584510000000175,
          "feedback_signed_margin": -0.022129166666666977,
          "signed_margin_gain": 0.02371593333333477,
          "baseline_strict": false,
          "feedback_strict": false,
          "recovered": false,
          "lost": false,
          "preserved": false,
          "pair_success": true
        },
        {
          "scenario": "target_R_m0p005m",
          "category": "target",
          "controller_scale": 1.0,
          "baseline_signed_margin": 0.030357773333333338,
          "feedback_signed_margin": 0.035453949999999956,
          "signed_margin_gain": 0.005096176666666619,
          "baseline_strict": true,
          "feedback_strict": true,
          "recovered": false,
          "lost": false,
          "preserved": true,
          "pair_success": true
        },
        {
          "scenario": "target_R_m0p010m",
          "category": "target",
          "controller_scale": 1.0,
          "baseline_signed_margin": 0.030357773333333338,
          "feedback_signed_margin": 0.039483253333333246,
          "signed_margin_gain": 0.009125479999999908,
          "baseline_strict": true,
          "feedback_strict": true,
          "recovered": false,
          "lost": false,
          "preserved": true,
          "pair_success": true
        },
        {
          "scenario": "target_R_p0p005m",
          "category": "target",
          "controller_scale": 1.0,
          "baseline_signed_margin": -0.04584510000000175,
          "feedback_signed_margin": -0.0255626666666684,
          "signed_margin_gain": 0.02028243333333335,
          "baseline_strict": false,
          "feedback_strict": false,
          "recovered": false,
          "lost": false,
          "preserved": false,
          "pair_success": true
        },
        {
          "scenario": "target_R_p0p010m",
          "category": "target",
          "controller_scale": 1.0,
          "baseline_signed_margin": -0.2125117666666685,
          "feedback_signed_margin": -0.17015159999999874,
          "signed_margin_gain": 0.04236016666666975,
          "baseline_strict": false,
          "feedback_strict": false,
          "recovered": false,
          "lost": false,
          "preserved": false,
          "pair_success": true
        },
        {
          "scenario": "target_Z_m0p001m",
          "category": "target",
          "controller_scale": 1.0,
          "baseline_signed_margin": -0.0029755600000000992,
          "feedback_signed_margin": 9.589666666653951e-05,
          "signed_margin_gain": 0.0030714566666666387,
          "baseline_strict": false,
          "feedback_strict": true,
          "recovered": true,
          "lost": false,
          "preserved": false,
          "pair_success": true
        },
        {
          "scenario": "target_Z_m0p002m",
          "category": "target",
          "controller_scale": 1.0,
          "baseline_signed_margin": -0.036308893333333314,
          "feedback_signed_margin": -0.029541189999999995,
          "signed_margin_gain": 0.006767703333333319,
          "baseline_strict": false,
          "feedback_strict": false,
          "recovered": false,
          "lost": false,
          "preserved": false,
          "pair_success": true
        },
        {
          "scenario": "target_Z_m0p005m",
          "category": "target",
          "controller_scale": 1.0,
          "baseline_signed_margin": -0.13630889333333318,
          "feedback_signed_margin": -0.11683561666666664,
          "signed_margin_gain": 0.01947327666666654,
          "baseline_strict": false,
          "feedback_strict": false,
          "recovered": false,
          "lost": false,
          "preserved": false,
          "pair_success": true
        },
        {
          "scenario": "target_Z_m0p010m",
          "category": "target",
          "controller_scale": 1.0,
          "baseline_signed_margin": -0.30297556000000014,
          "feedback_signed_margin": -0.2680068533333335,
          "signed_margin_gain": 0.03496870666666663,
          "baseline_strict": false,
          "feedback_strict": false,
          "recovered": false,
          "lost": false,
          "preserved": false,
          "pair_success": true
        },
        {
          "scenario": "target_Z_p0p001m",
          "category": "target",
          "controller_scale": 1.0,
          "baseline_signed_margin": 0.06369110666666666,
          "feedback_signed_margin": 0.060835056666666665,
          "signed_margin_gain": -0.002856049999999999,
          "baseline_strict": true,
          "feedback_strict": true,
          "recovered": false,
          "lost": false,
          "preserved": true,
          "pair_success": true
        },
        {
          "scenario": "target_Z_p0p002m",
          "category": "target",
          "controller_scale": 1.0,
          "baseline_signed_margin": 0.0970244400000001,
          "feedback_signed_margin": 0.09127315666666669,
          "signed_margin_gain": -0.005751283333333412,
          "baseline_strict": true,
          "feedback_strict": true,
          "recovered": false,
          "lost": false,
          "preserved": true,
          "pair_success": true
        },
        {
          "scenario": "target_Z_p0p005m",
          "category": "target",
          "controller_scale": 1.0,
          "baseline_signed_margin": 0.1208215666666651,
          "feedback_signed_margin": 0.124594399999999,
          "signed_margin_gain": 0.0037728333333338915,
          "baseline_strict": true,
          "feedback_strict": true,
          "recovered": false,
          "lost": false,
          "preserved": true,
          "pair_success": true
        },
        {
          "scenario": "target_Z_p0p010m",
          "category": "target",
          "controller_scale": 1.0,
          "baseline_signed_margin": 0.1208215666666651,
          "feedback_signed_margin": 0.12903816666666823,
          "signed_margin_gain": 0.008216600000003127,
          "baseline_strict": true,
          "feedback_strict": true,
          "recovered": false,
          "lost": false,
          "preserved": true,
          "pair_success": true
        }
      ],
      "n_nonnominal_scenarios": 32,
      "n_baseline_strict": 23,
      "n_feedback_strict": 24,
      "n_preserved": 23,
      "n_recovered": 1,
      "n_lost": 0,
      "nonnominal_strict_fraction": 0.75,
      "median_signed_margin_gain": 2.918333333323808e-06,
      "worst_baseline_signed_margin": -0.30297556000000014,
      "worst_feedback_signed_margin": -0.2680068533333335,
      "worst_case_signed_margin_gain": -0.015045473333333503,
      "nominal_strict": true,
      "all_required_rollouts_successful": true,
      "target_disturbance_feedback_validation_pass": false
    },
    "scale_summaries": [
      {
        "controller_scale": 0.5,
        "comparisons": [
          {
            "scenario": "disturbance_m1_m_s04",
            "category": "disturbance",
            "controller_scale": 0.5,
            "baseline_signed_margin": 0.02360465333333328,
            "feedback_signed_margin": 0.024543439999999972,
            "signed_margin_gain": 0.0009387866666666911,
            "baseline_strict": true,
            "feedback_strict": true,
            "recovered": false,
            "lost": false,
            "preserved": true,
            "pair_success": true
          },
          {
            "scenario": "disturbance_m1_m_s08",
            "category": "disturbance",
            "controller_scale": 0.5,
            "baseline_signed_margin": 0.02699636333333333,
            "feedback_signed_margin": 0.02737644666666661,
            "signed_margin_gain": 0.0003800833333332809,
            "baseline_strict": true,
            "feedback_strict": true,
            "recovered": false,
            "lost": false,
            "preserved": true,
            "pair_success": true
          },
          {
            "scenario": "disturbance_m1_m_s12",
            "category": "disturbance",
            "controller_scale": 0.5,
            "baseline_signed_margin": 0.03033503999999998,
            "feedback_signed_margin": 0.03033503999999998,
            "signed_margin_gain": 0.0,
            "baseline_strict": true,
            "feedback_strict": true,
            "recovered": false,
            "lost": false,
            "preserved": true,
            "pair_success": true
          },
          {
            "scenario": "disturbance_m1_p_s04",
            "category": "disturbance",
            "controller_scale": 0.5,
            "baseline_signed_margin": 0.03843017000000004,
            "feedback_signed_margin": 0.03725677999999999,
            "signed_margin_gain": -0.0011733900000000519,
            "baseline_strict": true,
            "feedback_strict": true,
            "recovered": false,
            "lost": false,
            "preserved": true,
            "pair_success": true
          },
          {
            "scenario": "disturbance_m1_p_s08",
            "category": "disturbance",
            "controller_scale": 0.5,
            "baseline_signed_margin": 0.032793506666666694,
            "feedback_signed_margin": 0.03278184000000006,
            "signed_margin_gain": -1.1666666666632075e-05,
            "baseline_strict": true,
            "feedback_strict": true,
            "recovered": false,
            "lost": false,
            "preserved": true,
            "pair_success": true
          },
          {
            "scenario": "disturbance_m1_p_s12",
            "category": "disturbance",
            "controller_scale": 0.5,
            "baseline_signed_margin": 0.030383843333333327,
            "feedback_signed_margin": 0.030383843333333327,
            "signed_margin_gain": 0.0,
            "baseline_strict": true,
            "feedback_strict": true,
            "recovered": false,
            "lost": false,
            "preserved": true,
            "pair_success": true
          },
          {
            "scenario": "disturbance_m2_m_s08",
            "category": "disturbance",
            "controller_scale": 0.5,
            "baseline_signed_margin": 0.02869856999999998,
            "feedback_signed_margin": 0.028703949999999923,
            "signed_margin_gain": 5.379999999943763e-06,
            "baseline_strict": true,
            "feedback_strict": true,
            "recovered": false,
            "lost": false,
            "preserved": true,
            "pair_success": true
          },
          {
            "scenario": "disturbance_m2_m_s12",
            "category": "disturbance",
            "controller_scale": 0.5,
            "baseline_signed_margin": 0.030341829999999903,
            "feedback_signed_margin": 0.030341829999999903,
            "signed_margin_gain": 0.0,
            "baseline_strict": true,
            "feedback_strict": true,
            "recovered": false,
            "lost": false,
            "preserved": true,
            "pair_success": true
          },
          {
            "scenario": "disturbance_m2_p_s08",
            "category": "disturbance",
            "controller_scale": 0.5,
            "baseline_signed_margin": 0.032273413333333334,
            "feedback_signed_margin": 0.0322637566666667,
            "signed_margin_gain": -9.656666666635338e-06,
            "baseline_strict": true,
            "feedback_strict": true,
            "recovered": false,
            "lost": false,
            "preserved": true,
            "pair_success": true
          },
          {
            "scenario": "disturbance_m2_p_s12",
            "category": "disturbance",
            "controller_scale": 0.5,
            "baseline_signed_margin": 0.03037496999999989,
            "feedback_signed_margin": 0.03037496999999989,
            "signed_margin_gain": 0.0,
            "baseline_strict": true,
            "feedback_strict": true,
            "recovered": false,
            "lost": false,
            "preserved": true,
            "pair_success": true
          },
          {
            "scenario": "disturbance_m3_m_s08",
            "category": "disturbance",
            "controller_scale": 0.5,
            "baseline_signed_margin": 0.030186096666666717,
            "feedback_signed_margin": 0.03018633000000004,
            "signed_margin_gain": 2.3333333332153927e-07,
            "baseline_strict": true,
            "feedback_strict": true,
            "recovered": false,
            "lost": false,
            "preserved": true,
            "pair_success": true
          },
          {
            "scenario": "disturbance_m3_p_s08",
            "category": "disturbance",
            "controller_scale": 0.5,
            "baseline_signed_margin": 0.030574013333333316,
            "feedback_signed_margin": 0.030573986666666553,
            "signed_margin_gain": -2.6666666763652813e-08,
            "baseline_strict": true,
            "feedback_strict": true,
            "recovered": false,
            "lost": false,
            "preserved": true,
            "pair_success": true
          },
          {
            "scenario": "nominal",
            "category": "nominal",
            "controller_scale": 0.5,
            "baseline_signed_margin": 0.030357773333333338,
            "feedback_signed_margin": 0.030357773333333338,
            "signed_margin_gain": 0.0,
            "baseline_strict": true,
            "feedback_strict": true,
            "recovered": false,
            "lost": false,
            "preserved": true,
            "pair_success": true
          },
          {
            "scenario": "target_Ip_m1000A",
            "category": "target",
            "controller_scale": 0.5,
            "baseline_signed_margin": 0.030357773333333338,
            "feedback_signed_margin": 0.030357773333333338,
            "signed_margin_gain": 0.0,
            "baseline_strict": true,
            "feedback_strict": true,
            "recovered": false,
            "lost": false,
            "preserved": true,
            "pair_success": true
          },
          {
            "scenario": "target_Ip_m500A",
            "category": "target",
            "controller_scale": 0.5,
            "baseline_signed_margin": 0.030357773333333338,
            "feedback_signed_margin": 0.030357773333333338,
            "signed_margin_gain": 0.0,
            "baseline_strict": true,
            "feedback_strict": true,
            "recovered": false,
            "lost": false,
            "preserved": true,
            "pair_success": true
          },
          {
            "scenario": "target_Ip_p1000A",
            "category": "target",
            "controller_scale": 0.5,
            "baseline_signed_margin": 0.030357773333333338,
            "feedback_signed_margin": 0.030357773333333338,
            "signed_margin_gain": 0.0,
            "baseline_strict": true,
            "feedback_strict": true,
            "recovered": false,
            "lost": false,
            "preserved": true,
            "pair_success": true
          },
          {
            "scenario": "target_Ip_p500A",
            "category": "target",
            "controller_scale": 0.5,
            "baseline_signed_margin": 0.030357773333333338,
            "feedback_signed_margin": 0.030357773333333338,
            "signed_margin_gain": 0.0,
            "baseline_strict": true,
            "feedback_strict": true,
            "recovered": false,
            "lost": false,
            "preserved": true,
            "pair_success": true
          },
          {
            "scenario": "target_RZ_m_m_5mm",
            "category": "target",
            "controller_scale": 0.5,
            "baseline_signed_margin": -0.13630889333333318,
            "feedback_signed_margin": -0.12396821000000013,
            "signed_margin_gain": 0.012340683333333047,
            "baseline_strict": false,
            "feedback_strict": false,
            "recovered": false,
            "lost": false,
            "preserved": false,
            "pair_success": true
          },
          {
            "scenario": "target_RZ_m_p_5mm",
            "category": "target",
            "controller_scale": 0.5,
            "baseline_signed_margin": 0.19702444000000008,
            "feedback_signed_margin": 0.18852432333333335,
            "signed_margin_gain": -0.008500116666666724,
            "baseline_strict": true,
            "feedback_strict": true,
            "recovered": false,
            "lost": false,
            "preserved": true,
            "pair_success": true
          },
          {
            "scenario": "target_RZ_p_m_5mm",
            "category": "target",
            "controller_scale": 0.5,
            "baseline_signed_margin": -0.13630889333333318,
            "feedback_signed_margin": -0.13001821666666658,
            "signed_margin_gain": 0.006290676666666606,
            "baseline_strict": false,
            "feedback_strict": false,
            "recovered": false,
            "lost": false,
            "preserved": false,
            "pair_success": true
          },
          {
            "scenario": "target_RZ_p_p_5mm",
            "category": "target",
            "controller_scale": 0.5,
            "baseline_signed_margin": -0.04584510000000175,
            "feedback_signed_margin": -0.02574560000000181,
            "signed_margin_gain": 0.020099499999999937,
            "baseline_strict": false,
            "feedback_strict": false,
            "recovered": false,
            "lost": false,
            "preserved": false,
            "pair_success": true
          },
          {
            "scenario": "target_R_m0p005m",
            "category": "target",
            "controller_scale": 0.5,
            "baseline_signed_margin": 0.030357773333333338,
            "feedback_signed_margin": 0.033052983333333286,
            "signed_margin_gain": 0.002695209999999948,
            "baseline_strict": true,
            "feedback_strict": true,
            "recovered": false,
            "lost": false,
            "preserved": true,
            "pair_success": true
          },
          {
            "scenario": "target_R_m0p010m",
            "category": "target",
            "controller_scale": 0.5,
            "baseline_signed_margin": 0.030357773333333338,
            "feedback_signed_margin": 0.03706884999999993,
            "signed_margin_gain": 0.006711076666666593,
            "baseline_strict": true,
            "feedback_strict": true,
            "recovered": false,
            "lost": false,
            "preserved": true,
            "pair_success": true
          },
          {
            "scenario": "target_R_p0p005m",
            "category": "target",
            "controller_scale": 0.5,
            "baseline_signed_margin": -0.04584510000000175,
            "feedback_signed_margin": -0.029765466666665574,
            "signed_margin_gain": 0.016079633333336174,
            "baseline_strict": false,
            "feedback_strict": false,
            "recovered": false,
            "lost": false,
            "preserved": false,
            "pair_success": true
          },
          {
            "scenario": "target_R_p0p010m",
            "category": "target",
            "controller_scale": 0.5,
            "baseline_signed_margin": -0.2125117666666685,
            "feedback_signed_margin": -0.18037003333333335,
            "signed_margin_gain": 0.03214173333333514,
            "baseline_strict": false,
            "feedback_strict": false,
            "recovered": false,
            "lost": false,
            "preserved": false,
            "pair_success": true
          },
          {
            "scenario": "target_Z_m0p001m",
            "category": "target",
            "controller_scale": 0.5,
            "baseline_signed_margin": -0.0029755600000000992,
            "feedback_signed_margin": -0.000794656666666782,
            "signed_margin_gain": 0.002180903333333317,
            "baseline_strict": false,
            "feedback_strict": false,
            "recovered": false,
            "lost": false,
            "preserved": false,
            "pair_success": true
          },
          {
            "scenario": "target_Z_m0p002m",
            "category": "target",
            "controller_scale": 0.5,
            "baseline_signed_margin": -0.036308893333333314,
            "feedback_signed_margin": -0.03293117000000012,
            "signed_margin_gain": 0.0033777233333331935,
            "baseline_strict": false,
            "feedback_strict": false,
            "recovered": false,
            "lost": false,
            "preserved": false,
            "pair_success": true
          },
          {
            "scenario": "target_Z_m0p005m",
            "category": "target",
            "controller_scale": 0.5,
            "baseline_signed_margin": -0.13630889333333318,
            "feedback_signed_margin": -0.12247866333333324,
            "signed_margin_gain": 0.013830229999999943,
            "baseline_strict": false,
            "feedback_strict": false,
            "recovered": false,
            "lost": false,
            "preserved": false,
            "pair_success": true
          },
          {
            "scenario": "target_Z_m0p010m",
            "category": "target",
            "controller_scale": 0.5,
            "baseline_signed_margin": -0.30297556000000014,
            "feedback_signed_margin": -0.28096381000000004,
            "signed_margin_gain": 0.022011750000000108,
            "baseline_strict": false,
            "feedback_strict": false,
            "recovered": false,
            "lost": false,
            "preserved": false,
            "pair_success": true
          },
          {
            "scenario": "target_Z_p0p001m",
            "category": "target",
            "controller_scale": 0.5,
            "baseline_signed_margin": 0.06369110666666666,
            "feedback_signed_margin": 0.06147558333333336,
            "signed_margin_gain": -0.0022155233333333024,
            "baseline_strict": true,
            "feedback_strict": true,
            "recovered": false,
            "lost": false,
            "preserved": true,
            "pair_success": true
          },
          {
            "scenario": "target_Z_p0p002m",
            "category": "target",
            "controller_scale": 0.5,
            "baseline_signed_margin": 0.0970244400000001,
            "feedback_signed_margin": 0.09312262999999998,
            "signed_margin_gain": -0.0039018100000001166,
            "baseline_strict": true,
            "feedback_strict": true,
            "recovered": false,
            "lost": false,
            "preserved": true,
            "pair_success": true
          },
          {
            "scenario": "target_Z_p0p005m",
            "category": "target",
            "controller_scale": 0.5,
            "baseline_signed_margin": 0.1208215666666651,
            "feedback_signed_margin": 0.12472539999999843,
            "signed_margin_gain": 0.0039038333333333286,
            "baseline_strict": true,
            "feedback_strict": true,
            "recovered": false,
            "lost": false,
            "preserved": true,
            "pair_success": true
          },
          {
            "scenario": "target_Z_p0p010m",
            "category": "target",
            "controller_scale": 0.5,
            "baseline_signed_margin": 0.1208215666666651,
            "feedback_signed_margin": 0.12755616666666747,
            "signed_margin_gain": 0.0067346000000023665,
            "baseline_strict": true,
            "feedback_strict": true,
            "recovered": false,
            "lost": false,
            "preserved": true,
            "pair_success": true
          }
        ],
        "n_nonnominal_scenarios": 32,
        "n_baseline_strict": 23,
        "n_feedback_strict": 23,
        "n_preserved": 23,
        "n_recovered": 0,
        "n_lost": 0,
        "nonnominal_strict_fraction": 0.71875,
        "median_signed_margin_gain": 2.806666666632651e-06,
        "worst_baseline_signed_margin": -0.30297556000000014,
        "worst_feedback_signed_margin": -0.28096381000000004,
        "worst_case_signed_margin_gain": -0.008500116666666724,
        "nominal_strict": true,
        "all_required_rollouts_successful": true,
        "target_disturbance_feedback_validation_pass": false
      },
      {
        "controller_scale": 1.0,
        "comparisons": [
          {
            "scenario": "disturbance_m1_m_s04",
            "category": "disturbance",
            "controller_scale": 1.0,
            "baseline_signed_margin": 0.02360465333333328,
            "feedback_signed_margin": 0.024717373333333237,
            "signed_margin_gain": 0.001112719999999956,
            "baseline_strict": true,
            "feedback_strict": true,
            "recovered": false,
            "lost": false,
            "preserved": true,
            "pair_success": true
          },
          {
            "scenario": "disturbance_m1_m_s08",
            "category": "disturbance",
            "controller_scale": 1.0,
            "baseline_signed_margin": 0.02699636333333333,
            "feedback_signed_margin": 0.027389429999999937,
            "signed_margin_gain": 0.0003930666666666083,
            "baseline_strict": true,
            "feedback_strict": true,
            "recovered": false,
            "lost": false,
            "preserved": true,
            "pair_success": true
          },
          {
            "scenario": "disturbance_m1_m_s12",
            "category": "disturbance",
            "controller_scale": 1.0,
            "baseline_signed_margin": 0.03033503999999998,
            "feedback_signed_margin": 0.03033503999999998,
            "signed_margin_gain": 0.0,
            "baseline_strict": true,
            "feedback_strict": true,
            "recovered": false,
            "lost": false,
            "preserved": true,
            "pair_success": true
          },
          {
            "scenario": "disturbance_m1_p_s04",
            "category": "disturbance",
            "controller_scale": 1.0,
            "baseline_signed_margin": 0.03843017000000004,
            "feedback_signed_margin": 0.03664280666666664,
            "signed_margin_gain": -0.0017873633333334027,
            "baseline_strict": true,
            "feedback_strict": true,
            "recovered": false,
            "lost": false,
            "preserved": true,
            "pair_success": true
          },
          {
            "scenario": "disturbance_m1_p_s08",
            "category": "disturbance",
            "controller_scale": 1.0,
            "baseline_signed_margin": 0.032793506666666694,
            "feedback_signed_margin": 0.03275851333333335,
            "signed_margin_gain": -3.499333333334409e-05,
            "baseline_strict": true,
            "feedback_strict": true,
            "recovered": false,
            "lost": false,
            "preserved": true,
            "pair_success": true
          },
          {
            "scenario": "disturbance_m1_p_s12",
            "category": "disturbance",
            "controller_scale": 1.0,
            "baseline_signed_margin": 0.030383843333333327,
            "feedback_signed_margin": 0.030383843333333327,
            "signed_margin_gain": 0.0,
            "baseline_strict": true,
            "feedback_strict": true,
            "recovered": false,
            "lost": false,
            "preserved": true,
            "pair_success": true
          },
          {
            "scenario": "disturbance_m2_m_s08",
            "category": "disturbance",
            "controller_scale": 1.0,
            "baseline_signed_margin": 0.02869856999999998,
            "feedback_signed_margin": 0.028697663333333234,
            "signed_margin_gain": -9.066666667445489e-07,
            "baseline_strict": true,
            "feedback_strict": true,
            "recovered": false,
            "lost": false,
            "preserved": true,
            "pair_success": true
          },
          {
            "scenario": "disturbance_m2_m_s12",
            "category": "disturbance",
            "controller_scale": 1.0,
            "baseline_signed_margin": 0.030341829999999903,
            "feedback_signed_margin": 0.030341829999999903,
            "signed_margin_gain": 0.0,
            "baseline_strict": true,
            "feedback_strict": true,
            "recovered": false,
            "lost": false,
            "preserved": true,
            "pair_success": true
          },
          {
            "scenario": "disturbance_m2_p_s08",
            "category": "disturbance",
            "controller_scale": 1.0,
            "baseline_signed_margin": 0.032273413333333334,
            "feedback_signed_margin": 0.03227875000000002,
            "signed_margin_gain": 5.33666666668875e-06,
            "baseline_strict": true,
            "feedback_strict": true,
            "recovered": false,
            "lost": false,
            "preserved": true,
            "pair_success": true
          },
          {
            "scenario": "disturbance_m2_p_s12",
            "category": "disturbance",
            "controller_scale": 1.0,
            "baseline_signed_margin": 0.03037496999999989,
            "feedback_signed_margin": 0.03037496999999989,
            "signed_margin_gain": 0.0,
            "baseline_strict": true,
            "feedback_strict": true,
            "recovered": false,
            "lost": false,
            "preserved": true,
            "pair_success": true
          },
          {
            "scenario": "disturbance_m3_m_s08",
            "category": "disturbance",
            "controller_scale": 1.0,
            "baseline_signed_margin": 0.030186096666666717,
            "feedback_signed_margin": 0.030186596666666676,
            "signed_margin_gain": 4.999999999588667e-07,
            "baseline_strict": true,
            "feedback_strict": true,
            "recovered": false,
            "lost": false,
            "preserved": true,
            "pair_success": true
          },
          {
            "scenario": "disturbance_m3_p_s08",
            "category": "disturbance",
            "controller_scale": 1.0,
            "baseline_signed_margin": 0.030574013333333316,
            "feedback_signed_margin": 0.03056369999999997,
            "signed_margin_gain": -1.0313333333344943e-05,
            "baseline_strict": true,
            "feedback_strict": true,
            "recovered": false,
            "lost": false,
            "preserved": true,
            "pair_success": true
          },
          {
            "scenario": "nominal",
            "category": "nominal",
            "controller_scale": 1.0,
            "baseline_signed_margin": 0.030357773333333338,
            "feedback_signed_margin": 0.030357773333333338,
            "signed_margin_gain": 0.0,
            "baseline_strict": true,
            "feedback_strict": true,
            "recovered": false,
            "lost": false,
            "preserved": true,
            "pair_success": true
          },
          {
            "scenario": "target_Ip_m1000A",
            "category": "target",
            "controller_scale": 1.0,
            "baseline_signed_margin": 0.030357773333333338,
            "feedback_signed_margin": 0.030357773333333338,
            "signed_margin_gain": 0.0,
            "baseline_strict": true,
            "feedback_strict": true,
            "recovered": false,
            "lost": false,
            "preserved": true,
            "pair_success": true
          },
          {
            "scenario": "target_Ip_m500A",
            "category": "target",
            "controller_scale": 1.0,
            "baseline_signed_margin": 0.030357773333333338,
            "feedback_signed_margin": 0.030357773333333338,
            "signed_margin_gain": 0.0,
            "baseline_strict": true,
            "feedback_strict": true,
            "recovered": false,
            "lost": false,
            "preserved": true,
            "pair_success": true
          },
          {
            "scenario": "target_Ip_p1000A",
            "category": "target",
            "controller_scale": 1.0,
            "baseline_signed_margin": 0.030357773333333338,
            "feedback_signed_margin": 0.030357773333333338,
            "signed_margin_gain": 0.0,
            "baseline_strict": true,
            "feedback_strict": true,
            "recovered": false,
            "lost": false,
            "preserved": true,
            "pair_success": true
          },
          {
            "scenario": "target_Ip_p500A",
            "category": "target",
            "controller_scale": 1.0,
            "baseline_signed_margin": 0.030357773333333338,
            "feedback_signed_margin": 0.030357773333333338,
            "signed_margin_gain": 0.0,
            "baseline_strict": true,
            "feedback_strict": true,
            "recovered": false,
            "lost": false,
            "preserved": true,
            "pair_success": true
          },
          {
            "scenario": "target_RZ_m_m_5mm",
            "category": "target",
            "controller_scale": 1.0,
            "baseline_signed_margin": -0.13630889333333318,
            "feedback_signed_margin": -0.11291818666666664,
            "signed_margin_gain": 0.02339070666666654,
            "baseline_strict": false,
            "feedback_strict": false,
            "recovered": false,
            "lost": false,
            "preserved": false,
            "pair_success": true
          },
          {
            "scenario": "target_RZ_m_p_5mm",
            "category": "target",
            "controller_scale": 1.0,
            "baseline_signed_margin": 0.19702444000000008,
            "feedback_signed_margin": 0.18197896666666658,
            "signed_margin_gain": -0.015045473333333503,
            "baseline_strict": true,
            "feedback_strict": true,
            "recovered": false,
            "lost": false,
            "preserved": true,
            "pair_success": true
          },
          {
            "scenario": "target_RZ_p_m_5mm",
            "category": "target",
            "controller_scale": 1.0,
            "baseline_signed_margin": -0.13630889333333318,
            "feedback_signed_margin": -0.12481578333333321,
            "signed_margin_gain": 0.011493109999999973,
            "baseline_strict": false,
            "feedback_strict": false,
            "recovered": false,
            "lost": false,
            "preserved": false,
            "pair_success": true
          },
          {
            "scenario": "target_RZ_p_p_5mm",
            "category": "target",
            "controller_scale": 1.0,
            "baseline_signed_margin": -0.04584510000000175,
            "feedback_signed_margin": -0.022129166666666977,
            "signed_margin_gain": 0.02371593333333477,
            "baseline_strict": false,
            "feedback_strict": false,
            "recovered": false,
            "lost": false,
            "preserved": false,
            "pair_success": true
          },
          {
            "scenario": "target_R_m0p005m",
            "category": "target",
            "controller_scale": 1.0,
            "baseline_signed_margin": 0.030357773333333338,
            "feedback_signed_margin": 0.035453949999999956,
            "signed_margin_gain": 0.005096176666666619,
            "baseline_strict": true,
            "feedback_strict": true,
            "recovered": false,
            "lost": false,
            "preserved": true,
            "pair_success": true
          },
          {
            "scenario": "target_R_m0p010m",
            "category": "target",
            "controller_scale": 1.0,
            "baseline_signed_margin": 0.030357773333333338,
            "feedback_signed_margin": 0.039483253333333246,
            "signed_margin_gain": 0.009125479999999908,
            "baseline_strict": true,
            "feedback_strict": true,
            "recovered": false,
            "lost": false,
            "preserved": true,
            "pair_success": true
          },
          {
            "scenario": "target_R_p0p005m",
            "category": "target",
            "controller_scale": 1.0,
            "baseline_signed_margin": -0.04584510000000175,
            "feedback_signed_margin": -0.0255626666666684,
            "signed_margin_gain": 0.02028243333333335,
            "baseline_strict": false,
            "feedback_strict": false,
            "recovered": false,
            "lost": false,
            "preserved": false,
            "pair_success": true
          },
          {
            "scenario": "target_R_p0p010m",
            "category": "target",
            "controller_scale": 1.0,
            "baseline_signed_margin": -0.2125117666666685,
            "feedback_signed_margin": -0.17015159999999874,
            "signed_margin_gain": 0.04236016666666975,
            "baseline_strict": false,
            "feedback_strict": false,
            "recovered": false,
            "lost": false,
            "preserved": false,
            "pair_success": true
          },
          {
            "scenario": "target_Z_m0p001m",
            "category": "target",
            "controller_scale": 1.0,
            "baseline_signed_margin": -0.0029755600000000992,
            "feedback_signed_margin": 9.589666666653951e-05,
            "signed_margin_gain": 0.0030714566666666387,
            "baseline_strict": false,
            "feedback_strict": true,
            "recovered": true,
            "lost": false,
            "preserved": false,
            "pair_success": true
          },
          {
            "scenario": "target_Z_m0p002m",
            "category": "target",
            "controller_scale": 1.0,
            "baseline_signed_margin": -0.036308893333333314,
            "feedback_signed_margin": -0.029541189999999995,
            "signed_margin_gain": 0.006767703333333319,
            "baseline_strict": false,
            "feedback_strict": false,
            "recovered": false,
            "lost": false,
            "preserved": false,
            "pair_success": true
          },
          {
            "scenario": "target_Z_m0p005m",
            "category": "target",
            "controller_scale": 1.0,
            "baseline_signed_margin": -0.13630889333333318,
            "feedback_signed_margin": -0.11683561666666664,
            "signed_margin_gain": 0.01947327666666654,
            "baseline_strict": false,
            "feedback_strict": false,
            "recovered": false,
            "lost": false,
            "preserved": false,
            "pair_success": true
          },
          {
            "scenario": "target_Z_m0p010m",
            "category": "target",
            "controller_scale": 1.0,
            "baseline_signed_margin": -0.30297556000000014,
            "feedback_signed_margin": -0.2680068533333335,
            "signed_margin_gain": 0.03496870666666663,
            "baseline_strict": false,
            "feedback_strict": false,
            "recovered": false,
            "lost": false,
            "preserved": false,
            "pair_success": true
          },
          {
            "scenario": "target_Z_p0p001m",
            "category": "target",
            "controller_scale": 1.0,
            "baseline_signed_margin": 0.06369110666666666,
            "feedback_signed_margin": 0.060835056666666665,
            "signed_margin_gain": -0.002856049999999999,
            "baseline_strict": true,
            "feedback_strict": true,
            "recovered": false,
            "lost": false,
            "preserved": true,
            "pair_success": true
          },
          {
            "scenario": "target_Z_p0p002m",
            "category": "target",
            "controller_scale": 1.0,
            "baseline_signed_margin": 0.0970244400000001,
            "feedback_signed_margin": 0.09127315666666669,
            "signed_margin_gain": -0.005751283333333412,
            "baseline_strict": true,
            "feedback_strict": true,
            "recovered": false,
            "lost": false,
            "preserved": true,
            "pair_success": true
          },
          {
            "scenario": "target_Z_p0p005m",
            "category": "target",
            "controller_scale": 1.0,
            "baseline_signed_margin": 0.1208215666666651,
            "feedback_signed_margin": 0.124594399999999,
            "signed_margin_gain": 0.0037728333333338915,
            "baseline_strict": true,
            "feedback_strict": true,
            "recovered": false,
            "lost": false,
            "preserved": true,
            "pair_success": true
          },
          {
            "scenario": "target_Z_p0p010m",
            "category": "target",
            "controller_scale": 1.0,
            "baseline_signed_margin": 0.1208215666666651,
            "feedback_signed_margin": 0.12903816666666823,
            "signed_margin_gain": 0.008216600000003127,
            "baseline_strict": true,
            "feedback_strict": true,
            "recovered": false,
            "lost": false,
            "preserved": true,
            "pair_success": true
          }
        ],
        "n_nonnominal_scenarios": 32,
        "n_baseline_strict": 23,
        "n_feedback_strict": 24,
        "n_preserved": 23,
        "n_recovered": 1,
        "n_lost": 0,
        "nonnominal_strict_fraction": 0.75,
        "median_signed_margin_gain": 2.918333333323808e-06,
        "worst_baseline_signed_margin": -0.30297556000000014,
        "worst_feedback_signed_margin": -0.2680068533333335,
        "worst_case_signed_margin_gain": -0.015045473333333503,
        "nominal_strict": true,
        "all_required_rollouts_successful": true,
        "target_disturbance_feedback_validation_pass": false
      }
    ],
    "target_disturbance_feedback_validated": false,
    "online_feedback_validated": false,
    "initial_state_robustness_validated": false,
    "plant_parameter_robustness_validated": false,
    "robustness_validated": false,
    "scope_warning": "The validation covers one initial state, configured target shifts, and injected mode disturbances. It does not establish robustness to initial-state, plant-parameter, noise, or delay variation."
  },
  "confirmation": {
    "schema_version": 1,
    "stage": "Stage3.2",
    "verdict": "PASS_PRECISE_HOLD_30MM_250MS_OPEN_LOOP_CONFIRMED_FEEDBACK_NOT_VALIDATED",
    "created_utc": "20260723_083539",
    "open_loop_confirmation": {
      "schema_version": 1,
      "stage": "Stage3.2",
      "created_utc": "20260723_082920",
      "n_candidates_all_repeats_strict": 4,
      "any_candidate_confirmed_strict": true,
      "all_selected_candidates_confirmed_strict": true,
      "all_candidates_confirmed_strict": true,
      "candidate_summaries": [
        {
          "candidate_id": "s32cr000p_03075fa5a99f2223",
          "repeats": 3,
          "successful_repeats": 3,
          "all_repeats_strict_gate": true,
          "worst_signed_margin": 0.031981773333333297,
          "worst_sustained_box_m": 0.0290405468,
          "max_post_arrival_velocity_rms": 0.024192191262095444
        },
        {
          "candidate_id": "s32cr000p_9e71d5727fe194e1",
          "repeats": 3,
          "successful_repeats": 3,
          "all_repeats_strict_gate": true,
          "worst_signed_margin": 0.03115684333333324,
          "worst_sustained_box_m": 0.0290652947,
          "max_post_arrival_velocity_rms": 0.023950426942509893
        },
        {
          "candidate_id": "s32cr000p_5f985038dfb37d02",
          "repeats": 3,
          "successful_repeats": 3,
          "all_repeats_strict_gate": true,
          "worst_signed_margin": 0.031141506666666596,
          "worst_sustained_box_m": 0.0290657548,
          "max_post_arrival_velocity_rms": 0.02395307584101823
        },
        {
          "candidate_id": "s32cr000p_fd93266b56b83ad8",
          "repeats": 3,
          "successful_repeats": 3,
          "all_repeats_strict_gate": true,
          "worst_signed_margin": 0.03113665666666665,
          "worst_sustained_box_m": 0.0290659003,
          "max_post_arrival_velocity_rms": 0.023952827144644584
        }
      ]
    },
    "feedback_validation": {
      "schema_version": 1,
      "stage": "Stage3.2",
      "created_utc": "20260723_082259",
      "center_candidate_id": "s32hr001s_c35a74e63036b542",
      "n_scenarios": 33,
      "n_rollouts": 99,
      "n_successful": 99,
      "n_strict": 73,
      "selected_controller_scale": 1.0,
      "selected_scale_summary": {
        "controller_scale": 1.0,
        "comparisons": [
          {
            "scenario": "disturbance_m1_m_s04",
            "category": "disturbance",
            "controller_scale": 1.0,
            "baseline_signed_margin": 0.02360465333333328,
            "feedback_signed_margin": 0.024717373333333237,
            "signed_margin_gain": 0.001112719999999956,
            "baseline_strict": true,
            "feedback_strict": true,
            "recovered": false,
            "lost": false,
            "preserved": true,
            "pair_success": true
          },
          {
            "scenario": "disturbance_m1_m_s08",
            "category": "disturbance",
            "controller_scale": 1.0,
            "baseline_signed_margin": 0.02699636333333333,
            "feedback_signed_margin": 0.027389429999999937,
            "signed_margin_gain": 0.0003930666666666083,
            "baseline_strict": true,
            "feedback_strict": true,
            "recovered": false,
            "lost": false,
            "preserved": true,
            "pair_success": true
          },
          {
            "scenario": "disturbance_m1_m_s12",
            "category": "disturbance",
            "controller_scale": 1.0,
            "baseline_signed_margin": 0.03033503999999998,
            "feedback_signed_margin": 0.03033503999999998,
            "signed_margin_gain": 0.0,
            "baseline_strict": true,
            "feedback_strict": true,
            "recovered": false,
            "lost": false,
            "preserved": true,
            "pair_success": true
          },
          {
            "scenario": "disturbance_m1_p_s04",
            "category": "disturbance",
            "controller_scale": 1.0,
            "baseline_signed_margin": 0.03843017000000004,
            "feedback_signed_margin": 0.03664280666666664,
            "signed_margin_gain": -0.0017873633333334027,
            "baseline_strict": true,
            "feedback_strict": true,
            "recovered": false,
            "lost": false,
            "preserved": true,
            "pair_success": true
          },
          {
            "scenario": "disturbance_m1_p_s08",
            "category": "disturbance",
            "controller_scale": 1.0,
            "baseline_signed_margin": 0.032793506666666694,
            "feedback_signed_margin": 0.03275851333333335,
            "signed_margin_gain": -3.499333333334409e-05,
            "baseline_strict": true,
            "feedback_strict": true,
            "recovered": false,
            "lost": false,
            "preserved": true,
            "pair_success": true
          },
          {
            "scenario": "disturbance_m1_p_s12",
            "category": "disturbance",
            "controller_scale": 1.0,
            "baseline_signed_margin": 0.030383843333333327,
            "feedback_signed_margin": 0.030383843333333327,
            "signed_margin_gain": 0.0,
            "baseline_strict": true,
            "feedback_strict": true,
            "recovered": false,
            "lost": false,
            "preserved": true,
            "pair_success": true
          },
          {
            "scenario": "disturbance_m2_m_s08",
            "category": "disturbance",
            "controller_scale": 1.0,
            "baseline_signed_margin": 0.02869856999999998,
            "feedback_signed_margin": 0.028697663333333234,
            "signed_margin_gain": -9.066666667445489e-07,
            "baseline_strict": true,
            "feedback_strict": true,
            "recovered": false,
            "lost": false,
            "preserved": true,
            "pair_success": true
          },
          {
            "scenario": "disturbance_m2_m_s12",
            "category": "disturbance",
            "controller_scale": 1.0,
            "baseline_signed_margin": 0.030341829999999903,
            "feedback_signed_margin": 0.030341829999999903,
            "signed_margin_gain": 0.0,
            "baseline_strict": true,
            "feedback_strict": true,
            "recovered": false,
            "lost": false,
            "preserved": true,
            "pair_success": true
          },
          {
            "scenario": "disturbance_m2_p_s08",
            "category": "disturbance",
            "controller_scale": 1.0,
            "baseline_signed_margin": 0.032273413333333334,
            "feedback_signed_margin": 0.03227875000000002,
            "signed_margin_gain": 5.33666666668875e-06,
            "baseline_strict": true,
            "feedback_strict": true,
            "recovered": false,
            "lost": false,
            "preserved": true,
            "pair_success": true
          },
          {
            "scenario": "disturbance_m2_p_s12",
            "category": "disturbance",
            "controller_scale": 1.0,
            "baseline_signed_margin": 0.03037496999999989,
            "feedback_signed_margin": 0.03037496999999989,
            "signed_margin_gain": 0.0,
            "baseline_strict": true,
            "feedback_strict": true,
            "recovered": false,
            "lost": false,
            "preserved": true,
            "pair_success": true
          },
          {
            "scenario": "disturbance_m3_m_s08",
            "category": "disturbance",
            "controller_scale": 1.0,
            "baseline_signed_margin": 0.030186096666666717,
            "feedback_signed_margin": 0.030186596666666676,
            "signed_margin_gain": 4.999999999588667e-07,
            "baseline_strict": true,
            "feedback_strict": true,
            "recovered": false,
            "lost": false,
            "preserved": true,
            "pair_success": true
          },
          {
            "scenario": "disturbance_m3_p_s08",
            "category": "disturbance",
            "controller_scale": 1.0,
            "baseline_signed_margin": 0.030574013333333316,
            "feedback_signed_margin": 0.03056369999999997,
            "signed_margin_gain": -1.0313333333344943e-05,
            "baseline_strict": true,
            "feedback_strict": true,
            "recovered": false,
            "lost": false,
            "preserved": true,
            "pair_success": true
          },
          {
            "scenario": "nominal",
            "category": "nominal",
            "controller_scale": 1.0,
            "baseline_signed_margin": 0.030357773333333338,
            "feedback_signed_margin": 0.030357773333333338,
            "signed_margin_gain": 0.0,
            "baseline_strict": true,
            "feedback_strict": true,
            "recovered": false,
            "lost": false,
            "preserved": true,
            "pair_success": true
          },
          {
            "scenario": "target_Ip_m1000A",
            "category": "target",
            "controller_scale": 1.0,
            "baseline_signed_margin": 0.030357773333333338,
            "feedback_signed_margin": 0.030357773333333338,
            "signed_margin_gain": 0.0,
            "baseline_strict": true,
            "feedback_strict": true,
            "recovered": false,
            "lost": false,
            "preserved": true,
            "pair_success": true
          },
          {
            "scenario": "target_Ip_m500A",
            "category": "target",
            "controller_scale": 1.0,
            "baseline_signed_margin": 0.030357773333333338,
            "feedback_signed_margin": 0.030357773333333338,
            "signed_margin_gain": 0.0,
            "baseline_strict": true,
            "feedback_strict": true,
            "recovered": false,
            "lost": false,
            "preserved": true,
            "pair_success": true
          },
          {
            "scenario": "target_Ip_p1000A",
            "category": "target",
            "controller_scale": 1.0,
            "baseline_signed_margin": 0.030357773333333338,
            "feedback_signed_margin": 0.030357773333333338,
            "signed_margin_gain": 0.0,
            "baseline_strict": true,
            "feedback_strict": true,
            "recovered": false,
            "lost": false,
            "preserved": true,
            "pair_success": true
          },
          {
            "scenario": "target_Ip_p500A",
            "category": "target",
            "controller_scale": 1.0,
            "baseline_signed_margin": 0.030357773333333338,
            "feedback_signed_margin": 0.030357773333333338,
            "signed_margin_gain": 0.0,
            "baseline_strict": true,
            "feedback_strict": true,
            "recovered": false,
            "lost": false,
            "preserved": true,
            "pair_success": true
          },
          {
            "scenario": "target_RZ_m_m_5mm",
            "category": "target",
            "controller_scale": 1.0,
            "baseline_signed_margin": -0.13630889333333318,
            "feedback_signed_margin": -0.11291818666666664,
            "signed_margin_gain": 0.02339070666666654,
            "baseline_strict": false,
            "feedback_strict": false,
            "recovered": false,
            "lost": false,
            "preserved": false,
            "pair_success": true
          },
          {
            "scenario": "target_RZ_m_p_5mm",
            "category": "target",
            "controller_scale": 1.0,
            "baseline_signed_margin": 0.19702444000000008,
            "feedback_signed_margin": 0.18197896666666658,
            "signed_margin_gain": -0.015045473333333503,
            "baseline_strict": true,
            "feedback_strict": true,
            "recovered": false,
            "lost": false,
            "preserved": true,
            "pair_success": true
          },
          {
            "scenario": "target_RZ_p_m_5mm",
            "category": "target",
            "controller_scale": 1.0,
            "baseline_signed_margin": -0.13630889333333318,
            "feedback_signed_margin": -0.12481578333333321,
            "signed_margin_gain": 0.011493109999999973,
            "baseline_strict": false,
            "feedback_strict": false,
            "recovered": false,
            "lost": false,
            "preserved": false,
            "pair_success": true
          },
          {
            "scenario": "target_RZ_p_p_5mm",
            "category": "target",
            "controller_scale": 1.0,
            "baseline_signed_margin": -0.04584510000000175,
            "feedback_signed_margin": -0.022129166666666977,
            "signed_margin_gain": 0.02371593333333477,
            "baseline_strict": false,
            "feedback_strict": false,
            "recovered": false,
            "lost": false,
            "preserved": false,
            "pair_success": true
          },
          {
            "scenario": "target_R_m0p005m",
            "category": "target",
            "controller_scale": 1.0,
            "baseline_signed_margin": 0.030357773333333338,
            "feedback_signed_margin": 0.035453949999999956,
            "signed_margin_gain": 0.005096176666666619,
            "baseline_strict": true,
            "feedback_strict": true,
            "recovered": false,
            "lost": false,
            "preserved": true,
            "pair_success": true
          },
          {
            "scenario": "target_R_m0p010m",
            "category": "target",
            "controller_scale": 1.0,
            "baseline_signed_margin": 0.030357773333333338,
            "feedback_signed_margin": 0.039483253333333246,
            "signed_margin_gain": 0.009125479999999908,
            "baseline_strict": true,
            "feedback_strict": true,
            "recovered": false,
            "lost": false,
            "preserved": true,
            "pair_success": true
          },
          {
            "scenario": "target_R_p0p005m",
            "category": "target",
            "controller_scale": 1.0,
            "baseline_signed_margin": -0.04584510000000175,
            "feedback_signed_margin": -0.0255626666666684,
            "signed_margin_gain": 0.02028243333333335,
            "baseline_strict": false,
            "feedback_strict": false,
            "recovered": false,
            "lost": false,
            "preserved": false,
            "pair_success": true
          },
          {
            "scenario": "target_R_p0p010m",
            "category": "target",
            "controller_scale": 1.0,
            "baseline_signed_margin": -0.2125117666666685,
            "feedback_signed_margin": -0.17015159999999874,
            "signed_margin_gain": 0.04236016666666975,
            "baseline_strict": false,
            "feedback_strict": false,
            "recovered": false,
            "lost": false,
            "preserved": false,
            "pair_success": true
          },
          {
            "scenario": "target_Z_m0p001m",
            "category": "target",
            "controller_scale": 1.0,
            "baseline_signed_margin": -0.0029755600000000992,
            "feedback_signed_margin": 9.589666666653951e-05,
            "signed_margin_gain": 0.0030714566666666387,
            "baseline_strict": false,
            "feedback_strict": true,
            "recovered": true,
            "lost": false,
            "preserved": false,
            "pair_success": true
          },
          {
            "scenario": "target_Z_m0p002m",
            "category": "target",
            "controller_scale": 1.0,
            "baseline_signed_margin": -0.036308893333333314,
            "feedback_signed_margin": -0.029541189999999995,
            "signed_margin_gain": 0.006767703333333319,
            "baseline_strict": false,
            "feedback_strict": false,
            "recovered": false,
            "lost": false,
            "preserved": false,
            "pair_success": true
          },
          {
            "scenario": "target_Z_m0p005m",
            "category": "target",
            "controller_scale": 1.0,
            "baseline_signed_margin": -0.13630889333333318,
            "feedback_signed_margin": -0.11683561666666664,
            "signed_margin_gain": 0.01947327666666654,
            "baseline_strict": false,
            "feedback_strict": false,
            "recovered": false,
            "lost": false,
            "preserved": false,
            "pair_success": true
          },
          {
            "scenario": "target_Z_m0p010m",
            "category": "target",
            "controller_scale": 1.0,
            "baseline_signed_margin": -0.30297556000000014,
            "feedback_signed_margin": -0.2680068533333335,
            "signed_margin_gain": 0.03496870666666663,
            "baseline_strict": false,
            "feedback_strict": false,
            "recovered": false,
            "lost": false,
            "preserved": false,
            "pair_success": true
          },
          {
            "scenario": "target_Z_p0p001m",
            "category": "target",
            "controller_scale": 1.0,
            "baseline_signed_margin": 0.06369110666666666,
            "feedback_signed_margin": 0.060835056666666665,
            "signed_margin_gain": -0.002856049999999999,
            "baseline_strict": true,
            "feedback_strict": true,
            "recovered": false,
            "lost": false,
            "preserved": true,
            "pair_success": true
          },
          {
            "scenario": "target_Z_p0p002m",
            "category": "target",
            "controller_scale": 1.0,
            "baseline_signed_margin": 0.0970244400000001,
            "feedback_signed_margin": 0.09127315666666669,
            "signed_margin_gain": -0.005751283333333412,
            "baseline_strict": true,
            "feedback_strict": true,
            "recovered": false,
            "lost": false,
            "preserved": true,
            "pair_success": true
          },
          {
            "scenario": "target_Z_p0p005m",
            "category": "target",
            "controller_scale": 1.0,
            "baseline_signed_margin": 0.1208215666666651,
            "feedback_signed_margin": 0.124594399999999,
            "signed_margin_gain": 0.0037728333333338915,
            "baseline_strict": true,
            "feedback_strict": true,
            "recovered": false,
            "lost": false,
            "preserved": true,
            "pair_success": true
          },
          {
            "scenario": "target_Z_p0p010m",
            "category": "target",
            "controller_scale": 1.0,
            "baseline_signed_margin": 0.1208215666666651,
            "feedback_signed_margin": 0.12903816666666823,
            "signed_margin_gain": 0.008216600000003127,
            "baseline_strict": true,
            "feedback_strict": true,
            "recovered": false,
            "lost": false,
            "preserved": true,
            "pair_success": true
          }
        ],
        "n_nonnominal_scenarios": 32,
        "n_baseline_strict": 23,
        "n_feedback_strict": 24,
        "n_preserved": 23,
        "n_recovered": 1,
        "n_lost": 0,
        "nonnominal_strict_fraction": 0.75,
        "median_signed_margin_gain": 2.918333333323808e-06,
        "worst_baseline_signed_margin": -0.30297556000000014,
        "worst_feedback_signed_margin": -0.2680068533333335,
        "worst_case_signed_margin_gain": -0.015045473333333503,
        "nominal_strict": true,
        "all_required_rollouts_successful": true,
        "target_disturbance_feedback_validation_pass": false
      },
      "scale_summaries": [
        {
          "controller_scale": 0.5,
          "comparisons": [
            {
              "scenario": "disturbance_m1_m_s04",
              "category": "disturbance",
              "controller_scale": 0.5,
              "baseline_signed_margin": 0.02360465333333328,
              "feedback_signed_margin": 0.024543439999999972,
              "signed_margin_gain": 0.0009387866666666911,
              "baseline_strict": true,
              "feedback_strict": true,
              "recovered": false,
              "lost": false,
              "preserved": true,
              "pair_success": true
            },
            {
              "scenario": "disturbance_m1_m_s08",
              "category": "disturbance",
              "controller_scale": 0.5,
              "baseline_signed_margin": 0.02699636333333333,
              "feedback_signed_margin": 0.02737644666666661,
              "signed_margin_gain": 0.0003800833333332809,
              "baseline_strict": true,
              "feedback_strict": true,
              "recovered": false,
              "lost": false,
              "preserved": true,
              "pair_success": true
            },
            {
              "scenario": "disturbance_m1_m_s12",
              "category": "disturbance",
              "controller_scale": 0.5,
              "baseline_signed_margin": 0.03033503999999998,
              "feedback_signed_margin": 0.03033503999999998,
              "signed_margin_gain": 0.0,
              "baseline_strict": true,
              "feedback_strict": true,
              "recovered": false,
              "lost": false,
              "preserved": true,
              "pair_success": true
            },
            {
              "scenario": "disturbance_m1_p_s04",
              "category": "disturbance",
              "controller_scale": 0.5,
              "baseline_signed_margin": 0.03843017000000004,
              "feedback_signed_margin": 0.03725677999999999,
              "signed_margin_gain": -0.0011733900000000519,
              "baseline_strict": true,
              "feedback_strict": true,
              "recovered": false,
              "lost": false,
              "preserved": true,
              "pair_success": true
            },
            {
              "scenario": "disturbance_m1_p_s08",
              "category": "disturbance",
              "controller_scale": 0.5,
              "baseline_signed_margin": 0.032793506666666694,
              "feedback_signed_margin": 0.03278184000000006,
              "signed_margin_gain": -1.1666666666632075e-05,
              "baseline_strict": true,
              "feedback_strict": true,
              "recovered": false,
              "lost": false,
              "preserved": true,
              "pair_success": true
            },
            {
              "scenario": "disturbance_m1_p_s12",
              "category": "disturbance",
              "controller_scale": 0.5,
              "baseline_signed_margin": 0.030383843333333327,
              "feedback_signed_margin": 0.030383843333333327,
              "signed_margin_gain": 0.0,
              "baseline_strict": true,
              "feedback_strict": true,
              "recovered": false,
              "lost": false,
              "preserved": true,
              "pair_success": true
            },
            {
              "scenario": "disturbance_m2_m_s08",
              "category": "disturbance",
              "controller_scale": 0.5,
              "baseline_signed_margin": 0.02869856999999998,
              "feedback_signed_margin": 0.028703949999999923,
              "signed_margin_gain": 5.379999999943763e-06,
              "baseline_strict": true,
              "feedback_strict": true,
              "recovered": false,
              "lost": false,
              "preserved": true,
              "pair_success": true
            },
            {
              "scenario": "disturbance_m2_m_s12",
              "category": "disturbance",
              "controller_scale": 0.5,
              "baseline_signed_margin": 0.030341829999999903,
              "feedback_signed_margin": 0.030341829999999903,
              "signed_margin_gain": 0.0,
              "baseline_strict": true,
              "feedback_strict": true,
              "recovered": false,
              "lost": false,
              "preserved": true,
              "pair_success": true
            },
            {
              "scenario": "disturbance_m2_p_s08",
              "category": "disturbance",
              "controller_scale": 0.5,
              "baseline_signed_margin": 0.032273413333333334,
              "feedback_signed_margin": 0.0322637566666667,
              "signed_margin_gain": -9.656666666635338e-06,
              "baseline_strict": true,
              "feedback_strict": true,
              "recovered": false,
              "lost": false,
              "preserved": true,
              "pair_success": true
            },
            {
              "scenario": "disturbance_m2_p_s12",
              "category": "disturbance",
              "controller_scale": 0.5,
              "baseline_signed_margin": 0.03037496999999989,
              "feedback_signed_margin": 0.03037496999999989,
              "signed_margin_gain": 0.0,
              "baseline_strict": true,
              "feedback_strict": true,
              "recovered": false,
              "lost": false,
              "preserved": true,
              "pair_success": true
            },
            {
              "scenario": "disturbance_m3_m_s08",
              "category": "disturbance",
              "controller_scale": 0.5,
              "baseline_signed_margin": 0.030186096666666717,
              "feedback_signed_margin": 0.03018633000000004,
              "signed_margin_gain": 2.3333333332153927e-07,
              "baseline_strict": true,
              "feedback_strict": true,
              "recovered": false,
              "lost": false,
              "preserved": true,
              "pair_success": true
            },
            {
              "scenario": "disturbance_m3_p_s08",
              "category": "disturbance",
              "controller_scale": 0.5,
              "baseline_signed_margin": 0.030574013333333316,
              "feedback_signed_margin": 0.030573986666666553,
              "signed_margin_gain": -2.6666666763652813e-08,
              "baseline_strict": true,
              "feedback_strict": true,
              "recovered": false,
              "lost": false,
              "preserved": true,
              "pair_success": true
            },
            {
              "scenario": "nominal",
              "category": "nominal",
              "controller_scale": 0.5,
              "baseline_signed_margin": 0.030357773333333338,
              "feedback_signed_margin": 0.030357773333333338,
              "signed_margin_gain": 0.0,
              "baseline_strict": true,
              "feedback_strict": true,
              "recovered": false,
              "lost": false,
              "preserved": true,
              "pair_success": true
            },
            {
              "scenario": "target_Ip_m1000A",
              "category": "target",
              "controller_scale": 0.5,
              "baseline_signed_margin": 0.030357773333333338,
              "feedback_signed_margin": 0.030357773333333338,
              "signed_margin_gain": 0.0,
              "baseline_strict": true,
              "feedback_strict": true,
              "recovered": false,
              "lost": false,
              "preserved": true,
              "pair_success": true
            },
            {
              "scenario": "target_Ip_m500A",
              "category": "target",
              "controller_scale": 0.5,
              "baseline_signed_margin": 0.030357773333333338,
              "feedback_signed_margin": 0.030357773333333338,
              "signed_margin_gain": 0.0,
              "baseline_strict": true,
              "feedback_strict": true,
              "recovered": false,
              "lost": false,
              "preserved": true,
              "pair_success": true
            },
            {
              "scenario": "target_Ip_p1000A",
              "category": "target",
              "controller_scale": 0.5,
              "baseline_signed_margin": 0.030357773333333338,
              "feedback_signed_margin": 0.030357773333333338,
              "signed_margin_gain": 0.0,
              "baseline_strict": true,
              "feedback_strict": true,
              "recovered": false,
              "lost": false,
              "preserved": true,
              "pair_success": true
            },
            {
              "scenario": "target_Ip_p500A",
              "category": "target",
              "controller_scale": 0.5,
              "baseline_signed_margin": 0.030357773333333338,
              "feedback_signed_margin": 0.030357773333333338,
              "signed_margin_gain": 0.0,
              "baseline_strict": true,
              "feedback_strict": true,
              "recovered": false,
              "lost": false,
              "preserved": true,
              "pair_success": true
            },
            {
              "scenario": "target_RZ_m_m_5mm",
              "category": "target",
              "controller_scale": 0.5,
              "baseline_signed_margin": -0.13630889333333318,
              "feedback_signed_margin": -0.12396821000000013,
              "signed_margin_gain": 0.012340683333333047,
              "baseline_strict": false,
              "feedback_strict": false,
              "recovered": false,
              "lost": false,
              "preserved": false,
              "pair_success": true
            },
            {
              "scenario": "target_RZ_m_p_5mm",
              "category": "target",
              "controller_scale": 0.5,
              "baseline_signed_margin": 0.19702444000000008,
              "feedback_signed_margin": 0.18852432333333335,
              "signed_margin_gain": -0.008500116666666724,
              "baseline_strict": true,
              "feedback_strict": true,
              "recovered": false,
              "lost": false,
              "preserved": true,
              "pair_success": true
            },
            {
              "scenario": "target_RZ_p_m_5mm",
              "category": "target",
              "controller_scale": 0.5,
              "baseline_signed_margin": -0.13630889333333318,
              "feedback_signed_margin": -0.13001821666666658,
              "signed_margin_gain": 0.006290676666666606,
              "baseline_strict": false,
              "feedback_strict": false,
              "recovered": false,
              "lost": false,
              "preserved": false,
              "pair_success": true
            },
            {
              "scenario": "target_RZ_p_p_5mm",
              "category": "target",
              "controller_scale": 0.5,
              "baseline_signed_margin": -0.04584510000000175,
              "feedback_signed_margin": -0.02574560000000181,
              "signed_margin_gain": 0.020099499999999937,
              "baseline_strict": false,
              "feedback_strict": false,
              "recovered": false,
              "lost": false,
              "preserved": false,
              "pair_success": true
            },
            {
              "scenario": "target_R_m0p005m",
              "category": "target",
              "controller_scale": 0.5,
              "baseline_signed_margin": 0.030357773333333338,
              "feedback_signed_margin": 0.033052983333333286,
              "signed_margin_gain": 0.002695209999999948,
              "baseline_strict": true,
              "feedback_strict": true,
              "recovered": false,
              "lost": false,
              "preserved": true,
              "pair_success": true
            },
            {
              "scenario": "target_R_m0p010m",
              "category": "target",
              "controller_scale": 0.5,
              "baseline_signed_margin": 0.030357773333333338,
              "feedback_signed_margin": 0.03706884999999993,
              "signed_margin_gain": 0.006711076666666593,
              "baseline_strict": true,
              "feedback_strict": true,
              "recovered": false,
              "lost": false,
              "preserved": true,
              "pair_success": true
            },
            {
              "scenario": "target_R_p0p005m",
              "category": "target",
              "controller_scale": 0.5,
              "baseline_signed_margin": -0.04584510000000175,
              "feedback_signed_margin": -0.029765466666665574,
              "signed_margin_gain": 0.016079633333336174,
              "baseline_strict": false,
              "feedback_strict": false,
              "recovered": false,
              "lost": false,
              "preserved": false,
              "pair_success": true
            },
            {
              "scenario": "target_R_p0p010m",
              "category": "target",
              "controller_scale": 0.5,
              "baseline_signed_margin": -0.2125117666666685,
              "feedback_signed_margin": -0.18037003333333335,
              "signed_margin_gain": 0.03214173333333514,
              "baseline_strict": false,
              "feedback_strict": false,
              "recovered": false,
              "lost": false,
              "preserved": false,
              "pair_success": true
            },
            {
              "scenario": "target_Z_m0p001m",
              "category": "target",
              "controller_scale": 0.5,
              "baseline_signed_margin": -0.0029755600000000992,
              "feedback_signed_margin": -0.000794656666666782,
              "signed_margin_gain": 0.002180903333333317,
              "baseline_strict": false,
              "feedback_strict": false,
              "recovered": false,
              "lost": false,
              "preserved": false,
              "pair_success": true
            },
            {
              "scenario": "target_Z_m0p002m",
              "category": "target",
              "controller_scale": 0.5,
              "baseline_signed_margin": -0.036308893333333314,
              "feedback_signed_margin": -0.03293117000000012,
              "signed_margin_gain": 0.0033777233333331935,
              "baseline_strict": false,
              "feedback_strict": false,
              "recovered": false,
              "lost": false,
              "preserved": false,
              "pair_success": true
            },
            {
              "scenario": "target_Z_m0p005m",
              "category": "target",
              "controller_scale": 0.5,
              "baseline_signed_margin": -0.13630889333333318,
              "feedback_signed_margin": -0.12247866333333324,
              "signed_margin_gain": 0.013830229999999943,
              "baseline_strict": false,
              "feedback_strict": false,
              "recovered": false,
              "lost": false,
              "preserved": false,
              "pair_success": true
            },
            {
              "scenario": "target_Z_m0p010m",
              "category": "target",
              "controller_scale": 0.5,
              "baseline_signed_margin": -0.30297556000000014,
              "feedback_signed_margin": -0.28096381000000004,
              "signed_margin_gain": 0.022011750000000108,
              "baseline_strict": false,
              "feedback_strict": false,
              "recovered": false,
              "lost": false,
              "preserved": false,
              "pair_success": true
            },
            {
              "scenario": "target_Z_p0p001m",
              "category": "target",
              "controller_scale": 0.5,
              "baseline_signed_margin": 0.06369110666666666,
              "feedback_signed_margin": 0.06147558333333336,
              "signed_margin_gain": -0.0022155233333333024,
              "baseline_strict": true,
              "feedback_strict": true,
              "recovered": false,
              "lost": false,
              "preserved": true,
              "pair_success": true
            },
            {
              "scenario": "target_Z_p0p002m",
              "category": "target",
              "controller_scale": 0.5,
              "baseline_signed_margin": 0.0970244400000001,
              "feedback_signed_margin": 0.09312262999999998,
              "signed_margin_gain": -0.0039018100000001166,
              "baseline_strict": true,
              "feedback_strict": true,
              "recovered": false,
              "lost": false,
              "preserved": true,
              "pair_success": true
            },
            {
              "scenario": "target_Z_p0p005m",
              "category": "target",
              "controller_scale": 0.5,
              "baseline_signed_margin": 0.1208215666666651,
              "feedback_signed_margin": 0.12472539999999843,
              "signed_margin_gain": 0.0039038333333333286,
              "baseline_strict": true,
              "feedback_strict": true,
              "recovered": false,
              "lost": false,
              "preserved": true,
              "pair_success": true
            },
            {
              "scenario": "target_Z_p0p010m",
              "category": "target",
              "controller_scale": 0.5,
              "baseline_signed_margin": 0.1208215666666651,
              "feedback_signed_margin": 0.12755616666666747,
              "signed_margin_gain": 0.0067346000000023665,
              "baseline_strict": true,
              "feedback_strict": true,
              "recovered": false,
              "lost": false,
              "preserved": true,
              "pair_success": true
            }
          ],
          "n_nonnominal_scenarios": 32,
          "n_baseline_strict": 23,
          "n_feedback_strict": 23,
          "n_preserved": 23,
          "n_recovered": 0,
          "n_lost": 0,
          "nonnominal_strict_fraction": 0.71875,
          "median_signed_margin_gain": 2.806666666632651e-06,
          "worst_baseline_signed_margin": -0.30297556000000014,
          "worst_feedback_signed_margin": -0.28096381000000004,
          "worst_case_signed_margin_gain": -0.008500116666666724,
          "nominal_strict": true,
          "all_required_rollouts_successful": true,
          "target_disturbance_feedback_validation_pass": false
        },
        {
          "controller_scale": 1.0,
          "comparisons": [
            {
              "scenario": "disturbance_m1_m_s04",
              "category": "disturbance",
              "controller_scale": 1.0,
              "baseline_signed_margin": 0.02360465333333328,
              "feedback_signed_margin": 0.024717373333333237,
              "signed_margin_gain": 0.001112719999999956,
              "baseline_strict": true,
              "feedback_strict": true,
              "recovered": false,
              "lost": false,
              "preserved": true,
              "pair_success": true
            },
            {
              "scenario": "disturbance_m1_m_s08",
              "category": "disturbance",
              "controller_scale": 1.0,
              "baseline_signed_margin": 0.02699636333333333,
              "feedback_signed_margin": 0.027389429999999937,
              "signed_margin_gain": 0.0003930666666666083,
              "baseline_strict": true,
              "feedback_strict": true,
              "recovered": false,
              "lost": false,
              "preserved": true,
              "pair_success": true
            },
            {
              "scenario": "disturbance_m1_m_s12",
              "category": "disturbance",
              "controller_scale": 1.0,
              "baseline_signed_margin": 0.03033503999999998,
              "feedback_signed_margin": 0.03033503999999998,
              "signed_margin_gain": 0.0,
              "baseline_strict": true,
              "feedback_strict": true,
              "recovered": false,
              "lost": false,
              "preserved": true,
              "pair_success": true
            },
            {
              "scenario": "disturbance_m1_p_s04",
              "category": "disturbance",
              "controller_scale": 1.0,
              "baseline_signed_margin": 0.03843017000000004,
              "feedback_signed_margin": 0.03664280666666664,
              "signed_margin_gain": -0.0017873633333334027,
              "baseline_strict": true,
              "feedback_strict": true,
              "recovered": false,
              "lost": false,
              "preserved": true,
              "pair_success": true
            },
            {
              "scenario": "disturbance_m1_p_s08",
              "category": "disturbance",
              "controller_scale": 1.0,
              "baseline_signed_margin": 0.032793506666666694,
              "feedback_signed_margin": 0.03275851333333335,
              "signed_margin_gain": -3.499333333334409e-05,
              "baseline_strict": true,
              "feedback_strict": true,
              "recovered": false,
              "lost": false,
              "preserved": true,
              "pair_success": true
            },
            {
              "scenario": "disturbance_m1_p_s12",
              "category": "disturbance",
              "controller_scale": 1.0,
              "baseline_signed_margin": 0.030383843333333327,
              "feedback_signed_margin": 0.030383843333333327,
              "signed_margin_gain": 0.0,
              "baseline_strict": true,
              "feedback_strict": true,
              "recovered": false,
              "lost": false,
              "preserved": true,
              "pair_success": true
            },
            {
              "scenario": "disturbance_m2_m_s08",
              "category": "disturbance",
              "controller_scale": 1.0,
              "baseline_signed_margin": 0.02869856999999998,
              "feedback_signed_margin": 0.028697663333333234,
              "signed_margin_gain": -9.066666667445489e-07,
              "baseline_strict": true,
              "feedback_strict": true,
              "recovered": false,
              "lost": false,
              "preserved": true,
              "pair_success": true
            },
            {
              "scenario": "disturbance_m2_m_s12",
              "category": "disturbance",
              "controller_scale": 1.0,
              "baseline_signed_margin": 0.030341829999999903,
              "feedback_signed_margin": 0.030341829999999903,
              "signed_margin_gain": 0.0,
              "baseline_strict": true,
              "feedback_strict": true,
              "recovered": false,
              "lost": false,
              "preserved": true,
              "pair_success": true
            },
            {
              "scenario": "disturbance_m2_p_s08",
              "category": "disturbance",
              "controller_scale": 1.0,
              "baseline_signed_margin": 0.032273413333333334,
              "feedback_signed_margin": 0.03227875000000002,
              "signed_margin_gain": 5.33666666668875e-06,
              "baseline_strict": true,
              "feedback_strict": true,
              "recovered": false,
              "lost": false,
              "preserved": true,
              "pair_success": true
            },
            {
              "scenario": "disturbance_m2_p_s12",
              "category": "disturbance",
              "controller_scale": 1.0,
              "baseline_signed_margin": 0.03037496999999989,
              "feedback_signed_margin": 0.03037496999999989,
              "signed_margin_gain": 0.0,
              "baseline_strict": true,
              "feedback_strict": true,
              "recovered": false,
              "lost": false,
              "preserved": true,
              "pair_success": true
            },
            {
              "scenario": "disturbance_m3_m_s08",
              "category": "disturbance",
              "controller_scale": 1.0,
              "baseline_signed_margin": 0.030186096666666717,
              "feedback_signed_margin": 0.030186596666666676,
              "signed_margin_gain": 4.999999999588667e-07,
              "baseline_strict": true,
              "feedback_strict": true,
              "recovered": false,
              "lost": false,
              "preserved": true,
              "pair_success": true
            },
            {
              "scenario": "disturbance_m3_p_s08",
              "category": "disturbance",
              "controller_scale": 1.0,
              "baseline_signed_margin": 0.030574013333333316,
              "feedback_signed_margin": 0.03056369999999997,
              "signed_margin_gain": -1.0313333333344943e-05,
              "baseline_strict": true,
              "feedback_strict": true,
              "recovered": false,
              "lost": false,
              "preserved": true,
              "pair_success": true
            },
            {
              "scenario": "nominal",
              "category": "nominal",
              "controller_scale": 1.0,
              "baseline_signed_margin": 0.030357773333333338,
              "feedback_signed_margin": 0.030357773333333338,
              "signed_margin_gain": 0.0,
              "baseline_strict": true,
              "feedback_strict": true,
              "recovered": false,
              "lost": false,
              "preserved": true,
              "pair_success": true
            },
            {
              "scenario": "target_Ip_m1000A",
              "category": "target",
              "controller_scale": 1.0,
              "baseline_signed_margin": 0.030357773333333338,
              "feedback_signed_margin": 0.030357773333333338,
              "signed_margin_gain": 0.0,
              "baseline_strict": true,
              "feedback_strict": true,
              "recovered": false,
              "lost": false,
              "preserved": true,
              "pair_success": true
            },
            {
              "scenario": "target_Ip_m500A",
              "category": "target",
              "controller_scale": 1.0,
              "baseline_signed_margin": 0.030357773333333338,
              "feedback_signed_margin": 0.030357773333333338,
              "signed_margin_gain": 0.0,
              "baseline_strict": true,
              "feedback_strict": true,
              "recovered": false,
              "lost": false,
              "preserved": true,
              "pair_success": true
            },
            {
              "scenario": "target_Ip_p1000A",
              "category": "target",
              "controller_scale": 1.0,
              "baseline_signed_margin": 0.030357773333333338,
              "feedback_signed_margin": 0.030357773333333338,
              "signed_margin_gain": 0.0,
              "baseline_strict": true,
              "feedback_strict": true,
              "recovered": false,
              "lost": false,
              "preserved": true,
              "pair_success": true
            },
            {
              "scenario": "target_Ip_p500A",
              "category": "target",
              "controller_scale": 1.0,
              "baseline_signed_margin": 0.030357773333333338,
              "feedback_signed_margin": 0.030357773333333338,
              "signed_margin_gain": 0.0,
              "baseline_strict": true,
              "feedback_strict": true,
              "recovered": false,
              "lost": false,
              "preserved": true,
              "pair_success": true
            },
            {
              "scenario": "target_RZ_m_m_5mm",
              "category": "target",
              "controller_scale": 1.0,
              "baseline_signed_margin": -0.13630889333333318,
              "feedback_signed_margin": -0.11291818666666664,
              "signed_margin_gain": 0.02339070666666654,
              "baseline_strict": false,
              "feedback_strict": false,
              "recovered": false,
              "lost": false,
              "preserved": false,
              "pair_success": true
            },
            {
              "scenario": "target_RZ_m_p_5mm",
              "category": "target",
              "controller_scale": 1.0,
              "baseline_signed_margin": 0.19702444000000008,
              "feedback_signed_margin": 0.18197896666666658,
              "signed_margin_gain": -0.015045473333333503,
              "baseline_strict": true,
              "feedback_strict": true,
              "recovered": false,
              "lost": false,
              "preserved": true,
              "pair_success": true
            },
            {
              "scenario": "target_RZ_p_m_5mm",
              "category": "target",
              "controller_scale": 1.0,
              "baseline_signed_margin": -0.13630889333333318,
              "feedback_signed_margin": -0.12481578333333321,
              "signed_margin_gain": 0.011493109999999973,
              "baseline_strict": false,
              "feedback_strict": false,
              "recovered": false,
              "lost": false,
              "preserved": false,
              "pair_success": true
            },
            {
              "scenario": "target_RZ_p_p_5mm",
              "category": "target",
              "controller_scale": 1.0,
              "baseline_signed_margin": -0.04584510000000175,
              "feedback_signed_margin": -0.022129166666666977,
              "signed_margin_gain": 0.02371593333333477,
              "baseline_strict": false,
              "feedback_strict": false,
              "recovered": false,
              "lost": false,
              "preserved": false,
              "pair_success": true
            },
            {
              "scenario": "target_R_m0p005m",
              "category": "target",
              "controller_scale": 1.0,
              "baseline_signed_margin": 0.030357773333333338,
              "feedback_signed_margin": 0.035453949999999956,
              "signed_margin_gain": 0.005096176666666619,
              "baseline_strict": true,
              "feedback_strict": true,
              "recovered": false,
              "lost": false,
              "preserved": true,
              "pair_success": true
            },
            {
              "scenario": "target_R_m0p010m",
              "category": "target",
              "controller_scale": 1.0,
              "baseline_signed_margin": 0.030357773333333338,
              "feedback_signed_margin": 0.039483253333333246,
              "signed_margin_gain": 0.009125479999999908,
              "baseline_strict": true,
              "feedback_strict": true,
              "recovered": false,
              "lost": false,
              "preserved": true,
              "pair_success": true
            },
            {
              "scenario": "target_R_p0p005m",
              "category": "target",
              "controller_scale": 1.0,
              "baseline_signed_margin": -0.04584510000000175,
              "feedback_signed_margin": -0.0255626666666684,
              "signed_margin_gain": 0.02028243333333335,
              "baseline_strict": false,
              "feedback_strict": false,
              "recovered": false,
              "lost": false,
              "preserved": false,
              "pair_success": true
            },
            {
              "scenario": "target_R_p0p010m",
              "category": "target",
              "controller_scale": 1.0,
              "baseline_signed_margin": -0.2125117666666685,
              "feedback_signed_margin": -0.17015159999999874,
              "signed_margin_gain": 0.04236016666666975,
              "baseline_strict": false,
              "feedback_strict": false,
              "recovered": false,
              "lost": false,
              "preserved": false,
              "pair_success": true
            },
            {
              "scenario": "target_Z_m0p001m",
              "category": "target",
              "controller_scale": 1.0,
              "baseline_signed_margin": -0.0029755600000000992,
              "feedback_signed_margin": 9.589666666653951e-05,
              "signed_margin_gain": 0.0030714566666666387,
              "baseline_strict": false,
              "feedback_strict": true,
              "recovered": true,
              "lost": false,
              "preserved": false,
              "pair_success": true
            },
            {
              "scenario": "target_Z_m0p002m",
              "category": "target",
              "controller_scale": 1.0,
              "baseline_signed_margin": -0.036308893333333314,
              "feedback_signed_margin": -0.029541189999999995,
              "signed_margin_gain": 0.006767703333333319,
              "baseline_strict": false,
              "feedback_strict": false,
              "recovered": false,
              "lost": false,
              "preserved": false,
              "pair_success": true
            },
            {
              "scenario": "target_Z_m0p005m",
              "category": "target",
              "controller_scale": 1.0,
              "baseline_signed_margin": -0.13630889333333318,
              "feedback_signed_margin": -0.11683561666666664,
              "signed_margin_gain": 0.01947327666666654,
              "baseline_strict": false,
              "feedback_strict": false,
              "recovered": false,
              "lost": false,
              "preserved": false,
              "pair_success": true
            },
            {
              "scenario": "target_Z_m0p010m",
              "category": "target",
              "controller_scale": 1.0,
              "baseline_signed_margin": -0.30297556000000014,
              "feedback_signed_margin": -0.2680068533333335,
              "signed_margin_gain": 0.03496870666666663,
              "baseline_strict": false,
              "feedback_strict": false,
              "recovered": false,
              "lost": false,
              "preserved": false,
              "pair_success": true
            },
            {
              "scenario": "target_Z_p0p001m",
              "category": "target",
              "controller_scale": 1.0,
              "baseline_signed_margin": 0.06369110666666666,
              "feedback_signed_margin": 0.060835056666666665,
              "signed_margin_gain": -0.002856049999999999,
              "baseline_strict": true,
              "feedback_strict": true,
              "recovered": false,
              "lost": false,
              "preserved": true,
              "pair_success": true
            },
            {
              "scenario": "target_Z_p0p002m",
              "category": "target",
              "controller_scale": 1.0,
              "baseline_signed_margin": 0.0970244400000001,
              "feedback_signed_margin": 0.09127315666666669,
              "signed_margin_gain": -0.005751283333333412,
              "baseline_strict": true,
              "feedback_strict": true,
              "recovered": false,
              "lost": false,
              "preserved": true,
              "pair_success": true
            },
            {
              "scenario": "target_Z_p0p005m",
              "category": "target",
              "controller_scale": 1.0,
              "baseline_signed_margin": 0.1208215666666651,
              "feedback_signed_margin": 0.124594399999999,
              "signed_margin_gain": 0.0037728333333338915,
              "baseline_strict": true,
              "feedback_strict": true,
              "recovered": false,
              "lost": false,
              "preserved": true,
              "pair_success": true
            },
            {
              "scenario": "target_Z_p0p010m",
              "category": "target",
              "controller_scale": 1.0,
              "baseline_signed_margin": 0.1208215666666651,
              "feedback_signed_margin": 0.12903816666666823,
              "signed_margin_gain": 0.008216600000003127,
              "baseline_strict": true,
              "feedback_strict": true,
              "recovered": false,
              "lost": false,
              "preserved": true,
              "pair_success": true
            }
          ],
          "n_nonnominal_scenarios": 32,
          "n_baseline_strict": 23,
          "n_feedback_strict": 24,
          "n_preserved": 23,
          "n_recovered": 1,
          "n_lost": 0,
          "nonnominal_strict_fraction": 0.75,
          "median_signed_margin_gain": 2.918333333323808e-06,
          "worst_baseline_signed_margin": -0.30297556000000014,
          "worst_feedback_signed_margin": -0.2680068533333335,
          "worst_case_signed_margin_gain": -0.015045473333333503,
          "nominal_strict": true,
          "all_required_rollouts_successful": true,
          "target_disturbance_feedback_validation_pass": false
        }
      ],
      "target_disturbance_feedback_validated": false,
      "online_feedback_validated": false,
      "initial_state_robustness_validated": false,
      "plant_parameter_robustness_validated": false,
      "robustness_validated": false,
      "scope_warning": "The validation covers one initial state, configured target shifts, and injected mode disturbances. It does not establish robustness to initial-state, plant-parameter, noise, or delay variation."
    },
    "feedback_confirmation": {
      "schema_version": 1,
      "stage": "Stage3.2",
      "created_utc": "20260723_083539",
      "selected_controller_scale": 1.0,
      "all_scenarios_confirmed_strict": false,
      "scenario_summaries": [
        {
          "scenario": "nominal",
          "category": "nominal",
          "repeats": 2,
          "successful_repeats": 2,
          "all_repeats_strict_gate": true,
          "worst_signed_margin": 0.030357773333333338
        },
        {
          "scenario": "target_Z_m0p010m",
          "category": "target",
          "repeats": 2,
          "successful_repeats": 2,
          "all_repeats_strict_gate": false,
          "worst_signed_margin": -0.2680068533333335
        },
        {
          "scenario": "target_R_p0p010m",
          "category": "target",
          "repeats": 2,
          "successful_repeats": 2,
          "all_repeats_strict_gate": false,
          "worst_signed_margin": -0.17015159999999874
        },
        {
          "scenario": "target_RZ_p_m_5mm",
          "category": "target",
          "repeats": 2,
          "successful_repeats": 2,
          "all_repeats_strict_gate": false,
          "worst_signed_margin": -0.12481578333333321
        },
        {
          "scenario": "target_Z_m0p005m",
          "category": "target",
          "repeats": 2,
          "successful_repeats": 2,
          "all_repeats_strict_gate": false,
          "worst_signed_margin": -0.11683561666666664
        },
        {
          "scenario": "target_RZ_m_m_5mm",
          "category": "target",
          "repeats": 2,
          "successful_repeats": 2,
          "all_repeats_strict_gate": false,
          "worst_signed_margin": -0.11291818666666664
        },
        {
          "scenario": "target_Z_m0p002m",
          "category": "target",
          "repeats": 2,
          "successful_repeats": 2,
          "all_repeats_strict_gate": false,
          "worst_signed_margin": -0.029541189999999995
        },
        {
          "scenario": "target_R_p0p005m",
          "category": "target",
          "repeats": 2,
          "successful_repeats": 2,
          "all_repeats_strict_gate": false,
          "worst_signed_margin": -0.0255626666666684
        }
      ]
    },
    "online_feedback_validated": false,
    "initial_state_robustness_validated": false,
    "plant_parameter_robustness_validated": false,
    "robustness_validated": false,
    "final_task_warning": "Stage3.2 does not validate different initial states, plant parameters, noise, delay, or discharge-scale hold. It is not the final robust controller and does not justify replacing causal feedback with residual RL."
  },
  "online_feedback_validated": false,
  "initial_state_robustness_validated": false,
  "plant_parameter_robustness_validated": false,
  "robustness_validated": false,
  "final_task": "robust causal feedback across initial states, targets, plant uncertainty, noise, and delay",
  "report": "/home/yangshen0711/tsc_all/tsc_rzip_rllib/stage3_2_runs/stage3_2_svd3_margin_long_hold_causal_mpc_250ms_20260722_073932/STAGE3_2_REPORT.md"
}
