stage,generation,candidate_id,population_index,source_name,source_type,linear_prefilter_score,proposal_rank_score,parameter_vector,validation_id,predicted_final3_box_max_error_m,predicted_terminal_velocity_m_per_s,predicted_late_velocity_rms_m_per_s,predicted_corner_max_violation,predicted_corner_sum_violation,candidate_label,candidate_n_modes,candidate_target_fraction,sequence_scale,success,failure_reason,n_trajectory_steps,terminal_R_error_m,terminal_Z_error_m,terminal_Ip_error_A,terminal_RZ_euclidean_error_m,terminal_RZ_box_max_error_m,terminal_normalized_RZ_distance,min_normalized_RZ_distance,min_normalized_RZ_distance_after_step0,min_RZ_euclidean_error_after_step0_m,closest_step_after_step0,closest_velocity_after_step0_m_per_s,relative_distance_reduction,relative_distance_reduction_after_step0,first_step_within_2x_RZ_only,first_step_within_1x_RZ_only,first_step_within_2x,first_step_within_1x,first_step_after_step0_within_2x,first_step_after_step0_within_1x,terminal_within_2x_RZ_only,terminal_within_1x_RZ_only,terminal_within_2x,terminal_within_1x,gate_ip_tolerance_A,terminal_Ip_safe,late_Ip_safe_fraction,late_fraction_within_2x,late_fraction_within_1x,late_R_rms_m,late_Z_rms_m,late_RZ_euclidean_rms_m,terminal_velocity_m_per_s,max_velocity_m_per_s,late_velocity_mean_m_per_s,late_velocity_rms_m_per_s,max_current_utilization,wall_time_s,first_step_after_step0_within_30mm,ever_after_step0_within_30mm,terminal_within_30mm,late_fraction_within_30mm,longest_streak_after_step0_within_30mm_steps,trailing_streak_within_30mm_steps,first_step_after_step0_within_40mm,ever_after_step0_within_40mm,terminal_within_40mm,late_fraction_within_40mm,longest_streak_after_step0_within_40mm_steps,trailing_streak_within_40mm_steps,first_step_after_step0_within_80mm,ever_after_step0_within_80mm,terminal_within_80mm,late_fraction_within_80mm,longest_streak_after_step0_within_80mm_steps,trailing_streak_within_80mm_steps,gate_tier,gate_label,strict_gate_pass,relaxed_gate_pass,terminal_RZ_reduction_vs_zero_action_fraction,continuous_objective,selection_score,position_excess_objective,velocity_excess_objective,precise_streak_deficit,action_rms,delta_action_rms,repair_excess_rms,stage2_legacy_selection_score,stage2_legacy_continuous_objective,stage2_2_final3_box_errors_m,stage2_2_final3_box_max_error_m,stage2_2_final3_box_mean_error_m,stage2_2_terminal_box_error_m,stage2_2_final3_R_abs_max_error_m,stage2_2_final3_Z_abs_max_error_m,stage2_2_position_violation,stage2_2_terminal_speed_violation,stage2_2_late_speed_violation,stage2_2_ip_violation,stage2_2_max_violation,stage2_2_sum_violation,stage2_2_l2_violation,stage2_2_quality,stage2_2_selection_score,generation_rank
Stage2.2,1,s22g001_e7867931b32c3a50,25,probe_c1_h11_p,multi_center_probes,2.931989674530063,51.72276360006642,"[2.3911854335466187,1.204177336495726,0.471384395947247,1.2313401768972367,1.8197570748969636,0.1017763421788616,-0.31250065205519467,2.2641518817729636,-0.16986508593500527,-1.1243130457377541,-1.3398087584692329,0.20990607007822168,-0.5426494086987542,-0.1738030047699112,-0.024189279153778526]",s22g001_e7867931b32c3a50,0.031471229104557276,0.026012323887996933,0.10172708686333883,0.049040970151909224,0.06631183878529745,,,,,True,,11,-0.027195579999999997,0.0305993209,703.2738000000027,0.040937977613428544,0.0305993209,1.3645992537809515,0.5817437020072838,0.7819332053556993,0.02345799616067098,1,0.6279867362113741,0.0,-0.3441197603990719,0,0,0,0,1,1,True,False,True,False,10000.0,True,1.0,1.0,0.0,0.027526226292183237,0.031163960378957706,0.041579869653351795,0.022308996880408334,0.6493183822112883,0.09240294721537548,0.10303488188646727,0.41455,281.1035053730011,1,True,False,0.0,2,0,1,True,True,1.0,10,10,1,True,True,1.0,10,10,3,POSITION_40MM_SPEED_FAIL,False,False,0.5285276502624356,4134.26152562676,1004134.2615256268,0.0022141411124952212,0.0009210508064807048,1.0,0.4778043992820854,0.2573830546892362,0.06558217933974088,3000038.8796804743,38.8796804745003,"[0.0311419994,0.0303911549,0.0305993209]",0.0311419994,0.03071082506666667,0.0305993209,0.027617522000000005,0.0311419994,0.03806664666666659,0.0,0.030348818864672555,0.0,0.03806664666666659,0.06841546553133915,0.04868388229101643,5.251114543764836,1004134.2615256268,1
Stage2.2,1,s22g001_bf14ac8d10aca52f,22,probe_c1_h10_m,multi_center_probes,2.930690116840093,54.11250832780521,"[2.3911854335466187,1.204177336495726,0.471384395947247,1.1989401768972368,1.8197570748969636,0.1161763421788616,-0.31250065205519467,2.201151881772964,-0.16986508593500527,-1.0433130457377542,-1.3398087584692329,0.24230607007822166,-0.5426494086987542,-0.2548030047699112,-0.024189279153778526]",s22g001_bf14ac8d10aca52f,0.03156009234884529,0.025568370297214642,0.09906113428935424,0.052003078294843075,0.052003078294843075,,,,,True,,11,-0.027224307999999975,0.0305463906,666.7050000000017,0.04091753810735234,0.0305463906,1.3639179369117447,0.5817437020072838,0.7819332053556993,0.02345799616067098,1,0.6279867362113741,0.0,-0.3441197603990719,0,0,0,0,1,1,True,False,True,False,10000.0,True,1.0,1.0,0.0,0.027485852828335378,0.0311799572053346,0.041565151714235436,0.013670250488195758,0.649306036043951,0.08993079776695631,0.10210060232916943,0.41445,253.2462739944458,1,True,False,0.0,2,0,1,True,True,1.0,10,10,1,True,True,1.0,10,10,3,POSITION_40MM_SPEED_FAIL,False,False,0.5287630468921427,4267.246724988101,1004267.2467249881,0.0022969809183298975,0.0004412530145311996,1.0,0.475955738779446,0.25469413254613094,0.0551775224980422,3000038.745215789,38.74521578881718,"[0.0311922295,0.0304101556,0.0305463906]",0.0311922295,0.030716258566666668,0.0305463906,0.027544188000000025,0.0311922295,0.039740983333333535,0.0,0.02100602329169421,0.0,0.039740983333333535,0.060747006625027744,0.04495107085300075,5.209294301527238,1004267.2467249881,2
Stage2.2,1,s22g001_ae6ef04e6c7e6920,35,probe_c2_h01_p,multi_center_probes,2.9589895562389943,46.70674738772056,"[2.4156833455235933,1.2134774513649513,0.47907036778035206,1.220493434942497,1.8015524869218462,0.11602045403562732,-0.3515598495828374,2.2232286487576323,-0.3226840226543265,-0.8803612129819165,-1.4139796074137585,0.20019891051340608,-0.5962562891487809,0.05652819409651051,0.05374530769184573]",s22g001_ae6ef04e6c7e6920,0.03134645646611994,0.028566940678141254,0.09832785744573468,0.04488188220399825,0.04488188220399825,,,,,True,,11,-0.02795326499999995,0.0303523467,735.4354000000021,0.041263179401946515,0.0303523467,1.3754393133982172,0.5817437020072838,0.7819410457617871,0.023458231372853616,1,0.6280101555085302,0.0,-0.3441332378223096,0,0,0,0,1,1,True,False,True,False,10000.0,True,1.0,1.0,0.0,0.02790777958497807,0.031126582590883117,0.04180560136095146,0.021295953611009964,0.649443178448678,0.09135784385483771,0.10169074140445837,0.41455,279.6130611896515,1,True,False,0.0,2,0,1,True,True,1.0,10,10,1,True,True,1.0,10,10,3,POSITION_40MM_SPEED_FAIL,False,False,0.5247823833902114,4285.3933956647525,1004285.3933956648,0.0022614969856309106,0.00028586064967498734,1.0,0.4681843067722571,0.25789945304439105,0.08157948300961382,3000038.9291310855,38.92913108570985,"[0.0312026107,0.0303626942,0.0303523467]",0.0312026107,0.0306392172,0.0303523467,0.02795326499999995,0.0312026107,0.04008702333333347,0.0,0.016907414044583735,0.0,0.04008702333333347,0.056994437377917206,0.0435066671833434,5.2066456363043665,1004285.3933956648,3
Stage2.2,1,s22g001_5a2247fba3914382,40,corner_local_0062,corner_local,2.925224678034833,46.85587176017217,"[2.4156833455235933,1.2134774513649513,0.47907036778035206,1.2209606746221755,1.825798890810067,0.1070612357205479,-0.3166939484790194,2.2086973358122193,-0.2529045027886017,-0.9782854707309516,-1.335869231055953,0.2012724813115775,-0.522579802252218,-0.06603837744821768,0.06204331512710955]",s22g001_5a2247fba3914382,0.031314279228443494,0.030268735557319862,0.10316234898504328,0.04380930761478319,0.07543279746521603,,,,,True,,11,-0.027517213999999957,0.0303753382,701.1671999999999,0.04098607369688115,0.0303753382,1.3662024565627051,0.5817437020072838,0.7819410457617871,0.023458231372853616,1,0.6280101555085302,0.0,-0.3441332378223096,0,0,0,0,1,1,True,False,True,False,10000.0,True,1.0,1.0,0.0,0.027681288763703397,0.031129872245681645,0.041657204582784865,0.005248403280990713,0.649446147325156,0.08883856404631182,0.10286413788207387,0.41455,280.5220010280609,1,True,False,0.0,2,0,1,True,True,1.0,10,10,1,True,True,1.0,10,10,3,POSITION_40MM_SPEED_FAIL,False,False,0.5279737398154493,4305.181912818574,1004305.1819128186,0.0022676050360671603,0.0008203285807530591,1.0,0.4701133991789401,0.25386406674954604,0.06881663943553927,3000038.814868153,38.81486815323688,"[0.0311931885,0.0303559862,0.0303753382]",0.0311931885,0.0306415043,0.0303753382,0.027703432000000028,0.0311931885,0.03977295000000014,0.0,0.028641378820738694,0.0,0.03977295000000014,0.06841432882073883,0.04901240794386224,5.217189591773946,1004305.1819128186,4
Stage2.2,1,s22g001_6c0a81d032160a6b,47,corner_local_0069,corner_local,2.937491794991349,47.870616825605815,"[2.413946689140234,1.2100260733143955,0.4613863721475013,1.2220793333517084,1.8401236494395452,0.11182770269536833,-0.2907054552366149,2.144993810348946,-0.32607706802793784,-0.9406740570622067,-1.3339244057681552,0.11298138700819443,-0.4040272337461903,-0.11661957328049315,-0.0007773303144941457]",s22g001_6c0a81d032160a6b,0.03135874470939356,0.03107922188090457,0.10184522995503104,0.04529149031311874,0.06374378986342899,,,,,True,,11,-0.027904936999999963,0.0302777786,797.0258000000031,0.04117559211383104,0.0302777786,1.3725197371277014,0.5817437020072838,0.7819341870162442,0.023458025610487324,1,0.6279889312000577,0.0,-0.3441214478441469,0,0,0,0,1,1,True,False,True,False,10000.0,True,1.0,1.0,0.0,0.02788602693978361,0.031096735871199536,0.04176885778100097,0.020311992498545484,0.6494045298806584,0.09272149906377852,0.1033953631719034,0.4147,268.6623432636261,1,True,False,0.0,2,0,1,True,True,1.0,10,10,1,True,True,1.0,10,10,3,POSITION_40MM_SPEED_FAIL,False,False,0.5257911040682305,4309.75985870813,1004309.7598587081,0.0022405370479422473,0.001152849106911783,1.0,0.46456298558777875,0.25023008423073245,0.06933345653507296,3000039.0076852436,39.00768524349217,"[0.0311874663,0.0303229739,0.0302777786]",0.0311874663,0.030596072933333333,0.0302777786,0.027904936999999963,0.0311874663,0.03958221000000006,0.0,0.03395363171903387,0.0,0.03958221000000006,0.07353584171903393,0.05214978864191003,5.245703189999742,1004309.7598587081,5
Stage2.2,1,s22g001_f1eb833836e195bf,27,probe_c1_h12_p,multi_center_probes,2.9546746160728903,52.16365798114523,"[2.3911854335466187,1.204177336495726,0.471384395947247,1.2313401768972367,1.8521570748969636,0.1161763421788616,-0.31250065205519467,2.201151881772964,-0.16986508593500527,-1.1243130457377541,-1.4208087584692328,0.20990607007822168,-0.6236494086987542,-0.2548030047699112,-0.024189279153778526]",s22g001_f1eb833836e195bf,0.03150023007808045,0.02637173253588278,0.1003153379871557,0.0500076692693483,0.05316104914090514,,,,,True,,11,-0.027418632000000054,0.0308806712,688.661500000002,0.041296455471552716,0.0308806712,1.376548515718424,0.5817437020072838,0.7819332053556993,0.02345799616067098,1,0.6279867362113741,0.0,-0.3441197603990719,0,0,0,0,1,1,True,False,True,False,10000.0,True,1.0,1.0,0.0,0.02759612708449518,0.03130964126181438,0.04173535510819476,0.03308223748723968,0.6493204618607247,0.0908707311620637,0.09956731401330152,0.41445,262.78078627586365,1,True,False,0.0,2,0,1,True,True,1.0,10,10,1,True,True,1.0,10,10,1,PASS_DAMPED_HOLD_40MM,False,True,0.5243991513000625,4325.788167966646,1004325.7881679666,0.002506567715010924,0.0,1.0,0.4828778246520502,0.26048070495125875,0.056133575669967135,1000038.9475780955,38.94757809551184,"[0.0312344516,0.0305542023,0.0308806712]",0.0312344516,0.030889775033333334,0.0308806712,0.027620777999999957,0.0312344516,0.04114838666666665,0.0,0.0,0.0,0.04114838666666665,0.04114838666666665,0.04114838666666665,5.207567966630894,1004325.7881679666,6
Stage2.2,1,s22g001_f1ddb5d6f77ddb98,79,trust_mix_0018,trust_mix,2.934248275174936,46.46977171464294,"[2.4156833455235933,1.2134774513649513,0.47907036778035206,1.2076693441429442,1.7951924962800323,0.11000970569433265,-0.30800068055680846,2.1853691005143565,-0.2959246331752649,-0.9450046374333884,-1.3163383207554125,0.18346056466245675,-0.5178255547065058,-0.009949582802316087,0.07766646058549811]",s22g001_f1ddb5d6f77ddb98,0.03132648878332099,0.028764190780933178,0.10113871185857538,0.044216292777366384,0.05560341136312008,,,,,True,,11,-0.02772401400000002,0.0303204699,723.9891000000025,0.04108469115411485,0.0303204699,1.3694897051371617,0.5817437020072838,0.7819410457617871,0.023458231372853616,1,0.6280101555085302,0.0,-0.3441332378223096,0,0,0,0,1,1,True,False,True,False,10000.0,True,1.0,1.0,0.0,0.027817519454522883,0.031118473029446526,0.041739354957727244,0.009814969746258282,0.64945753712256,0.08993290231478723,0.1028049873717538,0.41455,257.9319272041321,1,True,False,0.0,2,0,1,True,True,1.0,10,10,1,True,True,1.0,10,10,3,POSITION_40MM_SPEED_FAIL,False,False,0.5268379874652436,4332.278785852133,1004332.2787858521,0.0022724652048788188,0.0007867954155698215,1.0,0.46620604876845817,0.25149230655292754,0.07106241028877772,3000038.873544102,38.87354410215007,"[0.0312017193,0.0303465039,0.0303204699]",0.0312017193,0.030622897700000002,0.0303204699,0.027815047000000037,0.0312017193,0.040057310000000124,0.0,0.028049873717537865,0.0,0.040057310000000124,0.06810718371753799,0.04890177399651194,5.217276985462908,1004332.2787858521,7
Stage2.2,1,s22g001_41d186d18526876e,28,probe_c2_h14_m,multi_center_probes,2.9531369213282153,48.046215900413024,"[2.4156833455235933,1.2134774513649513,0.47907036778035206,1.188093434942497,1.8015524869218462,0.11602045403562732,-0.28855984958283737,2.2232286487576323,-0.2956840226543265,-0.9613612129819165,-1.4139796074137585,0.20019891051340608,-0.515256289148781,-0.02447180590348949,0.05374530769184573]",s22g001_41d186d18526876e,0.03138509666916922,0.02551431066466457,0.09907038168483771,0.04616988897230745,0.04616988897230745,,,,,True,,11,-0.027798796999999986,0.0304236941,714.9243999999999,0.04121133675746982,0.0304236941,1.373711225248994,0.5817437020072838,0.7819410457617871,0.023458231372853616,1,0.6280101555085302,0.0,-0.3441332378223096,0,0,0,0,1,1,True,False,True,False,10000.0,True,1.0,1.0,0.0,0.027800138161951978,0.03116137223581204,0.041759774920878776,0.01858899626855404,0.6494310312546883,0.09085234236880788,0.10187891322260367,0.41450000000000004,273.39213037490845,1,True,False,0.0,2,0,1,True,True,1.0,10,10,1,True,True,1.0,10,10,3,POSITION_40MM_SPEED_FAIL,False,False,0.5253794420343596,4349.0975595542695,1004349.0975595543,0.0023292495764861212,0.000353031489807492,1.0,0.46964893818950154,0.2580403694889855,0.0767829716663679,3000038.8966092775,38.89660927761895,"[0.0312184551,0.0303905759,0.0304236941]",0.0312184551,0.030677575033333335,0.0304236941,0.027798796999999986,0.0312184551,0.040615170000000145,0.0,0.01878913222603673,0.0,0.040615170000000145,0.059404302226036876,0.044750681826497385,5.212668823652417,1004349.0975595543,8
Stage2.2,1,s22g001_892d4e420d25fa5c,42,corner_local_0057,corner_local,2.9321602494322327,47.00853643505475,"[2.4156833455235933,1.2134774513649513,0.47907036778035206,1.2067900718970233,1.818936887817145,0.11613457946536736,-0.3238013612679115,2.130654151108831,-0.326253935684422,-0.8966153628953288,-1.2718897420015214,0.20369951868870906,-0.5699454997941561,0.00640641205342608,0.11593613016039261]",s22g001_892d4e420d25fa5c,0.03134583426732227,0.03221954733056355,0.10080906724680434,0.04486114224407567,0.05295181471211907,,,,,True,,11,-0.027618142999999984,0.0302733522,710.4067000000032,0.04097850261043823,0.0302733522,1.3659500870146077,0.5817437020072838,0.7819410457617871,0.023458231372853616,1,0.6280101555085302,0.0,-0.3441332378223096,0,0,0,0,1,1,True,False,True,False,10000.0,True,1.0,1.0,0.0,0.027736552337416356,0.031111681855499267,0.04168036808191644,0.009921035883354554,0.6494312323690303,0.09001586907439177,0.10269311218129594,0.41450000000000004,261.87416100502014,1,True,False,0.0,2,0,1,True,True,1.0,10,10,1,True,True,1.0,10,10,3,POSITION_40MM_SPEED_FAIL,False,False,0.5280609341060176,4375.542433579452,1004375.5424335795,0.0022853370864470415,0.0007252853221044529,1.0,0.4638680033614493,0.2473007551838422,0.06721392316364465,3000038.824258508,38.82425850812004,"[0.0312155635,0.0303422705,0.0302733522]",0.0312155635,0.0306103954,0.0302733522,0.027743033000000028,0.0312155635,0.040518783333333364,0.0,0.026931121812959313,0.0,0.040518783333333364,0.06744990514629268,0.04865241129602999,5.212068364916854,1004375.5424335795,9
Stage2.2,1,s22g001_a7ec57999087fc63,15,probe_c0_h05_p,multi_center_probes,2.9367573439018533,73.87771411663519,"[2.4156833455235933,1.2134774513649513,0.47907036778035206,1.25671386829527,1.869407993302751,0.11039209587785585,-0.3135698200043853,2.019165083523142,-0.27951237917391875,-0.9651869355305808,-1.237995903924138,0.18057809968567579,-0.5158661927695651,-0.07789027779866989,0.043584910252844646]",s22g001_a7ec57999087fc63,0.03121594056283674,0.03800350970243429,0.1069449127364821,0.069449127364821,0.10998047945937905,,,,,True,,11,-0.027704457999999987,0.0304396869,738.2645000000011,0.04115958614519581,0.0304396869,1.3719862048398603,0.5817437020072838,0.7819410457617871,0.023458231372853616,1,0.6280101555085302,0.0,-0.3441332378223096,0,0,0,0,1,1,True,False,True,False,10000.0,True,1.0,1.0,0.0,0.0278277386668558,0.03118473281805508,0.04179558110906347,0.006028532758885007,0.6495003043297971,0.08745948911257172,0.10105889208469412,0.41450000000000004,279.28088092803955,1,True,False,0.0,2,0,1,True,True,1.0,10,10,1,True,True,1.0,10,10,3,POSITION_40MM_SPEED_FAIL,False,False,0.525975440766871,4419.318138977513,1004419.3181389775,0.002379794370534974,0.00011212524470278564,1.0,0.4639331573827448,0.245010169978456,0.04548844781127578,3000038.7869105777,38.78691057767463,"[0.0312487046,0.0304257912,0.0304396869]",0.0312487046,0.030704727566666663,0.0304396869,0.02784420200000004,0.0312487046,0.04162348666666671,0.0,0.010588920846941186,0.0,0.04162348666666671,0.052212407513607895,0.04294927108802857,5.170571168436114,1004419.3181389775,10
Stage2.2,1,s22g001_723e3eb8dfa35275,0,corner_archive_00,anchor_corner,2.9265834042065055,82.34835002965714,"[2.4156833455235933,1.2134774513649513,0.47907036778035206,1.24051386829527,1.885607993302751,0.10319209587785586,-0.2820698200043853,2.0506650835231417,-0.29301237917391876,-0.9246869355305808,-1.278495903924138,0.1643780996856758,-0.4753661927695651,-0.11839027779866988,0.059784910252844645]",s22g001_723e3eb8dfa35275,0.03119191831878982,0.03819638314559522,0.10776248651640019,0.07762486516400191,0.11735547579032923,,,,,True,,11,-0.02777091399999998,0.030280849,734.122800000001,0.041087144955036674,0.030280849,1.3695714985012226,0.5817437020072838,0.7819410457617871,0.023458231372853616,1,0.6280101555085302,0.0,-0.3441332378223096,0,0,0,0,1,1,True,False,True,False,10000.0,True,1.0,1.0,0.0,0.02780568580202907,0.031126377606751996,0.04173736390620846,0.016133782195096116,0.6494912716243346,0.09199571129682539,0.1034398042584584,0.41445,263.9545338153839,1,True,False,0.0,2,0,1,True,True,1.0,10,10,1,True,True,1.0,10,10,3,POSITION_40MM_SPEED_FAIL,False,False,0.5268097276597073,4460.626181714819,1004460.6261817148,0.0023377382423469687,0.001183225333650855,1.0,0.4637118293334959,0.24624835981552629,0.05193750639601316,3000038.9563989732,38.95639897312414,"[0.0312300782,0.0303502273,0.030280849]",0.0312300782,0.030620384833333333,0.030280849,0.02778053199999997,0.0312300782,0.04100260666666666,0.0,0.03439804258458401,0.0,0.04100260666666666,0.07540064925125067,0.05352045484777042,5.242463195420213,1004460.6261817148,11
Stage2.2,1,s22g001_769db89faed559e7,2,corner_archive_02,anchor_corner,2.947021079545578,47.43780075996957,"[2.4156833455235933,1.2134774513649513,0.47907036778035206,1.204293434942497,1.8177524869218462,0.10882045403562732,-0.3200598495828374,2.1917286487576324,-0.3091840226543265,-0.9208612129819165,-1.3734796074137585,0.18399891051340608,-0.555756289148781,0.01602819409651051,0.06994530769184573]",s22g001_769db89faed559e7,0.03136754799661079,0.027879467079226103,0.09923390140099196,0.045584933220359725,0.045584933220359725,,,,,True,,11,-0.027786025000000047,0.0304605032,733.3326000000015,0.041229909537832336,0.0304605032,1.3743303179277444,0.5817437020072838,0.7819410457617871,0.023458231372853616,1,0.6280101555085302,0.0,-0.3441332378223096,0,0,0,0,1,1,True,False,True,False,10000.0,True,1.0,1.0,0.0,0.02780857375247482,0.03120306297658875,0.04179650599353725,0.015907848178004166,0.6494456027781548,0.08919115970823947,0.10053598360304784,0.41450000000000004,284.3284316062927,1,True,False,0.0,2,0,1,True,True,1.0,10,10,1,True,True,1.0,10,10,3,POSITION_40MM_SPEED_FAIL,False,False,0.525165544013276,4461.105659076362,1004461.1056590764,0.0024248134677374517,2.8727842273613307e-05,1.0,0.46750158326811003,0.25488197263788653,0.07431850479117251,3000038.828152072,38.82815207231759,"[0.0312669001,0.0304446044,0.0304605032]",0.0312669001,0.03072400256666667,0.0304605032,0.027786025000000047,0.0312669001,0.04223000333333338,0.0,0.005359836030478293,0.0,0.04223000333333338,0.04758983936381167,0.042568779919172704,5.1771883685129065,1004461.1056590764,12
Stage2.2,1,s22g001_41a1b010debca502,21,probe_c1_h09_p,multi_center_probes,2.9555740631863903,54.90526934795504,"[2.3911854335466187,1.204177336495726,0.471384395947247,1.2313401768972367,1.8197570748969636,0.1161763421788616,-0.37550065205519473,2.2641518817729636,-0.16986508593500527,-1.0433130457377542,-1.4208087584692328,0.20990607007822168,-0.5426494086987542,-0.2548030047699112,0.008210720846221473]",s22g001_41a1b010debca502,0.03158295327713432,0.024599512677632333,0.09729836235244756,0.05276510923781075,0.05276510923781075,,,,,True,,11,-0.027444537000000047,0.0308548001,669.8995000000032,0.04129432528030131,0.0308548001,1.376477509343377,0.5817437020072838,0.7819332053556993,0.02345799616067098,1,0.6279867362113741,0.0,-0.3441197603990719,0,0,0,0,1,1,True,False,True,False,10000.0,True,1.0,1.0,0.0,0.027609136977143275,0.03132706763683445,0.041757030681616486,0.027426240837389936,0.6493194042143073,0.0884430793356076,0.09775029460843611,0.41455,262.26359248161316,1,True,False,0.0,2,0,1,True,True,1.0,10,10,1,True,True,1.0,10,10,1,PASS_DAMPED_HOLD_40MM,False,True,0.5244236841747486,4473.618658629828,1004473.6186586298,0.00255794302533406,0.0,1.0,0.4792777187802069,0.2603625663893569,0.06625270630919095,1000038.821566991,38.821566990986526,"[0.0312767068,0.0305915849,0.0308548001]",0.0312767068,0.030907697266666662,0.0308548001,0.02762561699999999,0.0312767068,0.042556893333333345,0.0,0.0,0.0,0.042556893333333345,0.042556893333333345,0.042556893333333345,5.144858629853737,1004473.6186586298,13
Stage2.2,1,s22g001_9723f0ac161a2dc0,61,bridge_d07_p00_c11_069,boundary_bridge,2.933292807722678,45.77297190856373,"[2.4156833455235933,1.2134774513649513,0.47907036778035206,1.2195092563364043,1.8595111338188055,0.10789301064550322,-0.2996149228375782,2.153436450810766,-0.3040053208993605,-0.9295703722337344,-1.332666529721337,0.15860341349544219,-0.5148467440803786,0.0064511960825401286,0.06297386690698091]",s22g001_9723f0ac161a2dc0,0.03127929474031268,0.031993085951718396,0.10348688662411719,0.04264315801042273,0.07751202425159454,,,,,True,,11,-0.027657905999999954,0.030369313,750.8894,0.041076208885397425,0.030369313,1.3692069628465808,0.5817437020072838,0.7819410457617871,0.023458231372853616,1,0.6280101555085302,0.0,-0.3441332378223096,0,0,0,0,1,1,True,False,True,False,10000.0,True,1.0,1.0,0.0,0.027733045412248414,0.031169425969847734,0.041721156780794695,0.011830479011727277,0.64949082969543,0.08974879124423635,0.10203741912274722,0.41445,281.7926619052887,1,True,False,0.0,2,0,1,True,True,1.0,10,10,1,True,True,1.0,10,10,3,POSITION_40MM_SPEED_FAIL,False,False,0.5269356756119584,4485.958894000156,1004485.9588940002,0.0023960075442425815,0.0004151076681736049,1.0,0.4655206687033074,0.25187562255220797,0.06805172553937153,3000038.82930336,38.82930336022816,"[0.0312555883,0.0304019043,0.030369313]",0.0312555883,0.030675601866666666,0.030369313,0.02771953100000002,0.0312555883,0.041852943333333226,0.0,0.020374191227472194,0.0,0.041852943333333226,0.06222713456080542,0.04654864696032321,5.207375463283074,1004485.9588940002,14
Stage2.2,1,s22g001_1b483d99ac09995b,41,corner_local_0091,corner_local,2.930217411058567,46.97690132089954,"[2.4156833455235933,1.2134774513649513,0.47907036778035206,1.211214596568332,1.8279505089545218,0.11269356356693988,-0.34665274499297355,2.1507851737180435,-0.33867441593245323,-0.8281270812657198,-1.2647373708939798,0.1960552050230638,-0.5861733624672356,0.08685949426884557,0.0620480428245551]",s22g001_1b483d99ac09995b,0.03134228822801484,0.03447037354753698,0.10103735143901953,0.044742940933828024,0.05511645532402332,,,,,True,,11,-0.027601784000000018,0.0301816688,749.2720000000008,0.040899775201528314,0.0301816688,1.3633258400509438,0.5817437020072838,0.7819410457617871,0.023458231372853616,1,0.6280101555085302,0.0,-0.3441332378223096,0,0,0,0,1,1,True,False,True,False,10000.0,True,1.0,1.0,0.0,0.027726043822831666,0.031099246493811076,0.04166409291642388,0.016211047543576825,0.6494316569439164,0.09215365951583446,0.10331363859769052,0.41450000000000004,282.03887367248535,1,True,False,0.0,2,0,1,True,True,1.0,10,10,1,True,True,1.0,10,10,3,POSITION_40MM_SPEED_FAIL,False,False,0.5289676177926913,4487.510985264205,1004487.5109852642,0.002323759425356299,0.0010980200756104369,1.0,0.4609278462101467,0.24720856287788592,0.07259837423790887,3000038.889290048,38.88929004768805,"[0.0312394513,0.0303311437,0.0301816688]",0.0312394513,0.030584087933333334,0.0301816688,0.027733455000000018,0.0312394513,0.04131504333333336,0.0,0.03313638597690516,0.0,0.04131504333333336,0.07445142931023851,0.05296180587220992,5.239128817794495,1004487.5109852642,15
Stage2.2,1,s22g001_b01b8c0b556a0bca,1,corner_archive_01,anchor_corner,2.918565931761255,87.53190850024549,"[2.3911854335466187,1.204177336495726,0.471384395947247,1.2151401768972367,1.8719570748969636,0.1089763421788616,-0.27400065205519464,2.302651881772964,-0.15636508593500525,-0.9938130457377542,-1.3803087584692328,0.1901060700782217,-0.5831494086987542,-0.3043030047699112,-0.007989279153778527]",s22g001_b01b8c0b556a0bca,0.031371612538247606,0.034215278448772764,0.10823787558877543,0.08237875588775423,0.1280991738293411,,,,,True,,11,-0.027299187999999974,0.0304133532,682.1005000000005,0.0408682972281363,0.0304133532,1.36227657427121,0.5817437020072838,0.7819332053556993,0.02345799616067098,1,0.6279867362113741,0.0,-0.3441197603990719,0,0,0,0,1,1,True,False,True,False,10000.0,True,1.0,1.0,0.0,0.027493162086768056,0.031142420975446897,0.04154183849736619,0.008501873175416988,0.6493112713769881,0.09067518369996122,0.1041085823724111,0.41435,265.8187825679779,1,True,False,0.0,2,0,1,True,True,1.0,10,10,1,True,True,1.0,10,10,3,POSITION_40MM_SPEED_FAIL,False,False,0.529330141662831,4494.54012025299,1004494.540120253,0.002298406346616643,0.0016880449110887189,1.0,0.4770285863946149,0.2559126804501162,0.07142206975080276,3000038.86665013,38.86665012993234,"[0.0311936878,0.0303514785,0.0304133532]",0.0311936878,0.030652839833333334,0.0304133532,0.02752037399999996,0.0311936878,0.03978959333333343,0.0,0.04108582372411096,0.0,0.04108582372411096,0.08087541705744439,0.05719490054821995,5.26117906380756,1004494.540120253,16
Stage2.2,1,s22g001_381cc4c1fb093bc2,38,corner_local_0020,corner_local,2.9425189192994456,46.76906911691932,"[2.4156833455235933,1.2134774513649513,0.47907036778035206,1.2498078611033498,1.856359172881685,0.0984126663248569,-0.33272266485685964,2.1544954035221413,-0.27187038940020275,-0.9762734075623282,-1.3247208499652159,0.17653074172450903,-0.5524302443921469,-0.09717901479571954,0.07544684427155904]",s22g001_381cc4c1fb093bc2,0.03126286179488655,0.03265846550627691,0.10433229117319336,0.04332291173193359,0.0854183048948185,,,,,True,,11,-0.027648450000000047,0.0305791251,718.7295000000013,0.04122523110043111,0.0305791251,1.3741743700143705,0.5817437020072838,0.7819410457617871,0.023458231372853616,1,0.6280101555085302,0.0,-0.3441332378223096,0,0,0,0,1,1,True,False,True,False,10000.0,True,1.0,1.0,0.0,0.02775772506209272,0.031249692567125936,0.041797542824460576,0.012235792969633263,0.6495056426623746,0.08757096322392008,0.09974941450099117,0.41455,282.11932706832886,1,True,False,0.0,2,0,1,True,True,1.0,10,10,1,True,True,1.0,10,10,1,PASS_DAMPED_HOLD_40MM,False,True,0.525219424395338,4496.538462245255,1004496.5384622453,0.0024894417109842812,0.0,1.0,0.4694027724131288,0.2516070103589912,0.06445570705949014,1000038.7761606318,38.77616063178822,"[0.0312832521,0.0304962167,0.0305791251]",0.0312832521,0.030786197966666668,0.0305791251,0.02776039500000005,0.0312832521,0.042775070000000026,0.0,0.0,0.0,0.042775070000000026,0.042775070000000026,0.042775070000000026,5.15611224532411,1004496.5384622453,17
Stage2.2,1,s22g001_53ceefc0e1454eb8,46,corner_local_0012,corner_local,2.9615520246600333,47.33695425050134,"[2.4156833455235933,1.2134774513649513,0.47907036778035206,1.2202277011585307,1.8235169003639908,0.10800047918240467,-0.34398328671199213,2.1053955745857125,-0.27941084712424924,-0.8789007536919524,-1.4165927403641563,0.1357055543846184,-0.47307656898665923,-0.11237767682315969,0.05696103473007717]",s22g001_53ceefc0e1454eb8,0.03136463477106504,0.030841482270011815,0.09920774216106765,0.04548782570216803,0.04548782570216803,,,,,True,,11,-0.02805753099999997,0.0304832694,736.4606000000022,0.04143011898521335,0.0304832694,1.3810039661737785,0.5817437020072838,0.7819410457617871,0.023458231372853616,1,0.6280101555085302,0.0,-0.3441332378223096,0,0,0,0,1,1,True,False,True,False,10000.0,True,1.0,1.0,0.0,0.027935525793946855,0.031219411409184456,0.041893260199227594,0.029336123854802096,0.6494460430438226,0.09147099848571365,0.10011734029594237,0.41455,254.54554224014282,1,True,False,0.0,2,0,1,True,True,1.0,10,10,1,True,True,1.0,10,10,3,POSITION_40MM_SPEED_FAIL,False,False,0.5228597823684843,4499.306476149126,1004499.3064761491,0.002450514706574107,1.3768745051842907e-06,1.0,0.46720787016577797,0.25529861451549246,0.05693637471652698,3000039.0014854427,39.001485442897405,"[0.0312826863,0.0304713256,0.0304832694]",0.0312826863,0.030745760433333335,0.0304832694,0.02805753099999997,0.0312826863,0.04275621000000007,0.0,0.0011734029594236972,0.0,0.04275621000000007,0.04392961295942377,0.042772308425771115,5.194715885680637,1004499.3064761491,18
Stage2.2,1,s22g001_864d6549f8e1cf39,43,corner_local_0076,corner_local,2.949822235209978,47.16269664921042,"[2.4156833455235933,1.2134774513649513,0.47907036778035206,1.2382744918900657,1.8310676032703788,0.10309538143594564,-0.3854294151531512,2.1186594858114516,-0.2793939230138057,-0.8478686468376404,-1.3447190731871195,0.1564640202271711,-0.47086988099096605,-0.06266076634457382,0.09152854827940989]",s22g001_864d6549f8e1cf39,0.03135748110267789,0.033789493613708796,0.10018463383506229,0.045249370089262886,0.04709570843988575,,,,,True,,11,-0.02784188300000001,0.0304269192,719.2429000000011,0.04124279162458597,0.0304269192,1.3747597208195321,0.5817437020072838,0.7819410457617871,0.023458231372853616,1,0.6280101555085302,0.0,-0.3441332378223096,0,0,0,0,1,1,True,False,True,False,10000.0,True,1.0,1.0,0.0,0.02784427606984948,0.031207742424776537,0.041823759958965784,0.019040485729651925,0.6494480833769104,0.08928821681733803,0.09973120801541306,0.4146,278.39069962501526,1,True,False,0.0,2,0,1,True,True,1.0,10,10,1,True,True,1.0,10,10,1,PASS_DAMPED_HOLD_40MM,False,True,0.5250171842733639,4529.532002664288,1004529.5320026643,0.002447486390219273,0.0,1.0,0.4640991616720616,0.25180161391238626,0.05975413908312845,1000038.8263423933,38.82634239328441,"[0.0312926786,0.0304654089,0.0304269192]",0.0312926786,0.030728335566666667,0.0304269192,0.02784188300000001,0.0312926786,0.04308928666666656,0.0,0.0,0.0,0.04308928666666656,0.04308928666666656,0.04308928666666656,5.156902664299685,1004529.5320026643,19
Stage2.2,1,s22g001_dfb4aab6a464ec6a,5,damped_archive_00,anchor_damped,2.9474465352680204,55.37925226862251,"[2.3911854335466187,1.204177336495726,0.471384395947247,1.2151401768972367,1.8359570748969636,0.1089763421788616,-0.3440006520551947,2.2326518817729637,-0.15636508593500525,-1.0838130457377542,-1.3803087584692328,0.22610607007822167,-0.5831494086987542,-0.2143030047699112,-0.007989279153778527]",s22g001_dfb4aab6a464ec6a,0.03159662820586355,0.024401687959333448,0.09804905773863982,0.05322094019545176,0.05322094019545176,,,,,True,,11,-0.027189871000000032,0.030868591,673.7613000000019,0.04113586021127945,0.030868591,1.3711953403759818,0.5817437020072838,0.7819332053556993,0.02345799616067098,1,0.6279867362113741,0.0,-0.3441197603990719,0,0,0,0,1,1,True,False,True,False,10000.0,True,1.0,1.0,0.0,0.027473533422428184,0.03134346497585363,0.04167982528041404,0.027068417276428756,0.6493225039246313,0.08960091786187176,0.09894124859311382,0.41445,273.2098762989044,1,True,False,0.0,2,0,1,True,True,1.0,10,10,1,True,True,1.0,10,10,1,PASS_DAMPED_HOLD_40MM,False,True,0.5262486863560619,4530.6282285574125,1004530.6282285574,0.002617330769514591,0.0,1.0,0.4792433187807945,0.2587569706542228,0.05913368625968212,1000038.8097967048,38.809796704773774,"[0.031292985,0.0305993507,0.030868591]",0.031292985,0.0309203089,0.030868591,0.027539489000000028,0.031292985,0.04309950000000007,0.0,0.0,0.0,0.04309950000000007,0.04309950000000007,0.04309950000000007,5.180728557360446,1004530.6282285574,20
Stage2.2,1,s22g001_4e64d1938dff2b9c,51,corner_local_0042,corner_local,2.9287808571876455,63.85515827738989,"[2.4156833455235933,1.2134774513649513,0.47907036778035206,1.2032678769862648,1.8655516809043187,0.10594767048441088,-0.2723244861890892,2.2869797466490285,-0.26309581749900246,-0.9659449394879485,-1.3919656839799042,0.18459163698620298,-0.5242661634020523,-0.07013818233536777,0.03657925810842454]",s22g001_4e64d1938dff2b9c,0.03129103169101722,0.03080914029626184,0.1059715860462303,0.05971586046230293,0.10275025016287698,,,,,True,,11,-0.027490620999999993,0.0304379399,723.6947,0.04101466113869104,0.0304379399,1.367155371289701,0.5817437020072838,0.7819410457617871,0.023458231372853616,1,0.6280101555085302,0.0,-0.3441332378223096,0,0,0,0,1,1,True,False,True,False,10000.0,True,1.0,1.0,0.0,0.027601060631883764,0.031201998087374554,0.041657931209428165,0.010583048748827574,0.649488769071699,0.08973517783204506,0.10243315817487886,0.41435,264.85820031166077,1,True,False,0.0,2,0,1,True,True,1.0,10,10,1,True,True,1.0,10,10,3,POSITION_40MM_SPEED_FAIL,False,False,0.5276445054675689,4557.84938284813,1004557.8493828481,0.002462673493917101,0.0005920258703979814,1.0,0.4707414745335714,0.2570833014329484,0.08323513967431098,3000038.825943515,38.82594351510461,"[0.0312710868,0.0304250209,0.0304379399]",0.0312710868,0.0307113492,0.0304379399,0.02759495700000003,0.0312710868,0.04236956000000003,0.0,0.024331581748788578,0.0,0.04236956000000003,0.0667011417487886,0.048859036881538954,5.229778971357908,1004557.8493828481,21
Stage2.2,1,s22g001_10d0376cb4eb1fdb,64,bridge_d09_p02_c19_070,boundary_bridge,2.951972707131886,46.49902015424408,"[2.415683345523593,1.2134774513649513,0.47907036778035206,1.1905780305878129,1.8535990083611171,0.10252269438561533,-0.24618489635459137,2.0355819205150745,-0.27849443793007395,-0.9292132155056346,-1.4037822394268376,0.14397022494251963,-0.7226730781982507,0.20246218291464116,0.044256455941875814]",s22g001_10d0376cb4eb1fdb,0.03130438277976365,0.0353326695941011,0.1031272434884157,0.04347942599212162,0.0747518608762785,,,,,True,,11,-0.027888765000000038,0.0304648293,790.0574000000015,0.04130240958471267,0.0304648293,1.3767469861570893,0.5817437020072838,0.7819410457617871,0.023458231372853616,1,0.6280101555085302,0.0,-0.3441332378223096,0,0,0,0,1,1,True,False,True,False,10000.0,True,1.0,1.0,0.0,0.02785891642114501,0.031218330474920394,0.041841407502636506,0.017366988746261715,0.6494893432871166,0.09025554015107869,0.10138448891363455,0.4144,259.83826518058777,1,True,False,0.0,2,0,1,True,True,1.0,10,10,1,True,True,1.0,10,10,3,POSITION_40MM_SPEED_FAIL,False,False,0.5243305792824451,4559.734492603922,1004559.7344926039,0.002492067934826043,0.00019168095519769504,1.0,0.4689633923045757,0.257641149658655,0.0453584759893313,3000038.910512782,38.91051278220993,"[0.0312848489,0.0304450598,0.0304648293]",0.0312848489,0.03073157933333333,0.0304648293,0.027888765000000038,0.0312848489,0.042828296666666876,0.0,0.013844889136345406,0.0,0.042828296666666876,0.05667318580301228,0.0450104871176232,5.201595607546618,1004559.7344926039,22
Stage2.2,1,s22g001_38f61f2f19a0986f,83,trust_mix_0036,trust_mix,2.939736804264635,48.01099038007043,"[2.4528035550849707,1.2568238840729706,0.48274927294798753,1.197914650176421,1.838869086507745,0.11321075757818311,-0.31767539873107864,2.097060806972929,-0.35692981283967246,-0.8405744814410048,-1.3043400831332623,0.16565263565840932,-0.5818652872146256,0.1706632121574469,0.07009997383268164]",s22g001_38f61f2f19a0986f,0.031236759938304243,0.037620131323290264,0.10445505574624572,0.044550557462457174,0.08577588873926523,,,,,True,,11,-0.027598081000000052,0.0302894138,778.6757000000034,0.04097685521401312,0.0302894138,1.3658951738004375,0.5817437020072838,0.781928100002112,0.023457843000063358,1,0.6279591681789314,0.0,-0.3441109844491652,0,0,0,0,1,1,True,False,True,False,10000.0,True,1.0,1.0,0.0,0.027659710438586307,0.031162948192091314,0.04166760038170434,0.015930284539028537,0.6492666857797896,0.09047871097487237,0.10158430559212281,0.4143,264.1663541793823,1,True,False,0.0,2,0,1,True,True,1.0,10,10,1,True,True,1.0,10,10,3,POSITION_40MM_SPEED_FAIL,False,False,0.5280799067546138,4570.833795293816,1004570.8337952938,0.002430973358852654,0.0002510024209231551,1.0,0.46027252917009015,0.2493315218433957,0.06809233434574477,3000038.788504626,38.78850462635968,"[0.0312855507,0.030403435,0.0302894138]",0.0312855507,0.0306594665,0.0302894138,0.027638293999999952,0.0312855507,0.04285169,0.0,0.015843055921227922,0.0,0.04285169,0.05869474592122792,0.045686647467058195,5.199164141769338,1004570.8337952938,23
Stage2.2,1,s22g001_1c26fa7f7517eff9,4,corner_archive_04,anchor_corner,2.9207031281319793,47.423831583985994,"[2.4156833455235933,1.2134774513649513,0.47907036778035206,1.2249474166438163,1.853674404894246,0.09532224955173206,-0.32502878118448175,2.1363197564268863,-0.2653168999806778,-0.9018131569144501,-1.2811458671845002,0.18315560509451448,-0.48529469578738416,0.008825618596657855,0.05840691600409688]",s22g001_1c26fa7f7517eff9,0.031292727417677885,0.03508261879607085,0.10439144115344239,0.04391441153442388,0.08700532545702,,,,,True,,11,-0.027518516999999965,0.0303368937,733.2945,0.04095846551379076,0.0303368937,1.3652821837930251,0.5817437020072838,0.7819410457617871,0.023458231372853616,1,0.6280101555085302,0.0,-0.3441332378223096,0,0,0,0,1,1,True,False,True,False,10000.0,True,1.0,1.0,0.0,0.027671695804060967,0.031173945483430623,0.04168378132651104,0.00900694321177,0.6494964414808078,0.08938046608352891,0.1021744416846345,0.41450000000000004,282.2854206562042,1,True,False,0.0,2,0,1,True,True,1.0,10,10,1,True,True,1.0,10,10,3,POSITION_40MM_SPEED_FAIL,False,False,0.528291696287958,4571.346079105744,1004571.3460791057,0.002432662782116283,0.0004728196639876115,1.0,0.4634118429945908,0.24945385570505327,0.06015913700881061,3000038.7920709085,38.79207090866647,"[0.0312782664,0.0304109636,0.0303368937]",0.0312782664,0.030675374566666663,0.0303368937,0.027690239000000005,0.0312782664,0.04260887999999996,0.0,0.021744416846344983,0.0,0.04260887999999996,0.06435329684634494,0.047836558392530794,5.208333327762147,1004571.3460791057,24
Stage2.2,1,s22g001_90d13f932e1fe88e,86,trust_mix_0028,trust_mix,2.9165746240646437,70.01374295195315,"[2.4528035550849707,1.2568238840729706,0.48274927294798753,1.2102059522586552,1.8502408892253848,0.10936944484330696,-0.3008867273112244,2.2158060410890457,-0.2982009095403071,-1.0510035388575478,-1.2520932234807303,0.2331276132405038,-0.5446405676560517,0.2836868631692636,0.011972394775743512]",s22g001_90d13f932e1fe88e,0.031243020549536933,0.03340123476080534,0.10656992466086507,0.06569924660865056,0.1071332649265484,,,,,True,,11,-0.026959201000000044,0.0305744922,778.7134000000005,0.04076270466794695,0.0305744922,1.3587568222648985,0.5817437020072838,0.781928100002112,0.023457843000063358,1,0.6279591681789314,0.0,-0.3441109844491652,0,0,0,0,1,1,True,False,True,False,10000.0,True,1.0,1.0,0.0,0.027373360384549718,0.031253961588322984,0.041546491713582795,0.020102713316417074,0.6492818499877757,0.091201012229399,0.10167243989954959,0.4143,255.08895611763,1,True,False,0.0,2,0,1,True,True,1.0,10,10,1,True,True,1.0,10,10,3,POSITION_40MM_SPEED_FAIL,False,False,0.5305462245122912,4587.635821006377,1004587.6358210064,0.002508842182631446,0.0002797055217605455,1.0,0.46693076799398353,0.2537663860788316,0.07826395477062147,3000038.749608331,38.749608330948824,"[0.0312892477,0.0305008811,0.0305744922]",0.0312892477,0.030788206999999998,0.0305744922,0.02750032800000002,0.0312892477,0.042974923333333415,0.0,0.016724398995495937,0.0,0.042974923333333415,0.05969932232882935,0.046114526531955524,5.231671825746269,1004587.6358210064,25
Stage2.2,1,s22g001_5e57ae5fdeac374a,6,damped_archive_01,anchor_damped,2.95247209177793,54.379927565280916,"[2.3911854335466187,1.204177336495726,0.471384395947247,1.1791401768972367,1.8359570748969636,0.1089763421788616,-0.27400065205519464,2.302651881772964,-0.15636508593500525,-1.0838130457377542,-1.4703087584692327,0.1901060700782217,-0.5831494086987542,-0.2143030047699112,0.02801072084622147]",s22g001_5e57ae5fdeac374a,0.03156696637950816,0.024546940884270584,0.10007225422020036,0.052232212650272114,0.05295475485227552,,,,,True,,11,-0.027332412000000028,0.0308457244,671.9545000000035,0.04121309815457339,0.0308457244,1.3737699384857798,0.5817437020072838,0.7819332053556993,0.02345799616067098,1,0.6279867362113741,0.0,-0.3441197603990719,0,0,0,0,1,1,True,False,True,False,10000.0,True,1.0,1.0,0.0,0.027494808358188745,0.031351100987303517,0.04169959256119452,0.02651632231634841,0.64931078720255,0.08972918807415191,0.09930421948994132,0.41435,284.22492241859436,1,True,False,0.0,2,0,1,True,True,1.0,10,10,1,True,True,1.0,10,10,1,PASS_DAMPED_HOLD_40MM,False,True,0.5253591564687392,4595.346431274433,1004595.3464312744,0.0026737917956707277,0.0,1.0,0.4812938453580693,0.2640575431878279,0.06996277015004229,1000038.8471917118,38.84719171174057,"[0.031311472,0.0305934782,0.0308457244]",0.031311472,0.030916891533333334,0.0308457244,0.027506198999999953,0.031311472,0.04371573333333334,0.0,0.0,0.0,0.04371573333333334,0.04371573333333334,0.04371573333333334,5.194431274371794,1004595.3464312744,26
Stage2.2,1,s22g001_aaa2ceeb56d4f784,3,corner_archive_03,anchor_corner,2.9201272963273204,89.44924123236405,"[2.4156833455235933,1.2134774513649513,0.47907036778035206,1.22251386829527,1.903607993302751,0.09519209587785586,-0.24706982000438532,2.0156650835231416,-0.27801237917391874,-0.9696869355305808,-1.233495903924138,0.1463780996856758,-0.4303661927695651,-0.16339027779866988,0.07778491025284465]",s22g001_aaa2ceeb56d4f784,0.031230301045828676,0.03807136104027452,0.10844034986201563,0.08440349862015628,0.12541353348111217,,,,,True,,11,-0.027585183999999985,0.0303526609,729.4467000000004,0.041014953370987074,0.0303526609,1.3671651123662358,0.5817437020072838,0.7819410457617871,0.023458231372853616,1,0.6280101555085302,0.0,-0.3441332378223096,0,0,0,0,1,1,True,False,True,False,10000.0,True,1.0,1.0,0.0,0.027694978132981277,0.03117957526799904,0.041703449829470086,0.01006457515093827,0.6494814909624878,0.09020872146905806,0.10292279411660675,0.41435,262.84002017974854,1,True,False,0.0,2,0,1,True,True,1.0,10,10,1,True,True,1.0,10,10,3,POSITION_40MM_SPEED_FAIL,False,False,0.5276411399020156,4596.953240528121,1004596.9532405281,0.0024534471031305775,0.0008542725448070984,1.0,0.46290265032173233,0.2435044112463494,0.04495884893377679,3000038.865603286,38.865603285802706,"[0.0312759249,0.0304055126,0.0303526609]",0.0312759249,0.030678032800000005,0.0303526609,0.027702248999999957,0.0312759249,0.04253083000000002,0.0,0.029227941166067417,0.0,0.04253083000000002,0.07175877116606744,0.05160565904332586,5.229496820618644,1004596.9532405281,27
Stage2.2,1,s22g001_244bafe485570118,39,corner_local_0023,corner_local,2.948419050758158,46.84402370809462,"[2.4156833455235933,1.2134774513649513,0.47907036778035206,1.218498405595204,1.8567149646670127,0.09719995522745697,-0.3149994457115725,2.1578101768988924,-0.25512739700570997,-0.9488750330523418,-1.42641324112032,0.23601866355454976,-0.4340156340504522,0.08413748960746519,0.0715705767303558]",s22g001_244bafe485570118,0.03133963029235562,0.03138346574902228,0.10093505678981383,0.044654343078520675,0.05400491097665894,,,,,True,,11,-0.027743778000000052,0.0305603556,689.6714000000029,0.04127532619025243,0.0305603556,1.3758442063417478,0.5817437020072838,0.7819410457617871,0.023458231372853616,1,0.6280101555085302,0.0,-0.3441332378223096,0,0,0,0,1,1,True,False,True,False,10000.0,True,1.0,1.0,0.0,0.027752064977832756,0.03126636165838545,0.04180624931618247,0.017821751139882075,0.6494909066242455,0.08843966576999343,0.09936308617555505,0.41445,254.56297397613525,1,True,False,0.0,2,0,1,True,True,1.0,10,10,1,True,True,1.0,10,10,1,PASS_DAMPED_HOLD_40MM,False,True,0.5246424918968301,4604.07470608491,1004604.0747060849,0.002556966503284239,0.0,1.0,0.46826925844084083,0.2614621109994688,0.06184236123036391,1000038.8116572963,38.81165729625845,"[0.0313139766,0.0305186752,0.0305603556]",0.0313139766,0.030797669133333334,0.0305603556,0.027743778000000052,0.0313139766,0.04379922000000014,0.0,0.0,0.0,0.04379922000000014,0.04379922000000014,0.04379922000000014,5.1566060849232676,1004604.0747060849,28
Stage2.2,1,s22g001_51fbea4494bef295,60,bridge_d12_p15_c07_051,boundary_bridge,2.9569454682279583,45.67711453785571,"[2.409019822811895,1.198039450629735,0.48122664718631664,1.2041374386403843,1.8434020300567242,0.11002481001420394,-0.31525551672279484,2.112645107074664,-0.33582608097575045,-0.8056885750400667,-1.391929321826472,0.10398582276520772,-0.575475736787655,0.11390086529253216,0.09281686408671166]",s22g001_51fbea4494bef295,0.03131675610816846,0.032797494391741615,0.09954067570326317,0.04389187027228214,0.04389187027228214,,,,,True,,11,-0.02802621999999999,0.0302841294,786.0111000000034,0.04126254355955706,0.0302841294,1.3754181186519019,0.5817437020072838,0.7819326651391102,0.023457979954173303,1,0.6279832306637085,0.0,-0.3441188317829352,0,0,0,0,1,1,True,False,True,False,10000.0,True,1.0,1.0,0.0,0.027921197082716797,0.031162957345903197,0.04184164381420136,0.02843754669492724,0.649615679311034,0.09363879644886385,0.1023326945803574,0.41450000000000004,263.440553188324,1,True,False,0.0,2,0,1,True,True,1.0,10,10,1,True,True,1.0,10,10,3,POSITION_40MM_SPEED_FAIL,False,False,0.5247897062264358,4610.1646533967,1004610.1646533967,0.0024396839362021564,0.0005441464005228722,1.0,0.4625503543656159,0.254299235138907,0.0658462528304946,3000039.064655251,39.0646552509191,"[0.0312873363,0.0304002813,0.0302841294]",0.0312873363,0.030657248999999998,0.0302841294,0.02802621999999999,0.0312873363,0.0429112100000002,0.0,0.023326945803573862,0.0,0.0429112100000002,0.06623815580357406,0.04884176843836625,5.249261743959013,1004610.1646533967,29
Stage2.2,1,s22g001_aec125d34349eb5a,65,bridge_d12_p06_c10_042,boundary_bridge,2.9630720726108617,46.58093694840952,"[2.4156833455235933,1.2134774513649513,0.47907036778035206,1.2031004922610318,1.8356924216513204,0.11363552163022446,-0.3324372932235277,2.106146571433459,-0.3410364504118807,-0.7881720416973265,-1.4274713681518507,0.11490436700450975,-0.6422195546091646,0.13984547596185315,0.12295896099331018]",s22g001_aec125d34349eb5a,0.031342826141183174,0.034261058589231286,0.09856539440623356,0.044760871372772515,0.044760871372772515,,,,,True,,11,-0.028089044000000007,0.0303428716,767.534300000003,0.04134832825844381,0.0303428716,1.3782776086147936,0.5817437020072838,0.7819410457617871,0.023458231372853616,1,0.6280101555085302,0.0,-0.3441332378223096,0,0,0,0,1,1,True,False,True,False,10000.0,True,1.0,1.0,0.0,0.027934969477929512,0.031187027005142358,0.04186876130425084,0.031209744928151546,0.6494842029558169,0.09332412362282788,0.10145422853860815,0.41445,267.11183762550354,1,True,False,0.0,2,0,1,True,True,1.0,10,10,1,True,True,1.0,10,10,3,POSITION_40MM_SPEED_FAIL,False,False,0.5238017455133399,4610.381431274116,1004610.3814312741,0.002463657688309544,0.0002114780642502392,1.0,0.4645521265596593,0.25667892840243384,0.06582559087078332,3000039.0697687967,39.06976879685832,"[0.0312984566,0.0304297414,0.0303428716]",0.0312984566,0.030690356533333334,0.0303428716,0.028089044000000007,0.0312984566,0.04328188666666688,0.0,0.014542285386081488,0.0,0.04328188666666688,0.05782417205274837,0.04565960772582738,5.236468670534939,1004610.3814312741,30
Stage2.2,1,s22g001_4824a26cf7e9d440,8,precise_archive_01,anchor_precise,2.9379244892132577,49.92328198028846,"[2.4156833455235933,1.2134774513649513,0.47907036778035206,1.1903080978201135,1.8083120216172348,0.12231053946607848,-0.35975415780815445,2.180525265455135,-0.29250286675126475,-0.807296255378069,-1.35846676488305,0.1538311882415861,-0.49042453669543906,0.0195670881185289,0.0615619273828286]",s22g001_4824a26cf7e9d440,0.031439247194290275,0.03011572503301639,0.09771615007681042,0.047974906476342616,0.047974906476342616,,,,,True,,11,-0.02768640499999997,0.0303263916,742.4175000000032,0.04106369502736662,0.0303263916,1.3687898342455538,0.5817437020072838,0.7819410457617871,0.023458231372853616,1,0.6280101555085302,0.0,-0.3441332378223096,0,0,0,0,1,1,True,False,True,False,10000.0,True,1.0,1.0,0.0,0.027718440270196643,0.031185933082092103,0.04172378641989705,0.019887515541335568,0.6494289090290312,0.09076450903263496,0.10098563867470368,0.41445,283.0278973579407,1,True,False,0.0,2,0,1,True,True,1.0,10,10,1,True,True,1.0,10,10,3,POSITION_40MM_SPEED_FAIL,False,False,0.5270797945546619,4611.614871692844,1004611.6148716928,0.0024664752230297033,9.71483597071608e-05,1.0,0.4628678082546449,0.2531651859518359,0.07037997210092879,3000038.8235664875,38.8235664875995,"[0.0313045405,0.0304353229,0.0303263916]",0.0313045405,0.030688751666666667,0.0303263916,0.02768640499999997,0.0313045405,0.04348468333333333,0.0,0.009856386747036705,0.0,0.04348468333333333,0.053341070080370034,0.04458773423608155,5.194523801937935,1004611.6148716928,31
Stage2.2,1,s22g001_4338ac59779c4c9a,7,damped_archive_02,anchor_damped,2.9449055554734236,54.435830872947534,"[2.3911854335466187,1.204177336495726,0.471384395947247,1.1971401768972367,1.8539570748969636,0.1009763421788616,-0.30900065205519467,2.267651881772964,-0.17136508593500524,-1.0388130457377542,-1.4253087584692328,0.20810607007822168,-0.5381494086987542,-0.2593030047699112,0.010010720846221472]",s22g001_4338ac59779c4c9a,0.0315694148601171,0.025652129828457403,0.0995569471544078,0.052313828670569995,0.052313828670569995,,,,,True,,11,-0.02729957999999999,0.0307784398,672.8808000000026,0.04114097014775689,0.0307784398,1.3713656715918965,0.5817437020072838,0.7819332053556993,0.02345799616067098,1,0.6279867362113741,0.0,-0.3441197603990719,0,0,0,0,1,1,True,False,True,False,10000.0,True,1.0,1.0,0.0,0.027473906557257694,0.03133309389370141,0.041672272729819236,0.02115822404751545,0.6493157177046192,0.08869873109991105,0.09912588778895529,0.4144,272.6748061180115,1,True,False,0.0,2,0,1,True,True,1.0,10,10,1,True,True,1.0,10,10,1,PASS_DAMPED_HOLD_40MM,False,True,0.5261898365081095,4613.994718906935,1004613.9947189069,0.0026448021683428114,0.0,1.0,0.4783643946278272,0.2599754307646949,0.06684632576843982,1000038.7623898109,38.762389810922926,"[0.0313168065,0.0305808141,0.0307784398]",0.0313168065,0.030892020133333337,0.0307784398,0.02749041299999999,0.0313168065,0.04389355000000017,0.0,0.0,0.0,0.04389355000000017,0.04389355000000017,0.04389355000000017,5.171968906827892,1004613.9947189069,32
Stage2.2,1,s22g001_48bcd61e8306b836,12,probe_c0_h04_m,multi_center_probes,2.919170140172294,62.23457014172377,"[2.4156833455235933,1.2134774513649513,0.47907036778035206,1.2243138682952701,1.869407993302751,0.09599209587785586,-0.3135698200043853,2.0821650835231416,-0.27951237917391875,-0.8841869355305808,-1.237995903924138,0.1481780996856758,-0.5158661927695651,-0.15889027779866988,0.043584910252844646]",s22g001_48bcd61e8306b836,0.0312840701215809,0.03712784917940745,0.10581666201393086,0.05816662013930851,0.10096895752533852,,,,,True,,11,-0.027541758000000027,0.0303073117,746.8775000000023,0.04095218646435771,0.0303073117,1.3650728821452567,0.5817437020072838,0.7819410457617871,0.023458231372853616,1,0.6280101555085302,0.0,-0.3441332378223096,0,0,0,0,1,1,True,False,True,False,10000.0,True,1.0,1.0,0.0,0.027671635347643327,0.031169334817174734,0.04168029313426292,0.012231860001523964,0.6494914057060414,0.09062171156383243,0.10267188056791154,0.41445,281.1373574733734,1,True,False,0.0,2,0,1,True,True,1.0,10,10,1,True,True,1.0,10,10,3,POSITION_40MM_SPEED_FAIL,False,False,0.5283640105145736,4618.770182212465,1004618.7701822125,0.0024476754946014044,0.0007138945769183316,1.0,0.46299536627920895,0.24318241286073294,0.0542421915033363,3000038.837914459,38.8379144591224,"[0.0312854349,0.030401393,0.0303073117]",0.0312854349,0.0306647132,0.0303073117,0.027682706,0.0312854349,0.04284782999999992,0.0,0.026718805679115443,0.0,0.04284782999999992,0.06956663567911536,0.05049585242994938,5.224787066116043,1004618.7701822125,33
Stage2.2,1,s22g001_5f8e932fef357dfb,87,trust_mix_0025,trust_mix,2.936814199047321,56.350287828368835,"[2.3911854335466187,1.204177336495726,0.471384395947247,1.1695172989777023,1.8351499953003325,0.10252110457569817,-0.2845567907358456,2.240937441432277,-0.18530998246767777,-1.0535112501721775,-1.3916988545478854,0.17863404639521724,-0.5126339565563931,-0.1392231152787347,0.0306588040616278]",s22g001_5f8e932fef357dfb,0.031624641914030145,0.02338222635066181,0.09727939347534553,0.0541547304676715,0.0541547304676715,,,,,True,,11,-0.027178794000000006,0.0307336637,696.2604000000028,0.04102736803304757,0.0307336637,1.3675789344349194,0.5817437020072838,0.7819332053556993,0.02345799616067098,1,0.6279867362113741,0.0,-0.3441197603990719,0,0,0,0,1,1,True,False,True,False,10000.0,True,1.0,1.0,0.0,0.027422426640238067,0.03132205396298331,0.04163004380611768,0.016570054759716808,0.6493117208702934,0.08851034273696627,0.09983956693135256,0.41435,281.2868642807007,1,True,False,0.0,2,0,1,True,True,1.0,10,10,1,True,True,1.0,10,10,1,PASS_DAMPED_HOLD_40MM,False,True,0.5274981633742513,4623.02974605991,1004623.0297460599,0.0026371638444871973,0.0,1.0,0.47491018222828635,0.2588293346675005,0.06353412622030782,1000038.7182583282,38.718258328202225,"[0.0313193853,0.0305682207,0.0307336637]",0.0313193853,0.030873756566666664,0.0307336637,0.027468948999999965,0.0313193853,0.04397951000000022,0.0,0.0,0.0,0.04397951000000022,0.04397951000000022,0.04397951000000022,5.181196059896153,1004623.0297460599,34
Stage2.2,1,s22g001_ba7eb51b8a475c77,17,probe_c0_h06_p,multi_center_probes,2.9335139153948826,86.96212305415038,"[2.4156833455235933,1.2134774513649513,0.47907036778035206,1.25671386829527,1.901807993302751,0.09599209587785586,-0.3135698200043853,2.019165083523142,-0.30651237917391877,-0.8841869355305808,-1.237995903924138,0.18057809968567579,-0.4348661927695651,-0.15889027779866988,0.043584910252844646]",s22g001_ba7eb51b8a475c77,0.031210144494556016,0.04171495119592474,0.10820377518483223,0.08203775184832218,0.12237590166685619,,,,,True,,11,-0.027765408000000047,0.0303165609,734.4178000000029,0.041109752446467925,0.0303165609,1.370325081548931,0.5817437020072838,0.7819410457617871,0.023458231372853616,1,0.6280101555085302,0.0,-0.3441332378223096,0,0,0,0,1,1,True,False,True,False,10000.0,True,1.0,1.0,0.0,0.027805945321127918,0.03117832852321195,0.04177629429117532,0.017452351992106516,0.6494956425741082,0.09121695568138796,0.10209823526214108,0.41445,273.76843190193176,1,True,False,0.0,2,0,1,True,True,1.0,10,10,1,True,True,1.0,10,10,3,POSITION_40MM_SPEED_FAIL,False,False,0.5265493628901672,4624.505539344507,1004624.5055393445,0.002463372779257853,0.00044025912152922443,1.0,0.46047046296035765,0.24275770743844552,0.051030971214667,3000038.893845098,38.893845098195435,"[0.0312944367,0.0304167367,0.0303165609]",0.0312944367,0.03067591143333333,0.0303165609,0.027784370000000003,0.0312944367,0.04314788999999997,0.0,0.020982352621410794,0.0,0.04314788999999997,0.06413024262141076,0.04797915727668965,5.2164115822354225,1004624.5055393445,35
Stage2.2,1,s22g001_6fe7c866a2fb3415,44,corner_local_0022,corner_local,2.9322873953405617,47.238678855015266,"[2.4156833455235933,1.2134774513649513,0.47907036778035206,1.2251680114381625,1.8529983098531937,0.11244917874610161,-0.3477337065156145,2.121743085429835,-0.2817067503103764,-0.8996658070280042,-1.319141864925788,0.16921567605146223,-0.4809726456981666,0.025129934351733885,0.0890977157906169]",s22g001_6fe7c866a2fb3415,0.031345464206539005,0.03280195265248069,0.10141649205260742,0.04484880688463355,0.05901372741070765,,,,,True,,11,-0.02758624799999998,0.0304818561,725.6261000000013,0.041111368622542964,0.0304818561,1.3703789540847655,0.5817437020072838,0.7819410457617871,0.023458231372853616,1,0.6280101555085302,0.0,-0.3441332378223096,0,0,0,0,1,1,True,False,True,False,10000.0,True,1.0,1.0,0.0,0.027693172948287534,0.031244397868248126,0.04175073922810412,0.009458683347044734,0.649498308772312,0.087067409869784,0.0995920985026207,0.41445,279.1068580150604,1,True,False,0.0,2,0,1,True,True,1.0,10,10,1,True,True,1.0,10,10,1,PASS_DAMPED_HOLD_40MM,False,True,0.5265307497984584,4626.071416902589,1004626.0714169026,0.0025352890548757394,0.0,1.0,0.46443721044332936,0.2517785076903783,0.060277715120206694,1000038.7221724918,38.72217249182978,"[0.031320264,0.0304993447,0.0304818561]",0.031320264,0.030767154933333332,0.0304818561,0.02769051,0.031320264,0.04400880000000007,0.0,0.0,0.0,0.04400880000000007,0.04400880000000007,0.04400880000000007,5.14741690255184,1004626.0714169026,36
Stage2.2,1,s22g001_04335121ab150103,34,probe_c2_h01_m,multi_center_probes,2.9370598424775425,48.35573544110098,"[2.4156833455235933,1.2134774513649513,0.47907036778035206,1.188093434942497,1.8339524869218462,0.10162045403562732,-0.28855984958283737,2.1602286487576325,-0.2956840226543265,-0.9613612129819165,-1.3329796074137585,0.1677989105134061,-0.515256289148781,-0.02447180590348949,0.08614530769184572]",s22g001_04335121ab150103,0.03139251268751829,0.027625626173866633,0.1001314791884385,0.04641708958394308,0.047731881468328075,,,,,True,,11,-0.027580798000000017,0.0305393736,728.0928000000022,0.041150379806232436,0.0305393736,1.3716793268744143,0.5817437020072838,0.7819410457617871,0.023458231372853616,1,0.6280101555085302,0.0,-0.3441332378223096,0,0,0,0,1,1,True,False,True,False,10000.0,True,1.0,1.0,0.0,0.027681622471111892,0.03126537446892893,0.04175878187059004,0.01011131376232248,0.6494938627399317,0.08736993132255445,0.09988408484001055,0.41445,260.8933205604553,1,True,False,0.0,2,0,1,True,True,1.0,10,10,1,True,True,1.0,10,10,1,PASS_DAMPED_HOLD_40MM,False,True,0.5260814678477524,4636.978313083178,1004636.9783130832,0.002576701869280832,0.0,1.0,0.46684306437730305,0.2521071001634573,0.06711559076694538,1000038.7516024448,38.7516024448216,"[0.0313233759,0.0305101236,0.0305393736]",0.0313233759,0.0307909577,0.0305393736,0.027677548999999968,0.0313233759,0.04411253000000004,0.0,0.0,0.0,0.04411253000000004,0.04411253000000004,0.04411253000000004,5.162663083026457,1004636.9783130832,37
Stage2.2,1,s22g001_657306e5bc97b230,67,bridge_d18_p00_c09_025,boundary_bridge,2.954069329817508,47.196859170678266,"[2.409019822811895,1.198039450629735,0.48122664718631664,1.212471156980102,1.8414528201189087,0.10156081565573373,-0.31057364410818156,2.151473093246334,-0.3187090236207973,-0.9567180141799897,-1.3212149904449686,0.18479107798531844,-0.7264140130750177,0.13707256833737902,0.07707204273051949]",s22g001_657306e5bc97b230,0.031350755360446673,0.03143205567543235,0.100852831621405,0.045025178681555866,0.05355349489560579,,,,,True,,11,-0.027657790999999987,0.0305972884,761.3616000000002,0.041244968910552654,0.0305972884,1.374832297018422,0.5817437020072838,0.7819326651391102,0.023457979954173303,1,0.6279832306637085,0.0,-0.3441188317829352,0,0,0,0,1,1,True,False,True,False,10000.0,True,1.0,1.0,0.0,0.027787722888629934,0.031282521796794575,0.041842008953947414,0.008270407788743052,0.6496266959952888,0.08632308383750403,0.09924292792148938,0.41455,276.21430587768555,1,True,False,0.0,2,0,1,True,True,1.0,10,10,1,True,True,1.0,10,10,1,PASS_DAMPED_HOLD_40MM,False,True,0.5249921090207351,4643.056053771754,1004643.0560537718,0.0025919744076975284,0.0,1.0,0.4689226665487324,0.25276246179295003,0.0694934370012995,1000038.7695166055,38.76951660551281,"[0.031325117,0.0305273773,0.0305972884]",0.031325117,0.03081659423333333,0.0305972884,0.027799958000000013,0.031325117,0.044170566666666744,0.0,0.0,0.0,0.044170566666666744,0.044170566666666744,0.044170566666666744,5.146553771757946,1004643.0560537718,38
Stage2.2,1,s22g001_6cfc9e92f62ffc38,84,trust_mix_0017,trust_mix,2.924665964293362,52.20936452802313,"[2.4156833455235933,1.2134774513649513,0.47907036778035206,1.2010205703621875,1.8787853275230517,0.09841112537240007,-0.261912349972072,2.0877395824836507,-0.25002977395728265,-0.9767801376333762,-1.309906152319093,0.130546080778326,-0.3792899483104095,-0.2913779381296038,0.0504913473226829]",s22g001_6cfc9e92f62ffc38,0.031341537552381026,0.033236938482825246,0.1048453270319108,0.048453270319107844,0.09317118873180874,,,,,True,,11,-0.02755514299999995,0.0304794104,718.7930000000015,0.0410886890041782,0.0304794104,1.36962296680594,0.5817437020072838,0.7819410457617871,0.023458231372853616,1,0.6280101555085302,0.0,-0.3441332378223096,0,0,0,0,1,1,True,False,True,False,10000.0,True,1.0,1.0,0.0,0.027627820221088308,0.03123800433803067,0.041702630195127974,0.01470284012205302,0.6494889197252107,0.08993470996502151,0.10161036345135771,0.41435,269.630526304245,1,True,False,0.0,2,0,1,True,True,1.0,10,10,1,True,True,1.0,10,10,3,POSITION_40MM_SPEED_FAIL,False,False,0.5267919452356771,4644.626124478644,1004644.6261244786,0.002542300580914436,0.0002593270445468681,1.0,0.46782005095099205,0.24843219909461534,0.05017924432119978,3000038.8206190923,38.820619092433475,"[0.0313063199,0.0304713447,0.0304794104]",0.0313063199,0.03075235833333333,0.0304794104,0.02761157999999997,0.0313063199,0.04354399666666664,0.0,0.016103634513576992,0.0,0.04354399666666664,0.05964763118024363,0.0464263577103949,5.209575380615138,1004644.6261244786,39
Stage2.2,1,s22g001_6f0419878df939b2,63,bridge_d15_p04_c07_045,boundary_bridge,2.9299870386934543,46.27684125361277,"[2.409019822811895,1.198039450629735,0.48122664718631664,1.2151661445162227,1.8527182000292632,0.09973825147528566,-0.321462855223103,2.1017917499326564,-0.2867629213926241,-0.8368646087434369,-1.3021496149925411,0.16987597077978905,-0.44968086047215816,0.04961140061489608,0.0796685512179698]",s22g001_6f0419878df939b2,0.031301756987062127,0.03568022752011858,0.10279991457934663,0.04339189956873768,0.07139104536220398,,,,,True,,11,-0.02775683200000001,0.0302545175,734.6190999999999,0.04105822148892997,0.0302545175,1.3686073829643326,0.5817437020072838,0.7819326651391102,0.023457979954173303,1,0.6279832306637085,0.0,-0.3441188317829352,0,0,0,0,1,1,True,False,True,False,10000.0,True,1.0,1.0,0.0,0.027799586580243306,0.031160448206816422,0.041758718209280954,0.02010092436251652,0.6496296147856548,0.0923430498594835,0.10266708191724726,0.41455,276.7246813774109,1,True,False,0.0,2,0,1,True,True,1.0,10,10,1,True,True,1.0,10,10,3,POSITION_40MM_SPEED_FAIL,False,False,0.5271428319145548,4651.579686789773,1004651.5796867898,0.0024577804996541307,0.0007113325953307263,1.0,0.4603287043454844,0.24985837380020762,0.05743302626372702,3000038.9384423024,38.93844230244738,"[0.0312948813,0.0303989149,0.0302545175]",0.0312948813,0.030649437900000003,0.0302545175,0.02777274399999996,0.0312948813,0.04316271000000005,0.0,0.026670819172472493,0.0,0.04316271000000005,0.06983352917247254,0.050738073769850886,5.236496330116589,1004651.5796867898,40
Stage2.2,1,s22g001_7b287ae4887fd8db,62,bridge_d13_p07_c04_009,boundary_bridge,2.9131969795770405,46.08517708172038,"[2.4156833455235933,1.2134774513649513,0.47907036778035206,1.207432491992491,1.839179339148215,0.09849567833188898,-0.31366021570899044,2.108118502222924,-0.3093012153019359,-0.8307505688422193,-1.235526385801583,0.13332078168933806,-0.5777967234361769,0.10244960714121576,0.10028059908106281]",s22g001_7b287ae4887fd8db,0.031279665057791305,0.03705356708683326,0.10423580777123187,0.04265550192637679,0.08501357963869549,,,,,True,,11,-0.02756140500000004,0.0301632006,765.4454000000005,0.04085890008321158,0.0301632006,1.3619633361070527,0.5817437020072838,0.7819410457617871,0.023458231372853616,1,0.6280101555085302,0.0,-0.3441332378223096,0,0,0,0,1,1,True,False,True,False,10000.0,True,1.0,1.0,0.0,0.027716589955055278,0.031119300073904288,0.04167277523547443,0.018634592890739824,0.6495041014857448,0.09352846552923991,0.10419008592343842,0.41450000000000004,261.53708720207214,1,True,False,0.0,2,0,1,True,True,1.0,10,10,1,True,True,1.0,10,10,3,POSITION_40MM_SPEED_FAIL,False,False,0.5294383662077833,4655.159948091838,1004655.1599480918,0.0024149212107772424,0.0017556820045796743,1.0,0.45975326840843955,0.2449390058019593,0.06146018033535168,3000038.982067148,38.98206714798748,"[0.0312757455,0.0303463712,0.0301632006]",0.0312757455,0.03059510576666667,0.0301632006,0.02773919700000005,0.0312757455,0.04252484999999995,0.0,0.041900859234384136,0.0,0.04252484999999995,0.08442570923438408,0.059699622043210374,5.272489111227166,1004655.1599480918,41
Stage2.2,1,s22g001_293ccf3df4c2f71f,74,bridge_d17_p00_c17_037,boundary_bridge,2.9359160784066956,47.551131321472454,"[2.415683345523593,1.2134774513649513,0.47907036778035206,1.198279425202745,1.8307650175961716,0.11270619358023594,-0.3441705657451183,2.161655040825651,-0.30961919692756873,-0.8132026447479124,-1.337848864682658,0.13736544445649543,-0.5546253949754246,0.09621560380498137,0.11056869837570525]",s22g001_293ccf3df4c2f71f,0.031370820350789086,0.031940483780531076,0.09942179122876016,0.045694011692969605,0.045694011692969605,,,,,True,,11,-0.02766803200000001,0.0303292341,749.8395000000019,0.04105340955201684,0.0303292341,1.3684469850672278,0.5817437020072838,0.7819410457617871,0.023458231372853616,1,0.6280101555085302,0.0,-0.3441332378223096,0,0,0,0,1,1,True,False,True,False,10000.0,True,1.0,1.0,0.0,0.02771903376590819,0.03119459992085585,0.04173065895882568,0.01775778724351821,0.649484143366262,0.09046142747471994,0.10111713760766727,0.41445,279.99849247932434,1,True,False,0.0,2,0,1,True,True,1.0,10,10,1,True,True,1.0,10,10,3,POSITION_40MM_SPEED_FAIL,False,False,0.5271982497767815,4656.113363896497,1004656.1133638965,0.0024984769136220065,0.0001247996434464559,1.0,0.4623157941166567,0.25199595732412056,0.0699909068795735,3000038.81760628,38.81760628018766,"[0.031315666,0.030440306,0.0303292341]",0.031315666,0.030695068699999998,0.0303292341,0.027690546999999954,0.031315666,0.04385553333333325,0.0,0.011171376076672734,0.0,0.04385553333333325,0.055026909410005986,0.04525602111760997,5.1963718056295125,1004656.1133638965,42
Stage2.2,1,s22g001_4d8dfaad2616fd0c,82,trust_mix_0021,trust_mix,2.9267999019659414,47.998372126612935,"[2.415683345523593,1.2134774513649513,0.47907036778035206,1.1901849087130898,1.8233058824673423,0.10631111307376465,-0.33273502283475476,2.1339105284646207,-0.2607784114581428,-0.8177468667845278,-1.3533310723195224,0.12718928663612136,-0.5235219423188469,0.04591145292780989,0.08798457129004306]",s22g001_4d8dfaad2616fd0c,0.03138252623267096,0.03257411962666191,0.10010382015416668,0.04608420775569866,0.04712240929736544,,,,,True,,11,-0.027661088,0.0303074398,744.8229000000028,0.04103262965707131,0.0303074398,1.367754321902377,0.5817437020072838,0.7819410457617871,0.023458231372853616,1,0.6280101555085302,0.0,-0.3441332378223096,0,0,0,0,1,1,True,False,True,False,10000.0,True,1.0,1.0,0.0,0.0277066020649532,0.031185183614013647,0.04171536257813677,0.0192035510018291,0.6494983609137953,0.09139621590802018,0.10183485105288032,0.41445,267.38489508628845,1,True,False,0.0,2,0,1,True,True,1.0,10,10,1,True,True,1.0,10,10,3,POSITION_40MM_SPEED_FAIL,False,False,0.5274375665791352,4667.008880947251,1004667.0088809473,0.002491316155272531,0.00033666783862559607,1.0,0.46345022578546596,0.2530265925926361,0.058365583622393365,3000038.8571516937,38.85715169382394,"[0.0313099145,0.0304262018,0.0303074398]",0.0313099145,0.03068118536666667,0.0303074398,0.027674650000000023,0.0313099145,0.043663816666666744,0.0,0.01834851052880304,0.0,0.043663816666666744,0.062012327195469785,0.0473623977911368,5.215507707604555,1004667.0088809473,43
Stage2.2,1,s22g001_c72d739eb7d97e22,9,precise_archive_02,anchor_precise,2.953758902999436,46.56108334501463,"[2.415683345523593,1.2134774513649513,0.47907036778035206,1.201478420858508,1.8466595111594724,0.10891666538546008,-0.31492209000736343,2.0866509623179854,-0.2805781337611584,-0.8128768931144537,-1.4445884913471743,0.12058246512628688,-0.7071453057398833,0.1311602309755587,0.12040376680237012]",s22g001_c72d739eb7d97e22,0.031325877879332616,0.037392245449907574,0.10141944818113494,0.04419592931108718,0.05839041112243648,,,,,True,,11,-0.028011158999999952,0.030431458,752.1798000000017,0.04136059313560484,0.030431458,1.3786864378534949,0.5817437020072838,0.7819410457617871,0.023458231372853616,1,0.6280101555085302,0.0,-0.3441332378223096,0,0,0,0,1,1,True,False,True,False,10000.0,True,1.0,1.0,0.0,0.027888111844422685,0.031232298698762855,0.0418712701533614,0.0277839806875412,0.6494983527217808,0.09189796140996777,0.10066085590986433,0.4144,273.6792006492615,1,True,False,0.0,2,0,1,True,True,1.0,10,10,1,True,True,1.0,10,10,3,POSITION_40MM_SPEED_FAIL,False,False,0.5236604940204364,4671.5770340076415,1004671.5770340076,0.0025474605652710375,4.3673053360261536e-05,1.0,0.4681695758150809,0.25874833014357396,0.054106362702031875,3000038.9943782776,38.99437827752915,"[0.0313255547,0.0304743249,0.030431458]",0.0313255547,0.030743779199999998,0.030431458,0.028011158999999952,0.0313255547,0.04418515666666667,0.0,0.00660855909864333,0.0,0.04418515666666667,0.05079371576531,0.044676628375674675,5.209875903990528,1004671.5770340076,44
Stage2.2,1,s22g001_50079d9fd8e4812d,45,corner_local_0084,corner_local,2.945265608998736,47.246417992044,"[2.4156833455235933,1.2134774513649513,0.47907036778035206,1.2201790634766256,1.8565792712976272,0.09263158253691346,-0.3113035490584698,2.1377266563234256,-0.2849781988028286,-0.9712348613484163,-1.331427979882847,0.15489464320667976,-0.4633628419883411,-0.03381690079731906,0.0808792709879419]",s22g001_50079d9fd8e4812d,0.03134191766701156,0.030014647436116496,0.10174288219888272,0.044730588900385504,0.06215941088921273,,,,,True,,11,-0.027616329999999967,0.0306075946,739.0276000000013,0.04122482904593841,0.0306075946,1.3741609681979472,0.5817437020072838,0.7819410457617871,0.023458231372853616,1,0.6280101555085302,0.0,-0.3441332378223096,0,0,0,0,1,1,True,False,True,False,10000.0,True,1.0,1.0,0.0,0.027710514764705478,0.031296574454942494,0.04180129425195731,0.01177757927434254,0.6494935899202015,0.08674998318843292,0.09885688311045272,0.41450000000000004,285.38424825668335,1,True,False,0.0,2,0,1,True,True,1.0,10,10,1,True,True,1.0,10,10,1,PASS_DAMPED_HOLD_40MM,False,True,0.5252240547553959,4693.6540510091,1004693.6540510091,0.0026250417930655068,0.0,1.0,0.4661197022306364,0.25238163135524794,0.06311337412281705,1000038.7503169928,38.75031699274896,"[0.0313395754,0.0305512252,0.0306075946]",0.0313395754,0.0308327984,0.0306075946,0.027704795999999976,0.0313395754,0.04465251333333331,0.0,0.0,0.0,0.04465251333333331,0.04465251333333331,0.04465251333333331,5.140151009095398,1004693.6540510091,45
Stage2.2,1,s22g001_efb9d48ad0c2fff2,20,probe_c1_h09_m,multi_center_probes,2.9394589683596406,56.05030005337702,"[2.3911854335466187,1.204177336495726,0.471384395947247,1.1989401768972368,1.8521570748969636,0.1017763421788616,-0.31250065205519467,2.201151881772964,-0.14286508593500524,-1.1243130457377541,-1.3398087584692329,0.24230607007822166,-0.6236494086987542,-0.1738030047699112,-0.024189279153778526]",s22g001_efb9d48ad0c2fff2,0.03161598765760654,0.024898353873796082,0.09895700624888454,0.053866255253551376,0.053866255253551376,,,,,True,,11,-0.026974712999999984,0.0309786345,682.8773000000001,0.041076890545864816,0.0309786345,1.3692296848621606,0.5817437020072838,0.7819332053556993,0.02345799616067098,1,0.6279867362113741,0.0,-0.3441197603990719,0,0,0,0,1,1,True,False,True,False,10000.0,True,1.0,1.0,0.0,0.027356390701713786,0.03141020154495322,0.041653005573660515,0.0327063242629385,0.6493137014785805,0.09098959087055472,0.09922525970874115,0.4144,283.90558218955994,1,True,False,0.0,2,0,1,True,True,1.0,10,10,1,True,True,1.0,10,10,1,PASS_DAMPED_HOLD_40MM,False,True,0.5269278251005013,4703.297706020065,1004703.2977060201,0.0027906695495351075,0.0,1.0,0.4794436302741724,0.25731273506540664,0.05208138173004684,1000038.8800321138,38.880032113766354,"[0.0313423079,0.0306700613,0.0309786345]",0.0313423079,0.030997001233333335,0.0309786345,0.027467251999999998,0.0313423079,0.04474359666666672,0.0,0.0,0.0,0.04474359666666672,0.04474359666666672,0.04474359666666672,5.220056020027308,1004703.2977060201,46
Stage2.2,1,s22g001_a80fd784dc44a6e0,66,bridge_d06_p02_c00_049,boundary_bridge,2.9615422193539733,47.11399072723103,"[2.4156833455235933,1.2134774513649513,0.47907036778035206,1.2059395769606207,1.8596623732865158,0.09880257979577704,-0.2989814613422621,2.066482282342492,-0.27384502273349437,-0.9086265946013634,-1.4243331136720128,0.1658277034845875,-0.5252483260619305,-0.04690986079201396,0.05331603425237856]",s22g001_a80fd784dc44a6e0,0.03135301155140839,0.03160424528020268,0.1004499371405329,0.04510038504694647,0.049599756452275434,,,,,True,,11,-0.027988652999999974,0.0305832549,730.5717000000004,0.04145720898749434,0.0305832549,1.3819069662498114,0.5817437020072838,0.7819410457617871,0.023458231372853616,1,0.6280101555085302,0.0,-0.3441332378223096,0,0,0,0,1,1,True,False,True,False,10000.0,True,1.0,1.0,0.0,0.027870839646537533,0.03129201043432819,0.04190433891168208,0.02827495593785618,0.6494913328236994,0.0905042857544265,0.09928678074884967,0.4144,265.18053245544434,1,True,False,0.0,2,0,1,True,True,1.0,10,10,1,True,True,1.0,10,10,1,PASS_DAMPED_HOLD_40MM,False,True,0.5225477936534965,4710.166873644921,1004710.1668736449,0.0026300550245604423,0.0,1.0,0.46784650599170735,0.2564836416868315,0.050266727048830936,1000038.9781291041,38.9781291040965,"[0.0313442813,0.0305433958,0.0305832549]",0.0313442813,0.030823643999999997,0.0305832549,0.027988652999999974,0.0313442813,0.04480937666666662,0.0,0.0,0.0,0.04480937666666662,0.04480937666666662,0.04480937666666662,5.182323644815079,1004710.1668736449,47
Stage2.2,1,s22g001_c8ffee6ac4434657,10,anchor_fill_10,anchor_fill,2.907452373484184,52.14447994965942,"[2.3705445176467634,1.218059178969841,0.480262669915016,1.2042261679559902,1.8099077094025633,0.09945774008274161,-0.32248626233046174,2.0635331231245324,-0.3671861759092953,-0.7957178132641703,-1.1874393168505422,0.09160775102737818,-0.4080934518181093,0.18286250362187767,0.13355042464019667]",s22g001_c8ffee6ac4434657,0.0315033290026709,0.033159610101783636,0.0968248365461161,0.050110966755696706,0.050110966755696706,,,,,True,,11,-0.02757420899999996,0.0300599129,795.946600000003,0.040791363859661096,0.0300599129,1.3597121286553697,0.5817437020072838,0.7819287599363928,0.023457862798091783,1,0.6279649485659721,0.0,-0.3441121188564283,0,0,0,0,1,1,True,False,True,False,10000.0,True,1.0,1.0,0.0,0.027695972907203287,0.03108469950009889,0.04163322541297979,0.027158183728230548,0.6492394914149064,0.09546306772958871,0.10430528219772944,0.4142,281.7120609283447,1,True,False,0.0,2,0,1,True,True,1.0,10,10,1,True,True,1.0,10,10,3,POSITION_40MM_SPEED_FAIL,False,False,0.5302161638388833,4712.74398572545,1004712.7439857255,0.002382478346053335,0.0018535454802085967,1.0,0.452607548512237,0.24123434318290982,0.06215233942606712,3000039.041329803,39.04132980295179,"[0.0312715911,0.0303254421,0.0300599129]",0.0312715911,0.030552315366666666,0.0300599129,0.02770732099999995,0.0312715911,0.04238637000000023,0.0,0.04305282197729432,0.0,0.04305282197729432,0.08543919197729455,0.060416469956341506,5.288550130487341,1004712.7439857255,48
Stage2.2,1,s22g001_690c90ce7da7009b,72,bridge_d10_p00_c20_008,boundary_bridge,2.945738455908,49.99111982043344,"[2.415683345523593,1.2134774513649513,0.47907036778035206,1.1932114938001315,1.8484419657360653,0.1170677049525474,-0.3118206624622705,2.0957633931076978,-0.3020738925419192,-0.9368413126337752,-1.2933102609646858,0.16517083300773078,-0.5186291552930176,-0.17066256048363773,0.013351583993621763]",s22g001_690c90ce7da7009b,0.03144120180103484,0.0295275546132796,0.09980512709508897,0.04804006003449457,0.04804006003449457,,,,,True,,11,-0.027553594999999986,0.0305873529,747.2303000000029,0.041167787830452614,0.0305873529,1.3722595943484206,0.5817437020072838,0.7819410457617871,0.023458231372853616,1,0.6280101555085302,0.0,-0.3441332378223096,0,0,0,0,1,1,True,False,True,False,10000.0,True,1.0,1.0,0.0,0.027654195270732908,0.031295409532313315,0.04176310780901049,0.011350394565582884,0.6494841330953175,0.08676330944703282,0.09884586607933425,0.41435,257.3333375453949,1,True,False,0.0,2,0,1,True,True,1.0,10,10,1,True,True,1.0,10,10,1,PASS_DAMPED_HOLD_40MM,False,True,0.5258809840290138,4728.489237137954,1004728.489237138,0.0026362069946744364,0.0,1.0,0.46583324393941394,0.24692157668260428,0.058579344725009155,1000038.7229666045,38.72296660452391,"[0.0313495288,0.0305482591,0.0305873529]",0.0313495288,0.030828380266666667,0.0305873529,0.027650218999999976,0.0313495288,0.044984293333333314,0.0,0.0,0.0,0.044984293333333314,0.044984293333333314,0.044984293333333314,5.138437137977102,1004728.489237138,49
Stage2.2,1,s22g001_dcc854e000ee3065,29,probe_c2_h14_p,multi_center_probes,2.9526220183776917,46.987866304178986,"[2.4156833455235933,1.2134774513649513,0.47907036778035206,1.220493434942497,1.8339524869218462,0.10162045403562732,-0.3515598495828374,2.1602286487576325,-0.3226840226543265,-0.8803612129819165,-1.3329796074137585,0.1677989105134061,-0.5962562891487809,0.05652819409651051,0.08614530769184572]",s22g001_dcc854e000ee3065,0.031354567502422936,0.030827170806422808,0.09956705121735626,0.04515225008076462,0.04515225008076462,,,,,True,,11,-0.027746059000000045,0.0305351965,750.4196000000011,0.04125823572724718,0.0305351965,1.3752745242415727,0.5817437020072838,0.7819410457617871,0.023458231372853616,1,0.6280101555085302,0.0,-0.3441332378223096,0,0,0,0,1,1,True,False,True,False,10000.0,True,1.0,1.0,0.0,0.027801786790361934,0.03127894477026575,0.04184867661800165,0.012500265835778875,0.6495021378075003,0.08694889528824512,0.09868992081824567,0.41450000000000004,274.17454862594604,1,True,False,0.0,2,0,1,True,True,1.0,10,10,1,True,True,1.0,10,10,1,PASS_DAMPED_HOLD_40MM,False,True,0.5248393184432529,4729.759286026703,1004729.7592860267,0.002612285490372252,0.0,1.0,0.4647867949240005,0.2517611130458796,0.07205410576229815,1000038.7723446059,38.77234460588813,"[0.0313498925,0.0305356022,0.0305351965]",0.0313498925,0.03080689706666667,0.0305351965,0.02778051199999998,0.0313498925,0.04499641666666654,0.0,0.0,0.0,0.04499641666666654,0.04499641666666654,0.04499641666666654,5.135536026795208,1004729.7592860267,50
Stage2.2,1,s22g001_bbc80c4d2c2d8a7f,81,trust_mix_0023,trust_mix,2.915836336363101,47.09775566060854,"[2.415683345523593,1.2134774513649513,0.47907036778035206,1.214135494241048,1.8547244040615016,0.09945344605084931,-0.3304129808373754,2.134640059750702,-0.29626503090620643,-0.8611249040223756,-1.2377932715058844,0.14997277922059785,-0.5061140360928608,0.06711755652830657,0.07949014505744555]",s22g001_bbc80c4d2c2d8a7f,0.03131484834488847,0.03534380652561149,0.10371797001944463,0.0438282781629491,0.08100797835739537,,,,,True,,11,-0.027397353000000013,0.0303003394,754.0632000000005,0.040850036954228106,0.0303003394,1.3616678984742705,0.5817437020072838,0.7819410457617871,0.023458231372853616,1,0.6280101555085302,0.0,-0.3441332378223096,0,0,0,0,1,1,True,False,True,False,10000.0,True,1.0,1.0,0.0,0.027606784371256927,0.03119171377301322,0.04165402203171572,0.013299684976272754,0.6494908693793477,0.09065293096565838,0.10230392573989128,0.41445,278.1013181209564,1,True,False,0.0,2,0,1,True,True,1.0,10,10,1,True,True,1.0,10,10,3,POSITION_40MM_SPEED_FAIL,False,False,0.5295404406260001,4733.21843231027,1004733.2184323103,0.0025196128862028677,0.0005308073814933518,1.0,0.46010187502903854,0.24596835167230405,0.06425025472895748,3000038.7971369624,38.79713696258695,"[0.0313229092,0.0304333303,0.0303003394]",0.0313229092,0.030685526299999998,0.0303003394,0.027648667999999987,0.0313229092,0.0440969733333334,0.0,0.02303925739891266,0.0,0.0440969733333334,0.06713623073224606,0.04975289377165985,5.2232822763243965,1004733.2184323103,51
Stage2.2,1,s22g001_eb6ccb080feb88e5,75,bridge_d00_p02_c17_011,boundary_bridge,2.9514494928676753,48.61495877519764,"[2.415683345523593,1.2134774513649513,0.47907036778035206,1.2105630927013238,1.848488954630891,0.10583625965246034,-0.34450564540689577,2.1950649679464314,-0.24407415458163498,-0.8896758124519356,-1.4554859231034323,0.15560754445147768,-0.6368186508209358,-0.1220505110973129,0.0330476355833845]",s22g001_eb6ccb080feb88e5,0.03139456277465145,0.031366847325281666,0.10060150356421371,0.04648542582171489,0.05250046146385201,,,,,True,,11,-0.02774046600000002,0.0306490857,730.8868000000002,0.0413388426076868,0.0306490857,1.3779614202562267,0.5817437020072838,0.7819410457617871,0.023458231372853616,1,0.6280101555085302,0.0,-0.3441332378223096,0,0,0,0,1,1,True,False,True,False,10000.0,True,1.0,1.0,0.0,0.027716443501537787,0.03131483551979611,0.04181889721173695,0.02390955476065165,0.6495008051833271,0.08895014771000993,0.09853136653423815,0.41445,269.18417859077454,1,True,False,0.0,2,0,1,True,True,1.0,10,10,1,True,True,1.0,10,10,1,PASS_DAMPED_HOLD_40MM,False,True,0.5239109893576116,4734.199534347514,1004734.1995343475,0.002661143479870819,0.0,1.0,0.4737659990825567,0.25901707769195764,0.06598152650811216,1000038.8554142895,38.85541428955254,"[0.0313511548,0.0305666502,0.0306490857]",0.0313511548,0.030855630233333334,0.0306490857,0.02774046600000002,0.0313511548,0.04503849333333343,0.0,0.0,0.0,0.04503849333333343,0.04503849333333343,0.04503849333333343,5.157734347524961,1004734.1995343475,52
Stage2.2,1,s22g001_0469d9018d0b65bc,68,bridge_d08_p00_c20_028,boundary_bridge,2.9593073103997884,47.26413526500336,"[2.415683345523593,1.2134774513649513,0.47907036778035206,1.204041452306237,1.833914809067825,0.0965208127309156,-0.32927473367639865,2.203779271406404,-0.30414449722064596,-0.8601725719400929,-1.4354426422974045,0.12775925058086773,-0.7470197255989914,0.17650231910687728,0.1003215944195667]",s22g001_0469d9018d0b65bc,0.03136249240266909,0.032879264505495984,0.10000368058176015,0.04541641342230318,0.04545321923990464,,,,,True,,11,-0.027849831000000047,0.0305689057,778.7916000000005,0.04135300572417991,0.0305689057,1.3784335241393304,0.5817437020072838,0.7819410457617871,0.023458231372853616,1,0.6280101555085302,0.0,-0.3441332378223096,0,0,0,0,1,1,True,False,True,False,10000.0,True,1.0,1.0,0.0,0.02782723950689861,0.03129152215737436,0.04187498797014453,0.01897452334787546,0.6495040865881577,0.08842097568868883,0.09887465006260242,0.41450000000000004,278.57500767707825,1,True,False,0.0,2,0,1,True,True,1.0,10,10,1,True,True,1.0,10,10,1,PASS_DAMPED_HOLD_40MM,False,True,0.5237478763216998,4739.838956741383,1004739.8389567414,0.002640879917167197,0.0,1.0,0.46995268610588076,0.2599075045191494,0.07596114206782603,1000038.8513383401,38.851338340115355,"[0.0313527668,0.0305396674,0.0305689057]",0.0313527668,0.03082044663333333,0.0305689057,0.027849831000000047,0.0313527668,0.04509222666666668,0.0,0.0,0.0,0.04509222666666668,0.04509222666666668,0.04509222666666668,5.155156741475299,1004739.8389567414,53
Stage2.2,1,s22g001_3d812812b5a1f281,11,anchor_fill_11,anchor_fill,2.9632672848814954,70.8739992949047,"[2.409019822811895,1.198039450629735,0.48122664718631664,1.1925058003704898,1.8796406997728652,0.10874810926453213,-0.26454598816076086,2.321244730127629,-0.25144256936158627,-0.8637436565762648,-1.5836725533239409,0.1727339653850643,-0.2794655530500083,-0.19322276400711402,0.05948586052709807]",s22g001_3d812812b5a1f281,0.03131918135391927,0.03717113317729986,0.10664283251443882,0.06642832514438801,0.110401036941697,,,,,True,,11,-0.028094139000000018,0.030367221,668.8710000000028,0.041369659865826344,0.030367221,1.3789886621942116,0.5817437020072838,0.7819326651391102,0.023457979954173303,1,0.6279832306637085,0.0,-0.3441188317829352,0,0,0,0,1,1,True,False,True,False,10000.0,True,1.0,1.0,0.0,0.0278312745231675,0.03120357173738935,0.04181199266662994,0.045459318839754514,0.6496033774182195,0.09789442014614459,0.1040974713504191,0.41435,280.01875042915344,1,True,False,0.0,2,0,1,True,True,1.0,10,10,1,True,True,1.0,10,10,3,POSITION_40MM_SPEED_FAIL,False,False,0.5235560747781783,4746.435032445705,1004746.4350324457,0.002520906300448184,0.0016789271467505247,1.0,0.4718117414103994,0.26776189304782266,0.08726282454690082,3000039.479158901,39.479158901339645,"[0.031303108,0.0304332181,0.030367221]",0.031303108,0.030701182366666666,0.030367221,0.028094139000000018,0.031303108,0.04343693333333354,0.0,0.04097471350419091,0.0,0.04343693333333354,0.08441164683752445,0.05971343503898421,5.381676723252715,1004746.4350324457,54
Stage2.2,1,s22g001_3e18dbde80984aec,53,corner_local_0036,corner_local,2.9175716407014023,56.463575897786164,"[2.4156833455235933,1.2134774513649513,0.47907036778035206,1.1821963203597545,1.8551724693540967,0.11573280417354016,-0.2813044959870217,2.1847725023642903,-0.23420842455094515,-0.8566928543867229,-1.3684842478929902,0.17717337824710513,-0.5421672900391441,-0.1055552310756854,0.03018798723354294]",s22g001_3e18dbde80984aec,0.031327209920164634,0.03560202137808532,0.1052562295148551,0.05256229514855093,0.09680262582070553,,,,,True,,11,-0.02753390499999997,0.0302374441,714.3760000000002,0.040895219161286425,0.0302374441,1.3631739720428808,0.5817437020072838,0.7819410457617871,0.023458231372853616,1,0.6280101555085302,0.0,-0.3441332378223096,0,0,0,0,1,1,True,False,True,False,10000.0,True,1.0,1.0,0.0,0.02760008876510459,0.031135305457064076,0.04160735687046627,0.018663936480000178,0.6494765513900754,0.0934673101078296,0.10434082963373764,0.4143,281.1467957496643,1,True,False,0.0,2,0,1,True,True,1.0,10,10,1,True,True,1.0,10,10,3,POSITION_40MM_SPEED_FAIL,False,False,0.5290200885575792,4748.667985339533,1004748.6679853395,0.002415277116315577,0.0018842801909134772,1.0,0.4673867097759219,0.2531960138916805,0.062315598006597514,3000038.979144349,38.97914434929364,"[0.0312633474,0.0303509677,0.0302374441]",0.0312633474,0.030617253066666666,0.0302374441,0.027573327000000036,0.0312633474,0.04211158000000004,0.0,0.043408296337376306,0.0,0.043408296337376306,0.08551987633737634,0.060478635574968784,5.280210677405027,1004748.6679853395,55
Stage2.2,1,s22g001_6f6bfb6ffaae2599,89,trust_mix_0014,trust_mix,2.9248688598179604,50.852396039461006,"[2.415683345523593,1.2134774513649513,0.47907036778035206,1.1746274973156092,1.8396499382265852,0.11410252417906921,-0.3195778489559785,2.1899961563706323,-0.267716912678872,-0.862837778693896,-1.2998974838117052,0.15320238836222438,-0.5025141972984278,-0.18506974729132986,0.05011969796804726]",s22g001_6f6bfb6ffaae2599,0.031454257936764714,0.030649610023104165,0.10102218052421523,0.04847526455882378,0.05869706980097611,,,,,True,,11,-0.027372865000000024,0.0303905677,719.1556000000019,0.04090061544080369,0.0303905677,1.36335384802679,0.5817437020072838,0.7819410457617871,0.023458231372853616,1,0.6280101555085302,0.0,-0.3441332378223096,0,0,0,0,1,1,True,False,True,False,10000.0,True,1.0,1.0,0.0,0.027523133255386877,0.031230561669460612,0.04162776533017075,0.01167674374488506,0.6494745357091336,0.089569797880625,0.10161995697393264,0.41435,275.0514724254608,1,True,False,0.0,2,0,1,True,True,1.0,10,10,1,True,True,1.0,10,10,3,POSITION_40MM_SPEED_FAIL,False,False,0.5289579409691499,4764.20378966385,1004764.2037896639,0.0025796785444249476,0.0002624260597392943,1.0,0.465101592587,0.24756286585106166,0.06807362029480118,3000038.7503909883,38.750390988188435,"[0.0313403855,0.0304696821,0.0303905677]",0.0313403855,0.0307335451,0.0303905677,0.027532475,0.0313403855,0.044679516666666697,0.0,0.016199569739326236,0.0,0.044679516666666697,0.06087908640599293,0.047525627500394366,5.210149872861033,1004764.2037896639,56
Stage2.2,1,s22g001_a65b077ac23175c1,73,bridge_d06_p10_c17_033,boundary_bridge,2.9375079269837476,48.20121507196248,"[2.415683345523593,1.2134774513649513,0.47907036778035206,1.2001179465242793,1.8381882776436382,0.10498062633509465,-0.34320345036430583,2.07748050375806,-0.30492729648302597,-0.809468766389233,-1.298395699096399,0.14782579567303877,-0.5515766545668039,0.0044194390743889644,0.06905039437731773]",s22g001_a65b077ac23175c1,0.03138807691079608,0.034374319180550936,0.10012960104607142,0.046269230359869296,0.047565240820583554,,,,,True,,11,-0.027746836000000052,0.0303898362,759.1625000000022,0.04115129466096698,0.0303898362,1.3717098220322326,0.5817437020072838,0.7819410457617871,0.023458231372853616,1,0.6280101555085302,0.0,-0.3441332378223096,0,0,0,0,1,1,True,False,True,False,10000.0,True,1.0,1.0,0.0,0.027773079486264087,0.03124093209256226,0.041801193549496046,0.018753309772218934,0.6495007604906579,0.08980855699000333,0.1001192851449076,0.41445,274.6793098449707,1,True,False,0.0,2,0,1,True,True,1.0,10,10,1,True,True,1.0,10,10,3,POSITION_40MM_SPEED_FAIL,False,False,0.5260709316968112,4766.221452191472,1004766.2214521915,0.002600618346762938,1.4228945795626972e-06,1.0,0.4609867397982897,0.24759659257041128,0.05632385554677683,3000038.826000097,38.82600009709201,"[0.031358931,0.0304931917,0.0303898362]",0.031358931,0.030747319633333336,0.0303898362,0.027746836000000052,0.031358931,0.04529770000000011,0.0,0.0011928514490759934,0.0,0.04529770000000011,0.0464905514490761,0.045313403313694864,5.175843081476704,1004766.2214521915,57
Stage2.2,1,s22g001_2fced8c6691965cc,69,bridge_d17_p14_c08_041,boundary_bridge,2.9294154681699185,48.66747004136207,"[2.4156833455235933,1.2134774513649513,0.47907036778035206,1.1746862546049148,1.8293240903421026,0.10922831044508118,-0.31867608787830554,2.0669094606898866,-0.3216667865204355,-0.776785388116522,-1.2563594963367986,0.13349017016870438,-0.5477141753237376,0.10874446445493076,0.13428148585748495]",s22g001_2fced8c6691965cc,0.031401585021730245,0.035604130383330754,0.10012473783341304,0.0467195007243415,0.047966879058471745,,,,,True,,11,-0.027637644000000017,0.0302061643,749.8289000000004,0.040942053289855056,0.0302061643,1.3647351096618354,0.5817437020072838,0.7819410457617871,0.023458231372853616,1,0.6280101555085302,0.0,-0.3441332378223096,0,0,0,0,1,1,True,False,True,False,10000.0,True,1.0,1.0,0.0,0.027712560179017003,0.031172766913293327,0.0417100394234548,0.023345330507538623,0.6494867047226885,0.0931821330438025,0.1026423600615025,0.4144,282.2922809123993,1,True,False,0.0,2,0,1,True,True,1.0,10,10,1,True,True,1.0,10,10,3,POSITION_40MM_SPEED_FAIL,False,False,0.5284807117262987,4802.529816165566,1004802.5298161656,0.002540768367239175,0.0006982066694623449,1.0,0.4571284379279447,0.2451314499274368,0.05665077699306205,3000038.931934913,38.93193491304956,"[0.0313383859,0.0304132762,0.0302061643]",0.0313383859,0.030652608799999998,0.0302061643,0.027698144000000036,0.0313383859,0.044612863333333364,0.0,0.02642360061502491,0.0,0.044612863333333364,0.07103646394835827,0.05185088470085178,5.246742337897558,1004802.5298161656,58
Stage2.2,1,s22g001_d0852a9a8a9dccd6,50,corner_local_0019,corner_local,2.918256263014112,79.48850038331945,"[2.4156833455235933,1.2134774513649513,0.47907036778035206,1.1884277582675054,1.9136920259937211,0.08810676235445399,-0.22265108821230808,1.9848071243937273,-0.2336401278131919,-0.9692412663266318,-1.2277176954016475,0.13336467364481017,-0.4422946870080071,-0.20364260641869036,0.11257879754318477]",s22g001_d0852a9a8a9dccd6,0.031318494293261,0.03782017555983656,0.10747128129131488,0.07471281291314869,0.11866262268851546,,,,,True,,11,-0.027416380000000018,0.0304538818,703.9910000000018,0.04097678378048687,0.0304538818,1.3658927926828959,0.5817437020072838,0.7819410457617871,0.023458231372853616,1,0.6280101555085302,0.0,-0.3441332378223096,0,0,0,0,1,1,True,False,True,False,10000.0,True,1.0,1.0,0.0,0.027565246254971733,0.03126568475657127,0.04168196065919316,0.007549809720548019,0.6495326961592193,0.08885047649651545,0.10197904886971736,0.4143,260.61098885536194,1,True,False,0.0,2,0,1,True,True,1.0,10,10,1,True,True,1.0,10,10,3,POSITION_40MM_SPEED_FAIL,False,False,0.5280807294364958,4844.558864269289,1004844.5588642693,0.0026659503303258477,0.0003916634428729557,1.0,0.46326634126448984,0.24309977745411665,0.03440938253700998,3000038.790681975,38.79068197489015,"[0.03135887,0.0304950026,0.0304538818]",0.03135887,0.030769251466666665,0.0304538818,0.027585254000000003,0.03135887,0.04529566666666662,0.0,0.01979048869717359,0.0,0.04529566666666662,0.06508615536384021,0.04943036376207168,5.217212385184751,1004844.5588642693,59
Stage2.2,1,s22g001_ed52e07b458da5d6,26,probe_c1_h12_m,multi_center_probes,2.941368886022249,58.95099472819705,"[2.3911854335466187,1.204177336495726,0.471384395947247,1.1989401768972368,1.8197570748969636,0.1017763421788616,-0.37550065205519473,2.2641518817729636,-0.14286508593500524,-1.0433130457377542,-1.3398087584692329,0.24230607007822166,-0.5426494086987542,-0.1738030047699112,0.008210720846221473]",s22g001_ed52e07b458da5d6,0.03169966099151933,0.02290757337309251,0.09586576178130882,0.05665536638397772,0.05665536638397772,,,,,True,,11,-0.026976054000000027,0.0309320033,659.3462,0.041042615871337056,0.0309320033,1.3680871957112353,0.5817437020072838,0.7819332053556993,0.02345799616067098,1,0.6279867362113741,0.0,-0.3441197603990719,0,0,0,0,1,1,True,False,True,False,10000.0,True,1.0,1.0,0.0,0.027360001863621742,0.03142024665642344,0.04166295239091768,0.02564700710064993,0.6493259640459579,0.08875708645349566,0.0979532837299811,0.41450000000000004,278.2835657596588,1,True,False,0.0,2,0,1,True,True,1.0,10,10,1,True,True,1.0,10,10,1,PASS_DAMPED_HOLD_40MM,False,True,0.5273225578713452,4844.6377837084,1004844.6377837084,0.002834584944987492,0.0,1.0,0.47576997509624597,0.2571073138726445,0.06238195700873905,1000038.7506777481,38.750677748174425,"[0.0313827056,0.0306964986,0.0309320033]",0.0313827056,0.031003735833333334,0.0309320033,0.02746470000000001,0.0313827056,0.04609018666666653,0.0,0.0,0.0,0.04609018666666653,0.04609018666666653,0.04609018666666653,5.168183708330067,1004844.6377837084,60
Stage2.2,1,s22g001_c64b2a24f5e36a69,76,bridge_d15_p19_c04_058,boundary_bridge,2.933689872486551,47.92259403979098,"[2.4156833455235933,1.2134774513649513,0.47907036778035206,1.201811928178213,1.8388363003545072,0.10616051260564917,-0.36393620372115754,2.1011392528940096,-0.3376347474763548,-0.7508413526739174,-1.275079802954227,0.14209354595680582,-0.4917074860207715,0.10803822340747297,0.13657210021140942]",s22g001_c64b2a24f5e36a69,0.0313815362636846,0.03606412879591102,0.09936353390771958,0.04605120878948665,0.04605120878948665,,,,,True,,11,-0.02772012300000004,0.030264935,746.1926000000021,0.04104109537633415,0.030264935,1.3680365125444718,0.5817437020072838,0.7819410457617871,0.023458231372853616,1,0.6280101555085302,0.0,-0.3441332378223096,0,0,0,0,1,1,True,False,True,False,10000.0,True,1.0,1.0,0.0,0.027758618186225444,0.031210778492593814,0.04176905047666756,0.024707929713721235,0.6494986886603373,0.09213951867016888,0.1011690806401802,0.41445,264.51373863220215,1,True,False,0.0,2,0,1,True,True,1.0,10,10,1,True,True,1.0,10,10,3,POSITION_40MM_SPEED_FAIL,False,False,0.5273400690283093,4850.4762018432375,1004850.4762018432,0.0026014995708406622,0.00013667495432441413,1.0,0.45670807396756163,0.24688391537174792,0.06493904397207911,3000038.8981177714,38.89811777115197,"[0.0313705784,0.0304660509,0.030264935]",0.0313705784,0.030700521433333332,0.030264935,0.027728180999999963,0.0313705784,0.04568594666666681,0.0,0.011690806401801979,0.0,0.04568594666666681,0.05737675306846879,0.04715803936927338,5.216483533357586,1004850.4762018432,61
Stage2.2,1,s22g001_8c31bcc9fe37d496,77,bridge_d11_p19_c13_023,boundary_bridge,2.9662578316617947,55.849464063387416,"[2.3911854335466187,1.204177336495726,0.471384395947247,1.2094485895908647,1.8390192154670004,0.09908085684829333,-0.3713976827543834,2.1018562490124033,-0.29229185052697326,-0.8994852009597342,-1.371621190688282,0.17503083845361433,-0.5184984522903682,-0.06982117887892861,0.07676008295593034]",s22g001_8c31bcc9fe37d496,0.03161018658130012,0.025818894736456183,0.09269737310108644,0.05367288604333731,0.05367288604333731,,,,,True,,11,-0.027686356000000023,0.0307150059,721.2552000000032,0.04135149206492762,0.0307150059,1.3783830688309209,0.5817437020072838,0.7819332053556993,0.02345799616067098,1,0.6279867362113741,0.0,-0.3441197603990719,0,0,0,0,1,1,True,False,True,False,10000.0,True,1.0,1.0,0.0,0.027705680488804278,0.031357714057126666,0.04184388799139283,0.019199862651148418,0.6493129920421495,0.08574579522751556,0.09596112792864286,0.41445,275.7576539516449,1,True,False,0.0,2,0,1,True,True,1.0,10,10,1,True,True,1.0,10,10,1,PASS_DAMPED_HOLD_40MM,False,True,0.5237653087530505,4865.740797028644,1004865.7407970286,0.002740903765021792,0.0,1.0,0.46663488934672115,0.2533650092168386,0.058187461599614,1000038.7306276147,38.73062761469426,"[0.0313887598,0.0306352882,0.0307150059]",0.0313887598,0.030913017966666668,0.0307150059,0.027686356000000023,0.0313887598,0.04629199333333345,0.0,0.0,0.0,0.04629199333333345,0.04629199333333345,0.04629199333333345,5.081497028571458,1004865.7407970286,62
Stage2.2,1,s22g001_1cd69b7d3db907bf,71,bridge_d09_p09_c04_055,boundary_bridge,2.952936450835336,50.28369482425801,"[2.4156833455235933,1.2134774513649513,0.47907036778035206,1.186801423045423,1.8343760590384968,0.10602139810677075,-0.3040993041878842,2.062709064144931,-0.3183053129111986,-0.9552309426040922,-1.3091493188224022,0.1735278082953078,-0.680952409179906,0.2684243553050246,0.012205599385258647]",s22g001_1cd69b7d3db907bf,0.03144963938826201,0.029893572045500288,0.09771235697991162,0.048321312942066985,0.048321312942066985,,,,,True,,11,-0.027559023000000016,0.0306916755,814.190300000002,0.04124898415369559,0.0306916755,1.3749661384565197,0.5817437020072838,0.7819410457617871,0.023458231372853616,1,0.6280101555085302,0.0,-0.3441332378223096,0,0,0,0,1,1,True,False,True,False,10000.0,True,1.0,1.0,0.0,0.0277192627750795,0.03135441824000608,0.04185041304411623,0.007441739262726554,0.6494983527217808,0.08432652297373343,0.09717644260751068,0.4144,268.73090291023254,1,True,False,0.0,2,0,1,True,True,1.0,10,10,1,True,True,1.0,10,10,1,PASS_DAMPED_HOLD_40MM,False,True,0.5249458664794634,4874.033841833589,1004874.0338418336,0.002762262410250993,0.0,1.0,0.46591205667067476,0.25318504858713303,0.05544480241258874,1000038.6997432518,38.69974325173257,"[0.0313911242,0.0306176767,0.0306916755]",0.0313911242,0.030900158800000004,0.0306916755,0.027743823999999973,0.0313911242,0.04637080666666682,0.0,0.0,0.0,0.04637080666666682,0.04637080666666682,0.04637080666666682,5.099141833491721,1004874.0338418336,63
Stage2.2,1,s22g001_1ff773888b65d0a1,49,corner_local_0086,corner_local,2.94472458415057,48.56817917415812,"[2.4156833455235933,1.2134774513649513,0.47907036778035206,1.1950256100988632,1.8802488198328542,0.11119061758167234,-0.3149753929306645,2.180978110953596,-0.30825057308720644,-0.8384752191202351,-1.3592166889735235,0.19491883877385557,-0.47609969984089573,-0.01669515436848478,0.018772698299384792]",s22g001_1ff773888b65d0a1,0.03137697361072438,0.033567622917737176,0.10200911689134498,0.04589912035747945,0.0659902892709292,,,,,True,,11,-0.02762183600000001,0.0304552521,744.1197000000029,0.04111554699241458,0.0304552521,1.3705182330804857,0.5817437020072838,0.7819410457617871,0.023458231372853616,1,0.6280101555085302,0.0,-0.3441332378223096,0,0,0,0,1,1,True,False,True,False,10000.0,True,1.0,1.0,0.0,0.027643834952298534,0.03128571420257132,0.04174898231136772,0.019347088104676523,0.6494753462814039,0.08955845174845621,0.09976556927880703,0.4143,262.2706639766693,1,True,False,0.0,2,0,1,True,True,1.0,10,10,1,True,True,1.0,10,10,1,PASS_DAMPED_HOLD_40MM,False,True,0.5264826285678484,4884.21693055192,1004884.2169305519,0.002707934627747293,0.0,1.0,0.4625003345835154,0.25260467532382186,0.07381527814665746,1000038.8036193253,38.80361932522452,"[0.0313940102,0.0305378501,0.0304552521]",0.0313940102,0.030795704133333334,0.0304552521,0.02762183600000001,0.0313940102,0.04646700666666681,0.0,0.0,0.0,0.04646700666666681,0.04646700666666681,0.04646700666666681,5.181230551771583,1004884.2169305519,64
Stage2.2,1,s22g001_56fe468f6ebf098a,95,random_corner_parent_04_0012,random_local,2.924715902654851,46.50062182626221,"[2.4156833455235933,1.2134774513649513,0.47907036778035206,1.2020706886442918,1.8194746727725921,0.09220425955220517,-0.30918557050277223,2.1076363482197324,-0.2787260785210388,-0.8129648820995226,-1.2979370552184342,0.16917467900268338,-0.5050646561210999,-0.07980602087202761,0.04261020425193224]",s22g001_56fe468f6ebf098a,0.0312982333101125,0.036358501122944184,0.10366488312500587,0.04327444367041666,0.07992327492047524,,,,,True,,11,-0.027841557000000017,0.0301508686,739.8903000000028,0.041039336903984154,0.0301508686,1.367977896799472,0.5817437020072838,0.7819410457617871,0.023458231372853616,1,0.6280101555085302,0.0,-0.3441332378223096,0,0,0,0,1,1,True,False,True,False,10000.0,True,1.0,1.0,0.0,0.02783932710102689,0.031102175522505344,0.04174174715642244,0.025340539570464785,0.649505761842227,0.09507002052033153,0.10447477703128953,0.41455,276.40637969970703,1,True,False,0.0,2,0,1,True,True,1.0,10,10,1,True,True,1.0,10,10,3,POSITION_40MM_SPEED_FAIL,False,False,0.5273603209102814,4887.661234489642,1004887.6612344896,0.0023735274808118897,0.0020023629479756374,1.0,0.46140442429781725,0.24716138092328135,0.056723885839378735,3000039.121741516,39.121741515991914,"[0.0312550787,0.0303258925,0.0301508686]",0.0312550787,0.03057727993333333,0.0301508686,0.027841557000000017,0.0312550787,0.04183595666666684,0.0,0.04474777031289534,0.0,0.04474777031289534,0.08658372697956218,0.06125855220449519,5.29074307735737,1004887.6612344896,65
Stage2.2,1,s22g001_a8c65e353424766a,55,corner_local_0032,corner_local,2.956667875262547,51.71207750760119,"[2.4156833455235933,1.2134774513649513,0.47907036778035206,1.2098055766793858,1.8408410580693606,0.09717420559614828,-0.3527316066036509,2.243078811884674,-0.24722499400162215,-1.0206690070649334,-1.3790041486533071,0.17598170483595332,-0.599773358502106,-0.11942232137224415,0.025345626366740263]",s22g001_a8c65e353424766a,0.03149084165852448,0.024847824751597376,0.09855831469958991,0.04969472195081592,0.04969472195081592,,,,,True,,11,-0.027352820000000055,0.0309159137,732.5357000000004,0.04127917733989197,0.0309159137,1.3759725779963992,0.5817437020072838,0.7819410457617871,0.023458231372853616,1,0.6280101555085302,0.0,-0.3441332378223096,0,0,0,0,1,1,True,False,True,False,10000.0,True,1.0,1.0,0.0,0.027549818034515245,0.031427877712000035,0.041793587680591986,0.022177538008365576,0.6494943249651397,0.08661452340637706,0.0965425376859706,0.41450000000000004,276.4197425842285,1,True,False,0.0,2,0,1,True,True,1.0,10,10,1,True,True,1.0,10,10,1,PASS_DAMPED_HOLD_40MM,False,True,0.5245981391789971,4902.533280433854,1004902.5332804339,0.002880736089365217,0.0,1.0,0.4745597732614274,0.2566079702819503,0.0741619964211076,1000038.7613243315,38.76132433145682,"[0.0313992599,0.0306971122,0.0309159137]",0.0313992599,0.031004095266666667,0.0309159137,0.02757992499999995,0.0313992599,0.046641996666666685,0.0,0.0,0.0,0.046641996666666685,0.046641996666666685,0.046641996666666685,5.123630433788946,1004902.5332804339,66
Stage2.2,1,s22g001_a2e5d1daf06f019a,48,corner_local_0014,corner_local,2.9295176416436552,48.48390357340968,"[2.4156833455235933,1.2134774513649513,0.47907036778035206,1.1814147092142047,1.885952849841657,0.10130315098990572,-0.2759140965664721,2.1138018228754967,-0.26628212056517203,-0.8496422450041876,-1.3640429967198842,0.1307955401422074,-0.48295032977526714,-0.07333375442478678,0.049023943094375286]",s22g001_a2e5d1daf06f019a,0.03135397559546742,0.03491749764053528,0.10379196938530703,0.045132519848913866,0.08305221370198423,,,,,True,,11,-0.027595323999999977,0.0304083797,747.9927000000025,0.04106301818722471,0.0304083797,1.3687672729074902,0.5817437020072838,0.7819410457617871,0.023458231372853616,1,0.6280101555085302,0.0,-0.3441332378223096,0,0,0,0,1,1,True,False,True,False,10000.0,True,1.0,1.0,0.0,0.027610970275105996,0.03126687653104966,0.041713106424008876,0.021037672732503333,0.6494771255794489,0.09132197450637707,0.10135218023271374,0.4143,280.16885137557983,1,True,False,0.0,2,0,1,True,True,1.0,10,10,1,True,True,1.0,10,10,3,POSITION_40MM_SPEED_FAIL,False,False,0.5270875895516478,4905.46807415667,1004905.4680741567,0.0026966088976711493,0.0001828391381741754,1.0,0.46399155254392305,0.2518151615488946,0.056678709566113435,3000038.863801899,38.86380189876836,"[0.031384062,0.0305055217,0.0304083797]",0.031384062,0.030765987800000002,0.0304083797,0.027595323999999977,0.031384062,0.04613540000000005,0.0,0.013521802327137289,0.0,0.04613540000000005,0.05965720232713734,0.04807612995379495,5.223134894265767,1004905.4680741567,67
Stage2.2,1,s22g001_baf069bac220f4fa,23,probe_c1_h10_p,multi_center_probes,2.9695589340431434,56.879434717001686,"[2.3911854335466187,1.204177336495726,0.471384395947247,1.2313401768972367,1.8521570748969636,0.1017763421788616,-0.37550065205519473,2.2641518817729636,-0.14286508593500524,-1.1243130457377541,-1.4208087584692328,0.20990607007822168,-0.6236494086987542,-0.1738030047699112,0.008210720846221473]",s22g001_baf069bac220f4fa,0.03163989632099023,0.023759509504284942,0.09717791041444883,0.05466321069967428,0.05466321069967428,,,,,True,,11,-0.027150585000000005,0.0312351264,679.5098000000035,0.0413858355849704,0.0312351264,1.3795278528323467,0.5817437020072838,0.7819332053556993,0.02345799616067098,1,0.6279867362113741,0.0,-0.3441197603990719,0,0,0,0,1,1,True,False,True,False,10000.0,True,1.0,1.0,0.0,0.02744698484169529,0.03152919968531438,0.04180224168267391,0.04209273700338478,0.649315370042931,0.08900625795317067,0.09585241287858853,0.41450000000000004,282.58354473114014,1,True,False,0.0,2,0,1,True,True,1.0,10,10,1,True,True,1.0,10,10,1,PASS_DAMPED_HOLD_40MM,False,True,0.5233697831057963,4928.413496122463,1004928.4134961225,0.0030800569960319,0.0,1.0,0.4823839512758983,0.26284476199615814,0.06358299566573336,1000039.0268042174,39.026804217405335,"[0.031406636,0.0308158333,0.0312351264]",0.031406636,0.031152531900000002,0.0312351264,0.027516184,0.031406636,0.04688786666666678,0.0,0.0,0.0,0.04688786666666678,0.04688786666666678,0.04688786666666678,5.187496122510483,1004928.4134961225,68
Stage2.2,1,s22g001_99d0a15bdcd1e023,18,probe_c0_h07_m,multi_center_probes,2.9333004925884043,48.76911453678599,"[2.4156833455235933,1.2134774513649513,0.47907036778035206,1.2243138682952701,1.901807993302751,0.11039209587785585,-0.3135698200043853,2.0821650835231416,-0.30651237917391877,-0.9651869355305808,-1.237995903924138,0.1481780996856758,-0.4348661927695651,-0.07789027779866989,0.043584910252844646]",s22g001_99d0a15bdcd1e023,0.03135925905033371,0.034082736595522585,0.10404700280072837,0.04530863501112381,0.08577866301840742,,,,,True,,11,-0.027355362999999966,0.0306670393,761.849000000002,0.041094807266727894,0.0306670393,1.3698269088909298,0.5817437020072838,0.7819410457617871,0.023458231372853616,1,0.6280101555085302,0.0,-0.3441332378223096,0,0,0,0,1,1,True,False,True,False,10000.0,True,1.0,1.0,0.0,0.02756312234787721,0.031365444698440575,0.04175544077955569,0.0037264817758289235,0.6494913235923215,0.08424932729080192,0.09791583141307152,0.4143,275.40151047706604,1,True,False,0.0,2,0,1,True,True,1.0,10,10,1,True,True,1.0,10,10,1,PASS_DAMPED_HOLD_40MM,False,True,0.5267214827509922,4965.678530153586,1004965.6785301536,0.002819167367704403,0.0,1.0,0.46247563116829726,0.24525526670876305,0.05921426017617352,1000038.6619047126,38.661904712500565,"[0.0314173018,0.0306313377,0.0306670393]",0.0314173018,0.03090522626666667,0.0306670393,0.027605391000000035,0.0314173018,0.04724339333333338,0.0,0.0,0.0,0.04724339333333338,0.04724339333333338,0.04724339333333338,5.122230153613489,1004965.6785301536,69
Stage2.2,1,s22g001_f0a1d01046e9759c,30,probe_c2_h15_m,multi_center_probes,2.9651870190654193,53.273106407041475,"[2.4156833455235933,1.2134774513649513,0.47907036778035206,1.188093434942497,1.8339524869218462,0.11602045403562732,-0.3515598495828374,2.2232286487576323,-0.3226840226543265,-0.9613612129819165,-1.3329796074137585,0.20019891051340608,-0.5962562891487809,-0.02447180590348949,0.08614530769184572]",s22g001_f0a1d01046e9759c,0.0315358688808707,0.023906769273176146,0.09560634895549323,0.051195629362356554,0.051195629362356554,,,,,True,,11,-0.027411566000000054,0.0308085577,716.9752000000008,0.041237860979039496,0.0308085577,1.3745953659679833,0.5817437020072838,0.7819410457617871,0.023458231372853616,1,0.6280101555085302,0.0,-0.3441332378223096,0,0,0,0,1,1,True,False,True,False,10000.0,True,1.0,1.0,0.0,0.027586020517718513,0.03140824230018695,0.04180270580227121,0.013288315769939016,0.6494824752067427,0.0845433614247217,0.09600613597931688,0.4144,276.7082772254944,1,True,False,0.0,2,0,1,True,True,1.0,10,10,1,True,True,1.0,10,10,1,PASS_DAMPED_HOLD_40MM,False,True,0.5250739692729421,4977.929484046996,1004977.929484047,0.002869050985835947,0.0,1.0,0.46830206562178456,0.2524627931537191,0.08195631419085987,1000038.6747002783,38.67470027828025,"[0.0314208109,0.0306820873,0.0308085577]",0.0314208109,0.0309704853,0.0308085577,0.02760884600000002,0.0314208109,0.047360363333333266,0.0,0.0,0.0,0.047360363333333266,0.047360363333333266,0.047360363333333266,5.091334046916621,1004977.929484047,70
Stage2.2,1,s22g001_65744952dbb3dd4d,24,probe_c1_h11_m,multi_center_probes,2.9728000665173004,59.88722746415043,"[2.3911854335466187,1.204177336495726,0.471384395947247,1.1989401768972368,1.8521570748969636,0.1161763421788616,-0.37550065205519473,2.201151881772964,-0.14286508593500524,-1.0433130457377542,-1.4208087584692328,0.24230607007822166,-0.6236494086987542,-0.2548030047699112,0.008210720846221473]",s22g001_65744952dbb3dd4d,0.031726658638369765,0.023387952472259367,0.09442971358756164,0.057555287945658895,0.057555287945658895,,,,,True,,11,-0.027143954999999997,0.0311582411,646.7347000000009,0.041323483414249504,0.0311582411,1.3774494471416503,0.5817437020072838,0.7819332053556993,0.02345799616067098,1,0.6279867362113741,0.0,-0.3441197603990719,0,0,0,0,1,1,True,False,True,False,10000.0,True,1.0,1.0,0.0,0.027392554578253868,0.031525097668690605,0.04176342693485652,0.03438022776353287,0.6492954481043206,0.08724988874074872,0.09502155910540007,0.41435,275.92958879470825,1,True,False,0.0,2,0,1,True,True,1.0,10,10,1,True,True,1.0,10,10,1,PASS_DAMPED_HOLD_40MM,False,True,0.5240878773096335,5041.002081048326,1005041.0020810483,0.003094400022757301,0.0,1.0,0.4803296083381193,0.2602422093605676,0.05296274177853066,1000038.8497851831,38.84978518303454,"[0.03143882,0.0308148979,0.0311582411]",0.03143882,0.031137319666666666,0.0311582411,0.027436918000000032,0.03143882,0.04796066666666676,0.0,0.0,0.0,0.04796066666666676,0.04796066666666676,0.04796066666666676,5.132081048341159,1005041.0020810483,71
Stage2.2,1,s22g001_978b8ef0473428a4,32,probe_c2_h00_m,multi_center_probes,2.9920737323707214,53.9873897314765,"[2.4156833455235933,1.2134774513649513,0.47907036778035206,1.188093434942497,1.8015524869218462,0.10162045403562732,-0.3515598495828374,2.1602286487576325,-0.3226840226543265,-0.9613612129819165,-1.4139796074137585,0.1677989105134061,-0.5962562891487809,-0.02447180590348949,0.05374530769184573]",s22g001_978b8ef0473428a4,0.031556465451754404,0.021474054549511404,0.09237859005627949,0.051882181725146914,0.051882181725146914,,,,,True,,11,-0.027851634000000014,0.0309388414,753.071100000001,0.04162842086416816,0.0309388414,1.3876140288056054,0.5817437020072838,0.7819410457617871,0.023458231372853616,1,0.6280101555085302,0.0,-0.3441332378223096,0,0,0,0,1,1,True,False,True,False,10000.0,True,1.0,1.0,0.0,0.027837224691975616,0.03146285567387051,0.04200978892718152,0.027051254264928108,0.6494457368546062,0.08546442981232008,0.0942941720339855,0.41450000000000004,280.69777512550354,1,True,False,0.0,2,0,1,True,True,1.0,10,10,1,True,True,1.0,10,10,1,PASS_DAMPED_HOLD_40MM,False,True,0.5205759897075217,5059.674134629779,1005059.6741346298,0.002981283505340051,0.0,1.0,0.4698061734117739,0.2567322425397236,0.07157499298252258,1000038.8755991623,38.87559916228288,"[0.0314441698,0.030747703,0.0309388414]",0.0314441698,0.031043571399999997,0.0309388414,0.027851634000000014,0.0314441698,0.04813899333333338,0.0,0.0,0.0,0.04813899333333338,0.04813899333333338,0.04813899333333338,5.079834629825353,1005059.6741346298,72
Stage2.2,1,s22g001_00bd30623144fc62,90,random_corner_parent_31_0014,random_local,2.9255692622014653,51.33373752171661,"[2.415683345523593,1.2134774513649513,0.47907036778035206,1.1572160751298302,1.8715660344490188,0.11581570932668182,-0.29306302247415644,2.2007486258321194,-0.2806141671702085,-0.7919593329477527,-1.3030031838097944,0.15414918046323936,-0.5122825073578924,-0.2592463287964256,0.04335286542854239]",s22g001_00bd30623144fc62,0.03143891625338769,0.03477643837790825,0.10355512927913671,0.04796387511292299,0.08351516790429003,,,,,True,,11,-0.02741052300000002,0.0303547449,716.4067000000032,0.04089923360012515,0.0303547449,1.3633077866708385,0.5817437020072838,0.7819410457617871,0.023458231372853616,1,0.6280101555085302,0.0,-0.3441332378223096,0,0,0,0,1,1,True,False,True,False,10000.0,True,1.0,1.0,0.0,0.027496484808966715,0.0312742883817433,0.041642980088295575,0.02175188394166341,0.6494750317863105,0.09239085212228207,0.1021883844936589,0.4143,264.54038286209106,1,True,False,0.0,2,0,1,True,True,1.0,10,10,1,True,True,1.0,10,10,3,POSITION_40MM_SPEED_FAIL,False,False,0.5289738552792761,5075.2604581948835,1005075.2604581949,0.002771764760493564,0.00047890266920867265,1.0,0.4633254351925966,0.24545638565763472,0.07213137021528077,3000038.8757151994,38.875715199325434,"[0.0314221888,0.0305110353,0.0303547449]",0.0314221888,0.030762656333333332,0.0303547449,0.02747543100000005,0.0314221888,0.04740629333333346,0.0,0.021883844936589014,0.0,0.04740629333333346,0.06929013826992247,0.05221359321876564,5.256978563182169,1005075.2604581949,73
Stage2.2,1,s22g001_402059881c561695,91,random_corner_parent_14_0019,random_local,2.9623162820953772,57.73497447151101,"[2.3911854335466187,1.204177336495726,0.471384395947247,1.1976397352296868,1.8850572727869037,0.10710884427305899,-0.3289636007515261,2.21964464029712,-0.15784768606349134,-1.08086311338104,-1.3989713804160158,0.23084081312936552,-0.5778168663210598,-0.32041179135954634,-0.01988332337735506]",s22g001_402059881c561695,0.03166457744159683,0.02450992913722746,0.09783774571520015,0.05548591471989428,0.05548591471989428,,,,,True,,11,-0.02706161500000004,0.0311606635,666.7835000000014,0.041271272771365546,0.0311606635,1.3757090923788515,0.5817437020072838,0.7819332053556993,0.02345799616067098,1,0.6279867362113741,0.0,-0.3441197603990719,0,0,0,0,1,1,True,False,True,False,10000.0,True,1.0,1.0,0.0,0.027334213159168654,0.03154440852180535,0.04173977620952722,0.033483907738597496,0.6493507655318425,0.08808624181055491,0.09601198436742032,0.4143,277.9640600681305,1,True,False,0.0,2,0,1,True,True,1.0,10,10,1,True,True,1.0,10,10,1,PASS_DAMPED_HOLD_40MM,False,True,0.524689174098504,5130.046803654288,1005130.0468036543,0.003177104433940332,0.0,1.0,0.4803149630165846,0.25838414960048794,0.058724144811847054,1000038.8649909537,38.86499095373629,"[0.0314642525,0.0308258572,0.0311606635]",0.0314642525,0.031150257733333336,0.0311606635,0.027389944000000055,0.0314642525,0.04880841666666669,0.0,0.0,0.0,0.04880841666666669,0.04880841666666669,0.04880841666666669,5.163053654270418,1005130.0468036543,74
Stage2.2,1,s22g001_e46e818c532ea8d7,70,bridge_d16_p12_c02_015,boundary_bridge,2.965252223586077,52.61509658077921,"[2.4156833455235933,1.2134774513649513,0.47907036778035206,1.1848234076310713,1.8217223047603521,0.11423840171436091,-0.3715274113080953,2.0349557072467523,-0.33172775849560476,-0.8156177787932495,-1.2870425128706933,0.1061461538150118,-0.557258643647464,0.10862886859845963,0.15252885890287804]",s22g001_e46e818c532ea8d7,0.031516887809381056,0.030647697218590498,0.09463442927774372,0.050562926979368594,0.050562926979368594,,,,,True,,11,-0.02775980899999997,0.0306537447,759.6059000000023,0.041355278500443654,0.0306537447,1.378509283348122,0.5817437020072838,0.7819410457617871,0.023458231372853616,1,0.6280101555085302,0.0,-0.3441332378223096,0,0,0,0,1,1,True,False,True,False,10000.0,True,1.0,1.0,0.0,0.02779564534842179,0.031393155831536235,0.04193003855708172,0.014043870852941225,0.6494867043182695,0.08428403039324953,0.09511743288548588,0.4144,282.00434970855713,1,True,False,0.0,2,0,1,True,True,1.0,10,10,1,True,True,1.0,10,10,1,PASS_DAMPED_HOLD_40MM,False,True,0.523721701331435,5158.51500741276,1005158.5150074128,0.0029046972923527366,0.0,1.0,0.4587270334403587,0.2473576250073663,0.05374707944936785,1000038.7087760963,38.708776096329885,"[0.0314724163,0.0306819218,0.0306537447]",0.0314724163,0.0309360276,0.0306537447,0.027767109999999984,0.0314724163,0.04908054333333345,0.0,0.0,0.0,0.04908054333333345,0.04908054333333345,0.04908054333333345,5.057957412655977,1005158.5150074128,75
Stage2.2,1,s22g001_e98bfe71a4b2c5d7,13,probe_c0_h04_p,multi_center_probes,2.9342282349609796,102.30845938017627,"[2.4156833455235933,1.2134774513649513,0.47907036778035206,1.25671386829527,1.901807993302751,0.11039209587785585,-0.25056982000438527,2.019165083523142,-0.30651237917391877,-0.9651869355305808,-1.318995903924138,0.18057809968567579,-0.4348661927695651,-0.07789027779866989,0.07598491025284465]",s22g001_e98bfe71a4b2c5d7,0.031104664878311834,0.03940135185791517,0.10969290678782798,0.0969290678782797,0.1337512304886741,,,,,True,,11,-0.027985594999999974,0.0302344946,719.7253000000019,0.041198521711603354,0.0302344946,1.3732840570534453,0.5817437020072838,0.7819410457617871,0.023458231372853616,1,0.6280101555085302,0.0,-0.3441332378223096,0,0,0,0,1,1,True,False,True,False,10000.0,True,1.0,1.0,0.0,0.02792999147084627,0.031073288968170132,0.041780781597056664,0.021699377781615934,0.6494911171258942,0.09419324907458466,0.10476193671608675,0.4144,276.77769327163696,1,True,False,0.0,2,0,1,True,True,1.0,10,10,1,True,True,1.0,10,10,3,POSITION_40MM_SPEED_FAIL,False,False,0.5255270296813046,5175.046603062889,1005175.0466030629,0.0022182564437817818,0.002267604128801491,1.0,0.46459282959929815,0.24953019984772054,0.049947890770188026,3000039.1452074214,39.14520742120277,"[0.031168707,0.030287656,0.0302344946]",0.031168707,0.030563619200000003,0.0302344946,0.027985594999999974,0.031168707,0.03895690000000007,0.0,0.04761936716086734,0.0,0.04761936716086734,0.08657626716086742,0.061524338163132616,5.280480169665128,1005175.0466030629,76
Stage2.2,1,s22g001_920e75bc6aec4b61,14,probe_c0_h05_m,multi_center_probes,2.9260005704985317,94.15876414347383,"[2.4156833455235933,1.2134774513649513,0.47907036778035206,1.2243138682952701,1.901807993302751,0.09599209587785586,-0.25056982000438527,2.0821650835231416,-0.30651237917391877,-0.8841869355305808,-1.318995903924138,0.1481780996856758,-0.4348661927695651,-0.15889027779866988,0.07598491025284465]",s22g001_920e75bc6aec4b61,0.031173603283657994,0.03935451739797959,0.10890045189995753,0.08900451899957518,0.12812462845484163,,,,,True,,11,-0.027851449000000028,0.0302077292,733.2810000000027,0.041087834146133026,0.0302077292,1.3695944715377677,0.5817437020072838,0.7819410457617871,0.023458231372853616,1,0.6280101555085302,0.0,-0.3441332378223096,0,0,0,0,1,1,True,False,True,False,10000.0,True,1.0,1.0,0.0,0.02779577906034232,0.031120952242085588,0.04172671808356771,0.026718196538758777,0.6494813270778456,0.09549179454034284,0.10480748518094476,0.41435,259.76743960380554,1,True,False,0.0,2,0,1,True,True,1.0,10,10,1,True,True,1.0,10,10,3,POSITION_40MM_SPEED_FAIL,False,False,0.5268017904198983,5235.867178887362,1005235.8671788874,0.0023949849490801363,0.0023111913765003467,1.0,0.46301566105869135,0.24736078680014756,0.05854530150026387,3000039.1739771524,39.17397715244869,"[0.0312531516,0.0303372248,0.0302077292]",0.0312531516,0.030599368533333334,0.0302077292,0.027851449000000028,0.0312531516,0.04177172000000007,0.0,0.048074851809447594,0.0,0.048074851809447594,0.08984657180944766,0.06368726692407795,5.308443780741825,1005235.8671788874,77
Stage2.2,1,s22g001_848ccb4fc21cfe35,80,trust_mix_0004,trust_mix,2.927187011426376,47.088681382598466,"[2.4156833455235933,1.2134774513649513,0.47907036778035206,1.1879628924723165,1.8032640295271283,0.11277346563473004,-0.29833658815319386,2.1708559513347185,-0.29812296365368085,-0.8568807693902769,-1.3217870135897776,0.1686953436867912,-0.4982334969538567,-0.045972528257377736,0.07381538639065033]",s22g001_848ccb4fc21cfe35,0.03133764148889262,0.03157729117992778,0.10171959474384971,0.044588049629754156,0.06178399706825122,,,,,True,,11,-0.027755655999999962,0.0301397378,726.1167000000023,0.04097292074825863,0.0301397378,1.3657640249419545,0.5817437020072838,0.7819410457617871,0.023458231372853616,1,0.6280101555085302,0.0,-0.3441332378223096,0,0,0,0,1,1,True,False,True,False,10000.0,True,1.0,1.0,0.0,0.027785858512872068,0.031062473975141194,0.04167650684442818,0.02120678777223498,0.6494312323690303,0.09444197243002703,0.10482283905734191,0.41450000000000004,276.42386412620544,1,True,False,0.0,2,0,1,True,True,1.0,10,10,1,True,True,1.0,10,10,3,POSITION_40MM_SPEED_FAIL,False,False,0.5281252190031022,5243.623956039897,1005243.6239560399,0.002260770507026487,0.0023259776573022603,1.0,0.46327862970149075,0.2497514386920802,0.06900381379068796,3000039.0750863254,39.07508632525005,"[0.0311995387,0.0302809015,0.0301397378]",0.0311995387,0.03054005933333333,0.0301397378,0.027755655999999962,0.0311995387,0.03998462333333341,0.0,0.0482283905734191,0.0,0.0482283905734191,0.08821301390675251,0.0626478073072858,5.2850357636889065,1005243.6239560399,78
Stage2.2,1,s22g001_22be9a7c2a763537,37,corner_local_0048,corner_local,2.9190098380277822,46.03773593796047,"[2.4156833455235933,1.2134774513649513,0.47907036778035206,1.22037055901246,1.826385912198759,0.12045835858564963,-0.31313716850079176,2.1817371215030414,-0.23371187049448064,-0.9346474985391977,-1.3625681355998982,0.19995002024513533,-0.515770313468696,-0.05442282221771289,0.04689885940720389]",s22g001_22be9a7c2a763537,0.03127863446167482,0.03303624905539557,0.10420637792046578,0.04262114872249412,0.08468492792715177,,,,,True,,11,-0.02756647099999998,0.0302035431,696.2437000000027,0.040892106074246135,0.0302035431,1.3630702024748713,0.5817437020072838,0.7819410457617871,0.023458231372853616,1,0.6280101555085302,0.0,-0.3441332378223096,0,0,0,0,1,1,True,False,True,False,10000.0,True,1.0,1.0,0.0,0.027682501195582434,0.03103505299402454,0.04158720219953892,0.010316646086689606,0.6494309642165854,0.09190430327431748,0.10491064374397845,0.41450000000000004,280.7092876434326,1,True,False,0.0,2,0,1,True,True,1.0,10,10,1,True,True,1.0,10,10,3,POSITION_40MM_SPEED_FAIL,False,False,0.5290559411948463,5324.553916805773,1005324.5539168058,0.002124081491012699,0.002411442198027468,1.0,0.46969146944140705,0.25522961291010704,0.06176458482604,3000038.9548476106,38.95484761076243,"[0.0311278395,0.030248514,0.0302035431]",0.0311278395,0.0305266322,0.0302035431,0.027681913999999974,0.0311278395,0.03759464999999995,0.0,0.04910643743978449,0.0,0.04910643743978449,0.08670108743978444,0.0618449667042514,5.260856363905244,1005324.5539168058,79
Stage2.2,1,s22g001_5e3e56a7b7638be1,54,corner_local_0028,corner_local,2.9134539180454673,79.10809986915201,"[2.4156833455235933,1.2134774513649513,0.47907036778035206,1.1641008919463145,1.8806841373813452,0.10526900527450798,-0.2071786298923403,2.2038396728762644,-0.239792700339968,-0.9800590688974988,-1.3551931545887177,0.1756040012266138,-0.5346602510365192,-0.07671136552843064,0.019538709942074947]",s22g001_5e3e56a7b7638be1,0.03131593369068859,0.03321024858688876,0.10743503721881924,0.0743503721881924,0.11821482854447862,,,,,True,,11,-0.02727301500000001,0.0303212456,731.7816000000021,0.04078229127851628,0.0303212456,1.359409709283876,0.5817437020072838,0.7819410457617871,0.023458231372853616,1,0.6280101555085302,0.0,-0.3441332378223096,0,0,0,0,1,1,True,False,True,False,10000.0,True,1.0,1.0,0.0,0.0274431028063367,0.031156536324370404,0.04151931655712769,0.006823633901294709,0.6494625906802123,0.09129423782443181,0.10505495995589073,0.4143,282.19702982902527,1,True,False,0.0,2,0,1,True,True,1.0,10,10,1,True,True,1.0,10,10,3,POSITION_40MM_SPEED_FAIL,False,False,0.5303206504647474,5494.937142227078,1005494.9371422271,0.0024316341464582576,0.0025552620155658654,1.0,0.4695623293769151,0.254236137580853,0.0658337050828777,3000038.9382279264,38.938227926254385,"[0.0312520172,0.0303590739,0.0303212456]",0.0312520172,0.030644112233333336,0.0303212456,0.027459537000000034,0.0312520172,0.041733906666666876,0.0,0.05054959955890714,0.0,0.05054959955890714,0.09228350622557402,0.06555136139873777,5.291800035382987,1005494.9371422271,80
Stage2.2,1,s22g001_d5752feaa20cdd19,16,probe_c0_h06_m,multi_center_probes,2.9211322283931898,79.39177285733655,"[2.4156833455235933,1.2134774513649513,0.47907036778035206,1.2243138682952701,1.869407993302751,0.11039209587785585,-0.25056982000438527,2.0821650835231416,-0.27951237917391875,-0.9651869355305808,-1.318995903924138,0.1481780996856758,-0.5158661927695651,-0.07789027779866989,0.07598491025284465]",s22g001_d5752feaa20cdd19,0.031179914566689997,0.035380133917728644,0.10747974443392301,0.07479744433923008,0.11412792989556331,,,,,True,,11,-0.027715561000000055,0.0302267916,730.8436000000002,0.04100989212342011,0.0302267916,1.366996404114004,0.5817437020072838,0.7819410457617871,0.023458231372853616,1,0.6280101555085302,0.0,-0.3441332378223096,0,0,0,0,1,1,True,False,True,False,10000.0,True,1.0,1.0,0.0,0.027769074016312383,0.031071291679591093,0.041671892665940465,0.013989338002076699,0.6494908982806852,0.0928877339453065,0.10507234244912,0.4144,269.92480182647705,1,True,False,0.0,2,0,1,True,True,1.0,10,10,1,True,True,1.0,10,10,3,POSITION_40MM_SPEED_FAIL,False,False,0.5276994290120819,5500.357677193708,1005500.3576771937,0.002226257931363098,0.0025728657921144722,1.0,0.4670376173347423,0.24992015434776985,0.05337397934536905,3000039.048088306,39.04808830601067,"[0.0311690985,0.0302790947,0.0302267916]",0.0311690985,0.030558328266666667,0.0302267916,0.027749859000000043,0.0311690985,0.03896995000000003,0.0,0.05072342449120004,0.0,0.05072342449120004,0.08969337449120007,0.06396501227324962,5.2767178355545905,1005500.3576771937,81
Stage2.2,1,s22g001_6814db896f0d918c,88,trust_mix_0016,trust_mix,2.9054200362367166,70.76701783850847,"[2.415683345523593,1.2134774513649513,0.47907036778035206,1.178837308139617,1.8655707067886533,0.10385946712737698,-0.26640178624316035,2.168898864957555,-0.2421907609788991,-0.8457190281355771,-1.3260867592238117,0.14992010523906532,-0.48241909767329344,-0.16372845653000032,0.07460904596743097]",s22g001_6814db896f0d918c,0.03130674095845786,0.03686610802899741,0.10663419638078869,0.06634196380788682,0.10989999575648213,,,,,True,,11,-0.027489200999999963,0.030198238,706.1445000000022,0.04083613289628492,0.030198238,1.3612044298761639,0.5817437020072838,0.7819410457617871,0.023458231372853616,1,0.6280101555085302,0.0,-0.3441332378223096,0,0,0,0,1,1,True,False,True,False,10000.0,True,1.0,1.0,0.0,0.02756553777651315,0.031145714722938492,0.041592239883312856,0.021746380450410892,0.6494894231422121,0.09487388139321801,0.1050957284404934,0.4143,265.2696259021759,1,True,False,0.0,2,0,1,True,True,1.0,10,10,1,True,True,1.0,10,10,3,POSITION_40MM_SPEED_FAIL,False,False,0.5297005701500148,5544.371715661604,1005544.3717156616,0.002489656780741741,0.0025966448339253263,1.0,0.4651434871400712,0.24924012842184048,0.06095709867549568,3000039.0675803698,39.067580369615925,"[0.0312953332,0.0303598151,0.030198238]",0.0312953332,0.03061779543333333,0.030198238,0.027543991000000045,0.0312953332,0.04317777333333339,0.0,0.05095728440493397,0.0,0.05095728440493397,0.09413505773826736,0.06679045548542129,5.3125887298104475,1005544.3717156616,82
Stage2.2,1,s22g001_8d1c67a4c19f28e2,94,random_corner_parent_22_0022,random_local,2.9619504444132274,53.23455431660724,"[2.4528035550849707,1.2568238840729706,0.48274927294798753,1.1985282347190893,1.87997795654659,0.0987270211422881,-0.38060017588159206,2.3035386914708598,-0.3220370944973008,-1.0733207697146978,-1.2652468947287647,0.29546366386537737,-0.5518292905251589,0.27636204832693423,0.010752899854724541]",s22g001_8d1c67a4c19f28e2,0.031534757734966244,0.027669299442480637,0.09930868869893915,0.051158591165541445,0.051158591165541445,,,,,True,,11,-0.026639309,0.0312455615,748.7896000000001,0.04106017410396312,0.0312455615,1.368672470132104,0.5817437020072838,0.781928100002112,0.023457843000063358,1,0.6279591681789314,0.0,-0.3441109844491652,0,0,0,0,1,1,True,False,True,False,10000.0,True,1.0,1.0,0.0,0.027172691451878336,0.0316564058465416,0.041719098646302695,0.03884646441421201,0.6492689831468237,0.08803098195995722,0.09436298481618222,0.4142,250.53732299804688,1,True,False,0.0,2,0,1,True,True,1.0,10,10,1,True,True,1.0,10,10,1,PASS_DAMPED_HOLD_40MM,False,True,0.5271203441403295,5583.4052041779505,1005583.405204178,0.003548416801059119,0.0,1.0,0.46799227959921313,0.25628752549334316,0.09807446713178007,1000038.8753725534,38.87537255334698,"[0.0315937798,0.0309759558,0.0312455615]",0.0315937798,0.0312717657,0.0312455615,0.027344999999999953,0.0315937798,0.053125993333333454,0.0,0.0,0.0,0.053125993333333454,0.053125993333333454,0.053125993333333454,5.175904178017441,1005583.405204178,83
Stage2.2,1,s22g001_934ce50f61375b68,85,trust_mix_0020,trust_mix,2.9159161880823143,51.958615269553455,"[2.3911854335466187,1.204177336495726,0.471384395947247,1.1643486938624192,1.8581953797597512,0.11023687735353954,-0.24466875243603925,2.218112714101184,-0.1822169459498217,-0.884455449427969,-1.395254694131266,0.17514830672485934,-0.5226075878550032,-0.20371523966301172,0.06842604955768371]",s22g001_934ce50f61375b68,0.03144539708773326,0.035097897836146356,0.1045558926656322,0.048179902924442075,0.09373882958076396,,,,,True,,11,-0.02744116699999999,0.0302303679,668.6259000000027,0.040827598382604365,0.0302303679,1.3609199460868122,0.5817437020072838,0.7819332053556993,0.02345799616067098,1,0.6279867362113741,0.0,-0.3441197603990719,0,0,0,0,1,1,True,False,True,False,10000.0,True,1.0,1.0,0.0,0.027508691874605716,0.031118133263585167,0.04153391802445616,0.018725672724092195,0.6493482287055702,0.09416717717299497,0.10519134683862193,0.4143,277.7766602039337,1,True,False,0.0,2,0,1,True,True,1.0,10,10,1,True,True,1.0,10,10,3,POSITION_40MM_SPEED_FAIL,False,False,0.5297988599887761,5635.852197696455,1005635.8521976965,0.002376768122495197,0.0026950081998869846,1.0,0.4701323480123518,0.25493520946386755,0.059601137894893394,3000039.0207555536,39.02075555348231,"[0.0312390778,0.0303241089,0.0302303679]",0.0312390778,0.03059785153333333,0.0302303679,0.02747911599999997,0.0312390778,0.041302593333333304,0.0,0.05191346838621924,0.0,0.05191346838621924,0.09321606171955255,0.06633937304456301,5.301739151776096,1005635.8521976965,84
Stage2.2,1,s22g001_a5c4b6a802125d5b,57,corner_local_0051,corner_local,2.9685492406320386,56.86627216281675,"[2.415683345523593,1.2134774513649513,0.47907036778035206,1.164161142850307,1.8646180183141359,0.10626425326170685,-0.42824028671164827,2.0820845033315005,-0.3269543355088608,-0.6349457000020017,-1.342243641340696,0.03997650098166694,-0.5114640977970045,0.0797510402853573,0.12221492503086474]",s22g001_a5c4b6a802125d5b,0.03163951692318492,0.03390688222893311,0.09199840426643618,0.05465056410616387,0.05465056410616387,,,,,True,,11,-0.027641154999999973,0.030776404,804.4495999999999,0.04136690093426434,0.030776404,1.3788966978088113,0.5817437020072838,0.7819410457617871,0.023458231372853616,1,0.6280101555085302,0.0,-0.3441332378223096,0,0,0,0,1,1,True,False,True,False,10000.0,True,1.0,1.0,0.0,0.02761272807432935,0.03158041629115894,0.04194979671976675,0.02653138816919547,0.6494775730985756,0.08447534996570237,0.09209162722698121,0.4143,257.9941165447235,1,True,False,0.0,2,0,1,True,True,1.0,10,10,1,True,True,1.0,10,10,1,PASS_DAMPED_HOLD_40MM,False,True,0.5235878486962401,5966.950618077419,1005966.9506180774,0.0035252440254408637,0.0,1.0,0.4552807425570535,0.24995260964523128,0.06149580469710581,1000038.7578121154,38.75781211540194,"[0.0317034007,0.0309038378,0.030776404]",0.0317034007,0.031127880833333333,0.030776404,0.027641154999999973,0.0317034007,0.05678002333333354,0.0,0.0,0.0,0.05678002333333354,0.05678002333333354,0.05678002333333354,5.048168077351771,1005966.9506180774,85
Stage2.2,1,s22g001_d6e3fa8841f6aabf,78,trust_mix_0029,trust_mix,2.918686304227229,46.17782364168055,"[2.415683345523593,1.2134774513649513,0.47907036778035206,1.205107669387106,1.835978114768615,0.11168011219847773,-0.3136199650511982,2.0717093351521245,-0.3248978323226973,-0.8081029978379408,-1.2383457464344974,0.11187864042737972,-0.49568244324015726,0.00680422956466983,0.11839040478399687]",s22g001_d6e3fa8841f6aabf,0.0312906436818748,0.03715176325853728,0.10351580618411312,0.0430214560624933,0.07817951790362443,,,,,True,,11,-0.027702239000000017,0.0300436741,753.0583000000006,0.04086607883122789,0.0300436741,1.3622026277075965,0.5817437020072838,0.7819410457617871,0.023458231372853616,1,0.6280101555085302,0.0,-0.3441332378223096,0,0,0,0,1,1,True,False,True,False,10000.0,True,1.0,1.0,0.0,0.027770504493499593,0.031044694918807344,0.041653019127373035,0.025225290535217125,0.6494841880584276,0.09605425635466767,0.10551685028042256,0.41445,264.3826925754547,1,True,False,0.0,2,0,1,True,True,1.0,10,10,1,True,True,1.0,10,10,3,POSITION_40MM_SPEED_FAIL,False,False,0.5293556903797934,5973.673246756429,1005973.6732467564,0.0022892090020249314,0.003043563701659834,1.0,0.45780893278191825,0.24298554553975424,0.0579833447035983,3000039.1558069945,39.155806994322255,"[0.0312176152,0.0302673222,0.0300436741]",0.0312176152,0.030509537166666666,0.0300436741,0.027757200000000037,0.0312176152,0.04058717333333339,0.0,0.05516850280422547,0.0,0.05516850280422547,0.09575567613755886,0.06849001635895471,5.310245424754586,1005973.6732467564,86
Stage2.2,1,s22g001_5305a2e10e02f6c0,31,probe_c2_h15_p,multi_center_probes,2.9391304573643904,43.00505208391717,"[2.4156833455235933,1.2134774513649513,0.47907036778035206,1.220493434942497,1.8015524869218462,0.10162045403562732,-0.28855984958283737,2.1602286487576325,-0.2956840226543265,-0.8803612129819165,-1.4139796074137585,0.1677989105134061,-0.515256289148781,0.05652819409651051,0.05374530769184573]",s22g001_5305a2e10e02f6c0,0.03120473826993757,0.03249761821162988,0.10302850188710269,0.04015794233125236,0.07044296120227922,,,,,True,,11,-0.028147846999999948,0.0301066247,748.4238000000005,0.04121541145690597,0.0301066247,1.3738470485635326,0.5817437020072838,0.7819410457617871,0.023458231372853616,1,0.6280101555085302,0.0,-0.3441332378223096,0,0,0,0,1,1,True,False,True,False,10000.0,True,1.0,1.0,0.0,0.028023263253775795,0.031003281282308403,0.041791227951094655,0.029229884217050243,0.6494571670519574,0.09699743300165727,0.10612130545077725,0.4146,256.5234434604645,1,True,False,0.0,2,0,1,True,True,1.0,10,10,1,True,True,1.0,10,10,3,POSITION_40MM_SPEED_FAIL,False,False,0.5253325147499739,6593.0729204842355,1006593.0729204842,0.002116645299927308,0.003747038042171525,1.0,0.4663282380374333,0.25731207393365313,0.06696600715990288,3000039.3710676534,39.37106765326517,"[0.031123659,0.0302128392,0.0301066247]",0.031123659,0.030481040966666668,0.0301066247,0.028147846999999948,0.031123659,0.03745530000000019,0.0,0.06121305450777248,0.0,0.06121305450777248,0.09866835450777267,0.07176306529309864,5.3309863828142054,1006593.0729204842,87
Stage2.2,1,s22g001_20afba7f7a1298b8,92,random_corner_parent_17_0016,random_local,2.9306206803856116,105.97239218964296,"[2.415683345523593,1.2134774513649513,0.47907036778035206,1.2360710209939596,1.8706315484152367,0.11392661936380497,-0.28904183366779623,2.1247548671178276,-0.29741818591784974,-0.8103876802005745,-1.409407391887564,0.14634474124510308,-0.791549092076486,0.056456268503943405,0.13601879925729365]",s22g001_20afba7f7a1298b8,0.031141349504534822,0.047225133879722554,0.11004050833110186,0.1004050833110186,0.13845006679551264,,,,,True,,11,-0.028046682000000045,0.0301158776,728.656500000001,0.04115315850365933,0.0301158776,1.3717719501219776,0.5817437020072838,0.7819410457617871,0.023458231372853616,1,0.6280101555085302,0.0,-0.3441332378223096,0,0,0,0,1,1,True,False,True,False,10000.0,True,1.0,1.0,0.0,0.027929239613595714,0.031032195378464,0.041749725452999174,0.02905256341429477,0.6494987110066974,0.0972001645702899,0.10624676156666386,0.41445,281.1966769695282,1,True,False,0.0,2,0,1,True,True,1.0,10,10,1,True,True,1.0,10,10,3,POSITION_40MM_SPEED_FAIL,False,False,0.5260494662912164,6730.8254605795955,1006730.8254605796,0.002207905007958495,0.0039022030070748736,1.0,0.4702408053987264,0.2552198400568347,0.0629634818117892,3000039.3630966167,39.363096616900336,"[0.0311647685,0.030232413,0.0301158776]",0.0311647685,0.03050435303333333,0.0301158776,0.028046682000000045,0.0311647685,0.03882561666666673,0.0,0.06246761566663861,0.0,0.06246761566663861,0.10129323233330534,0.0735501972575317,5.340767325064729,1006730.8254605796,88
Stage2.2,1,s22g001_b96cefccfe41240d,56,corner_local_0061,corner_local,2.9149848222124097,124.83444880739621,"[2.4156833455235933,1.2134774513649513,0.47907036778035206,1.2733541535218407,1.8779175269062969,0.10501519431447512,-0.2893913334999858,2.140769681700637,-0.3100939052950209,-0.9489298800533594,-1.2349364295322318,0.17610038059382743,-0.4552170174997119,-0.13297092008906305,0.04367578515781781]",s22g001_b96cefccfe41240d,0.03107402088862296,0.04023650233314544,0.11186281452958431,0.11862814529584309,0.15442884158327508,,,,,True,,11,-0.02769988000000001,0.0300959121,739.1133000000009,0.04090290059574415,0.0300959121,1.3634300198581384,0.5817437020072838,0.7819410457617871,0.023458231372853616,1,0.6280101555085302,0.0,-0.3441332378223096,0,0,0,0,1,1,True,False,True,False,10000.0,True,1.0,1.0,0.0,0.027820972575359353,0.03100117118408016,0.04165428105037391,0.013106278688573043,0.6495038744536148,0.09415573480967282,0.10656807101579761,0.41455,282.6534342765808,1,True,False,0.0,2,0,1,True,True,1.0,10,10,1,True,True,1.0,10,10,3,POSITION_40MM_SPEED_FAIL,False,False,0.5289316234167916,7061.655630853958,1007061.655630854,0.0021258458718241627,0.004313955686856073,1.0,0.46357395426975895,0.24448035926884448,0.06851464129873186,3000039.180579951,39.180579951170984,"[0.0311244604,0.0302062666,0.0300959121]",0.0311244604,0.030475546366666665,0.0300959121,0.027835833000000032,0.0311244604,0.03748201333333334,0.0,0.06568071015797616,0.0,0.06568071015797616,0.1031627234913095,0.07562312483874395,5.310596252321734,1007061.655630854,89
Stage2.2,1,s22g001_3827fd7807bfcfd3,58,corner_local_0035,corner_local,2.9270968330917184,57.77524513781215,"[2.4156833455235933,1.2134774513649513,0.47907036778035206,1.227429928808539,1.7920058433226689,0.10648123278623546,-0.2848423122841831,2.2835223044353232,-0.33554591685961727,-0.9466556060526921,-1.2964088691761868,0.18206320777949023,-0.5679462558986115,0.006217762858410242,0.06220840350517017]",s22g001_3827fd7807bfcfd3,0.0311949023432313,0.030564376825942652,0.1053993049081897,0.05399304908189695,0.09382312718960706,,,,,True,,11,-0.027770194999999998,0.0300735938,747.2000000000007,0.040934151687624154,0.0300735938,1.3644717229208052,0.5817437020072838,0.7819410457617871,0.023458231372853616,1,0.6280101555085302,0.0,-0.3441332378223096,0,0,0,0,1,1,True,False,True,False,10000.0,True,1.0,1.0,0.0,0.027881390684457958,0.030969333150442754,0.04167099161626096,0.011703870653853648,0.6494596082834783,0.09415507958951584,0.10697829843060536,0.41465,281.2803723812103,1,True,False,0.0,2,0,1,True,True,1.0,10,10,1,True,True,1.0,10,10,3,POSITION_40MM_SPEED_FAIL,False,False,0.5285717124837293,7486.357893915963,1007486.357893916,0.002058195870124933,0.004869664898658918,1.0,0.4661661153359529,0.25031190739213477,0.09254662130529612,3000039.2388609336,39.23886093359282,"[0.0310872899,0.0301668099,0.0300735938]",0.0310872899,0.030442564533333338,0.0300735938,0.027890450999999983,0.0310872899,0.03624299666666664,0.0,0.06978298430605356,0.0,0.06978298430605356,0.1060259809727202,0.0786334515714459,5.322087848338741,1007486.357893916,90
Stage2.2,1,s22g001_f0e66576960e8668,52,corner_local_0016,corner_local,2.9169712359840148,86.74700015324339,"[2.4156833455235933,1.2134774513649513,0.47907036778035206,1.192997522780672,1.8652355860580454,0.09969485739125694,-0.22459949325872097,2.157190901104223,-0.24544738472430908,-0.8838915969402583,-1.438002674791764,0.1704909555819436,-0.47277527987183376,-0.09394241015716681,0.028023926319120995]",s22g001_f0e66576960e8668,0.03119444992529839,0.03753478349108209,0.10818511832120055,0.08185118321200546,0.1216661807219519,,,,,True,,11,-0.02789854199999997,0.0300594294,723.0272000000004,0.041010949045094613,0.0300594294,1.3670316348364873,0.5817437020072838,0.7819410457617871,0.023458231372853616,1,0.6280101555085302,0.0,-0.3441332378223096,0,0,0,0,1,1,True,False,True,False,10000.0,True,1.0,1.0,0.0,0.02778873751941094,0.031008573172534984,0.04163827017443416,0.03195751503506557,0.6494894317133684,0.09937654765138369,0.10814708459984076,0.41435,282.16886043548584,1,True,False,0.0,2,0,1,True,True,1.0,10,10,1,True,True,1.0,10,10,3,POSITION_40MM_SPEED_FAIL,False,False,0.5276872567120705,8721.396885660477,1008721.3968856605,0.002204205773840304,0.006637498747696228,1.0,0.468705176968098,0.25759595026743903,0.05918936034715265,3000039.575665497,39.57566549707573,"[0.0311476527,0.0301985836,0.0300594294]",0.0311476527,0.030468555233333333,0.0300594294,0.02789854199999997,0.0311476527,0.03825509000000005,0.0,0.08147084599840748,0.0,0.08147084599840748,0.11972593599840753,0.09000528128173553,5.40326054426575,1008721.3968856605,91
Stage2.2,1,s22g001_cedbce463c1ca6ad,19,probe_c0_h07_p,multi_center_probes,2.93355125271195,123.56750582923792,"[2.4156833455235933,1.2134774513649513,0.47907036778035206,1.25671386829527,1.869407993302751,0.09599209587785586,-0.25056982000438527,2.019165083523142,-0.27951237917391875,-0.8841869355305808,-1.318995903924138,0.18057809968567579,-0.5158661927695651,-0.15889027779866988,0.07598491025284465]",s22g001_cedbce463c1ca6ad,0.031033745374654163,0.0433730239819266,0.11174613876447168,0.11746138764471659,0.1519195667998554,,,,,True,,11,-0.028244257999999967,0.0300171155,704.6510000000017,0.041216080998936595,0.0300171155,1.3738693666312198,0.5817437020072838,0.7819410457617871,0.023458231372853616,1,0.6280101555085302,0.0,-0.3441332378223096,0,0,0,0,1,1,True,False,True,False,10000.0,True,1.0,1.0,0.0,0.02809032733126931,0.030969892996167495,0.04181149078628888,0.03295969482575166,0.6494962608852828,0.09963319454902846,0.10819027504987064,0.41455,279.6596064567566,1,True,False,0.0,2,0,1,True,True,1.0,10,10,1,True,True,1.0,10,10,3,POSITION_40MM_SPEED_FAIL,False,False,0.5253248038034927,8761.525872597005,1008761.525872597,0.0021151618822938456,0.006708060539253321,1.0,0.4642374170612086,0.24712999812468606,0.04521600581041842,3000039.6861460037,39.68614600360108,"[0.031112524,0.0301660092,0.0300171155]",0.031112524,0.0304318829,0.0300171155,0.028244257999999967,0.031112524,0.03708413333333338,0.0,0.08190275049870621,0.0,0.08190275049870621,0.11898688383203959,0.08990713811671334,5.396149281624165,1008761.525872597,92
Stage2.2,1,s22g001_79968903f8cc3402,59,corner_local_0004,corner_local,2.9102048631929516,91.19068864740493,"[2.4156833455235933,1.2134774513649513,0.47907036778035206,1.2239675368463443,1.8256385952426102,0.10073647775611737,-0.27233535646957,2.2378260792278866,-0.24748305022816028,-0.9148967145401289,-1.3670491285134159,0.1915080709898426,-0.5411488213337101,-0.052179809424011375,0.07040406638699799]",s22g001_79968903f8cc3402,0.0311494257961362,0.03589262445491147,0.10861817489140302,0.08618174891403019,0.12449594211857029,,,,,True,,11,-0.027742476999999988,0.0300056114,698.7540000000008,0.04086541013599812,0.0300056114,1.3621803378666042,0.5817437020072838,0.7819410457617871,0.023458231372853616,1,0.6280101555085302,0.0,-0.3441332378223096,0,0,0,0,1,1,True,False,True,False,10000.0,True,1.0,1.0,0.0,0.027795148697620266,0.0309428645666133,0.04159364324882583,0.01878619825973402,0.6494483007890555,0.0969014133668592,0.10831056996962905,0.41455,274.09650564193726,1,True,False,0.0,2,0,1,True,True,1.0,10,10,1,True,True,1.0,10,10,3,POSITION_40MM_SPEED_FAIL,False,False,0.529363391573883,8882.349333813763,1008882.3493338138,0.002055420097525337,0.0069065573220100105,1.0,0.4692206346231952,0.254868409476328,0.07221204169192971,3000039.413664219,39.41366421875869,"[0.031076081,0.0301308293,0.0300056114]",0.031076081,0.030404173899999998,0.0300056114,0.027771300000000054,0.031076081,0.035869366666666735,0.0,0.08310569969629045,0.0,0.08310569969629045,0.11897506636295718,0.0905161244590034,5.3629742738931885,1008882.3493338138,93
Stage2.2,1,s22g001_75df7e73ff266db5,33,probe_c2_h00_p,multi_center_probes,2.911915226098037,68.95041693171424,"[2.4156833455235933,1.2134774513649513,0.47907036778035206,1.220493434942497,1.8339524869218462,0.11602045403562732,-0.28855984958283737,2.2232286487576323,-0.2956840226543265,-0.8803612129819165,-1.3329796074137585,0.20019891051340608,-0.515256289148781,0.05652819409651051,0.08614530769184572]",s22g001_75df7e73ff266db5,0.031183149115515847,0.03524228439956027,0.10647536207936847,0.06475362079368474,0.10419192464421312,,,,,True,,11,-0.027668126999999987,0.029933745,712.828800000003,0.04076216801659541,0.029933745,1.3587389338865135,0.5817437020072838,0.7819410457617871,0.023458231372853616,1,0.6280101555085302,0.0,-0.3441332378223096,0,0,0,0,1,1,True,True,True,True,10000.0,True,1.0,1.0,0.25,0.027749550960241762,0.030919310182917645,0.041545653451143714,0.02091251087660659,0.6494315005215641,0.0976488007698235,0.10852421611879781,0.41450000000000004,259.86608052253723,1,True,True,0.25,2,1,1,True,True,1.0,10,10,1,True,True,1.0,10,10,3,POSITION_40MM_SPEED_FAIL,False,False,0.5305524049903815,9106.266615051194,1009106.2666150512,0.0020470058402427857,0.007266226043997243,0.6666666666666666,0.4648693449592366,0.252921105811254,0.07721714334109818,3000031.092320088,31.09232008804368,"[0.0310743858,0.0301121071,0.029933745]",0.0310743858,0.030373412633333333,0.029933745,0.027737063000000006,0.0310743858,0.03581286000000006,0.0,0.08524216118797812,0.0,0.08524216118797812,0.12105502118797817,0.09245965058000623,5.370760921482835,1009106.2666150512,94
Stage2.2,1,s22g001_3341f55a03252c3d,93,random_corner_parent_09_0015,random_local,2.961207890116403,44.08565745306993,"[2.409019822811895,1.198039450629735,0.48122664718631664,1.1850118425643945,1.8268911128875174,0.09253814585727213,-0.25195751364217017,2.1015897068273444,-0.3435906170273734,-0.7354517740570443,-1.4876129419860886,0.11250016998331121,-0.675107599490465,0.22846429945706048,0.10597359109140891]",s22g001_3341f55a03252c3d,0.03124094308337628,0.040937849732160636,0.1025917128761441,0.04136476944587608,0.06728189820731711,,,,,True,,11,-0.028543549999999973,0.0300295944,790.2577000000019,0.041430795146014394,0.0300295944,1.3810265048671466,0.5817437020072838,0.7819326651391102,0.023457979954173303,1,0.6279832306637085,0.0,-0.3441188317829352,0,0,0,0,1,1,True,False,True,False,10000.0,True,1.0,1.0,0.0,0.028190882994279833,0.03105529388153406,0.04194230754340565,0.05066774839296003,0.6496324183569334,0.10323509856784467,0.10862560335752952,0.41455,283.11282205581665,1,True,False,0.0,2,0,1,True,True,1.0,10,10,1,True,True,1.0,10,10,3,POSITION_40MM_SPEED_FAIL,False,False,0.5228519951952956,9236.680735039292,1009236.6807350393,0.002359195631607346,0.007440103328142435,1.0,0.4641182300765193,0.2607692792891851,0.06433491506698451,3000040.157365636,40.1573656358918,"[0.0312370285,0.0302616955,0.0300295944]",0.0312370285,0.030509439466666666,0.0300295944,0.028543549999999973,0.0312370285,0.041234283333333455,0.0,0.0862560335752951,0.0,0.0862560335752951,0.12749031690862855,0.09560527940525072,5.510830470013221,1009236.6807350393,95
Stage2.2,1,s22g001_e0571f16d15f1867,36,corner_local_0009,corner_local,2.9070982199404836,45.11143531157568,"[2.415683345523593,1.2134774513649513,0.47907036778035206,1.1883088471831151,1.799568121475191,0.12835292334364562,-0.3025015772359018,2.160212649829809,-0.30034790852017723,-0.7373949210317456,-1.3222875932351292,0.10352822348148581,-0.5776563740738259,0.18046548215434088,0.06852314420425447]",s22g001_e0571f16d15f1867,0.031255202218813095,0.03818435389637839,0.10392171852630568,0.04184007396043654,0.08105725922349327,,,,,True,,11,-0.027788236999999993,0.0298030959,790.5456000000013,0.04074813665424182,0.0298030959,1.3582712218080606,0.5817437020072838,0.7819410457617871,0.023458231372853616,1,0.6280101555085302,0.0,-0.3441332378223096,0,0,0,0,1,1,True,True,True,True,10000.0,True,1.0,1.0,0.25,0.027815420791184643,0.030920948887272766,0.04159089700739817,0.03490762493063026,0.6494389534707837,0.10151849730087517,0.10950985977060929,0.41445,267.3049988746643,1,True,True,0.25,2,1,1,True,True,1.0,10,10,1,True,True,1.0,10,10,3,POSITION_40MM_SPEED_FAIL,False,False,0.5307140006471415,10149.924528963631,1010149.9245289636,0.0021680947590951025,0.00904374328566527,0.6666666666666666,0.4597616008394427,0.2510397758621525,0.06769108385009473,3000031.4192802445,31.419280244628226,"[0.0311387565,0.0301193983,0.0298030959]",0.0311387565,0.030353750233333334,0.0298030959,0.027788236999999993,0.0311387565,0.037958549999999924,0.0,0.09509859770609275,0.0,0.09509859770609275,0.13305714770609267,0.10239431040720849,5.441857122654164,1010149.9245289636,96
