stage,generation,candidate_id,population_index,source_name,source_type,linear_prefilter_score,proposal_rank_score,parameter_vector,validation_id,predicted_final3_box_max_error_m,predicted_terminal_velocity_m_per_s,predicted_late_velocity_rms_m_per_s,predicted_corner_max_violation,predicted_corner_sum_violation,candidate_label,candidate_n_modes,candidate_target_fraction,sequence_scale,success,failure_reason,n_trajectory_steps,terminal_R_error_m,terminal_Z_error_m,terminal_Ip_error_A,terminal_RZ_euclidean_error_m,terminal_RZ_box_max_error_m,terminal_normalized_RZ_distance,min_normalized_RZ_distance,min_normalized_RZ_distance_after_step0,min_RZ_euclidean_error_after_step0_m,closest_step_after_step0,closest_velocity_after_step0_m_per_s,relative_distance_reduction,relative_distance_reduction_after_step0,first_step_within_2x_RZ_only,first_step_within_1x_RZ_only,first_step_within_2x,first_step_within_1x,first_step_after_step0_within_2x,first_step_after_step0_within_1x,terminal_within_2x_RZ_only,terminal_within_1x_RZ_only,terminal_within_2x,terminal_within_1x,gate_ip_tolerance_A,terminal_Ip_safe,late_Ip_safe_fraction,late_fraction_within_2x,late_fraction_within_1x,late_R_rms_m,late_Z_rms_m,late_RZ_euclidean_rms_m,terminal_velocity_m_per_s,max_velocity_m_per_s,late_velocity_mean_m_per_s,late_velocity_rms_m_per_s,max_current_utilization,wall_time_s,first_step_after_step0_within_30mm,ever_after_step0_within_30mm,terminal_within_30mm,late_fraction_within_30mm,longest_streak_after_step0_within_30mm_steps,trailing_streak_within_30mm_steps,first_step_after_step0_within_40mm,ever_after_step0_within_40mm,terminal_within_40mm,late_fraction_within_40mm,longest_streak_after_step0_within_40mm_steps,trailing_streak_within_40mm_steps,first_step_after_step0_within_80mm,ever_after_step0_within_80mm,terminal_within_80mm,late_fraction_within_80mm,longest_streak_after_step0_within_80mm_steps,trailing_streak_within_80mm_steps,gate_tier,gate_label,strict_gate_pass,relaxed_gate_pass,terminal_RZ_reduction_vs_zero_action_fraction,continuous_objective,selection_score,position_excess_objective,velocity_excess_objective,precise_streak_deficit,action_rms,delta_action_rms,repair_excess_rms,stage2_legacy_selection_score,stage2_legacy_continuous_objective,stage2_2_final3_box_errors_m,stage2_2_final3_box_max_error_m,stage2_2_final3_box_mean_error_m,stage2_2_terminal_box_error_m,stage2_2_final3_R_abs_max_error_m,stage2_2_final3_Z_abs_max_error_m,stage2_2_position_violation,stage2_2_terminal_speed_violation,stage2_2_late_speed_violation,stage2_2_ip_violation,stage2_2_max_violation,stage2_2_sum_violation,stage2_2_l2_violation,stage2_2_quality,stage2_2_selection_score,generation_rank
Stage2.2,0,s22g000_723e3eb8dfa35275,15,probe_c0_h01_p,multi_center_probes,2.9265834042065055,83.420467700893,"[2.4156833455235933,1.2134774513649513,0.47907036778035206,1.24051386829527,1.885607993302751,0.10319209587785586,-0.2820698200043853,2.0506650835231417,-0.29301237917391876,-0.9246869355305808,-1.278495903924138,0.1643780996856758,-0.4753661927695651,-0.11839027779866988,0.059784910252844645]",s22g000_723e3eb8dfa35275,0.03119892747925785,0.03993170427093986,0.10786467614370261,0.07864676143702609,0.11861101074562108,,,,,True,,11,-0.02777091399999998,0.030280849,734.122800000001,0.041087144955036674,0.030280849,1.3695714985012226,0.5817437020072838,0.7819410457617871,0.023458231372853616,1,0.6280101555085302,0.0,-0.3441332378223096,0,0,0,0,1,1,True,False,True,False,10000.0,True,1.0,1.0,0.0,0.02780568580202907,0.031126377606751996,0.04173736390620846,0.016133782195096116,0.6494912716243346,0.09199571129682539,0.1034398042584584,0.41445,263.6263689994812,1,True,False,0.0,2,0,1,True,True,1.0,10,10,1,True,True,1.0,10,10,3,POSITION_40MM_SPEED_FAIL,False,False,0.5268097276597073,4460.626181714819,1004460.6261817148,0.0023377382423469687,0.001183225333650855,1.0,0.4637118293334959,0.24624835981552629,0.05193750639601316,3000038.9563989732,38.95639897312414,"[0.0312300782,0.0303502273,0.030280849]",0.0312300782,0.030620384833333333,0.030280849,0.02778053199999997,0.0312300782,0.04100260666666666,0.0,0.03439804258458401,0.0,0.04100260666666666,0.07540064925125067,0.05352045484777042,5.242463195420213,1004460.6261817148,1
Stage2.2,0,s22g000_769db89faed559e7,36,corner_local_0026,corner_local,2.947021079545578,47.75408098848798,"[2.4156833455235933,1.2134774513649513,0.47907036778035206,1.204293434942497,1.8177524869218462,0.10882045403562732,-0.3200598495828374,2.1917286487576324,-0.3091840226543265,-0.9208612129819165,-1.3734796074137585,0.18399891051340608,-0.555756289148781,0.01602819409651051,0.06994530769184573]",s22g000_769db89faed559e7,0.03137667146474113,0.029466864373606627,0.09928300263824823,0.04588904882470435,0.04588904882470435,,,,,True,,11,-0.027786025000000047,0.0304605032,733.3326000000015,0.041229909537832336,0.0304605032,1.3743303179277444,0.5817437020072838,0.7819410457617871,0.023458231372853616,1,0.6280101555085302,0.0,-0.3441332378223096,0,0,0,0,1,1,True,False,True,False,10000.0,True,1.0,1.0,0.0,0.02780857375247482,0.03120306297658875,0.04179650599353725,0.015907848178004166,0.6494456027781548,0.08919115970823947,0.10053598360304784,0.41450000000000004,259.6037743091583,1,True,False,0.0,2,0,1,True,True,1.0,10,10,1,True,True,1.0,10,10,3,POSITION_40MM_SPEED_FAIL,False,False,0.525165544013276,4461.105659076362,1004461.1056590764,0.0024248134677374517,2.8727842273613307e-05,1.0,0.46750158326811003,0.25488197263788653,0.07431850479117251,3000038.828152072,38.82815207231759,"[0.0312669001,0.0304446044,0.0304605032]",0.0312669001,0.03072400256666667,0.0304605032,0.027786025000000047,0.0312669001,0.04223000333333338,0.0,0.005359836030478293,0.0,0.04223000333333338,0.04758983936381167,0.042568779919172704,5.1771883685129065,1004461.1056590764,2
Stage2.2,0,s22g000_b01b8c0b556a0bca,27,probe_c1_h08_p,multi_center_probes,2.918565931761255,90.11216660421518,"[2.3911854335466187,1.204177336495726,0.471384395947247,1.2151401768972367,1.8719570748969636,0.1089763421788616,-0.27400065205519464,2.302651881772964,-0.15636508593500525,-0.9938130457377542,-1.3803087584692328,0.1901060700782217,-0.5831494086987542,-0.3043030047699112,-0.007989279153778527]",s22g000_b01b8c0b556a0bca,0.03137988463241564,0.035342170586481834,0.10848491680464842,0.08484916804648401,0.13084532246033853,,,,,True,,11,-0.027299187999999974,0.0304133532,682.1005000000005,0.0408682972281363,0.0304133532,1.36227657427121,0.5817437020072838,0.7819332053556993,0.02345799616067098,1,0.6279867362113741,0.0,-0.3441197603990719,0,0,0,0,1,1,True,False,True,False,10000.0,True,1.0,1.0,0.0,0.027493162086768056,0.031142420975446897,0.04154183849736619,0.008501873175416988,0.6493112713769881,0.09067518369996122,0.1041085823724111,0.41435,267.64426016807556,1,True,False,0.0,2,0,1,True,True,1.0,10,10,1,True,True,1.0,10,10,3,POSITION_40MM_SPEED_FAIL,False,False,0.529330141662831,4494.54012025299,1004494.540120253,0.002298406346616643,0.0016880449110887189,1.0,0.4770285863946149,0.2559126804501162,0.07142206975080276,3000038.86665013,38.86665012993234,"[0.0311936878,0.0303514785,0.0304133532]",0.0311936878,0.030652839833333334,0.0304133532,0.02752037399999996,0.0311936878,0.03978959333333343,0.0,0.04108582372411096,0.0,0.04108582372411096,0.08087541705744439,0.05719490054821995,5.26117906380756,1004494.540120253,3
Stage2.2,0,s22g000_dfb4aab6a464ec6a,21,probe_c1_h05_p,multi_center_probes,2.9474465352680204,55.70566846034353,"[2.3911854335466187,1.204177336495726,0.471384395947247,1.2151401768972367,1.8359570748969636,0.1089763421788616,-0.3440006520551947,2.2326518817729637,-0.15636508593500525,-1.0838130457377542,-1.3803087584692328,0.22610607007822167,-0.5831494086987542,-0.2143030047699112,-0.007989279153778527]",s22g000_dfb4aab6a464ec6a,0.031606044057547814,0.025718794277426092,0.09831656424743092,0.05353480191826043,0.05353480191826043,,,,,True,,11,-0.027189871000000032,0.030868591,673.7613000000019,0.04113586021127945,0.030868591,1.3711953403759818,0.5817437020072838,0.7819332053556993,0.02345799616067098,1,0.6279867362113741,0.0,-0.3441197603990719,0,0,0,0,1,1,True,False,True,False,10000.0,True,1.0,1.0,0.0,0.027473533422428184,0.03134346497585363,0.04167982528041404,0.027068417276428756,0.6493225039246313,0.08960091786187176,0.09894124859311382,0.41445,252.32923769950867,1,True,False,0.0,2,0,1,True,True,1.0,10,10,1,True,True,1.0,10,10,1,PASS_DAMPED_HOLD_40MM,False,True,0.5262486863560619,4530.6282285574125,1004530.6282285574,0.002617330769514591,0.0,1.0,0.4792433187807945,0.2587569706542228,0.05913368625968212,1000038.8097967048,38.809796704773774,"[0.031292985,0.0305993507,0.030868591]",0.031292985,0.0309203089,0.030868591,0.027539489000000028,0.031292985,0.04309950000000007,0.0,0.0,0.0,0.04309950000000007,0.04309950000000007,0.04309950000000007,5.180728557360446,1004530.6282285574,4
Stage2.2,0,s22g000_1c26fa7f7517eff9,38,corner_local_0078,corner_local,2.9207031281319793,48.38864172543611,"[2.4156833455235933,1.2134774513649513,0.47907036778035206,1.2249474166438163,1.853674404894246,0.09532224955173206,-0.32502878118448175,2.1363197564268863,-0.2653168999806778,-0.9018131569144501,-1.2811458671845002,0.18315560509451448,-0.48529469578738416,0.008825618596657855,0.05840691600409688]",s22g000_1c26fa7f7517eff9,0.03130054526950776,0.03672675789556949,0.10448320907065492,0.044832090706549144,0.08818359969014122,,,,,True,,11,-0.027518516999999965,0.0303368937,733.2945,0.04095846551379076,0.0303368937,1.3652821837930251,0.5817437020072838,0.7819410457617871,0.023458231372853616,1,0.6280101555085302,0.0,-0.3441332378223096,0,0,0,0,1,1,True,False,True,False,10000.0,True,1.0,1.0,0.0,0.027671695804060967,0.031173945483430623,0.04168378132651104,0.00900694321177,0.6494964414808078,0.08938046608352891,0.1021744416846345,0.41450000000000004,265.18580651283264,1,True,False,0.0,2,0,1,True,True,1.0,10,10,1,True,True,1.0,10,10,3,POSITION_40MM_SPEED_FAIL,False,False,0.528291696287958,4571.346079105744,1004571.3460791057,0.002432662782116283,0.0004728196639876115,1.0,0.4634118429945908,0.24945385570505327,0.06015913700881061,3000038.7920709085,38.79207090866647,"[0.0312782664,0.0304109636,0.0303368937]",0.0312782664,0.030675374566666663,0.0303368937,0.027690239000000005,0.0312782664,0.04260887999999996,0.0,0.021744416846344983,0.0,0.04260887999999996,0.06435329684634494,0.047836558392530794,5.208333327762147,1004571.3460791057,5
Stage2.2,0,s22g000_5e57ae5fdeac374a,22,probe_c1_h06_m,multi_center_probes,2.95247209177793,54.816764771250156,"[2.3911854335466187,1.204177336495726,0.471384395947247,1.1791401768972367,1.8359570748969636,0.1089763421788616,-0.27400065205519464,2.302651881772964,-0.15636508593500525,-1.0838130457377542,-1.4703087584692327,0.1901060700782217,-0.5831494086987542,-0.2143030047699112,0.02801072084622147]",s22g000_5e57ae5fdeac374a,0.03157655940829497,0.025647448276083958,0.1003329514069333,0.0525519802764991,0.055881494345831895,,,,,True,,11,-0.027332412000000028,0.0308457244,671.9545000000035,0.04121309815457339,0.0308457244,1.3737699384857798,0.5817437020072838,0.7819332053556993,0.02345799616067098,1,0.6279867362113741,0.0,-0.3441197603990719,0,0,0,0,1,1,True,False,True,False,10000.0,True,1.0,1.0,0.0,0.027494808358188745,0.031351100987303517,0.04169959256119452,0.02651632231634841,0.64931078720255,0.08972918807415191,0.09930421948994132,0.41435,256.65545558929443,1,True,False,0.0,2,0,1,True,True,1.0,10,10,1,True,True,1.0,10,10,1,PASS_DAMPED_HOLD_40MM,False,True,0.5253591564687392,4595.346431274433,1004595.3464312744,0.0026737917956707277,0.0,1.0,0.4812938453580693,0.2640575431878279,0.06996277015004229,1000038.8471917118,38.84719171174057,"[0.031311472,0.0305934782,0.0308457244]",0.031311472,0.030916891533333334,0.0308457244,0.027506198999999953,0.031311472,0.04371573333333334,0.0,0.0,0.0,0.04371573333333334,0.04371573333333334,0.04371573333333334,5.194431274371794,1004595.3464312744,6
Stage2.2,0,s22g000_aaa2ceeb56d4f784,0,corner_archive_00,anchor_corner,2.9201272963273204,90.86430972026304,"[2.4156833455235933,1.2134774513649513,0.47907036778035206,1.22251386829527,1.903607993302751,0.09519209587785586,-0.24706982000438532,2.0156650835231416,-0.27801237917391874,-0.9696869355305808,-1.233495903924138,0.1463780996856758,-0.4303661927695651,-0.16339027779866988,0.07778491025284465]",s22g000_aaa2ceeb56d4f784,0.031236548194770487,0.03982155951819749,0.10857561322316722,0.08575613223167222,0.1269744053906885,,,,,True,,11,-0.027585183999999985,0.0303526609,729.4467000000004,0.041014953370987074,0.0303526609,1.3671651123662358,0.5817437020072838,0.7819410457617871,0.023458231372853616,1,0.6280101555085302,0.0,-0.3441332378223096,0,0,0,0,1,1,True,False,True,False,10000.0,True,1.0,1.0,0.0,0.027694978132981277,0.03117957526799904,0.041703449829470086,0.01006457515093827,0.6494814909624878,0.09020872146905806,0.10292279411660675,0.41435,266.4323561191559,1,True,False,0.0,2,0,1,True,True,1.0,10,10,1,True,True,1.0,10,10,3,POSITION_40MM_SPEED_FAIL,False,False,0.5276411399020156,4596.953240528121,1004596.9532405281,0.0024534471031305775,0.0008542725448070984,1.0,0.46290265032173233,0.2435044112463494,0.04495884893377679,3000038.865603286,38.865603285802706,"[0.0312759249,0.0304055126,0.0303526609]",0.0312759249,0.030678032800000005,0.0303526609,0.027702248999999957,0.0312759249,0.04253083000000002,0.0,0.029227941166067417,0.0,0.04253083000000002,0.07175877116606744,0.05160565904332586,5.229496820618644,1004596.9532405281,7
Stage2.2,0,s22g000_4824a26cf7e9d440,46,corner_local_0008,corner_local,2.9379244892132577,50.228317775269055,"[2.4156833455235933,1.2134774513649513,0.47907036778035206,1.1903080978201135,1.8083120216172348,0.12231053946607848,-0.35975415780815445,2.180525265455135,-0.29250286675126475,-0.807296255378069,-1.35846676488305,0.1538311882415861,-0.49042453669543906,0.0195670881185289,0.0615619273828286]",s22g000_4824a26cf7e9d440,0.03144804630376087,0.03165778305301786,0.09771841479896988,0.04826821012536242,0.04826821012536242,,,,,True,,11,-0.02768640499999997,0.0303263916,742.4175000000032,0.04106369502736662,0.0303263916,1.3687898342455538,0.5817437020072838,0.7819410457617871,0.023458231372853616,1,0.6280101555085302,0.0,-0.3441332378223096,0,0,0,0,1,1,True,False,True,False,10000.0,True,1.0,1.0,0.0,0.027718440270196643,0.031185933082092103,0.04172378641989705,0.019887515541335568,0.6494289090290312,0.09076450903263496,0.10098563867470368,0.41445,268.1705131530762,1,True,False,0.0,2,0,1,True,True,1.0,10,10,1,True,True,1.0,10,10,3,POSITION_40MM_SPEED_FAIL,False,False,0.5270797945546619,4611.614871692844,1004611.6148716928,0.0024664752230297033,9.71483597071608e-05,1.0,0.4628678082546449,0.2531651859518359,0.07037997210092879,3000038.8235664875,38.8235664875995,"[0.0313045405,0.0304353229,0.0303263916]",0.0313045405,0.030688751666666667,0.0303263916,0.02768640499999997,0.0313045405,0.04348468333333333,0.0,0.009856386747036705,0.0,0.04348468333333333,0.053341070080370034,0.04458773423608155,5.194523801937935,1004611.6148716928,8
Stage2.2,0,s22g000_4338ac59779c4c9a,2,corner_archive_02,anchor_corner,2.9449055554734236,54.73308118901646,"[2.3911854335466187,1.204177336495726,0.471384395947247,1.1971401768972367,1.8539570748969636,0.1009763421788616,-0.30900065205519467,2.267651881772964,-0.17136508593500524,-1.0388130457377542,-1.4253087584692328,0.20810607007822168,-0.5381494086987542,-0.2593030047699112,0.010010720846221472]",s22g000_4338ac59779c4c9a,0.03157798938846524,0.026825419508758035,0.09981146705801407,0.05259964628217473,0.05259964628217473,,,,,True,,11,-0.02729957999999999,0.0307784398,672.8808000000026,0.04114097014775689,0.0307784398,1.3713656715918965,0.5817437020072838,0.7819332053556993,0.02345799616067098,1,0.6279867362113741,0.0,-0.3441197603990719,0,0,0,0,1,1,True,False,True,False,10000.0,True,1.0,1.0,0.0,0.027473906557257694,0.03133309389370141,0.041672272729819236,0.02115822404751545,0.6493157177046192,0.08869873109991105,0.09912588778895529,0.4144,249.4664568901062,1,True,False,0.0,2,0,1,True,True,1.0,10,10,1,True,True,1.0,10,10,1,PASS_DAMPED_HOLD_40MM,False,True,0.5261898365081095,4613.994718906935,1004613.9947189069,0.0026448021683428114,0.0,1.0,0.4783643946278272,0.2599754307646949,0.06684632576843982,1000038.7623898109,38.762389810922926,"[0.0313168065,0.0305808141,0.0307784398]",0.0313168065,0.030892020133333337,0.0307784398,0.02749041299999999,0.0313168065,0.04389355000000017,0.0,0.0,0.0,0.04389355000000017,0.04389355000000017,0.04389355000000017,5.171968906827892,1004613.9947189069,9
Stage2.2,0,s22g000_9283f88467356412,20,probe_c1_h05_m,multi_center_probes,2.9444609858583313,54.681488552608855,"[2.3911854335466187,1.204177336495726,0.471384395947247,1.1791401768972367,1.8719570748969636,0.09297634217886161,-0.27400065205519464,2.302651881772964,-0.18636508593500523,-0.9938130457377542,-1.4703087584692327,0.1901060700782217,-0.4931494086987542,-0.3043030047699112,0.02801072084622147]",s22g000_9283f88467356412,0.031556938065835184,0.02909443950783379,0.10169547748449298,0.0518979355278395,0.06885271037276919,,,,,True,,11,-0.027411297,0.0306558707,671.1140000000014,0.04112373537991567,0.0306558707,1.3707911793305223,0.5817437020072838,0.7819332053556993,0.02345799616067098,1,0.6279867362113741,0.0,-0.3441197603990719,0,0,0,0,1,1,True,False,True,False,10000.0,True,1.0,1.0,0.0,0.027473488523442353,0.03129949745612077,0.04164674192122871,0.02189349735081411,0.6493534316549647,0.0901170377212848,0.10042483831067175,0.4143,258.4551451206207,1,True,False,0.0,2,0,1,True,True,1.0,10,10,1,True,True,1.0,10,10,3,POSITION_40MM_SPEED_FAIL,False,False,0.5263883249768856,4640.928538089152,1004640.9285380892,0.0026242466730115026,1.8048759021442555e-05,1.0,0.4777079632768567,0.2613164483230701,0.07465162390306915,3000038.8096175343,38.80961753434474,"[0.0313195781,0.0305335947,0.0306558707]",0.0313195781,0.030836347833333333,0.0306558707,0.027439032999999946,0.0313195781,0.043985936666666836,0.0,0.00424838310671749,0.0,0.043985936666666836,0.048234319773384327,0.0441906255156619,5.206966813315356,1004640.9285380892,10
Stage2.2,0,s22g000_f64f2cf5b829d048,69,bridge_d04_p10_c07_065,boundary_bridge,2.9443704221701763,51.56603301554214,"[2.413946689140234,1.2100260733143955,0.4613863721475013,1.2008201776469964,1.846781973172469,0.11605455237104942,-0.31156244231719965,2.1097360207190965,-0.3221320556092657,-0.9189714685828192,-1.2979327677544732,0.15367768502850337,-0.44355392023328066,-0.16306111004161278,0.017053837455532517]",s22g000_f64f2cf5b829d048,0.0314866323839804,0.03203497818958753,0.0992015544655708,0.04955441279934658,0.04955441279934658,,,,,True,,11,-0.027722535999999964,0.0304898729,760.0915000000023,0.04120887467196172,0.0304898729,1.3736291557320575,0.5817437020072838,0.7819341870162442,0.023458025610487324,1,0.6279889312000577,0.0,-0.3441214478441469,0,0,0,0,1,1,True,False,True,False,10000.0,True,1.0,1.0,0.0,0.027764196996530047,0.03125154622107492,0.04180322686193149,0.015266274457438866,0.6493927636898021,0.08834547850332958,0.09957603388243753,0.4146,263.239670753479,1,True,False,0.0,2,0,1,True,True,1.0,10,10,1,True,True,1.0,10,10,1,PASS_DAMPED_HOLD_40MM,False,True,0.5254077972513836,4651.915435142,1004651.915435142,0.0025572385644247768,0.0,1.0,0.463711558610194,0.24704283570216112,0.0634833640392745,1000038.7900722367,38.79007223669521,"[0.0313276454,0.0305033579,0.0304898729]",0.0313276454,0.0307736254,0.0304898729,0.02773865200000003,0.0313276454,0.04425484666666679,0.0,0.0,0.0,0.04425484666666679,0.04425484666666679,0.04425484666666679,5.1565351418371455,1004651.915435142,11
Stage2.2,0,s22g000_c72d739eb7d97e22,65,bridge_d02_p13_c19_066,boundary_bridge,2.953758902999436,46.91310503384756,"[2.415683345523593,1.2134774513649513,0.47907036778035206,1.201478420858508,1.8466595111594724,0.10891666538546008,-0.31492209000736343,2.0866509623179854,-0.2805781337611584,-0.8128768931144537,-1.4445884913471743,0.12058246512628688,-0.7071453057398833,0.1311602309755587,0.12040376680237012]",s22g000_c72d739eb7d97e22,0.031336925336889185,0.038851176895524586,0.10134205608164785,0.04456417789630618,0.057984738712784756,,,,,True,,11,-0.028011158999999952,0.030431458,752.1798000000017,0.04136059313560484,0.030431458,1.3786864378534949,0.5817437020072838,0.7819410457617871,0.023458231372853616,1,0.6280101555085302,0.0,-0.3441332378223096,0,0,0,0,1,1,True,False,True,False,10000.0,True,1.0,1.0,0.0,0.027888111844422685,0.031232298698762855,0.0418712701533614,0.0277839806875412,0.6494983527217808,0.09189796140996777,0.10066085590986433,0.4144,251.83729100227356,1,True,False,0.0,2,0,1,True,True,1.0,10,10,1,True,True,1.0,10,10,3,POSITION_40MM_SPEED_FAIL,False,False,0.5236604940204364,4671.5770340076415,1004671.5770340076,0.0025474605652710375,4.3673053360261536e-05,1.0,0.4681695758150809,0.25874833014357396,0.054106362702031875,3000038.9943782776,38.99437827752915,"[0.0313255547,0.0304743249,0.030431458]",0.0313255547,0.030743779199999998,0.030431458,0.028011158999999952,0.0313255547,0.04418515666666667,0.0,0.00660855909864333,0.0,0.04418515666666667,0.05079371576531,0.044676628375674675,5.209875903990528,1004671.5770340076,12
Stage2.2,0,s22g000_6b56bfbd8f897e55,37,corner_local_0006,corner_local,2.90976202156626,48.27925735448145,"[2.4156833455235933,1.2134774513649513,0.47907036778035206,1.1916331482507159,1.8574364753165997,0.09299092867463421,-0.28573347745798233,2.167431186216244,-0.25444090204795705,-0.9184572711661929,-1.2952434508859083,0.19034169907229626,-0.48434432533791305,0.0993196995550088,0.02690806578728791]",s22g000_6b56bfbd8f897e55,0.03134553507804966,0.03485197283384282,0.10401235923802728,0.044851169268322,0.08497476164859474,,,,,True,,11,-0.027340209000000004,0.0303363481,746.6183000000019,0.04083847504753397,0.0303363481,1.3612825015844658,0.5817437020072838,0.7819410457617871,0.023458231372853616,1,0.6280101555085302,0.0,-0.3441332378223096,0,0,0,0,1,1,True,False,True,False,10000.0,True,1.0,1.0,0.0,0.02754969948175747,0.031192462115051733,0.04161677107049615,0.00871678312514976,0.6494937664278645,0.0899890628634265,0.10288976944166457,0.4144,259.0420479774475,1,True,False,0.0,2,0,1,True,True,1.0,10,10,1,True,True,1.0,10,10,3,POSITION_40MM_SPEED_FAIL,False,False,0.5296735961855641,4692.389368972392,1004692.3893689724,0.0025052814432640065,0.0008350767425978356,1.0,0.46368722690301334,0.2520974981987245,0.06263837607987964,3000038.801992022,38.801992022092975,"[0.0313036664,0.0304234628,0.0303363481]",0.0313036664,0.030687825766666666,0.0303363481,0.02758786599999996,0.0313036664,0.04345554666666662,0.0,0.02889769441664569,0.0,0.04345554666666662,0.07235324108331231,0.052186792186305876,5.234945786156773,1004692.3893689724,13
Stage2.2,0,s22g000_9562729e87518ce3,3,corner_archive_03,anchor_corner,2.9362273459419135,61.56763603081227,"[2.4528035550849707,1.2568238840729706,0.48274927294798753,1.2259582867621863,1.8596055417842718,0.10511785864441138,-0.327780740546319,2.2361300123408703,-0.33201431798333375,-1.0729689804288305,-1.2365343731072374,0.27247425254082036,-0.6271720214349937,0.3177836362334182,0.0008533798058159331]",s22g000_9562729e87518ce3,0.03128341999812134,0.03601140060695034,0.10575260068203761,0.05752600682037601,0.1003066734244209,,,,,True,,11,-0.026940803000000013,0.0307406129,780.9031000000032,0.040875324436051345,0.0307406129,1.3625108145350449,0.5817437020072838,0.781928100002112,0.023457843000063358,1,0.6279591681789314,0.0,-0.3441109844491652,0,0,0,0,1,1,True,False,True,False,10000.0,True,1.0,1.0,0.0,0.027390140617666734,0.03133630999811573,0.04161951618355942,0.027259326315464575,0.6492808394155369,0.09095923676433235,0.09990192688030276,0.41435,257.90669226646423,1,True,False,0.0,2,0,1,True,True,1.0,10,10,1,True,True,1.0,10,10,1,PASS_DAMPED_HOLD_40MM,False,True,0.5292492110839174,4692.447686936241,1004692.4476869362,0.0026672131088974634,0.0,1.0,0.4684135762102688,0.25348604603161123,0.08740440766821608,1000038.7923850861,38.7923850860473,"[0.0313392086,0.0305969602,0.0307406129]",0.0313392086,0.030892260566666663,0.0307406129,0.027533668999999983,0.0313392086,0.04464028666666686,0.0,0.0,0.0,0.04464028666666686,0.04464028666666686,0.04464028666666686,5.217586936164003,1004692.4476869362,14
Stage2.2,0,s22g000_85a73792469ee086,17,probe_c0_h02_p,multi_center_probes,2.9355567118468793,74.72753273676423,"[2.4156833455235933,1.2134774513649513,0.47907036778035206,1.24051386829527,1.921607993302751,0.08719209587785587,-0.2820698200043853,2.0506650835231417,-0.26301237917391873,-1.0146869355305808,-1.278495903924138,0.1643780996856758,-0.38536619276956513,-0.20839027779866987,0.059784910252844645]",s22g000_85a73792469ee086,0.031298953904898064,0.03784723403953822,0.10701598448363285,0.07015984483632853,0.1134583083329308,,,,,True,,11,-0.027481361999999954,0.0306075444,717.7833000000028,0.04113449928676673,0.0306075444,1.3711499762255577,0.5817437020072838,0.7819410457617871,0.023458231372853616,1,0.6280101555085302,0.0,-0.3441332378223096,0,0,0,0,1,1,True,False,True,False,10000.0,True,1.0,1.0,0.0,0.027616610532664905,0.03129897264243678,0.04174090159286097,0.010078849696785887,0.6494840618315164,0.08717465830166439,0.09974810284203062,0.41435,260.2861466407776,1,True,False,0.0,2,0,1,True,True,1.0,10,10,1,True,True,1.0,10,10,1,PASS_DAMPED_HOLD_40MM,False,True,0.5262643597799883,4698.484846541309,1004698.4848465413,0.002642617191117591,0.0,1.0,0.46646337519949416,0.24797561697547524,0.05017893285251678,1000038.73769813,38.737698129975215,"[0.0313409494,0.0305466446,0.0306075444]",0.0313409494,0.030831712799999998,0.0306075444,0.027629471000000017,0.0313409494,0.044698313333333406,0.0,0.0,0.0,0.044698313333333406,0.044698313333333406,0.044698313333333406,5.161946541281274,1004698.4848465413,15
Stage2.2,0,s22g000_44274505e8646ec3,64,bridge_d02_p03_c01_000,boundary_bridge,2.9595284176758416,46.91254441672009,"[2.409019822811895,1.198039450629735,0.48122664718631664,1.1949987941628906,1.8275214291053317,0.1041240277372922,-0.32386322965206393,2.112656857329074,-0.3167567450866147,-0.7552635047165007,-1.444803024504674,0.10965519911714044,-0.628874453568695,0.1434289395959743,0.10509051582768361]",s22g000_44274505e8646ec3,0.03135239276343875,0.036363376888399905,0.09857984394135179,0.04507975878129167,0.04507975878129167,,,,,True,,11,-0.028222387000000015,0.0302641855,773.2258000000002,0.04138144574511843,0.0302641855,1.379381524837281,0.5817437020072838,0.7819326651391102,0.023457979954173303,1,0.6279832306637085,0.0,-0.3441188317829352,0,0,0,0,1,1,True,False,True,False,10000.0,True,1.0,1.0,0.0,0.02801839983361231,0.03116806184435729,0.04191036635928929,0.0370409115757531,0.649629728021031,0.09585964942895259,0.1030116284290697,0.41455,260.5780475139618,1,True,False,0.0,2,0,1,True,True,1.0,10,10,1,True,True,1.0,10,10,3,POSITION_40MM_SPEED_FAIL,False,False,0.5234203397827657,4700.114255790017,1004700.11425579,0.0024749395929788633,0.0009069905794780838,1.0,0.4642240806400709,0.25816027486129284,0.06293438028326911,3000039.27655411,39.276554109992546,"[0.0313042679,0.030405309,0.0302641855]",0.0313042679,0.0306579208,0.0302641855,0.028222387000000015,0.0313042679,0.04347559666666667,0.0,0.030116284290697015,0.0,0.04347559666666667,0.07359188095736369,0.0528877876735335,5.299277620391249,1004700.11425579,16
Stage2.2,0,s22g000_9d60da0dab763f96,88,trust_mix_0029,trust_mix,2.921190757603177,62.827572447882794,"[2.4156833455235933,1.2134774513649513,0.47907036778035206,1.2066487294968238,1.883122411553948,0.09830196833012025,-0.27402801890797357,2.071989834926366,-0.27634376283635764,-0.9000926644556917,-1.2944193723835682,0.10396216800702944,-0.3613287329021156,-0.25997389105244445,0.05411128610704356]",s22g000_9d60da0dab763f96,0.03131671862331137,0.03800683493772115,0.1058694938181947,0.05869493818194704,0.1025855589589928,,,,,True,,11,-0.027654732999999987,0.0303337173,744.1190000000024,0.04104776074937106,0.0303337173,1.3682586916457022,0.5817437020072838,0.7819410457617871,0.023458231372853616,1,0.6280101555085302,0.0,-0.3441332378223096,0,0,0,0,1,1,True,False,True,False,10000.0,True,1.0,1.0,0.0,0.027677705889448644,0.031194761426649082,0.04170333971960008,0.020842002028749834,0.6494889644207349,0.09241476621503239,0.10269047937973055,0.41435,259.0002131462097,1,True,False,0.0,2,0,1,True,True,1.0,10,10,1,True,True,1.0,10,10,3,POSITION_40MM_SPEED_FAIL,False,False,0.52726330561031,4700.734237853438,1004700.7342378534,0.00251382607283732,0.0007238679292755275,1.0,0.46367323695246704,0.24582845054381358,0.05184353137302048,3000038.9270308884,38.92703088825027,"[0.0313086401,0.0304270665,0.0303337173]",0.0313086401,0.030689807966666666,0.0303337173,0.027654732999999987,0.0313086401,0.04362133666666668,0.0,0.026904793797305482,0.0,0.04362133666666668,0.07052613046397216,0.05125123356429781,5.244815766455038,1004700.7342378534,17
Stage2.2,0,s22g000_c8ffee6ac4434657,31,probe_c2_h11_p,multi_center_probes,2.907452373484184,52.441900840825646,"[2.3705445176467634,1.218059178969841,0.480262669915016,1.2042261679559902,1.8099077094025633,0.09945774008274161,-0.32248626233046174,2.0635331231245324,-0.3671861759092953,-0.7957178132641703,-1.1874393168505422,0.09160775102737818,-0.4080934518181093,0.18286250362187767,0.13355042464019667]",s22g000_c8ffee6ac4434657,0.03151190845145454,0.034840626006131595,0.09668745722896903,0.050396948381818074,0.050396948381818074,,,,,True,,11,-0.02757420899999996,0.0300599129,795.946600000003,0.040791363859661096,0.0300599129,1.3597121286553697,0.5817437020072838,0.7819287599363928,0.023457862798091783,1,0.6279649485659721,0.0,-0.3441121188564283,0,0,0,0,1,1,True,False,True,False,10000.0,True,1.0,1.0,0.0,0.027695972907203287,0.03108469950009889,0.04163322541297979,0.027158183728230548,0.6492394914149064,0.09546306772958871,0.10430528219772944,0.4142,258.03581953048706,1,True,False,0.0,2,0,1,True,True,1.0,10,10,1,True,True,1.0,10,10,3,POSITION_40MM_SPEED_FAIL,False,False,0.5302161638388833,4712.74398572545,1004712.7439857255,0.002382478346053335,0.0018535454802085967,1.0,0.452607548512237,0.24123434318290982,0.06215233942606712,3000039.041329803,39.04132980295179,"[0.0312715911,0.0303254421,0.0300599129]",0.0312715911,0.030552315366666666,0.0300599129,0.02770732099999995,0.0312715911,0.04238637000000023,0.0,0.04305282197729432,0.0,0.04305282197729432,0.08543919197729455,0.060416469956341506,5.288550130487341,1004712.7439857255,18
Stage2.2,0,s22g000_c9d3b772795fc5d1,14,probe_c0_h01_m,multi_center_probes,2.913741321937861,97.33122985378442,"[2.4156833455235933,1.2134774513649513,0.47907036778035206,1.20451386829527,1.921607993302751,0.08719209587785587,-0.21206982000438532,1.9806650835231416,-0.26301237917391873,-1.0146869355305808,-1.188495903924138,0.12837809968567582,-0.38536619276956513,-0.20839027779866987,0.09578491025284465]",s22g000_c9d3b772795fc5d1,0.03127752198160642,0.04003204201170401,0.10919218555754069,0.09192185557540689,0.13450592162895414,,,,,True,,11,-0.027362032999999952,0.0303999098,725.393500000002,0.04090031009346044,0.0303999098,1.363343669782015,0.5817437020072838,0.7819410457617871,0.023458231372853616,1,0.6280101555085302,0.0,-0.3441332378223096,0,0,0,0,1,1,True,False,True,False,10000.0,True,1.0,1.0,0.0,0.027556757947615106,0.031215412797180108,0.041638646768138415,0.004425065926062187,0.6495311100966545,0.08912752686588618,0.10316356210608693,0.4143,255.89275527000427,1,True,False,0.0,2,0,1,True,True,1.0,10,10,1,True,True,1.0,10,10,3,POSITION_40MM_SPEED_FAIL,False,False,0.5289614575773901,4714.154933771701,1004714.1549337717,0.0025411995537284893,0.0010008125199069144,1.0,0.46227862903635136,0.24114908781963704,0.038435405213573096,3000038.8289730246,38.828973024651724,"[0.0313063125,0.0304388568,0.0303999098]",0.0313063125,0.030715026366666665,0.0303999098,0.027599110000000038,0.0313063125,0.043543750000000214,0.0,0.03163562106086926,0.0,0.043543750000000214,0.07517937106086947,0.053822585259066046,5.239864269104185,1004714.1549337717,19
Stage2.2,0,s22g000_858cbcb94b33a061,41,corner_local_0052,corner_local,2.9364065074851653,48.95538572781414,"[2.4156833455235933,1.2134774513649513,0.47907036778035206,1.214141652546723,1.8785976203027313,0.09072527726173997,-0.29042399433677557,2.1581433070454623,-0.2133030379065098,-1.0082242230764837,-1.3909583178784846,0.2145461150516977,-0.436048701717166,-0.10391622858337472,-0.02019516549048119]",s22g000_858cbcb94b33a061,0.03136652189968254,0.033443376571360844,0.10388315618436142,0.045550729989418004,0.08438229183303214,,,,,True,,11,-0.027485962999999947,0.0306908764,717.6232000000018,0.04119961233115481,0.0306908764,1.3733204110384936,0.5817437020072838,0.7819410457617871,0.023458231372853616,1,0.6280101555085302,0.0,-0.3441332378223096,0,0,0,0,1,1,True,False,True,False,10000.0,True,1.0,1.0,0.0,0.027591446551099016,0.031330149453949435,0.04174764888696083,0.015501136305086028,0.6494909000462671,0.08748838102252289,0.09894078005000159,0.4144,258.6105728149414,1,True,False,0.0,2,0,1,True,True,1.0,10,10,1,True,True,1.0,10,10,1,PASS_DAMPED_HOLD_40MM,False,True,0.5255144692913545,4729.171967405709,1004729.1719674057,0.0026912147853424256,0.0,1.0,0.4712528306757206,0.258260903360026,0.05632964054148968,1000038.7532702393,38.75327023938825,"[0.0313497196,0.0305809581,0.0306908764]",0.0313497196,0.030873851366666667,0.0306908764,0.027583809000000015,0.0313497196,0.0449906533333333,0.0,0.0,0.0,0.0449906533333333,0.0449906533333333,0.0449906533333333,5.153367405680771,1004729.1719674057,20
Stage2.2,0,s22g000_787a01874badc225,71,bridge_d01_p05_c04_041,boundary_bridge,2.9315693527139968,47.95799137525956,"[2.415683345523593,1.2134774513649513,0.47907036778035206,1.2129452446441018,1.8500551300452344,0.10290579794250129,-0.3355923002830023,2.1050776441737096,-0.32079203762574515,-0.8878180138804895,-1.2507808915287932,0.16180238310904488,-0.5398760362711588,0.12358310061138955,0.04848586997177337]",s22g000_787a01874badc225,0.031369773151484925,0.03493248267232942,0.10110801607563714,0.04565910504949766,0.056739265805868966,,,,,True,,11,-0.02747030699999997,0.0304393944,781.370600000002,0.041002127970545615,0.0304393944,1.3667375990181874,0.5817437020072838,0.7819410457617871,0.023458231372853616,1,0.6280101555085302,0.0,-0.3441332378223096,0,0,0,0,1,1,True,False,True,False,10000.0,True,1.0,1.0,0.0,0.027658696459037048,0.031252144697966784,0.04173367990048088,0.006707720957970923,0.649493728660201,0.08698523216073262,0.09999694355041812,0.41445,246.82528948783875,1,True,False,0.0,2,0,1,True,True,1.0,10,10,1,True,True,1.0,10,10,1,PASS_DAMPED_HOLD_40MM,False,True,0.527788846799986,4736.565142537933,1004736.5651425379,0.0025976502473924468,0.0,1.0,0.46077067807382405,0.24728466413307773,0.06310259447251011,1000038.7087874503,38.70878745027633,"[0.0313518299,0.0305061654,0.0304393944]",0.0313518299,0.03076579656666667,0.0304393944,0.027693564999999976,0.0313518299,0.04506099666666685,0.0,0.0,0.0,0.04506099666666685,0.04506099666666685,0.04506099666666685,5.1604925379459194,1004736.5651425379,21
Stage2.2,0,s22g000_d541613e2e9f1e51,62,bridge_d15_p14_c03_044,boundary_bridge,2.9319813968838964,46.62048582885227,"[2.4528035550849707,1.2568238840729706,0.48274927294798753,1.1859356548364564,1.8282746772968852,0.11328383831797448,-0.340216734025393,2.070592045449622,-0.3473485250465949,-0.7969609267531603,-1.2546678330477032,0.15177597944486051,-0.574168731854565,0.187956489201165,0.10615807677673625]",s22g000_d541613e2e9f1e51,0.03130705694709289,0.040460015603186114,0.10319964628915806,0.04356856490309635,0.07556502779467689,,,,,True,,11,-0.02748388199999996,0.0303086412,772.6736000000019,0.040914270141116524,0.0303086412,1.3638090047038842,0.5817437020072838,0.781928100002112,0.023457843000063358,1,0.6279591681789314,0.0,-0.3441109844491652,0,0,0,0,1,1,True,False,True,False,10000.0,True,1.0,1.0,0.0,0.02759973537364185,0.031206770116663136,0.04166062762140432,0.016550834861057063,0.6492665889146966,0.08986001172048824,0.10056799766133252,0.4143,263.43502473831177,1,True,False,0.0,2,0,1,True,True,1.0,10,10,1,True,True,1.0,10,10,3,POSITION_40MM_SPEED_FAIL,False,False,0.5288006832339915,4736.6518357147,1004736.6518357147,0.002549410682510276,3.226213432791994e-05,1.0,0.4575223961339147,0.2459834677517243,0.06272321321601235,3000038.7322941814,38.73229418125957,"[0.0313452555,0.0304599921,0.0303086412]",0.0313452555,0.0307046296,0.0303086412,0.027600786000000044,0.0313452555,0.04484185000000007,0.0,0.005679976613325088,0.0,0.04484185000000007,0.05052182661332516,0.04520015094831461,5.179378312988976,1004736.6518357147,22
Stage2.2,0,s22g000_3d812812b5a1f281,1,corner_archive_01,anchor_corner,2.9632672848814954,72.47717849251292,"[2.409019822811895,1.198039450629735,0.48122664718631664,1.1925058003704898,1.8796406997728652,0.10874810926453213,-0.26454598816076086,2.321244730127629,-0.25144256936158627,-0.8637436565762648,-1.5836725533239409,0.1727339653850643,-0.2794655530500083,-0.19322276400711402,0.05948586052709807]",s22g000_3d812812b5a1f281,0.03132548937966936,0.038100568854405825,0.10679617563911266,0.06796175639112656,0.11214473571343864,,,,,True,,11,-0.028094139000000018,0.030367221,668.8710000000028,0.041369659865826344,0.030367221,1.3789886621942116,0.5817437020072838,0.7819326651391102,0.023457979954173303,1,0.6279832306637085,0.0,-0.3441188317829352,0,0,0,0,1,1,True,False,True,False,10000.0,True,1.0,1.0,0.0,0.0278312745231675,0.03120357173738935,0.04181199266662994,0.045459318839754514,0.6496033774182195,0.09789442014614459,0.1040974713504191,0.41435,264.92010402679443,1,True,False,0.0,2,0,1,True,True,1.0,10,10,1,True,True,1.0,10,10,3,POSITION_40MM_SPEED_FAIL,False,False,0.5235560747781783,4746.435032445705,1004746.4350324457,0.002520906300448184,0.0016789271467505247,1.0,0.4718117414103994,0.26776189304782266,0.08726282454690082,3000039.479158901,39.479158901339645,"[0.031303108,0.0304332181,0.030367221]",0.031303108,0.030701182366666666,0.030367221,0.028094139000000018,0.031303108,0.04343693333333354,0.0,0.04097471350419091,0.0,0.04343693333333354,0.08441164683752445,0.05971343503898421,5.381676723252715,1004746.4350324457,23
Stage2.2,0,s22g000_0b7fc6088f79427f,33,probe_c2_h12_p,multi_center_probes,2.943795451128155,53.49302707336065,"[2.3705445176467634,1.218059178969841,0.480262669915016,1.2042261679559902,1.8459077094025633,0.11545774008274162,-0.32248626233046174,1.9935331231245323,-0.3671861759092953,-0.7957178132641703,-1.277439316850542,0.09160775102737818,-0.49809345181810927,0.09286250362187769,0.13355042464019667]",s22g000_0b7fc6088f79427f,0.03154221891688989,0.0335520989753774,0.09489622783060966,0.05140729722966286,0.05140729722966286,,,,,True,,11,-0.02778737099999995,0.030327504,781.0187000000005,0.04113265717117792,0.030327504,1.3710885723725974,0.5817437020072838,0.7819287599363928,0.023457862798091783,1,0.6279649485659721,0.0,-0.3441121188564283,0,0,0,0,1,1,True,False,True,False,10000.0,True,1.0,1.0,0.0,0.027753989874302182,0.031217655758745792,0.0417711142419546,0.024335023808003214,0.649220076908516,0.09108450357304315,0.10020053278409587,0.41409999999999997,263.5264205932617,1,True,False,0.0,2,0,1,True,True,1.0,10,10,1,True,True,1.0,10,10,3,POSITION_40MM_SPEED_FAIL,False,False,0.5262855749600186,4747.9377299561165,1004747.9377299561,0.002566638968393545,4.0213397497238295e-06,1.0,0.45588908157820357,0.24453710056260905,0.05164630420111699,3000038.8590836353,38.85908363536925,"[0.0313527679,0.0304749132,0.030327504]",0.0313527679,0.030718395033333335,0.030327504,0.02778737099999995,0.0313527679,0.04509226333333349,0.0,0.0020053278409586373,0.0,0.04509226333333349,0.04709759117429213,0.045136831438110675,5.184200487517428,1004747.9377299561,24
Stage2.2,0,s22g000_602cda3213581200,5,damped_archive_02,anchor_damped,2.9895820163376934,56.12459469542439,"[2.366387547345664,1.2097780403314142,0.4820911098631783,1.2124999065823328,1.819862519343852,0.09612465085081875,-0.35990420597293676,2.1703897865140798,-0.24781218490731557,-0.8357995281876277,-1.6650689697664753,0.09387981638567626,-0.8705143321639213,0.2440104055256445,0.11320141671082654]",s22g000_602cda3213581200,0.03161811631370945,0.0328602260306026,0.09182324814134826,0.05393721045698174,0.05393721045698174,,,,,True,,11,-0.028129058999999956,0.0307810739,770.1617000000006,0.04169794324259579,0.0307810739,1.3899314414198596,0.5817437020072838,0.7819356907406311,0.02345807072221893,1,0.6279874258772284,0.0,-0.34412403270133,0,0,0,0,1,1,True,False,True,False,10000.0,True,1.0,1.0,0.0,0.02786868841939899,0.03135876268285055,0.04195278049446644,0.04331567753296017,0.6493283017512169,0.09155140895772057,0.09795954779908833,0.4142,268.3195765018463,1,True,False,0.0,2,0,1,True,True,1.0,10,10,1,True,True,1.0,10,10,1,PASS_DAMPED_HOLD_40MM,False,True,0.5197753180322832,4759.121324354433,1004759.1213243544,0.0027192622214893703,0.0,1.0,0.48100064471292264,0.27717699501487497,0.06189554041211093,1000039.2141608614,39.2141608614965,"[0.0313582588,0.0306191625,0.0307810739]",0.0313582588,0.0309194984,0.0307810739,0.028129058999999956,0.0313582588,0.045275293333333355,0.0,0.0,0.0,0.045275293333333355,0.045275293333333355,0.045275293333333355,5.215524354374258,1004759.1213243544,25
Stage2.2,0,s22g000_ea3ad8a664d3842b,66,bridge_d01_p10_c21_004,boundary_bridge,2.9276531794972254,47.609423788237365,"[2.415683345523593,1.2134774513649513,0.47907036778035206,1.1902771513919839,1.8440610869351592,0.1057568806011788,-0.3129452747022564,2.154334408448529,-0.3325614177315328,-0.8296673787346048,-1.2845550871399556,0.15201794931497395,-0.5749770594020943,0.20211866161753145,0.06577682295460545]",s22g000_ea3ad8a664d3842b,0.03136103423441781,0.0352079665437958,0.10099406782489576,0.04536780781392702,0.05530848606288452,,,,,True,,11,-0.02754767800000002,0.0302868618,786.8627000000015,0.04094103761367052,0.0302868618,1.3647012537890173,0.5817437020072838,0.7819410457617871,0.023458231372853616,1,0.6280101555085302,0.0,-0.3441332378223096,0,0,0,0,1,1,True,False,True,False,10000.0,True,1.0,1.0,0.0,0.027678952336068798,0.03119661302157508,0.041705551985800116,0.015829935518075784,0.6494910174632873,0.09101140183779707,0.10207753987569099,0.4144,262.311151266098,1,True,False,0.0,2,0,1,True,True,1.0,10,10,1,True,True,1.0,10,10,3,POSITION_40MM_SPEED_FAIL,False,False,0.5284924090124182,4769.366091703647,1004769.3660917036,0.002551848908786486,0.0004316171935086052,1.0,0.45994453401466756,0.24958312530673923,0.0721006294680251,3000038.837143046,38.83714304607684,"[0.0313361239,0.030435746,0.0302868618]",0.0313361239,0.030686243899999997,0.0302868618,0.027687231000000034,0.0313361239,0.044537463333333305,0.0,0.020775398756909702,0.0,0.044537463333333305,0.065312862090243,0.04914471318134448,5.22359682805816,1004769.3660917036,26
Stage2.2,0,s22g000_8bad0f63f763a9a7,42,corner_local_0028,corner_local,2.92962875146612,48.997765195646146,"[2.4156833455235933,1.2134774513649513,0.47907036778035206,1.1992293597081352,1.8833061910922797,0.09873492425108464,-0.2912720521844092,2.20792884123427,-0.258410302712465,-0.9473766748066442,-1.3572328835671041,0.2091332242487055,-0.4699833191584693,-0.014580976643855957,0.023552559399579953]",s22g000_8bad0f63f763a9a7,0.03136705382803265,0.033292345983900205,0.10394317384083263,0.04556846093442157,0.08500019934274783,,,,,True,,11,-0.027386440999999984,0.0305262021,721.8715000000011,0.04101056163107895,0.0305262021,1.367018721035965,0.5817437020072838,0.7819410457617871,0.023458231372853616,1,0.6280101555085302,0.0,-0.3441332378223096,0,0,0,0,1,1,True,False,True,False,10000.0,True,1.0,1.0,0.0,0.027538824508600384,0.031286320340591055,0.04167997955577198,0.006586943795110158,0.6494891506521113,0.08712364274954942,0.10040663868117171,0.41435,267.017151594162,1,True,False,0.0,2,0,1,True,True,1.0,10,10,1,True,True,1.0,10,10,3,POSITION_40MM_SPEED_FAIL,False,False,0.5276917184614518,4779.226905472577,1004779.2269054726,0.0026643060600903476,1.6535501702505983e-05,1.0,0.4671522245200222,0.25534772254969706,0.07049661567635455,3000038.715007403,38.715007402784316,"[0.0313593136,0.0305294361,0.0305262021]",0.0313593136,0.030804983933333335,0.0305262021,0.027549874999999946,0.0313593136,0.0453104533333335,0.0,0.004066386811717004,0.0,0.0453104533333335,0.049376840145050505,0.04549255634688711,5.181655212187481,1004779.2269054726,27
Stage2.2,0,s22g000_519e856c05e17310,11,anchor_fill_11,anchor_fill,2.971815640517805,51.10979929686718,"[2.413946689140234,1.2100260733143955,0.4613863721475013,1.197051859053888,1.855477522949459,0.10383736088870918,-0.32901275573077066,2.1467179882424485,-0.2705235428173692,-0.7884422784208047,-1.5596576366731583,0.3093873663679491,-0.34491304480070173,-0.02172120632249846,0.07996603145473044]",s22g000_519e856c05e17310,0.03147346387905179,0.04006668707455056,0.09873249732947618,0.049115462635059615,0.049115462635059615,,,,,True,,11,-0.028340986999999984,0.0304394989,616.3775000000023,0.04159055947468451,0.0304394989,1.3863519824894839,0.5817437020072838,0.7819341870162442,0.023458025610487324,1,0.6279889312000577,0.0,-0.3441214478441469,0,0,0,0,1,1,True,False,True,False,10000.0,True,1.0,1.0,0.0,0.02800013644160948,0.03125262127007681,0.04196110076010405,0.04769462614932411,0.6493944980421401,0.09577363249403478,0.10124801289596515,0.4146,262.34018445014954,1,True,False,0.0,2,0,1,True,True,1.0,10,10,1,True,True,1.0,10,10,3,POSITION_40MM_SPEED_FAIL,False,False,0.5210120297687271,4784.496336301789,1004784.4963363018,0.002593283056508316,0.00015575361884953074,1.0,0.46787046845620217,0.26707729825650767,0.06205440840897822,3000039.4067360256,39.40673602562153,"[0.0313507338,0.0305131645,0.0304394989]",0.0313507338,0.030767799066666667,0.0304394989,0.028340986999999984,0.0313507338,0.045024460000000044,0.0,0.012480128959651449,0.0,0.045024460000000044,0.05750458895965149,0.046722110580977985,5.309869882237927,1004784.4963363018,28
Stage2.2,0,s22g000_93206f6fdc5af7cf,70,bridge_d12_p00_c23_031,boundary_bridge,2.925904400464161,47.99371132889417,"[2.415683345523593,1.2134774513649513,0.47907036778035206,1.194200730951293,1.8464442691429988,0.11107939072177568,-0.3472930819762424,2.0859401437485543,-0.3296734118458284,-0.7374016440243729,-1.2596597081069374,0.12235461569091392,-0.5014993918792436,0.0948454408321138,0.13065316443101152]",s22g000_93206f6fdc5af7cf,0.03137462072214394,0.0392989412469623,0.10077733479308237,0.04582069073813133,0.05359403866895507,,,,,True,,11,-0.02762799699999996,0.030141701,757.0258000000031,0.04088799771822298,0.030141701,1.3629332572740993,0.5817437020072838,0.7819410457617871,0.023458231372853616,1,0.6280101555085302,0.0,-0.3441332378223096,0,0,0,0,1,1,True,False,True,False,10000.0,True,1.0,1.0,0.0,0.027691260465097775,0.031146550916526825,0.04167629470264463,0.027796650099670164,0.6494768391495378,0.09464466075212766,0.10325047123958936,0.4144,254.15344047546387,1,True,False,0.0,2,0,1,True,True,1.0,10,10,1,True,True,1.0,10,10,3,POSITION_40MM_SPEED_FAIL,False,False,0.5291032560936448,4797.0174257933395,1004797.0174257933,0.0025088511064420204,0.001056556327939751,1.0,0.45595836171352105,0.24523621470201595,0.06134153026459115,3000039.000216291,39.00021629063916,"[0.0313288799,0.0303892016,0.030141701]",0.0313288799,0.0306199275,0.030141701,0.027669450999999956,0.0313288799,0.044295996666666726,0.0,0.032504712395893476,0.0,0.044295996666666726,0.0768007090625602,0.05494262142119814,5.2723014552175895,1004797.0174257933,29
Stage2.2,0,s22g000_f32aef496a934d05,25,probe_c1_h07_p,multi_center_probes,2.94242671291554,49.88835008506685,"[2.3911854335466187,1.204177336495726,0.471384395947247,1.2151401768972367,1.8359570748969636,0.09297634217886161,-0.27400065205519464,2.2326518817729637,-0.15636508593500525,-0.9938130457377542,-1.4703087584692327,0.22610607007822167,-0.5831494086987542,-0.3043030047699112,0.02801072084622147]",s22g000_f32aef496a934d05,0.03138667769573989,0.03268876936219793,0.1044685809140535,0.04622258985799643,0.09090839899853131,,,,,True,,11,-0.027724053999999998,0.0303832954,639.1642000000029,0.04113110513417524,0.0303832954,1.3710368378058415,0.5817437020072838,0.7819332053556993,0.02345799616067098,1,0.6279867362113741,0.0,-0.3441197603990719,0,0,0,0,1,1,True,False,True,False,10000.0,True,1.0,1.0,0.0,0.027717913565973324,0.031095247950057026,0.04165569801991432,0.023366637999769353,0.6493154892225292,0.09392600637399062,0.10441495223083132,0.41450000000000004,254.82379269599915,1,True,False,0.0,2,0,1,True,True,1.0,10,10,1,True,True,1.0,10,10,3,POSITION_40MM_SPEED_FAIL,False,False,0.5263034493782286,4806.369433475193,1004806.3694334752,0.0021777084172507734,0.0019491803200522306,1.0,0.4799640911033917,0.26128663558189574,0.05842826600300687,3000039.0669097677,39.06690976787583,"[0.0311354128,0.0302987399,0.0303832954]",0.0311354128,0.030605816033333334,0.0303832954,0.027724053999999998,0.0311354128,0.03784709333333347,0.0,0.04414952230831304,0.0,0.04414952230831304,0.08199661564164651,0.05815137826255097,5.279361814899248,1004806.3694334752,30
Stage2.2,0,s22g000_f013be7365975c22,23,probe_c1_h06_p,multi_center_probes,2.944810850444805,55.03696735337211,"[2.3911854335466187,1.204177336495726,0.471384395947247,1.2151401768972367,1.8719570748969636,0.09297634217886161,-0.3440006520551947,2.2326518817729637,-0.18636508593500523,-0.9938130457377542,-1.3803087584692328,0.22610607007822167,-0.4931494086987542,-0.3043030047699112,-0.007989279153778527]",s22g000_f013be7365975c22,0.03158675536283272,0.028843096170929526,0.09949579250917308,0.05289184542775738,0.05289184542775738,,,,,True,,11,-0.027253945,0.0308154656,673.0339000000022,0.04113843018647902,0.0308154656,1.3712810062159675,0.5817437020072838,0.7819332053556993,0.02345799616067098,1,0.6279867362113741,0.0,-0.3441197603990719,0,0,0,0,1,1,True,False,True,False,10000.0,True,1.0,1.0,0.0,0.027441919940318797,0.0313806801695948,0.04168700106648674,0.0184385147037394,0.6493549287003333,0.08705638404110742,0.09775731451905147,0.4144,263.4594039916992,1,True,False,0.0,2,0,1,True,True,1.0,10,10,1,True,True,1.0,10,10,1,PASS_DAMPED_HOLD_40MM,False,True,0.5262190886007073,4815.421243409859,1004815.4212434099,0.0027733893404446658,0.0,1.0,0.4751886109936185,0.2560470022193952,0.0642406098059329,1000038.7014162698,38.70141626971779,"[0.0313743667,0.0306451536,0.0308154656]",0.0313743667,0.0309449953,0.0308154656,0.027463945000000045,0.0313743667,0.04581222333333357,0.0,0.0,0.0,0.04581222333333357,0.04581222333333357,0.04581222333333357,5.13779340989381,1004815.4212434099,31
Stage2.2,0,s22g000_b17c9e860581f17a,72,bridge_d02_p04_c16_050,boundary_bridge,2.976265274384246,49.260110487167026,"[2.415683345523593,1.2134774513649513,0.47907036778035206,1.2096283412442126,1.8349580554490728,0.10962753610887438,-0.36691111024320494,2.096827299949082,-0.29376233202458435,-0.7926575776025442,-1.5023448476585588,0.11733765956259049,-0.748185327861336,0.20218966373111147,0.11601279917997932]",s22g000_b17c9e860581f17a,0.03142010618753144,0.03756375405156937,0.09714721241895061,0.0473368729177146,0.0473368729177146,,,,,True,,11,-0.028134654000000037,0.0306154124,767.4559000000008,0.041579589128823674,0.0306154124,1.3859863042941225,0.5817437020072838,0.7819410457617871,0.023458231372853616,1,0.6280101555085302,0.0,-0.3441332378223096,0,0,0,0,1,1,True,False,True,False,10000.0,True,1.0,1.0,0.0,0.027950205296732058,0.031321034506556995,0.041978818214552,0.03257909384245691,0.649498208380741,0.09005026771699218,0.09778716510152731,0.41445,245.05020761489868,1,True,False,0.0,2,0,1,True,True,1.0,10,10,1,True,True,1.0,10,10,1,PASS_DAMPED_HOLD_40MM,False,True,0.521138372471566,4830.826705309446,1004830.8267053094,0.002691734512148795,0.0,1.0,0.47018404362854127,0.2639100106325775,0.05796251062918519,1000039.028610057,39.028610056985826,"[0.0313787616,0.0305865058,0.0306154124]",0.0313787616,0.0308602266,0.0306154124,0.028134654000000037,0.0313787616,0.04595872000000001,0.0,0.0,0.0,0.04595872000000001,0.04595872000000001,0.04595872000000001,5.161105309454571,1004830.8267053094,32
Stage2.2,0,s22g000_94a2e0dd382084fb,8,precise_archive_02,anchor_precise,2.9313437508762865,56.70817732259495,"[2.3705445176467634,1.218059178969841,0.480262669915016,1.1862261679559902,1.8279077094025633,0.10745774008274162,-0.35748626233046177,2.0285331231245323,-0.3521861759092953,-0.7507178132641703,-1.232439316850542,0.10960775102737819,-0.5330934518181093,0.13786250362187769,0.18655042464019667]",s22g000_94a2e0dd382084fb,0.03163496722745441,0.03332031622018031,0.0925227418632017,0.05449890758181364,0.05449890758181364,,,,,True,,11,-0.027529060999999966,0.0302948895,751.4658000000018,0.04093445406206035,0.0302948895,1.3644818020686786,0.5817437020072838,0.7819287599363928,0.023457862798091783,1,0.6279649485659721,0.0,-0.3441121188564283,0,0,0,0,1,1,True,False,True,False,10000.0,True,1.0,1.0,0.0,0.027609178425299464,0.03122466041935856,0.04168028492734039,0.021847193511984036,0.649220739871843,0.09062753489761423,0.1000804095297328,0.41409999999999997,248.21430468559265,1,True,False,0.0,2,0,1,True,True,1.0,10,10,1,True,True,1.0,10,10,3,POSITION_40MM_SPEED_FAIL,False,False,0.5285682301137089,4839.1463220547885,1004839.1463220548,0.0026136764491742894,6.465692471847373e-07,1.0,0.4548575789783397,0.2429067455801456,0.054948588357479136,3000038.7656271923,38.765627192257334,"[0.0313802128,0.0304871596,0.0302948895]",0.0313802128,0.030720753966666667,0.0302948895,0.027596092999999988,0.0313802128,0.046007093333333415,0.0,0.0008040952973278337,0.0,0.046007093333333415,0.04681118863066125,0.04601411963983704,5.17811455889458,1004839.1463220548,33
Stage2.2,0,s22g000_311e03472c6e389c,7,precise_archive_01,anchor_precise,2.9294184861122368,56.62584714139479,"[2.3705445176467634,1.218059178969841,0.480262669915016,1.1862261679559902,1.8279077094025633,0.10745774008274162,-0.35748626233046177,2.0285331231245323,-0.3521861759092953,-0.7507178132641703,-1.232439316850542,0.10960775102737819,-0.5330934518181093,0.2178625036218777,0.15155042464019666]",s22g000_311e03472c6e389c,0.03163259287374616,0.03314161641911996,0.0924733509478563,0.054419762458205456,0.054419762458205456,,,,,True,,11,-0.02749749300000004,0.0302858411,778.0677000000032,0.04090653117070061,0.0302858411,1.3635510390233534,0.5817437020072838,0.7819287599363928,0.023457862798091783,1,0.6279649485659721,0.0,-0.3441121188564283,0,0,0,0,1,1,True,False,True,False,10000.0,True,1.0,1.0,0.0,0.027599426930123305,0.0312219713565074,0.041671811362811964,0.021459015534029034,0.649220739871843,0.09060894656771531,0.10013421726540618,0.41409999999999997,264.8452801704407,1,True,False,0.0,2,0,1,True,True,1.0,10,10,1,True,True,1.0,10,10,3,POSITION_40MM_SPEED_FAIL,False,False,0.5288898110018797,4840.661448429921,1004840.6614484299,0.002611578762854137,1.8014274333109434e-06,1.0,0.45434543609022376,0.2441098775087551,0.054948588357479136,3000038.75615863,38.75615862996321,"[0.0313800271,0.0304853247,0.0302858411]",0.0313800271,0.0307170643,0.0302858411,0.02759542199999998,0.0313800271,0.04600090333333329,0.0,0.0013421726540616685,0.0,0.04600090333333329,0.047343075987394956,0.04602047951636298,5.178331630619491,1004840.6614484299,34
Stage2.2,0,s22g000_d82712c115ad84e2,6,precise_archive_00,anchor_precise,2.9302085793958246,57.08720674957887,"[2.3705445176467634,1.218059178969841,0.480262669915016,1.1862261679559902,1.8279077094025633,0.10745774008274162,-0.35748626233046177,2.0285331231245323,-0.3521861759092953,-0.7507178132641703,-1.232439316850542,0.10960775102737819,-0.4530934518181093,0.13786250362187769,0.15155042464019666]",s22g000_d82712c115ad84e2,0.03164590109607072,0.03327057130629629,0.09265752947053565,0.05486336986902396,0.05486336986902396,,,,,True,,11,-0.027541575999999957,0.0302735467,765.5075000000033,0.04092708196733374,0.0302735467,1.3642360655777914,0.5817437020072838,0.7819287599363928,0.023457862798091783,1,0.6279649485659721,0.0,-0.3441121188564283,0,0,0,0,1,1,True,False,True,False,10000.0,True,1.0,1.0,0.0,0.02761303800148972,0.03121841155398697,0.041678160799462134,0.023837378065546786,0.649220739871843,0.0912106687398229,0.1002749476316942,0.41409999999999997,265.56476044654846,1,True,False,0.0,2,0,1,True,True,1.0,10,10,1,True,True,1.0,10,10,3,POSITION_40MM_SPEED_FAIL,False,False,0.5286531326669338,4845.698722386733,1004845.6987223867,0.0026089377267854257,7.559620017424951e-06,1.0,0.45330083680365774,0.24310846652179133,0.054948588357479136,3000038.7895112783,38.78951127831099,"[0.0313798376,0.0304831487,0.0302735467]",0.0313798376,0.03071217766666667,0.0302735467,0.027596343000000023,0.0313798376,0.04599458666666667,0.0,0.002749476316942001,0.0,0.04599458666666667,0.04874406298360867,0.04607669283547742,5.187110950219151,1004845.6987223867,35
Stage2.2,0,s22g000_5c0d77a29fc530bc,9,anchor_fill_09,anchor_fill,2.9214129774173276,55.05621603455705,"[2.3705445176467634,1.218059178969841,0.480262669915016,1.1862261679559902,1.8279077094025633,0.10745774008274162,-0.35748626233046177,2.0285331231245323,-0.3521861759092953,-0.6707178132641703,-1.232439316850542,0.10960775102737819,-0.5330934518181093,0.13786250362187769,0.15155042464019666]",s22g000_5c0d77a29fc530bc,0.031587317362637965,0.03784374076317275,0.09466666290934415,0.052910578754598925,0.052910578754598925,,,,,True,,11,-0.027634394000000007,0.0300891073,767.9699,0.04085356912019009,0.0300891073,1.36178563733967,0.5817437020072838,0.7819287599363928,0.023457862798091783,1,0.6279649485659721,0.0,-0.3441121188564283,0,0,0,0,1,1,True,False,True,False,10000.0,True,1.0,1.0,0.0,0.027655071860348976,0.031141138837037265,0.04164821157827424,0.03385123530212815,0.649220739871843,0.09579970139793444,0.10316652926879409,0.41409999999999997,267.2286567687988,1,True,False,0.0,2,0,1,True,True,1.0,10,10,1,True,True,1.0,10,10,3,POSITION_40MM_SPEED_FAIL,False,False,0.5294997615626256,4857.900300311041,1004857.900300311,0.0025331739640340003,0.001002690761012959,1.0,0.45265892136017116,0.24219764443846215,0.054948588357479136,3000039.0518719265,39.05187192644292,"[0.0313474035,0.0303900722,0.0300891073]",0.0313474035,0.030608861,0.0300891073,0.027634394000000007,0.0313474035,0.04491345000000013,0.0,0.03166529268794083,0.0,0.04491345000000013,0.07657874268794096,0.05495369643541252,5.286633123910814,1004857.900300311,36
Stage2.2,0,s22g000_8cf2d4b140cb599d,53,corner_local_0018,corner_local,2.933329656709118,75.75267949195097,"[2.4156833455235933,1.2134774513649513,0.47907036778035206,1.1886151568933792,1.9204403246104076,0.08031948666740715,-0.22254090599940973,2.138211484218743,-0.253515072486746,-0.9390111684504142,-1.415596957002553,0.1385466657524084,-0.40870759248414695,-0.10615000435483779,0.03712141436377783]",s22g000_8cf2d4b140cb599d,0.03129684228010199,0.03657359008537142,0.10711482914954308,0.07114829149543067,0.11437636749883029,,,,,True,,11,-0.027646119000000025,0.0304897065,746.8499000000011,0.04115738206225348,0.0304897065,1.3719127354084495,0.5817437020072838,0.7819410457617871,0.023458231372853616,1,0.6280101555085302,0.0,-0.3441332378223096,0,0,0,0,1,1,True,False,True,False,10000.0,True,1.0,1.0,0.0,0.027611522943038192,0.03128520147832808,0.041727209717083956,0.023257731202686725,0.6495239471368711,0.09171678150630204,0.10154184124550233,0.4143,262.15617275238037,1,True,False,0.0,2,0,1,True,True,1.0,10,10,1,True,True,1.0,10,10,3,POSITION_40MM_SPEED_FAIL,False,False,0.5260008246335008,4865.287163442583,1004865.2871634426,0.0027056267106459132,0.00023772744263321388,1.0,0.4672872687763594,0.25654695897800806,0.05957840892832841,3000038.918482193,38.91848219297776,"[0.0313702411,0.0305164034,0.0304897065]",0.0313702411,0.030792117000000004,0.0304897065,0.027646119000000025,0.0313702411,0.045674703333333344,0.0,0.015418412455023178,0.0,0.045674703333333344,0.06109311578835652,0.048206907878656,5.237459077190353,1004865.2871634426,37
Stage2.2,0,s22g000_57fa04cf4c404dc4,47,corner_local_0002,corner_local,2.933650810206043,50.316877101437186,"[2.4156833455235933,1.2134774513649513,0.47907036778035206,1.1867780175342955,1.8639574783836892,0.10375392551001546,-0.2981064485615339,2.1201569878974103,-0.2981005793262482,-0.8657515886578164,-1.3242545857469321,0.17968056645124122,-0.276179195978319,-0.07025405085314579,0.09324669757590315]",s22g000_57fa04cf4c404dc4,0.03142458352452334,0.03714962784730036,0.102254946024648,0.04748611748411147,0.07003557773059144,,,,,True,,11,-0.027703582000000004,0.0304029172,704.0325000000012,0.04113181043791751,0.0304029172,1.3710603479305838,0.5817437020072838,0.7819410457617871,0.023458231372853616,1,0.6280101555085302,0.0,-0.3441332378223096,0,0,0,0,1,1,True,False,True,False,10000.0,True,1.0,1.0,0.0,0.02770277777693428,0.03126549745908311,0.041772900640512575,0.02300345908336363,0.6494898589084834,0.09093486134656487,0.10045897340802903,0.41435,250.6964271068573,1,True,False,0.0,2,0,1,True,True,1.0,10,10,1,True,True,1.0,10,10,3,POSITION_40MM_SPEED_FAIL,False,False,0.5262953265731455,4870.92449442239,1004870.9244944224,0.002677538737702387,2.106565892777812e-05,1.0,0.45990886441234125,0.25045257356168044,0.06185288015329553,3000038.8696449474,38.86964494718068,"[0.0313848961,0.0305207123,0.0304029172]",0.0313848961,0.030769508533333333,0.0304029172,0.027703582000000004,0.0313848961,0.046163203333333236,0.0,0.004589734080290286,0.0,0.046163203333333236,0.05075293741362352,0.04639080728897102,5.201604145583888,1004870.9244944224,38
Stage2.2,0,s22g000_72c30e46653cde90,68,bridge_d03_p07_c03_021,boundary_bridge,2.9532778723187856,47.77744847430868,"[2.4528035550849707,1.2568238840729706,0.48274927294798753,1.1918113270210184,1.85258681791579,0.10114482282419185,-0.28618405561146215,2.079103045135975,-0.32841923862261574,-1.041500614937233,-1.3163156491744747,0.1925724979869948,-0.7294559972958016,0.24479642498255988,0.033643436475305766]",s22g000_72c30e46653cde90,0.03133805365344526,0.03530574286310561,0.10340513927370794,0.044601788448175306,0.07865318118525466,,,,,True,,11,-0.02731522799999997,0.0308652104,804.3082000000031,0.04121629403195113,0.0308652104,1.3738764677317044,0.5817437020072838,0.781928100002112,0.023457843000063358,1,0.6279591681789314,0.0,-0.3441109844491652,0,0,0,0,1,1,True,False,True,False,10000.0,True,1.0,1.0,0.0,0.027529264522877482,0.031407326659595225,0.04176458515384873,0.019672532704318887,0.6492810728302244,0.08630468811003494,0.09670097393558964,0.41424999999999995,251.3167073726654,1,True,False,0.0,2,0,1,True,True,1.0,10,10,1,True,True,1.0,10,10,1,PASS_DAMPED_HOLD_40MM,False,True,0.5253223503560634,4872.116516094888,1004872.1165160949,0.0028423521139122783,0.0,1.0,0.4702680523535133,0.25404447544521663,0.06122712141964066,1000038.7175857666,38.717585766569435,"[0.031390572,0.0306702629,0.0308652104]",0.031390572,0.03097534843333333,0.0308652104,0.02757457200000002,0.031390572,0.04635239999999996,0.0,0.0,0.0,0.04635239999999996,0.04635239999999996,0.04635239999999996,5.114516094939455,1004872.1165160949,39
Stage2.2,0,s22g000_bfb9936c490528a9,79,trust_mix_0016,trust_mix,2.9325005571149636,47.89483968495235,"[2.415683345523593,1.2134774513649513,0.47907036778035206,1.1663210360515552,1.8650711448690056,0.12056101562482238,-0.26517432716858336,2.0851654424825945,-0.25591801368038736,-0.7678763872999994,-1.402352489867181,0.14487392190606307,-0.4819593068806356,0.04007494536940488,0.05555249778794485]",s22g000_bfb9936c490528a9,0.0313341844654178,0.040090198951996364,0.10403446636224305,0.0444728155139269,0.0848174791363574,,,,,True,,11,-0.027837796999999997,0.0301875673,737.7776000000013,0.04106375727214009,0.0301875673,1.3687919090713363,0.5817437020072838,0.7819410457617871,0.023458231372853616,1,0.6280101555085302,0.0,-0.3441332378223096,0,0,0,0,1,1,True,False,True,False,10000.0,True,1.0,1.0,0.0,0.02774261633527495,0.03117006486969731,0.04172799665820782,0.03422950819026769,0.6494714430781475,0.09663365730713908,0.1042945360118872,0.4143,265.2916646003723,1,True,False,0.0,2,0,1,True,True,1.0,10,10,1,True,True,1.0,10,10,3,POSITION_40MM_SPEED_FAIL,False,False,0.5270790776973251,4877.961506135878,1004877.9615061359,0.002568181645709513,0.0018443039557396075,1.0,0.4612771925704414,0.2547094870491103,0.05025112093661464,3000039.224323432,39.22432343182165,"[0.0313381542,0.0303968899,0.0301875673]",0.0313381542,0.030640870466666668,0.0301875673,0.027837796999999997,0.0313381542,0.04460514000000004,0.0,0.04294536011887207,0.0,0.04460514000000004,0.08755050011887211,0.06191867626297587,5.326829397460457,1004877.9615061359,40
Stage2.2,0,s22g000_b3643f901c5ac601,73,bridge_d12_p10_c18_026,boundary_bridge,2.940705705350912,50.11831596723443,"[2.415683345523593,1.2134774513649513,0.47907036778035206,1.1772859735881043,1.8362676809526233,0.10676327387172038,-0.3397497618880202,2.1251500318738574,-0.3295268209297435,-0.7696056682473754,-1.3194009612037643,0.10809326897264657,-0.5024181977314804,0.12093400675650666,0.14470887457011183]",s22g000_b3643f901c5ac601,0.03144487237240906,0.03388295352897909,0.09745929502002318,0.0481624124136355,0.0481624124136355,,,,,True,,11,-0.02766685999999996,0.0303251715,758.4741000000031,0.04104961837537604,0.0303251715,1.3683206125125347,0.5817437020072838,0.7819410457617871,0.023458231372853616,1,0.6280101555085302,0.0,-0.3441332378223096,0,0,0,0,1,1,True,False,True,False,10000.0,True,1.0,1.0,0.0,0.027696167913630595,0.031239409891961268,0.04174899337107409,0.023183966470939153,0.6494788159917876,0.09126230650963084,0.1005942279276565,0.4144,253.61037731170654,1,True,False,0.0,2,0,1,True,True,1.0,10,10,1,True,True,1.0,10,10,3,POSITION_40MM_SPEED_FAIL,False,False,0.5272419118007337,4878.002817957313,1004878.0028179573,0.002649594886630659,3.53106830006924e-05,1.0,0.4582583776216477,0.24983946998673076,0.0671370356795249,3000038.852885557,38.85288555699384,"[0.0313853287,0.0304944249,0.0303251715]",0.0313853287,0.030734975033333334,0.0303251715,0.02766685999999996,0.0313853287,0.046177623333333306,0.0,0.005942279276564877,0.0,0.046177623333333306,0.05211990260989818,0.046558388929557055,5.202485254715662,1004878.0028179573,41
Stage2.2,0,s22g000_f0bcbd0ea0b7f413,49,corner_local_0020,corner_local,2.9370954248555674,50.49507035233865,"[2.4156833455235933,1.2134774513649513,0.47907036778035206,1.2140130912863418,1.8379030300777808,0.0966000503651419,-0.36694290274551083,2.1890878757638577,-0.2809210638534567,-0.9262813730078278,-1.2589338376208183,0.21119518841654691,-0.5218604693605113,-0.09115140304928232,0.05149474185076315]",s22g000_f0bcbd0ea0b7f413,0.03145415116885103,0.03173933878128035,0.10013781386146933,0.04847170562836767,0.049849844243060826,,,,,True,,11,-0.027360759999999984,0.030629665,712.482600000003,0.04107051942439764,0.030629665,1.3690173141465882,0.5817437020072838,0.7819410457617871,0.023458231372853616,1,0.6280101555085302,0.0,-0.3441332378223096,0,0,0,0,1,1,True,False,True,False,10000.0,True,1.0,1.0,0.0,0.027591093674360304,0.031335846787960454,0.04175169151143288,0.002922698882607787,0.6495054333353601,0.08435004056539552,0.09818555532357527,0.41450000000000004,258.08165216445923,1,True,False,0.0,2,0,1,True,True,1.0,10,10,1,True,True,1.0,10,10,1,PASS_DAMPED_HOLD_40MM,False,True,0.527001199697482,4880.021856822772,1004880.0218568228,0.0027368371317016416,0.0,1.0,0.46526774240042423,0.24762338487254798,0.07069892601309641,1000038.6620115506,38.66201155064801,"[0.0313928273,0.0306007078,0.030629665]",0.0313928273,0.030874400033333332,0.030629665,0.027640691999999967,0.0313928273,0.04642757666666686,0.0,0.0,0.0,0.04642757666666686,0.04642757666666686,0.04642757666666686,5.126306822776255,1004880.0218568228,42
Stage2.2,0,s22g000_63c19d8845bea51c,4,corner_archive_04,anchor_corner,2.9112512525363368,72.87732416218043,"[2.415683345523593,1.2134774513649513,0.47907036778035206,1.171504546461472,1.8784632928826452,0.10337591932725043,-0.26590544639889224,2.1786969706242534,-0.226960531873909,-0.8351852201650649,-1.3573135959693288,0.15977816185308458,-0.38147750995002294,-0.22123391397199035,0.06203426961659384]",s22g000_63c19d8845bea51c,0.03135605099325604,0.03941127800835279,0.10683078304410068,0.06830783044100674,0.11350953021620813,,,,,True,,11,-0.027513467999999985,0.0302486039,692.3629000000001,0.040889717036024086,0.0302486039,1.3629905678674696,0.5817437020072838,0.7819410457617871,0.023458231372853616,1,0.6280101555085302,0.0,-0.3441332378223096,0,0,0,0,1,1,True,False,True,False,10000.0,True,1.0,1.0,0.0,0.02754286437757635,0.031191081453319475,0.04161121171450279,0.025876724459634782,0.6494770436362003,0.09494681422854075,0.10425037928969016,0.4143,259.20327162742615,1,True,False,0.0,2,0,1,True,True,1.0,10,10,1,True,True,1.0,10,10,3,POSITION_40MM_SPEED_FAIL,False,False,0.5290834551447243,4884.041824495303,1004884.0418244953,0.0025891408084557045,0.001806572410622707,1.0,0.46504097289640595,0.2512337419564906,0.060653041006048194,3000039.048772602,39.04877260200088,"[0.0313404952,0.0304143688,0.0302486039]",0.0313404952,0.03066782263333333,0.0302486039,0.027513467999999985,0.0313404952,0.04468317333333327,0.0,0.04250379289690165,0.0,0.04468317333333327,0.08718696623023492,0.06166975263254599,5.3068736085100525,1004884.0418244953,43
Stage2.2,0,s22g000_071574e0215b4c42,59,corner_local_0092,corner_local,2.91851965794465,52.60590393838137,"[2.4156833455235933,1.2134774513649513,0.47907036778035206,1.214024571731205,1.8935227951058857,0.08689838157529109,-0.3100598543968242,2.1464352483899045,-0.26313026716457505,-0.9655608553871358,-1.2382740821196527,0.21096380011802685,-0.3673749386099756,0.05963052106320454,0.06537139037743254]",s22g000_071574e0215b4c42,0.03137919823761997,0.03698134774844847,0.10487863343829891,0.04878633438298907,0.09475960897032132,,,,,True,,11,-0.027120582000000004,0.0305357547,717.9034000000029,0.04084064498899713,0.0305357547,1.361354832966571,0.5817437020072838,0.7819410457617871,0.023458231372853616,1,0.6280101555085302,0.0,-0.3441332378223096,0,0,0,0,1,1,True,False,True,False,10000.0,True,1.0,1.0,0.0,0.02743535128068152,0.031309628870556834,0.04162921281872141,0.008360157570019604,0.6494812425008716,0.08773750128647348,0.10043219061186975,0.41435,256.5778229236603,1,True,False,0.0,2,0,1,True,True,1.0,10,10,1,True,True,1.0,10,10,3,POSITION_40MM_SPEED_FAIL,False,False,0.5296486055177277,4890.9739699121565,1004890.9739699122,0.002724048902228907,1.867887249883426e-05,1.0,0.46147918091781703,0.24925226438215684,0.06250998108796856,3000038.6741805673,38.67418056705961,"[0.0313909422,0.0305678363,0.0305357547]",0.0313909422,0.030831511066666668,0.0305357547,0.027518331000000007,0.0313909422,0.046364740000000015,0.0,0.004321906118697427,0.0,0.046364740000000015,0.05068664611869744,0.046565738346626,5.18764709061858,1004890.9739699122,44
Stage2.2,0,s22g000_8c63179ff83e3aec,39,corner_local_0079,corner_local,2.9968077311321153,48.56016183793985,"[2.409019822811895,1.198039450629735,0.48122664718631664,1.18990175970589,1.8927451293251156,0.12248604065254301,-0.2586900947786323,2.229311043240137,-0.25680878665589973,-0.9260302164505901,-1.6570465117295434,0.2076548969621925,-0.33663310703389904,-0.18631940227906565,0.09363259591240544]",s22g000_8c63179ff83e3aec,0.03136967773450779,0.034879711123330395,0.1026200807442289,0.045655924483593235,0.07185673192588227,,,,,True,,11,-0.028276183999999982,0.0307221361,627.1063000000031,0.04175394865337622,0.0307221361,1.3917982884458742,0.5817437020072838,0.7819326651391102,0.023457979954173303,1,0.6279832306637085,0.0,-0.3441188317829352,0,0,0,0,1,1,True,False,True,False,10000.0,True,1.0,1.0,0.0,0.02792317070091707,0.03136882328557059,0.04199650623937555,0.0517721546476392,0.6496004130532538,0.09521667977136564,0.10056480668618505,0.41435,266.5694887638092,1,True,False,0.0,2,0,1,True,True,1.0,10,10,1,True,True,1.0,10,10,3,POSITION_40MM_SPEED_FAIL,False,False,0.519130317859876,4897.936982195824,1004897.9369821958,0.0028092542459510436,3.190065927593235e-05,1.0,0.4764566422984111,0.272516803099965,0.07356859231961416,3000039.517011089,39.5170110885848,"[0.0313913326,0.0306220597,0.0307221361]",0.0313913326,0.030911842799999995,0.0307221361,0.028276183999999982,0.0313913326,0.04637775333333338,0.0,0.005648066861850376,0.0,0.04637775333333338,0.05202582019518376,0.046720409496529974,5.337958585271768,1004897.9369821958,45
Stage2.2,0,s22g000_4ad164b92cb160eb,82,trust_mix_0045,trust_mix,2.9263025396222395,49.60613305762737,"[2.4156833455235933,1.2134774513649513,0.47907036778035206,1.215670833458155,1.88464035352122,0.09881235190378797,-0.3193308989244372,2.0366002522214774,-0.26531124231877523,-0.8943602893561893,-1.2404417958565723,0.15232575544370663,-0.36984112133250957,-0.09118067472388555,0.05530554084175591]",s22g000_4ad164b92cb160eb,0.031378422206055655,0.03944950822580097,0.1044789172224208,0.045947406868521945,0.09073657909272992,,,,,True,,11,-0.027493593999999955,0.0304965369,735.4409000000014,0.041060156769426676,0.0304965369,1.3686718923142225,0.5817437020072838,0.7819410457617871,0.023458231372853616,1,0.6280101555085302,0.0,-0.3441332378223096,0,0,0,0,1,1,True,False,True,False,10000.0,True,1.0,1.0,0.0,0.027633548290396513,0.031301911263797874,0.04175431282974673,0.009703222679001498,0.6494933784631621,0.0870107340252599,0.09925060859241304,0.41435,267.3486957550049,1,True,False,0.0,2,0,1,True,True,1.0,10,10,1,True,True,1.0,10,10,1,PASS_DAMPED_HOLD_40MM,False,True,0.527120543777808,4903.297202873044,1004903.297202873,0.0027227208518626218,0.0,1.0,0.45970668634882,0.24493945297891254,0.04585216970424761,1000038.7132275336,38.71322753361328,"[0.031399471,0.0305632141,0.0304965369]",0.031399471,0.030819740666666665,0.0304965369,0.027648109000000032,0.031399471,0.04664903333333337,0.0,0.0,0.0,0.04664903333333337,0.04664903333333337,0.04664903333333337,5.148702873183374,1004903.297202873,46
Stage2.2,0,s22g000_b4eb7dfd5c71af3f,40,corner_local_0058,corner_local,2.942597409973431,48.92222419539502,"[2.4156833455235933,1.2134774513649513,0.47907036778035206,1.226540326691917,1.8953845590961655,0.1008304630568811,-0.318153194106371,2.1105184782135016,-0.2732886056487999,-1.0136395546596126,-1.3175506692473176,0.2006539959169962,-0.47782261523342673,0.05699002098626479,0.03088031056037978]",s22g000_b4eb7dfd5c71af3f,0.031385514076946,0.03277903556302757,0.1021541088845849,0.04618380256486665,0.06772489141071558,,,,,True,,11,-0.027366836999999977,0.0307837552,743.5238000000027,0.04118960246953222,0.0307837552,1.3729867489844074,0.5817437020072838,0.7819410457617871,0.023458231372853616,1,0.6280101555085302,0.0,-0.3441332378223096,0,0,0,0,1,1,True,False,True,False,10000.0,True,1.0,1.0,0.0,0.027570962054192398,0.03139053115102623,0.04177946139596901,0.012331667696236169,0.6494934455052792,0.08514873975007607,0.09699898485112145,0.41435,254.6378870010376,1,True,False,0.0,2,0,1,True,True,1.0,10,10,1,True,True,1.0,10,10,1,PASS_DAMPED_HOLD_40MM,False,True,0.5256297503397813,4908.861763964407,1004908.8617639644,0.002826390492831359,0.0,1.0,0.4670543488997804,0.2540090270456662,0.058542630165542245,1000038.6807037622,38.68070376222662,"[0.0314010727,0.030660535,0.0307837552]",0.0314010727,0.030948454299999997,0.0307837552,0.027608933000000002,0.0314010727,0.0467024233333333,0.0,0.0,0.0,0.0467024233333333,0.0467024233333333,0.0467024233333333,5.1073139643705545,1004908.8617639644,47
Stage2.2,0,s22g000_76faa2af38fd7cbb,45,corner_local_0043,corner_local,2.9121733966034316,50.220104246886905,"[2.415683345523593,1.2134774513649513,0.47907036778035206,1.1744130606188514,1.863182086952401,0.10111577325387451,-0.2736318447891953,2.1659701316746998,-0.28366014955664975,-0.8789026432981824,-1.262808837194556,0.18414424384274367,-0.3748909889898251,-0.1146333336828229,0.06358320030819847]",s22g000_76faa2af38fd7cbb,0.031387474850758414,0.03622738029045293,0.10464817461973491,0.046481746197349016,0.09273090788929617,,,,,True,,11,-0.027374416000000013,0.030314635,712.5141000000003,0.040845265901010876,0.030314635,1.3615088633670291,0.5817437020072838,0.7819410457617871,0.023458231372853616,1,0.6280101555085302,0.0,-0.3441332378223096,0,0,0,0,1,1,True,False,True,False,10000.0,True,1.0,1.0,0.0,0.02753310108006766,0.031227697196590277,0.041632207811827075,0.01629217058321179,0.6494914949233069,0.09175080756233052,0.10280690421831017,0.4143,251.93585515022278,1,True,False,0.0,2,0,1,True,True,1.0,10,10,1,True,True,1.0,10,10,3,POSITION_40MM_SPEED_FAIL,False,False,0.5295953876410259,4910.330323118251,1004910.3303231183,0.002643154668813893,0.0007878711290767358,1.0,0.4606780869223785,0.24621563442417596,0.06658741025518473,3000038.852413222,38.85241322232547,"[0.0313671003,0.0304629882,0.030314635]",0.0313671003,0.030714907833333333,0.030314635,0.027549857999999983,0.0313671003,0.04557001000000005,0.0,0.028069042183101578,0.0,0.04557001000000005,0.07363905218310163,0.05352099532404868,5.252119061744775,1004910.3303231183,48
Stage2.2,0,s22g000_81905f3d6eb331d7,75,bridge_d19_p07_c19_025,boundary_bridge,2.9321825680812594,48.757961357118994,"[2.415683345523593,1.2134774513649513,0.47907036778035206,1.1894195274422716,1.8453774651370471,0.10610893006719221,-0.3396406238431426,2.0538938352243328,-0.3230213336343041,-0.7617939981287325,-1.25443004540655,0.1264352786705741,-0.5709947691348646,0.07941325638442273,0.12884788947921905]",s22g000_81905f3d6eb331d7,0.03139970814094986,0.03903181607846843,0.10051355994627387,0.046656938031662154,0.051792537494400825,,,,,True,,11,-0.02766685400000002,0.0303152758,756.0449000000008,0.04104230448071091,0.0303152758,1.3680768160236971,0.5817437020072838,0.7819410457617871,0.023458231372853616,1,0.6280101555085302,0.0,-0.3441332378223096,0,0,0,0,1,1,True,False,True,False,10000.0,True,1.0,1.0,0.0,0.027730119511367255,0.031241650163923447,0.04177319993823419,0.021564659561710896,0.6494910845035088,0.09112752579533716,0.10073660246608815,0.4144,251.53382682800293,1,True,False,0.0,2,0,1,True,True,1.0,10,10,1,True,True,1.0,10,10,3,POSITION_40MM_SPEED_FAIL,False,False,0.5273261440785483,4915.699052972952,1004915.699052973,0.0026679305166420323,5.4258319304711775e-05,1.0,0.45741482944503387,0.24450218671189997,0.0553260494470533,3000038.8513637716,38.85136377140449,"[0.0313944154,0.0304948193,0.0303152758]",0.0313944154,0.030734836833333334,0.0303152758,0.027711043000000046,0.0313944154,0.04648051333333347,0.0,0.007366024660881321,0.0,0.04648051333333347,0.053846537994214794,0.047060561397362255,5.201006265355172,1004915.699052973,49
Stage2.2,0,s22g000_408587d0b9cfb2f8,10,anchor_fill_10,anchor_fill,2.9002023752393473,71.44851998446762,"[2.415683345523593,1.2134774513649513,0.47907036778035206,1.171504546461472,1.8784632928826452,0.10337591932725043,-0.26590544639889224,2.0986969706242533,-0.226960531873909,-0.8351852201650649,-1.2773135959693287,0.15977816185308458,-0.38147750995002294,-0.061233913971990364,0.06203426961659384]",s22g000_408587d0b9cfb2f8,0.031356108947624424,0.04096008973296439,0.10669340122088615,0.06693401220886153,0.11213764379634239,,,,,True,,11,-0.027365237000000042,0.0302026146,713.4558000000034,0.040756031759020706,0.0302026146,1.358534391967357,0.5817437020072838,0.7819410457617871,0.023458231372853616,1,0.6280101555085302,0.0,-0.3441332378223096,0,0,0,0,1,1,True,False,True,False,10000.0,True,1.0,1.0,0.0,0.027504364638391246,0.03118309643598793,0.04157974960840565,0.022429268489632007,0.6494770436362003,0.09458092949810322,0.10448442325726524,0.4143,265.1111972332001,1,True,False,0.0,2,0,1,True,True,1.0,10,10,1,True,True,1.0,10,10,3,POSITION_40MM_SPEED_FAIL,False,False,0.530623074719225,4926.727989103878,1004926.7279891039,0.0026002053734699407,0.002011005195030134,1.0,0.4599335263626138,0.24757238235709325,0.04845464744147495,3000038.9997001286,38.999700128367266,"[0.0313495759,0.0304100676,0.0302026146]",0.0313495759,0.030654086033333333,0.0302026146,0.027510056999999977,0.0313495759,0.04498586333333354,0.0,0.044844232572652354,0.0,0.04498586333333354,0.0898300959059859,0.06351954891901782,5.3017232274827135,1004926.7279891039,50
Stage2.2,0,s22g000_09f8fdeab6342a94,80,trust_mix_0043,trust_mix,2.931210484022342,48.997325701905886,"[2.415683345523593,1.2134774513649513,0.47907036778035206,1.1723827425413533,1.849421695811447,0.10582432922039506,-0.29537915563784595,2.0713447570826435,-0.30699954846715444,-0.7968549198398129,-1.3074989007980242,0.14761396898938636,-0.4340588136258632,0.07361487084119028,0.07919989190464845]",s22g000_09f8fdeab6342a94,0.03140215367012324,0.03673241339401071,0.10090004924865018,0.046738455670774615,0.05573894815727631,,,,,True,,11,-0.027743492000000036,0.0302977185,754.6445000000022,0.0410810551794779,0.0302977185,1.3693685059825969,0.5817437020072838,0.7819410457617871,0.023458231372853616,1,0.6280101555085302,0.0,-0.3441332378223096,0,0,0,0,1,1,True,False,True,False,10000.0,True,1.0,1.0,0.0,0.02774195581070925,0.031234713131022485,0.04177587122467481,0.025738334978231386,0.6494875561936369,0.09266682714092628,0.10160571399448126,0.41435,265.2918338775635,1,True,False,0.0,2,0,1,True,True,1.0,10,10,1,True,True,1.0,10,10,3,POSITION_40MM_SPEED_FAIL,False,False,0.5268798620669118,4929.080345123773,1004929.0803451238,0.0026682059747426636,0.0002578317432072969,1.0,0.4574721300747386,0.24872681526595128,0.055209109901963566,3000038.946377508,38.946377507912835,"[0.0313876883,0.0304823139,0.0302977185]",0.0313876883,0.030722573566666665,0.0302977185,0.027743492000000036,0.0313876883,0.04625627666666676,0.0,0.016057139944812615,0.0,0.04625627666666676,0.06231341661147938,0.048964016116639336,5.234995894496559,1004929.0803451238,51
Stage2.2,0,s22g000_c4fe08238a405e0f,67,bridge_d12_p04_c19_036,boundary_bridge,2.9331802016903086,47.75248186796804,"[2.415683345523593,1.2134774513649513,0.47907036778035206,1.1913212599289655,1.8441823664941828,0.10368864023737477,-0.33612401591552143,2.0353923062400425,-0.3244319533011892,-0.7383587802201911,-1.27487859679228,0.11396159182284878,-0.4781940746548548,0.1769048739998627,0.13778322987323868]",s22g000_c4fe08238a405e0f,0.031374165976580826,0.039662532775537725,0.10021349052787276,0.04580553255269426,0.04794043783142188,,,,,True,,11,-0.02777879400000005,0.0302317596,767.4059000000016,0.04105631114221821,0.0302317596,1.368543704740607,0.5817437020072838,0.7819410457617871,0.023458231372853616,1,0.6280101555085302,0.0,-0.3441332378223096,0,0,0,0,1,1,True,False,True,False,10000.0,True,1.0,1.0,0.0,0.027789529038793795,0.03121294088459509,0.041791214421971416,0.028412333514930086,0.6494921351228872,0.09330999328279416,0.10161720000911942,0.4144,252.51065063476562,1,True,False,0.0,2,0,1,True,True,1.0,10,10,1,True,True,1.0,10,10,3,POSITION_40MM_SPEED_FAIL,False,False,0.5271648328951971,4930.463375886437,1004930.4633758864,0.002641615739141855,0.00026153358694957926,1.0,0.4547820162531002,0.2469273253913128,0.05264087922918899,3000038.9744618423,38.97446184240097,"[0.0313879407,0.030467779,0.0302317596]",0.0313879407,0.030695826433333333,0.0302317596,0.02777879400000005,0.0313879407,0.046264689999999886,0.0,0.016172000091194016,0.0,0.046264689999999886,0.0624366900911939,0.04900974523240932,5.237870289290171,1004930.4633758864,52
Stage2.2,0,s22g000_64d1fd71ec36e03d,52,corner_local_0009,corner_local,2.9284209639885965,55.95995180872573,"[2.415683345523593,1.2134774513649513,0.47907036778035206,1.171778473001139,1.8950675395434302,0.12023879256513731,-0.24613908165587423,2.0486247470718695,-0.27506437708668724,-0.8818798895751837,-1.2869063410201529,0.1333285439556064,-0.3914001988713275,-0.14185217595666932,0.008227741548686156]",s22g000_64d1fd71ec36e03d,0.031378630306961496,0.03779051258424945,0.10520120133235294,0.05201201332352934,0.09796635688891264,,,,,True,,11,-0.02748413999999999,0.0303875797,756.9285000000018,0.040972953903318364,0.0303875797,1.3657651301106122,0.5817437020072838,0.7819410457617871,0.023458231372853616,1,0.6280101555085302,0.0,-0.3441332378223096,0,0,0,0,1,1,True,False,True,False,10000.0,True,1.0,1.0,0.0,0.027558001791004944,0.031265448544388334,0.04167699287850344,0.0178993455993431,0.6494603199736881,0.0910703041806607,0.10174351487657149,0.4143,252.493577003479,1,True,False,0.0,2,0,1,True,True,1.0,10,10,1,True,True,1.0,10,10,3,POSITION_40MM_SPEED_FAIL,False,False,0.5281248371646521,4943.721585237887,1004943.7215852379,0.0027117935353274435,0.0003039844124826037,1.0,0.4603524776992013,0.24597328951859687,0.04857031341511968,3000038.8320612805,38.832061280709944,"[0.0313901665,0.0305028854,0.0303875797]",0.0313901665,0.030760210533333332,0.0303875797,0.02753926200000001,0.0313901665,0.04633888333333336,0.0,0.017435148765714725,0.0,0.04633888333333336,0.06377403209904808,0.049510367813851715,5.226755694461441,1004943.7215852379,53
Stage2.2,0,s22g000_b4f74a995742e3cf,28,probe_c2_h10_m,multi_center_probes,2.929534949381564,56.360717547840615,"[2.3705445176467634,1.218059178969841,0.480262669915016,1.1682261679559902,1.8099077094025633,0.11545774008274162,-0.32248626233046174,1.9935331231245323,-0.3671861759092953,-0.7057178132641703,-1.1874393168505422,0.12760775102737817,-0.4080934518181093,0.09286250362187769,0.13355042464019667]",s22g000_b4f74a995742e3cf,0.031624944871106155,0.037613469427244355,0.09509811518171518,0.05416482903687192,0.05416482903687192,,,,,True,,11,-0.02770440299999999,0.0300901953,759.3740000000034,0.04090175789350074,0.0300901953,1.3633919297833583,0.5817437020072838,0.7819287599363928,0.023457862798091783,1,0.6279649485659721,0.0,-0.3441121188564283,0,0,0,0,1,1,True,False,True,False,10000.0,True,1.0,1.0,0.0,0.027724501761890924,0.0311593648808577,0.041707961083269476,0.03542653798326746,0.6492231495334193,0.09614412387616693,0.10320254338209406,0.41409999999999997,260.51817178726196,1,True,False,0.0,2,0,1,True,True,1.0,10,10,1,True,True,1.0,10,10,3,POSITION_40MM_SPEED_FAIL,False,False,0.5289447836299519,4948.327883530874,1004948.3278835309,0.002592614753809088,0.001025628411419438,1.0,0.44868630641334495,0.23815117890072687,0.05124828413570801,3000039.1112585436,39.11125854358889,"[0.0313728103,0.0304120473,0.0300901953]",0.0313728103,0.030625017633333335,0.0300901953,0.02770440299999999,0.0313728103,0.04576034333333334,0.0,0.032025433820940474,0.0,0.04576034333333334,0.07778577715427382,0.05585371458912991,5.2967269912669215,1004948.3278835309,54
Stage2.2,0,s22g000_8980850167698185,81,trust_mix_0010,trust_mix,2.922766869555112,49.57397230065825,"[2.415683345523593,1.2134774513649513,0.47907036778035206,1.1834812635278567,1.8787185095038959,0.09728762013917701,-0.29787383096109493,2.1476851536553676,-0.2557441342022848,-0.8265501887128971,-1.3652236289453474,0.15656325286930467,-0.3504016653032399,0.0037466929506271597,0.06457265766371002]",s22g000_8980850167698185,0.031388202892482835,0.03792583215922974,0.10355094423139438,0.04627342974942783,0.08178287206337154,,,,,True,,11,-0.027556951999999968,0.0303649214,729.6642000000029,0.04100504914225174,0.0303649214,1.3668349714083914,0.5817437020072838,0.7819410457617871,0.023458231372853616,1,0.6280101555085302,0.0,-0.3441332378223096,0,0,0,0,1,1,True,False,True,False,10000.0,True,1.0,1.0,0.0,0.027587140588563208,0.031264395415277854,0.041695476331803656,0.02309647663826294,0.6494790387608316,0.0917588739643686,0.10128443924518125,0.4143,261.1623287200928,1,True,False,0.0,2,0,1,True,True,1.0,10,10,1,True,True,1.0,10,10,3,POSITION_40MM_SPEED_FAIL,False,False,0.5277552044031563,4957.80484082771,1004957.8048408277,0.0027152829809411463,0.00016497841745617686,1.0,0.46127716324819806,0.254072574740411,0.060358066639050696,3000038.8633735627,38.86337356247058,"[0.0313998472,0.0305125953,0.0303649214]",0.0313998472,0.030759121299999997,0.0303649214,0.027556951999999968,0.0313998472,0.04666157333333332,0.0,0.012844392451812459,0.0,0.04666157333333332,0.059505965785145776,0.04839711606488779,5.226528288956546,1004957.8048408277,55
Stage2.2,0,s22g000_459fe0b5cbfc4a1a,35,probe_c2_h13_p,multi_center_probes,2.9410246755712297,58.67213726813541,"[2.3705445176467634,1.218059178969841,0.480262669915016,1.2042261679559902,1.8099077094025633,0.11545774008274162,-0.3924862623304618,1.9935331231245323,-0.3371861759092953,-0.7957178132641703,-1.1874393168505422,0.09160775102737818,-0.4080934518181093,0.09286250362187769,0.16955042464019665]",s22g000_459fe0b5cbfc4a1a,0.031691617125616724,0.03392832637807534,0.09231735562445804,0.05638723752055741,0.05638723752055741,,,,,True,,11,-0.027505875000000013,0.0304582331,755.9287000000004,0.04103994545670792,0.0304582331,1.367998181890264,0.5817437020072838,0.7819287599363928,0.023457862798091783,1,0.6279649485659721,0.0,-0.3441121188564283,0,0,0,0,1,1,True,False,True,False,10000.0,True,1.0,1.0,0.0,0.02764660489819845,0.03129647215405667,0.041758878477357785,0.013795206166332934,0.6492303712697887,0.08612540102423603,0.0970017976438075,0.41415,266.4250752925873,1,True,False,0.0,2,0,1,True,True,1.0,10,10,1,True,True,1.0,10,10,1,PASS_DAMPED_HOLD_40MM,False,True,0.527353312362245,4963.750435791211,1004963.7504357912,0.0026996286551606435,0.0,1.0,0.4527243866282751,0.24056497702728705,0.04769340331897035,1000038.6405141293,38.64051412934046,"[0.0314167606,0.0305853785,0.0304582331]",0.0314167606,0.030820124066666666,0.0304582331,0.02766392399999995,0.0314167606,0.04722535333333355,0.0,0.0,0.0,0.04722535333333355,0.04722535333333355,0.04722535333333355,5.08833579121395,1004963.7504357912,56
Stage2.2,0,s22g000_25f40f06819d9243,60,bridge_d12_p05_c03_052,boundary_bridge,2.961507776706863,46.27477574410973,"[2.4528035550849707,1.2568238840729706,0.48274927294798753,1.2047102416510052,1.8183640023631589,0.10289973335530438,-0.3674998056371912,2.0379702216166105,-0.35794337966963574,-0.8305268312429303,-1.298929607883302,0.14497129564951314,-0.5563990052196388,0.18291196176243965,0.12195116719308015]",s22g000_25f40f06819d9243,0.03133184218372195,0.037697483581575375,0.10018657907662064,0.04439473945739847,0.04626053022360477,,,,,True,,11,-0.02776674400000001,0.0305758168,775.6107000000011,0.041302211143578,0.0305758168,1.3767403714526,0.5817437020072838,0.781928100002112,0.023457843000063358,1,0.6279591681789314,0.0,-0.3441109844491652,0,0,0,0,1,1,True,False,True,False,10000.0,True,1.0,1.0,0.0,0.027782565228296363,0.03133341834029314,0.04187665263070057,0.014774637218761641,0.6492388660731664,0.08541753348471613,0.09625818276054086,0.4144,249.24082946777344,1,True,False,0.0,2,0,1,True,True,1.0,10,10,1,True,True,1.0,10,10,1,PASS_DAMPED_HOLD_40MM,False,True,0.524332864678879,4964.264569979045,1004964.264569979,0.002750171542020681,0.0,1.0,0.45881907558226764,0.24887983811535436,0.059663507610827164,1000038.7160542767,38.71605427666034,"[0.0314169103,0.0306141199,0.0305758168]",0.0314169103,0.030868949000000003,0.0305758168,0.02776674400000001,0.0314169103,0.047230343333333424,0.0,0.0,0.0,0.047230343333333424,0.047230343333333424,0.047230343333333424,5.0785199790193065,1004964.264569979,57
Stage2.2,0,s22g000_d04efbc4db4b2f9f,83,trust_mix_0026,trust_mix,2.9323818067016507,50.04794664853198,"[2.415683345523593,1.2134774513649513,0.47907036778035206,1.1753467860108109,1.8882595659199637,0.10451261234787818,-0.25910184716599877,2.05464541544461,-0.2472789446906014,-0.8936249746524673,-1.3456924936804613,0.14356308363925693,-0.31455308273534177,-0.022330260416583928,0.06708112846015829]",s22g000_d04efbc4db4b2f9f,0.031401107438064756,0.037144450047858525,0.10361724577721684,0.046703581268825234,0.0828760390409935,,,,,True,,11,-0.027601155000000044,0.030462998,730.0836000000018,0.041107395982742954,0.030462998,1.3702465327580986,0.5817437020072838,0.7819410457617871,0.023458231372853616,1,0.6280101555085302,0.0,-0.3441332378223096,0,0,0,0,1,1,True,False,True,False,10000.0,True,1.0,1.0,0.0,0.02762970483198483,0.031305221498025664,0.04175425106672438,0.019359268057420383,0.6494772748984212,0.09003466760150969,0.10032363638575521,0.4143,264.537305355072,1,True,False,0.0,2,0,1,True,True,1.0,10,10,1,True,True,1.0,10,10,3,POSITION_40MM_SPEED_FAIL,False,False,0.5265765016877886,4971.007794461213,1004971.0077944612,0.0027781489338312326,1.0474051018469541e-05,1.0,0.46095793214143865,0.2526366301830865,0.04512599962062978,3000038.825884666,38.82588466589986,"[0.0314150732,0.0305554747,0.030462998]",0.0314150732,0.030811181966666667,0.030462998,0.027601155000000044,0.0314150732,0.04716910666666663,0.0,0.0032363638575521048,0.0,0.04716910666666663,0.05040547052421873,0.047280002905560864,5.1952427921728175,1004971.0077944612,58
Stage2.2,0,s22g000_d3d3f2bd512d251b,48,corner_local_0011,corner_local,2.9230855809891114,50.43278144412532,"[2.415683345523593,1.2134774513649513,0.47907036778035206,1.156652467606232,1.8602464561076966,0.098455384303474,-0.2779279264774428,2.155095593998877,-0.2619776354708039,-0.8064299019773138,-1.3594121376702109,0.19077265329511534,-0.42915519829800153,-0.0364536509490091,0.03576982772498794]",s22g000_d3d3f2bd512d251b,0.03142482560936057,0.03655404943841846,0.10252399032620552,0.04749418697868579,0.07273409024074096,,,,,True,,11,-0.02757307600000003,0.0303179361,721.8453000000009,0.040981114790418535,0.0303179361,1.366037159680618,0.5817437020072838,0.7819410457617871,0.023458231372853616,1,0.6280101555085302,0.0,-0.3441332378223096,0,0,0,0,1,1,True,False,True,False,10000.0,True,1.0,1.0,0.0,0.027585793485044016,0.03125335574998074,0.04168630767811358,0.025761934545652718,0.64947696169296,0.09325872336635765,0.10230472695660495,0.4143,267.132661819458,1,True,False,0.0,2,0,1,True,True,1.0,10,10,1,True,True,1.0,10,10,3,POSITION_40MM_SPEED_FAIL,False,False,0.5280308502888618,5018.314493678976,1005018.314493679,0.002729900149838296,0.0005311766344501423,1.0,0.46170745500916144,0.252500926255442,0.061560846396091086,3000038.9466043655,38.94660436552685,"[0.0314044279,0.0304909949,0.0303179361]",0.0314044279,0.0307377863,0.0303179361,0.02757307600000003,0.0314044279,0.04681426333333327,0.0,0.0230472695660493,0.0,0.04681426333333327,0.06986153289938257,0.05217999507371397,5.262033674431936,1005018.314493679,59
Stage2.2,0,s22g000_b918ef9d4cdda3ed,44,corner_local_0088,corner_local,2.9744544822500796,49.90195867764867,"[2.4156833455235933,1.2134774513649513,0.47907036778035206,1.2305467391022724,1.854674020987499,0.08314048844750663,-0.35451839392971507,2.1527090784211684,-0.2965880646385371,-0.9864942687709013,-1.3537528619338246,0.23117026140526287,-0.47186561146285033,-0.00026473997776152447,0.04415236847399711]",s22g000_b918ef9d4cdda3ed,0.03143862156152383,0.029989320057847987,0.09846273697433384,0.047954052050794393,0.047954052050794393,,,,,True,,11,-0.027670592999999966,0.0308741332,720.1676000000007,0.04145930315168104,0.0308741332,1.3819767717227014,0.5817437020072838,0.7819410457617871,0.023458231372853616,1,0.6280101555085302,0.0,-0.3441332378223096,0,0,0,0,1,1,True,False,True,False,10000.0,True,1.0,1.0,0.0,0.027755267342447636,0.03143883381453386,0.04193751467205249,0.018315157658410686,0.649495652399434,0.08439132634142586,0.09486029472228141,0.41455,264.8030641078949,1,True,False,0.0,2,0,1,True,True,1.0,10,10,1,True,True,1.0,10,10,1,PASS_DAMPED_HOLD_40MM,False,True,0.5225236756934164,5029.964370541391,1005029.9643705414,0.0029314090198641505,0.0,1.0,0.4668324058462774,0.25525075140381825,0.06796023105516272,1000038.754426512,38.754426512044176,"[0.0314356843,0.0307235857,0.0308741332]",0.0314356843,0.0310111344,0.0308741332,0.027746428000000045,0.0314356843,0.047856143333333545,0.0,0.0,0.0,0.047856143333333545,0.047856143333333545,0.047856143333333545,5.069320541386542,1005029.9643705414,60
Stage2.2,0,s22g000_64df4430bb8dd40b,74,bridge_d12_p01_c12_062,boundary_bridge,2.9453837839210593,49.80984740505339,"[2.415683345523593,1.2134774513649513,0.47907036778035206,1.1961719336614802,1.8299788829831292,0.10438291541331714,-0.3590354283319236,2.0454293286819767,-0.34276102471627057,-0.7841959787102383,-1.2673420203111345,0.11835541556409954,-0.5106152938605717,0.13679854018985807,0.12657139333157896]",s22g000_64df4430bb8dd40b,0.03143597289136195,0.03593112623431839,0.09753406466647285,0.047865763045398246,0.047865763045398246,,,,,True,,11,-0.02780685500000002,0.0304599044,772.7742000000035,0.041243508107921246,0.0304599044,1.3747836035973748,0.5817437020072838,0.7819410457617871,0.023458231372853616,1,0.6280101555085302,0.0,-0.3441332378223096,0,0,0,0,1,1,True,False,True,False,10000.0,True,1.0,1.0,0.0,0.027828615259482697,0.03131153904072207,0.041890861824018084,0.019230256776033294,0.6495005295785714,0.08802566348689327,0.09789021748282178,0.41445,266.00867915153503,1,True,False,0.0,2,0,1,True,True,1.0,10,10,1,True,True,1.0,10,10,1,PASS_DAMPED_HOLD_40MM,False,True,0.5250089327157315,5030.077455106424,1005030.0774551064,0.002771035109624927,0.0,1.0,0.4565728958563875,0.24627911254940554,0.056896080202259676,1000038.8051770526,38.80517705256955,"[0.0314356997,0.0305861405,0.0304599044]",0.0314356997,0.0308272482,0.0304599044,0.02780685500000002,0.0314356997,0.04785665666666672,0.0,0.0,0.0,0.04785665666666672,0.04785665666666672,0.04785665666666672,5.1285051064435105,1005030.0774551064,61
Stage2.2,0,s22g000_3986e712367d7808,76,bridge_d01_p08_c20_059,boundary_bridge,2.933404676955154,51.10853809447822,"[2.415683345523593,1.2134774513649513,0.47907036778035206,1.18396683692467,1.8550943228063361,0.10898242794532514,-0.3408619585660027,2.079188591740964,-0.33376608491615123,-0.8401183826541272,-1.2159304080588222,0.18718826886600018,-0.5772094810879305,0.2000697456304354,0.04060757946527758]",s22g000_3986e712367d7808,0.03147343857829929,0.03607240365592003,0.09900678272464707,0.04911461927664296,0.04911461927664296,,,,,True,,11,-0.027283272999999997,0.0304944708,785.4329000000034,0.040918085670820205,0.0304944708,1.36393618902734,0.5817437020072838,0.7819410457617871,0.023458231372853616,1,0.6280101555085302,0.0,-0.3441332378223096,0,0,0,0,1,1,True,False,True,False,10000.0,True,1.0,1.0,0.0,0.027529952981960603,0.03132605929187316,0.04170396026694484,0.010728653420281769,0.6494747263627179,0.08696732744014052,0.09873678112893315,0.41435,256.43738985061646,1,True,False,0.0,2,0,1,True,True,1.0,10,10,1,True,True,1.0,10,10,1,PASS_DAMPED_HOLD_40MM,False,True,0.5287567407419643,5045.931369712809,1005045.9313697128,0.0028059291755029884,0.0,1.0,0.45797513966827275,0.2452558345576602,0.06093624350988322,1000038.6624415865,38.66244158648619,"[0.0314402248,0.0305922823,0.0304944708]",0.0314402248,0.030842325966666667,0.0304944708,0.027585675999999948,0.0314402248,0.04800749333333343,0.0,0.0,0.0,0.04800749333333343,0.04800749333333343,0.04800749333333343,5.144569712767355,1005045.9313697128,62
Stage2.2,0,s22g000_f0f3f175ae173a18,34,probe_c2_h13_m,multi_center_probes,2.927408936490566,56.04990841618911,"[2.3705445176467634,1.218059178969841,0.480262669915016,1.1682261679559902,1.8459077094025633,0.09945774008274161,-0.32248626233046174,2.0635331231245324,-0.3671861759092953,-0.7057178132641703,-1.277439316850542,0.12760775102737817,-0.49809345181810927,0.18286250362187767,0.13355042464019667]",s22g000_f0f3f175ae173a18,0.0316159798363507,0.034521638939430103,0.09357816156093017,0.05386599454502328,0.05386599454502328,,,,,True,,11,-0.027571334000000003,0.0302477034,777.3147000000026,0.040928010207117664,0.0302477034,1.364267006903922,0.5817437020072838,0.7819287599363928,0.023457862798091783,1,0.6279649485659721,0.0,-0.3441121188564283,0,0,0,0,1,1,True,False,True,False,10000.0,True,1.0,1.0,0.0,0.027580083249109884,0.031246401733944086,0.04167731533276652,0.03071477005383651,0.649263434149786,0.09326209336810676,0.10100606873282257,0.41409999999999997,245.38342714309692,1,True,False,0.0,2,0,1,True,True,1.0,10,10,1,True,True,1.0,10,10,3,POSITION_40MM_SPEED_FAIL,False,False,0.5286424423637591,5060.214006149792,1005060.2140061498,0.0027421459100267966,0.00010121742951631968,1.0,0.4535022861165541,0.24581233405823288,0.062315576063524704,3000038.9119130066,38.911913006783735,"[0.0314324817,0.0305052924,0.0302477034]",0.0314324817,0.0307284925,0.0302477034,0.027571334000000003,0.0314324817,0.047749390000000114,0.0,0.010060687328225626,0.0,0.047749390000000114,0.05781007732822574,0.04879776301110975,5.236933825809492,1005060.2140061498,63
Stage2.2,0,s22g000_90b939d0d1a84f4f,85,trust_mix_0019,trust_mix,2.919728741472926,80.91729846796945,"[2.415683345523593,1.2134774513649513,0.47907036778035206,1.1610306198520433,1.8944969859618885,0.10350194024017323,-0.24411045802154427,2.2263441902554924,-0.25890880257382853,-0.836927235231673,-1.3614785450154905,0.143921469455187,-0.41701489303059286,-0.2449642093687196,0.07761940868280219]",s22g000_90b939d0d1a84f4f,0.03135295891182939,0.03818632905994098,0.10760424576584446,0.07604245765844442,0.12114108805275747,,,,,True,,11,-0.027490239000000027,0.0303397371,697.630000000001,0.0409415789580011,0.0303397371,1.364719298600037,0.5817437020072838,0.7819410457617871,0.023458231372853616,1,0.6280101555085302,0.0,-0.3441332378223096,0,0,0,0,1,1,True,False,True,False,10000.0,True,1.0,1.0,0.0,0.027511367644411814,0.03126423291030199,0.04164525914357598,0.025678850986031787,0.6495256066698422,0.09403627948014845,0.10325728589911588,0.4143,266.6025085449219,1,True,False,0.0,2,0,1,True,True,1.0,10,10,1,True,True,1.0,10,10,3,POSITION_40MM_SPEED_FAIL,False,False,0.5284861744864734,5076.3735811692895,1005076.3735811693,0.00276470107734414,0.0010609911428579076,1.0,0.46503414676912,0.25040282849027073,0.07323450406642788,3000039.000216357,39.00021635681647,"[0.0314087413,0.0304899806,0.0303397371]",0.0314087413,0.030746153,0.0303397371,0.027490239000000027,0.0314087413,0.04695804333333342,0.0,0.03257285899115869,0.0,0.04695804333333342,0.07953090232449211,0.057149356746626,5.296281791300427,1005076.3735811693,64
Stage2.2,0,s22g000_0d10f9b8a80a919d,77,bridge_d05_p09_c05_008,boundary_bridge,2.951851632867012,58.439622771192354,"[2.3705445176467634,1.218059178969841,0.480262669915016,1.180001562026935,1.8308238705057969,0.10175721142749598,-0.35328698089602667,2.010093041998316,-0.352045112646612,-0.7677216222640129,-1.2878175444253182,0.11940917851516612,-0.6103778600022655,0.11214300864774923,0.1408936381743776]",s22g000_0d10f9b8a80a919d,0.03168490685350568,0.031642088808315726,0.09102560065939183,0.056163561783522775,0.056163561783522775,,,,,True,,11,-0.02765965800000003,0.0305236542,768.1091000000015,0.041191627139482406,0.0305236542,1.3730542379827468,0.5817437020072838,0.7819287599363928,0.023457862798091783,1,0.6279649485659721,0.0,-0.3441121188564283,0,0,0,0,1,1,True,False,True,False,10000.0,True,1.0,1.0,0.0,0.027663055408236516,0.03134002063006681,0.041802410547864065,0.019057761915298104,0.6492236911817584,0.08697191262983367,0.09678010002064175,0.41409999999999997,265.70781779289246,1,True,False,0.0,2,0,1,True,True,1.0,10,10,1,True,True,1.0,10,10,1,PASS_DAMPED_HOLD_40MM,False,True,0.5256064327272731,5085.026356072514,1005085.0263560725,0.002820182881125631,0.0,1.0,0.45781058071422065,0.24584148606603626,0.05201604293401333,1000038.7211051716,38.721105171649036,"[0.0314514071,0.0306168052,0.0305236542]",0.0314514071,0.0308639555,0.0305236542,0.02765965800000003,0.0314514071,0.0483802366666668,0.0,0.0,0.0,0.0483802366666668,0.0483802366666668,0.0483802366666668,5.101506072439116,1005085.0263560725,65
Stage2.2,0,s22g000_61bc8a2fba70b3c8,12,probe_c0_h00_m,multi_center_probes,2.9675818280673205,50.237369846695216,"[2.4156833455235933,1.2134774513649513,0.47907036778035206,1.20451386829527,1.885607993302751,0.08719209587785587,-0.2820698200043853,1.9806650835231416,-0.29301237917391876,-1.0146869355305808,-1.278495903924138,0.12837809968567582,-0.4753661927695651,-0.20839027779866987,0.059784910252844645]",s22g000_61bc8a2fba70b3c8,0.03144204375236358,0.03185404743661987,0.10054210986619276,0.048068125078785995,0.05348922374071363,,,,,True,,11,-0.027652133999999995,0.0308793765,752.9235000000008,0.041450891519757546,0.0308793765,1.381696383991918,0.5817437020072838,0.7819410457617871,0.023458231372853616,1,0.6280101555085302,0.0,-0.3441332378223096,0,0,0,0,1,1,True,False,True,False,10000.0,True,1.0,1.0,0.0,0.02771725156557148,0.03145624171995596,0.04192542399897075,0.0196419134862874,0.6494816992134795,0.08543189619020841,0.09565622660700579,0.41435,259.6535909175873,1,True,False,0.0,2,0,1,True,True,1.0,10,10,1,True,True,1.0,10,10,1,PASS_DAMPED_HOLD_40MM,False,True,0.522620550334014,5106.47470484965,1005106.4747048497,0.003007426271442268,0.0,1.0,0.46555622723931983,0.24562155892079396,0.04110510607724932,1000038.788824802,38.78882480199969,"[0.0314575378,0.0307291842,0.0308793765]",0.0314575378,0.031022032833333334,0.0308793765,0.027705223999999973,0.0314575378,0.048584593333333315,0.0,0.0,0.0,0.048584593333333315,0.048584593333333315,0.048584593333333315,5.092404849746171,1005106.4747048497,66
Stage2.2,0,s22g000_d0d924aa3e6dcbe4,61,bridge_d01_p06_c12_058,boundary_bridge,2.9147274352128436,46.41259107669674,"[2.415683345523593,1.2134774513649513,0.47907036778035206,1.1990967592242194,1.8468894838121654,0.11549775269489383,-0.29677123808009476,2.1282592260569717,-0.3257415226291378,-0.8553124521266954,-1.253719593750708,0.16303782612188022,-0.5758356270520264,0.2726817298106954,0.01929223387042348]",s22g000_d0d924aa3e6dcbe4,0.03130080459752137,0.03753224909307244,0.10322221105400987,0.043360153250712186,0.07558226379081079,,,,,True,,11,-0.027435301999999995,0.0301423946,806.3712000000014,0.04075855429297404,0.0301423946,1.358618476432468,0.5817437020072838,0.7819410457617871,0.023458231372853616,1,0.6280101555085302,0.0,-0.3441332378223096,0,0,0,0,1,1,True,False,True,False,10000.0,True,1.0,1.0,0.0,0.027640902723465526,0.03109765424222121,0.04160629282616781,0.01804433159108205,0.6494845286128947,0.09381383673774804,0.10468638326207552,0.4144,261.4972515106201,1,True,False,0.0,2,0,1,True,True,1.0,10,10,1,True,True,1.0,10,10,3,POSITION_40MM_SPEED_FAIL,False,False,0.5305940233327225,5108.674297129619,1005108.6742971296,0.0023666376319321915,0.0021962188079061506,1.0,0.45982710955013434,0.24900025723001434,0.06684737912933682,3000038.979760961,38.97976096094415,"[0.0312511436,0.0303218479,0.0301423946]",0.0312511436,0.030571795366666668,0.0301423946,0.027682078,0.0312511436,0.04170478666666688,0.0,0.04686383262075511,0.0,0.04686383262075511,0.08856861928742199,0.06273362765549548,5.282930248858026,1005108.6742971296,67
Stage2.2,0,s22g000_2044aa08ba72461d,18,probe_c0_h03_m,multi_center_probes,2.9441678175584567,50.118714965597846,"[2.4156833455235933,1.2134774513649513,0.47907036778035206,1.20451386829527,1.921607993302751,0.10319209587785586,-0.2820698200043853,1.9806650835231416,-0.26301237917391873,-0.9246869355305808,-1.278495903924138,0.12837809968567582,-0.38536619276956513,-0.11839027779866988,0.059784910252844645]",s22g000_2044aa08ba72461d,0.03139381677889898,0.03831603779350281,0.10442572904731055,0.04646055929663273,0.09071784976973829,,,,,True,,11,-0.027569484000000033,0.030642864,742.0533000000032,0.04121967445466732,0.030642864,1.3739891484889106,0.5817437020072838,0.7819410457617871,0.023458231372853616,1,0.6280101555085302,0.0,-0.3441332378223096,0,0,0,0,1,1,True,False,True,False,10000.0,True,1.0,1.0,0.0,0.02764446022703217,0.03138606794121861,0.041824651128906674,0.0124230389208957,0.6494773411241045,0.08603086087609761,0.0976007861453882,0.4143,265.5745859146118,1,True,False,0.0,2,0,1,True,True,1.0,10,10,1,True,True,1.0,10,10,1,PASS_DAMPED_HOLD_40MM,False,True,0.5252834188813297,5109.066171238548,1005109.0661712385,0.002915290345322485,0.0,1.0,0.46089426088283747,0.24643207035663026,0.0394656549367716,1000038.7299810741,38.72998107414637,"[0.0314582699,0.0306522541,0.030642864]",0.0314582699,0.030917795999999997,0.030642864,0.027631874,0.0314582699,0.04860899666666674,0.0,0.0,0.0,0.04860899666666674,0.04860899666666674,0.04860899666666674,5.12152123859788,1005109.0661712385,68
Stage2.2,0,s22g000_bfeb3f2b6039de2c,26,probe_c1_h08_m,multi_center_probes,2.974629134927293,61.94042575852312,"[2.3911854335466187,1.204177336495726,0.471384395947247,1.1791401768972367,1.8359570748969636,0.09297634217886161,-0.3440006520551947,2.2326518817729637,-0.18636508593500523,-1.0838130457377542,-1.4703087584692327,0.22610607007822167,-0.4931494086987542,-0.2143030047699112,0.02801072084622147]",s22g000_bfeb3f2b6039de2c,0.03178588498463002,0.019497289956866344,0.09158218667724168,0.05952949948766717,0.05952949948766717,,,,,True,,11,-0.027344622999999957,0.0312176509,664.8462,0.04150024258635602,0.0312176509,1.3833414195452007,0.5817437020072838,0.7819332053556993,0.02345799616067098,1,0.6279867362113741,0.0,-0.3441197603990719,0,0,0,0,1,1,True,False,True,False,10000.0,True,1.0,1.0,0.0,0.027479762742465684,0.03156129005145362,0.0418479675742346,0.037944692324312704,0.6493158589123725,0.08666992532268943,0.09406028004475468,0.4144,266.2090175151825,1,True,False,0.0,2,0,1,True,True,1.0,10,10,1,True,True,1.0,10,10,1,PASS_DAMPED_HOLD_40MM,False,True,0.5220521865630688,5122.494174220483,1005122.4941742205,0.003205697457761125,0.0,1.0,0.4797612626509903,0.2641762053241856,0.0629268134414672,1000038.9402504785,38.94025047844126,"[0.0314621046,0.0308540146,0.0312176509]",0.0314621046,0.031177923366666666,0.0312176509,0.02747836299999995,0.0314621046,0.048736820000000014,0.0,0.0,0.0,0.048736820000000014,0.048736820000000014,0.048736820000000014,5.128074220462507,1005122.4941742205,69
Stage2.2,0,s22g000_d9e0f58c3a81b596,43,corner_local_0075,corner_local,2.945614526293782,49.43484542010274,"[2.4156833455235933,1.2134774513649513,0.47907036778035206,1.203232229890707,1.923961273152703,0.10311555434035845,-0.3015136865631473,2.0193263420065133,-0.2880013438869492,-0.8449940836694343,-1.2998160504480247,0.10782666653353765,-0.5612722349777455,-0.31049837838059546,0.09493201033233606]",s22g000_d9e0f58c3a81b596,0.03138027647055396,0.039087781360694476,0.10388951240575589,0.046009215685132165,0.08490433974269096,,,,,True,,11,-0.02766151299999997,0.0306248959,724.9125000000022,0.04126794822056221,0.0306248959,1.3755982740187407,0.5817437020072838,0.7819410457617871,0.023458231372853616,1,0.6280101555085302,0.0,-0.3441332378223096,0,0,0,0,1,1,True,False,True,False,10000.0,True,1.0,1.0,0.0,0.02764431648554742,0.03138666598799243,0.041825004910877296,0.022244750188288417,0.6495261572446765,0.08866448523894752,0.09815007965679094,0.4143,258.08619236946106,1,True,False,0.0,2,0,1,True,True,1.0,10,10,1,True,True,1.0,10,10,1,PASS_DAMPED_HOLD_40MM,False,True,0.5247274621105272,5152.073197856895,1005152.0731978569,0.002939667602000992,0.0,1.0,0.4654109620079332,0.2434606631034933,0.04826961959453737,1000038.8320611257,38.832061125709,"[0.0314705475,0.0306433345,0.0306248959]",0.0314705475,0.030912925966666668,0.0306248959,0.02766151299999997,0.0314705475,0.04901825000000004,0.0,0.0,0.0,0.04901825000000004,0.04901825000000004,0.04901825000000004,5.156947857052027,1005152.0731978569,70
Stage2.2,0,s22g000_b260185d47b9b429,90,random_corner_parent_26_0017,random_local,2.927880381165338,51.00500890345913,"[2.415683345523593,1.2134774513649513,0.47907036778035206,1.2038334938880324,1.9128593968284897,0.10158316245378328,-0.3169418155775542,2.038624238870603,-0.287297516287598,-0.8866239740169685,-1.2267031857855566,0.14894833295180668,-0.38577236727709074,-0.11912726524553433,0.08800031272652074]",s22g000_b260185d47b9b429,0.031426867650826716,0.03897033695378898,0.10377746217747001,0.047562255027557176,0.08533687680225732,,,,,True,,11,-0.027326057999999986,0.0306053678,728.375,0.04102928203116209,0.0306053678,1.3676427343720696,0.5817437020072838,0.7819410457617871,0.023458231372853616,1,0.6280101555085302,0.0,-0.3441332378223096,0,0,0,0,1,1,True,False,True,False,10000.0,True,1.0,1.0,0.0,0.027500923064603625,0.031387096529670304,0.04173069131907701,0.007326272517622304,0.6494776172391141,0.08525801821710399,0.09783494403730812,0.4143,268.6889750957489,1,True,False,0.0,2,0,1,True,True,1.0,10,10,1,True,True,1.0,10,10,1,PASS_DAMPED_HOLD_40MM,False,True,0.5274761203413255,5181.351952800527,1005181.3519528005,0.00294265729204576,0.0,1.0,0.45935195663658707,0.24312571444879227,0.0503514433613439,1000038.6533419801,38.65334198005608,"[0.0314789216,0.0306576603,0.0306053678]",0.0314789216,0.030913983233333334,0.0306053678,0.027525962999999987,0.0314789216,0.04929738666666683,0.0,0.0,0.0,0.04929738666666683,0.04929738666666683,0.04929738666666683,5.126352800560216,1005181.3519528005,71
Stage2.2,0,s22g000_a9a8a017337b64b6,32,probe_c2_h12_m,multi_center_probes,2.9257903096119002,61.08002662693125,"[2.3705445176467634,1.218059178969841,0.480262669915016,1.1682261679559902,1.8099077094025633,0.09945774008274161,-0.3924862623304618,2.0635331231245324,-0.3371861759092953,-0.7057178132641703,-1.1874393168505422,0.12760775102737817,-0.4080934518181093,0.18286250362187767,0.16955042464019665]",s22g000_a9a8a017337b64b6,0.031761079867033706,0.0338767505773674,0.09063144899835647,0.05870266223445686,0.05870266223445686,,,,,True,,11,-0.027278597000000016,0.0303550625,747.2688000000016,0.04081117094212461,0.0303550625,1.3603723647374868,0.5817437020072838,0.7819287599363928,0.023457862798091783,1,0.6279649485659721,0.0,-0.3441121188564283,0,0,0,0,1,1,True,False,True,False,10000.0,True,1.0,1.0,0.0,0.02747372469525924,0.0313163135997454,0.04165953727669687,0.02503820668159776,0.649223854928498,0.09030309206210226,0.09879895682665071,0.41409999999999997,266.8063700199127,1,True,False,0.0,2,0,1,True,True,1.0,10,10,1,True,True,1.0,10,10,1,PASS_DAMPED_HOLD_40MM,False,True,0.5299880506722119,5232.186431344133,1005232.1864313441,0.0028656566417761694,0.0,1.0,0.45043145928481115,0.2416500078021165,0.05855449134624137,1000038.735325926,38.735325926027706,"[0.0314934328,0.0306045177,0.0303550625]",0.0314934328,0.030817671,0.0303550625,0.027504602000000045,0.0314934328,0.04978109333333336,0.0,0.0,0.0,0.04978109333333336,0.04978109333333336,0.04978109333333336,5.1716313441199935,1005232.1864313441,72
Stage2.2,0,s22g000_00e7d40bf59589a3,87,trust_mix_0008,trust_mix,2.9135278278011056,52.743968358589576,"[2.3705445176467634,1.218059178969841,0.480262669915016,1.1921115696713016,1.8409031765028807,0.11011160954988505,-0.32215272113752946,2.0544576552853826,-0.3323516002207449,-0.7390032448024285,-1.2593674212364638,0.12827469336320144,-0.4903240730285608,0.098647785787111,0.13962439962147166]",s22g000_00e7d40bf59589a3,0.031520620185008986,0.036011196906780174,0.09696555859329353,0.05068733950029958,0.05068733950029958,,,,,True,,11,-0.027550328999999985,0.0300471161,747.1985000000022,0.04076579220296252,0.0300471161,1.3588597400987505,0.5817437020072838,0.7819287599363928,0.023457862798091783,1,0.6279649485659721,0.0,-0.3441121188564283,0,0,0,0,1,1,True,False,True,False,10000.0,True,1.0,1.0,0.0,0.027597895476271977,0.03108972550378998,0.04157180374508956,0.030877534663571595,0.6492219723686228,0.09661852391907745,0.10480800846679111,0.41409999999999997,250.01531195640564,1,True,False,0.0,2,0,1,True,True,1.0,10,10,1,True,True,1.0,10,10,3,POSITION_40MM_SPEED_FAIL,False,False,0.53051066615124,5241.398603863083,1005241.3986038631,0.002421663223343546,0.002311694541673493,1.0,0.4553777301111287,0.24436261879380178,0.055857883574605485,3000039.10735185,39.107351849815466,"[0.0312851863,0.0303222431,0.0300471161]",0.0312851863,0.030551515166666664,0.0300471161,0.02756831599999998,0.0312851863,0.042839543333333285,0.0,0.04808008466791103,0.0,0.04808008466791103,0.09091962800124431,0.06439659163870425,5.315033428274149,1005241.3986038631,73
Stage2.2,0,s22g000_571ab4a158d29207,29,probe_c2_h10_p,multi_center_probes,2.9411571879472933,58.10235923027309,"[2.3705445176467634,1.218059178969841,0.480262669915016,1.2042261679559902,1.8459077094025633,0.09945774008274161,-0.3924862623304618,2.0635331231245324,-0.3371861759092953,-0.7957178132641703,-1.277439316850542,0.09160775102737818,-0.49809345181810927,0.18286250362187767,0.16955042464019665]",s22g000_571ab4a158d29207,0.03167518118245366,0.029515473039052345,0.09036012449882486,0.05583937274845541,0.05583937274845541,,,,,True,,11,-0.027431536000000034,0.030649538,773.8056000000033,0.04113250961141007,0.030649538,1.371083653713669,0.5817437020072838,0.7819287599363928,0.023457862798091783,1,0.6279649485659721,0.0,-0.3441121188564283,0,0,0,0,1,1,True,False,True,False,10000.0,True,1.0,1.0,0.0,0.02754933805798032,0.03141450789365023,0.04178321832546047,0.010081189677419512,0.6492383287639514,0.08324777864381867,0.09481818063529814,0.41409999999999997,263.18604588508606,1,True,False,0.0,2,0,1,True,True,1.0,10,10,1,True,True,1.0,10,10,1,PASS_DAMPED_HOLD_40MM,False,True,0.5262872743686003,5276.8830534957815,1005276.8830534958,0.0029815935557918494,0.0,1.0,0.4574431692397247,0.24803930535447694,0.058879663186409976,1000038.5901472762,38.59014727617652,"[0.0315062376,0.0307113869,0.030649538]",0.0315062376,0.030955720833333335,0.030649538,0.027548106000000017,0.0315062376,0.05020792000000007,0.0,0.0,0.0,0.05020792000000007,0.05020792000000007,0.05020792000000007,5.05145349589647,1005276.8830534958,74
Stage2.2,0,s22g000_2dd1b90649e15692,89,trust_mix_0018,trust_mix,2.9405404670154436,52.194883191274734,"[2.415683345523593,1.2134774513649513,0.47907036778035206,1.1594776206091901,1.8656516249727604,0.10424647443705769,-0.3051897354065279,2.0751542363646047,-0.2687098740226032,-0.8108341103712875,-1.317297240344154,0.20901994882866712,-0.4462624540972113,-0.16196250102746274,0.055326192205558136]",s22g000_2dd1b90649e15692,0.03150289802317142,0.03627170495052631,0.10016253245832174,0.05009660077238065,0.05172192535559805,,,,,True,,11,-0.02759058999999997,0.0305939026,692.4531999999999,0.04119742143443428,0.0305939026,1.3732473811478094,0.5817437020072838,0.7819410457617871,0.023458231372853616,1,0.6280101555085302,0.0,-0.3441332378223096,0,0,0,0,1,1,True,False,True,False,10000.0,True,1.0,1.0,0.0,0.027602222671439178,0.031409443910052556,0.04181430213626013,0.021133261446973486,0.6494768276040394,0.08807059767688612,0.09757405596708439,0.4143,264.1844880580902,1,True,False,0.0,2,0,1,True,True,1.0,10,10,1,True,True,1.0,10,10,1,PASS_DAMPED_HOLD_40MM,False,True,0.525539701295598,5319.93964820914,1005319.9396482091,0.003039756931930821,0.0,1.0,0.4614430578317762,0.24771105805326515,0.05073033621358221,1000038.7914252302,38.79142523017733,"[0.0315185129,0.0306781568,0.0305939026]",0.0315185129,0.030930190766666667,0.0305939026,0.02759058999999997,0.0315185129,0.05061709666666658,0.0,0.0,0.0,0.05061709666666658,0.05061709666666658,0.05061709666666658,5.144498209172518,1005319.9396482091,75
Stage2.2,0,s22g000_608b8f9e0fb798e2,24,probe_c1_h07_m,multi_center_probes,2.9600899643402885,61.72561939368729,"[2.3911854335466187,1.204177336495726,0.471384395947247,1.1791401768972367,1.8719570748969636,0.1089763421788616,-0.3440006520551947,2.302651881772964,-0.18636508593500523,-1.0838130457377542,-1.3803087584692328,0.1901060700782217,-0.4931494086987542,-0.2143030047699112,-0.007989279153778527]",s22g000_608b8f9e0fb798e2,0.031779692841174344,0.02215169963277095,0.09545575334112165,0.05932309470581143,0.05932309470581143,,,,,True,,11,-0.026881727999999994,0.031244278,701.3463000000011,0.04121689226527477,0.031244278,1.3738964088424925,0.5817437020072838,0.7819332053556993,0.02345799616067098,1,0.6279867362113741,0.0,-0.3441197603990719,0,0,0,0,1,1,True,False,True,False,10000.0,True,1.0,1.0,0.0,0.027256510009981073,0.03161818031062042,0.04174478008181506,0.03362139437326318,0.6493506764673274,0.08756271711484895,0.09511245954233583,0.4143,247.36506152153015,1,True,False,0.0,2,0,1,True,True,1.0,10,10,1,True,True,1.0,10,10,1,PASS_DAMPED_HOLD_40MM,False,True,0.5253154606539523,5370.333283533226,1005370.3332835332,0.0034135201721167147,0.0,1.0,0.47631993892554764,0.25871768392522476,0.0756433643068797,1000038.8477780492,38.847778049139286,"[0.0315329067,0.0309179175,0.031244278]",0.0315329067,0.031231700733333336,0.031244278,0.02736822900000002,0.0315329067,0.05109689000000017,0.0,0.0,0.0,0.05109689000000017,0.05109689000000017,0.05109689000000017,5.15983353318461,1005370.3332835332,76
Stage2.2,0,s22g000_b481819ca0451cba,78,trust_mix_0030,trust_mix,2.919072132978714,47.68798191210977,"[2.415683345523593,1.2134774513649513,0.47907036778035206,1.177395963163192,1.85131324061707,0.10876159065124309,-0.2825263653084556,2.0500848083731382,-0.30749252625059587,-0.762550832164658,-1.2621241236379739,0.14805370145422747,-0.4507176138962192,0.032129426510924625,0.10282147341491868]",s22g000_b481819ca0451cba,0.03132638543795895,0.041276691906276634,0.10419357335384094,0.044212847931965005,0.08614858147037441,,,,,True,,11,-0.027722091999999976,0.0300808475,739.0947000000015,0.04090686704179042,0.0300808475,1.3635622347263472,0.5817437020072838,0.7819410457617871,0.023458231372853616,1,0.6280101555085302,0.0,-0.3441332378223096,0,0,0,0,1,1,True,False,True,False,10000.0,True,1.0,1.0,0.0,0.027732676319140715,0.031123345776810373,0.0416864964726604,0.031946938727867115,0.6494752426191833,0.09696891578573436,0.10498782321016495,0.41435,254.47981142997742,1,True,False,0.0,2,0,1,True,True,1.0,10,10,1,True,True,1.0,10,10,3,POSITION_40MM_SPEED_FAIL,False,False,0.528885942859359,5434.851798575488,1005434.8517985755,0.00250792593655569,0.002487838037586001,1.0,0.4555651341266254,0.24438414486882934,0.05197726349484729,3000039.213003048,39.21300304843331,"[0.0313178945,0.0303522786,0.0300808475]",0.0313178945,0.030583673533333338,0.0300808475,0.027722091999999976,0.0313178945,0.04392981666666662,0.0,0.04987823210164932,0.0,0.04987823210164932,0.09380804876831594,0.06646553114173498,5.330862195579904,1005434.8517985755,77
Stage2.2,0,s22g000_bb4043c52a375467,30,probe_c2_h11_m,multi_center_probes,2.9619964271375565,61.93159920498857,"[2.3705445176467634,1.218059178969841,0.480262669915016,1.1682261679559902,1.8459077094025633,0.11545774008274162,-0.3924862623304618,1.9935331231245323,-0.3371861759092953,-0.7057178132641703,-1.277439316850542,0.12760775102737817,-0.49809345181810927,0.09286250362187769,0.16955042464019665]",s22g000_bb4043c52a375467,0.03178563401655915,0.032384941575019366,0.08867426301144535,0.059521133885305,0.059521133885305,,,,,True,,11,-0.027566431000000002,0.0307147886,734.7664000000004,0.04127113224543823,0.0307147886,1.3757044081812744,0.5817437020072838,0.7819287599363928,0.023457862798091783,1,0.6279649485659721,0.0,-0.3441121188564283,0,0,0,0,1,1,True,False,True,False,10000.0,True,1.0,1.0,0.0,0.027583332317566354,0.03151204624013673,0.04187898375058564,0.02033828035212072,0.6492219153268897,0.0838155741006886,0.09276189481949033,0.41409999999999997,263.7549469470978,1,True,False,0.0,2,0,1,True,True,1.0,10,10,1,True,True,1.0,10,10,1,PASS_DAMPED_HOLD_40MM,False,True,0.5246907925001206,5699.765998134739,1005699.7659981347,0.003299583045017212,0.0,1.0,0.4537494306504733,0.24514882506245622,0.04796923748762506,1000038.6593241914,38.65932419135131,"[0.0316270669,0.030825499,0.0307147886]",0.0316270669,0.031055784833333332,0.0307147886,0.027566431000000002,0.0316270669,0.05423556333333335,0.0,0.0,0.0,0.05423556333333335,0.05423556333333335,0.05423556333333335,5.031848134755803,1005699.7659981347,78
Stage2.2,0,s22g000_dd6242844d948655,92,random_corner_parent_09_0021,random_local,2.892658372384868,102.93751452957882,"[2.415683345523593,1.2134774513649513,0.47907036778035206,1.1343122078397119,1.9093496570047408,0.0919862025851448,-0.21879295012533084,2.1983252615978346,-0.251072022709463,-0.8362844021794977,-1.2169472775193155,0.19148356198693756,-0.46524610934020816,-0.2966095509662367,0.08144048177955976]",s22g000_dd6242844d948655,0.031400090155285706,0.041400153452980946,0.10971555779539814,0.09715557795398144,0.14382524979683842,,,,,True,,11,-0.027044205000000043,0.030283763,672.4103000000032,0.040601666536266665,0.030283763,1.3533888845422222,0.5817437020072838,0.7819410457617871,0.023458231372853616,1,0.6280101555085302,0.0,-0.3441332378223096,0,0,0,0,1,1,True,False,True,False,10000.0,True,1.0,1.0,0.0,0.02728965183181279,0.03127247712480285,0.04150533607408667,0.021139064977940956,0.6495179001470024,0.09515655797758898,0.10533181986188779,0.4143,264.03702092170715,1,True,False,0.0,2,0,1,True,True,1.0,10,10,1,True,True,1.0,10,10,3,POSITION_40MM_SPEED_FAIL,False,False,0.5324008600064428,5815.130442407331,1005815.1304424073,0.002853685579241535,0.0028428303039620987,1.0,0.46194359276427793,0.24088297673319206,0.06767981861717329,3000039.0431331415,39.04313314163348,"[0.0314460706,0.0304935884,0.030283763]",0.0314460706,0.030741140666666666,0.030283763,0.027341300999999985,0.0314460706,0.048202353333333336,0.0,0.053318198618877766,0.0,0.053318198618877766,0.1015205519522111,0.07187695855302734,5.351414157790538,1005815.1304424073,79
Stage2.2,0,s22g000_08ebc4c47521991a,57,corner_local_0037,corner_local,2.9792314057456704,54.383676255506344,"[2.4156833455235933,1.2134774513649513,0.47907036778035206,1.210627386817371,1.9390939434388446,0.12712154815418839,-0.36979893056547597,2.0673124031561376,-0.31576213023521976,-0.9337004934345428,-1.3002588102032153,0.17025607940293364,-0.42766631207706063,-0.12610654327603157,0.13122274397855763]",s22g000_08ebc4c47521991a,0.03156790049831103,0.03367794394155757,0.09837076688233436,0.052263349943700854,0.052263349943700854,,,,,True,,11,-0.02730315900000002,0.0311605671,693.1806000000033,0.041429982299934484,0.0311605671,1.3809994099978162,0.5817437020072838,0.7819410457617871,0.023458231372853616,1,0.6280101555085302,0.0,-0.3441332378223096,0,0,0,0,1,1,True,False,True,False,10000.0,True,1.0,1.0,0.0,0.027464993060584756,0.031673349023503175,0.04192286824851823,0.017970756932217797,0.64946224871793,0.08074794517531088,0.09058018266177138,0.4143,255.60835933685303,1,True,False,0.0,2,0,1,True,True,1.0,10,10,1,True,True,1.0,10,10,1,PASS_DAMPED_HOLD_40MM,False,True,0.5228613565383226,5823.723704733071,1005823.7237047331,0.003658128738499314,0.0,1.0,0.463174514164685,0.24819131420330467,0.06142061341622263,1000038.6385231991,38.63852319913656,"[0.0316624908,0.0309981158,0.0311605671]",0.0316624908,0.03127372456666667,0.0311605671,0.027479243000000042,0.0316624908,0.05541635999999994,0.0,0.0,0.0,0.05541635999999994,0.05541635999999994,0.05541635999999994,5.005904733077737,1005823.7237047331,80
Stage2.2,0,s22g000_e31af568456a12f6,93,random_corner_parent_27_0002,random_local,3.0653151043072024,69.31295056966111,"[2.366387547345664,1.2097780403314142,0.4820911098631783,1.1776654458362452,1.802034230560626,0.08041159558958255,-0.430448494152809,2.0837059032998018,-0.228311970047166,-0.8786851809043219,-1.7102666731777656,0.08130912903844463,-0.9786463275325294,0.23028153651871522,0.10901186652258288]",s22g000_e31af568456a12f6,0.031998527810152444,0.02707685815651854,0.08177915914339183,0.06661759367174813,0.06661759367174813,,,,,True,,11,-0.02816184300000002,0.0317734264,780.5562000000027,0.04245750848027787,0.0317734264,1.415250282675929,0.5817437020072838,0.7819356907406311,0.02345807072221893,1,0.6279874258772284,0.0,-0.34412403270133,0,0,0,0,1,1,True,False,True,False,10000.0,True,1.0,1.0,0.0,0.027877901389757754,0.03191933525540977,0.042379492081008975,0.06501994356105208,0.6493813301811941,0.08313974168612843,0.08746177555270682,0.4142,259.2744882106781,1,True,False,0.0,2,0,1,True,True,1.0,10,10,1,True,True,1.0,10,10,1,PASS_DAMPED_HOLD_40MM,False,True,0.511027597009751,6212.167868091143,1006212.1678680911,0.00443965294138323,0.0,1.0,0.4850110131490752,0.2804617373022503,0.04628966926665403,1000039.7315329162,39.731532916149845,"[0.0317569625,0.0312762579,0.0317734264]",0.0317734264,0.031602215600000004,0.0317734264,0.02816184300000002,0.0317734264,0.05911421333333333,0.0,0.0,0.0,0.05911421333333333,0.05911421333333333,0.05911421333333333,5.175468091149351,1006212.1678680911,81
Stage2.2,0,s22g000_db2c829531bf118a,63,bridge_d13_p07_c21_071,boundary_bridge,2.9204748327892682,46.87737873472841,"[2.415683345523593,1.2134774513649513,0.47907036778035206,1.185605631629926,1.8256206465370741,0.10639682490880942,-0.30804728493550193,2.0534061185444976,-0.3399448957480713,-0.7322353247163489,-1.2453126692992775,0.12152767484274514,-0.5374016619737165,0.11752474845943643,0.12782066508432655]",s22g000_db2c829531bf118a,0.03132181594657957,0.04143530123597315,0.10256305292910524,0.04406053155265233,0.06969106084370469,,,,,True,,11,-0.02784098300000004,0.0300101225,770.1000000000022,0.04093565422551956,0.0300101225,1.3645218075173189,0.5817437020072838,0.7819410457617871,0.023458231372853616,1,0.6280101555085302,0.0,-0.3441332378223096,0,0,0,0,1,1,True,False,True,False,10000.0,True,1.0,1.0,0.0,0.027843388947166123,0.031077978347000143,0.04172643102638641,0.03342129594933007,0.6494985992749035,0.0979947569753018,0.10579275466784464,0.41445,256.98715829849243,1,True,False,0.0,2,0,1,True,True,1.0,10,10,1,True,True,1.0,10,10,3,POSITION_40MM_SPEED_FAIL,False,False,0.5285544081342373,6272.9278410990955,1006272.9278410991,0.0024294873740107106,0.0033556006641835808,1.0,0.4550392722664972,0.24350006043727188,0.05708345132734578,3000039.333175755,39.33317575491788,"[0.0312832641,0.030303071,0.0300101225]",0.0312832641,0.030532152533333332,0.0300101225,0.02784098300000004,0.0312832641,0.04277547000000004,0.0,0.05792754667844635,0.0,0.05792754667844635,0.10070301667844639,0.07200931535506003,5.351791185571646,1006272.9278410991,82
Stage2.2,0,s22g000_8e0bdcd939f63cb2,55,corner_local_0074,corner_local,2.8847894969868295,119.01882351233472,"[2.4156833455235933,1.2134774513649513,0.47907036778035206,1.1547463980276316,1.93162549757786,0.09802088386667443,-0.23170633825115852,2.0609787087730465,-0.21588544775491256,-0.7822810097622157,-1.2384164984025885,0.15722562435664653,-0.2458899484905982,-0.10971165780807085,0.054743707360287316]",s22g000_8e0bdcd939f63cb2,0.03137015537177592,0.049459882973005506,0.11126568286426253,0.11265682864262527,0.1583286743684893,,,,,True,,11,-0.027203517999999982,0.0301459771,708.8057000000008,0.040605557832519026,0.0301459771,1.353518594417301,0.5817437020072838,0.7819410457617871,0.023458231372853616,1,0.6280101555085302,0.0,-0.3441332378223096,0,0,0,0,1,1,True,False,True,False,10000.0,True,1.0,1.0,0.0,0.027365980445716014,0.031230643475263085,0.04152408912467923,0.03281526888353818,0.6495174453734487,0.09801307735275346,0.10592143161661673,0.4143,264.3746507167816,1,True,False,0.0,2,0,1,True,True,1.0,10,10,1,True,True,1.0,10,10,3,POSITION_40MM_SPEED_FAIL,False,False,0.5323560449302085,6432.64044891193,1006432.6404489119,0.002823465976658626,0.003506335239026801,1.0,0.4554964442385975,0.24429995886900133,0.04369432546814848,3000039.2337117395,39.23371173948082,"[0.0314447854,0.0304631438,0.0301459771]",0.0314447854,0.030684635433333333,0.0301459771,0.027377869000000055,0.0314447854,0.04815951333333346,0.0,0.059214316166167125,0.0,0.059214316166167125,0.10737382949950058,0.07632610276655244,5.387411530693926,1006432.6404489119,83
Stage2.2,0,s22g000_d6e20e85d1b11c42,94,random_corner_parent_28_0001,random_local,2.9241671717871855,52.145342990515246,"[2.3705445176467634,1.218059178969841,0.480262669915016,1.1723376662026566,1.8568360818449605,0.09999802918581815,-0.29285903899875454,2.098877827547384,-0.36392453579888423,-0.6527770805308458,-1.349337838399264,0.10893418115803771,-0.5203848213312727,0.1783986950052459,0.15583303558796666]",s22g000_d6e20e85d1b11c42,0.03150334907650377,0.03909968869659564,0.09706037460612461,0.050111635883459016,0.050111635883459016,,,,,True,,11,-0.027827111000000015,0.030009007,770.2761000000028,0.04092540296359183,0.030009007,1.3641800987863943,0.5817437020072838,0.7819287599363928,0.023457862798091783,1,0.6279649485659721,0.0,-0.3441121188564283,0,0,0,0,1,1,True,False,True,False,10000.0,True,1.0,1.0,0.0,0.027690708016943937,0.031121909402975635,0.04165751499269569,0.045153035837056994,0.6492636381432039,0.10018007431266242,0.10595005351245018,0.41409999999999997,257.5838830471039,1,True,False,0.0,2,0,1,True,True,1.0,10,10,1,True,True,1.0,10,10,3,POSITION_40MM_SPEED_FAIL,False,False,0.5286724693290155,6448.015493497718,1006448.0154934977,0.002575052652248096,0.0035403136801020613,1.0,0.45486242411451927,0.249781478152159,0.06734365533470495,3000039.522197349,39.52219734889693,"[0.031349622,0.0303519938,0.030009007]",0.031349622,0.0305702076,0.030009007,0.027827111000000015,0.031349622,0.04498740000000012,0.0,0.05950053512450171,0.0,0.05950053512450171,0.10448793512450183,0.07459343026609028,5.416810283399984,1006448.0154934977,84
Stage2.2,0,s22g000_c1733d0885f516ee,16,probe_c0_h02_m,multi_center_probes,2.909742754245582,109.99655936462997,"[2.4156833455235933,1.2134774513649513,0.47907036778035206,1.20451386829527,1.885607993302751,0.10319209587785586,-0.21206982000438532,1.9806650835231416,-0.29301237917391876,-0.9246869355305808,-1.188495903924138,0.12837809968567582,-0.4753661927695651,-0.11839027779866988,0.09578491025284465]",s22g000_c1733d0885f516ee,0.03118666657242516,0.042732811453668154,0.11042165767697315,0.1042165767697314,0.14377212918390336,,,,,True,,11,-0.027673481,0.0301127956,740.8249000000033,0.04089745724986751,0.0301127956,1.3632485749955836,0.5817437020072838,0.7819410457617871,0.023458231372853616,1,0.6280101555085302,0.0,-0.3441332378223096,0,0,0,0,1,1,True,False,True,False,10000.0,True,1.0,1.0,0.0,0.027765920304052373,0.031072850075273214,0.041670953218415754,0.018638554039326783,0.649491472575785,0.09534720105474033,0.10637039944365963,0.4143,258.7253797054291,1,True,False,0.0,2,0,1,True,True,1.0,10,10,1,True,True,1.0,10,10,3,POSITION_40MM_SPEED_FAIL,False,False,0.5289943130565956,6869.222886818345,1006869.2228868183,0.002339157000451688,0.004058198907177886,1.0,0.4592493293727903,0.2390990304012103,0.040253865031966596,3000039.2078609415,39.20786094157407,"[0.0312229002,0.0302775693,0.0301127956]",0.0312229002,0.030537755033333336,0.0301127956,0.027770299000000054,0.0312229002,0.04076334000000004,0.0,0.06370399443659625,0.0,0.06370399443659625,0.10446733443659628,0.07562968197165375,5.324423440785292,1006869.2228868183,85
Stage2.2,0,s22g000_2bec1dd597b6aa60,51,corner_local_0060,corner_local,2.9027026904676485,107.03111983833169,"[2.4156833455235933,1.2134774513649513,0.47907036778035206,1.1596540485158375,1.8989401845527636,0.09709121136275438,-0.18341487866911738,2.122901256088197,-0.25724852196196507,-0.8705900227749552,-1.3368820908499695,0.22202781316902218,-0.3930295822139062,-0.0790793313880912,0.006130218341283057]",s22g000_2bec1dd597b6aa60,0.03125899369789186,0.04228492097863929,0.11012725332188186,0.10127253321881846,0.14323898981521377,,,,,True,,11,-0.027594785999999982,0.0301137341,713.9421000000002,0.04084494088416946,0.0301137341,1.3614980294723154,0.5817437020072838,0.7819410457617871,0.023458231372853616,1,0.6280101555085302,0.0,-0.3441332378223096,0,0,0,0,1,1,True,False,True,False,10000.0,True,1.0,1.0,0.0,0.02760378207117953,0.031129739271616153,0.041605642066334866,0.02841480404711754,0.6495299333479996,0.09791177978218438,0.10698238750061953,0.4143,267.02396416664124,1,True,False,0.0,2,0,1,True,True,1.0,10,10,1,True,True,1.0,10,10,3,POSITION_40MM_SPEED_FAIL,False,False,0.529599130777909,7523.181729620905,1007523.1817296209,0.002537231243112152,0.004875373520880777,1.0,0.4623030615332282,0.2511753926391247,0.05606448585253918,3000039.360439586,39.36043958609709,"[0.0313040003,0.0303300522,0.0301137341]",0.0313040003,0.030582595533333336,0.0301137341,0.027594785999999982,0.0313040003,0.043466676666666704,0.0,0.06982387500619525,0.0,0.06982387500619525,0.11329055167286195,0.08224795135032438,5.384070959618774,1007523.1817296209,86
Stage2.2,0,s22g000_02e61c5979e4fb7d,19,probe_c0_h03_p,multi_center_probes,2.905125599066564,135.35921985495997,"[2.4156833455235933,1.2134774513649513,0.47907036778035206,1.24051386829527,1.885607993302751,0.08719209587785587,-0.21206982000438532,2.0506650835231417,-0.29301237917391876,-1.0146869355305808,-1.188495903924138,0.1643780996856758,-0.4753661927695651,-0.20839027779866987,0.09578491025284465]",s22g000_02e61c5979e4fb7d,0.03108807985655211,0.04214154296544424,0.11287301879393269,0.12873018793932678,0.1649995164910638,,,,,True,,11,-0.027617789000000004,0.030079769,716.7728000000025,0.04083545974201689,0.030079769,1.3611819914005632,0.5817437020072838,0.7819410457617871,0.023458231372853616,1,0.6280101555085302,0.0,-0.3441332378223096,0,0,0,0,1,1,True,False,True,False,10000.0,True,1.0,1.0,0.0,0.027764347431193718,0.030986181960047498,0.04160531769787615,0.010382781778039278,0.649495821351283,0.09490488867829133,0.10816370401671942,0.41445,264.16918659210205,1,True,False,0.0,2,0,1,True,True,1.0,10,10,1,True,True,1.0,10,10,3,POSITION_40MM_SPEED_FAIL,False,False,0.529708322697722,8732.502491241437,1008732.5024912414,0.0021194171790810392,0.006664606327260078,1.0,0.464657875976111,0.2407668440125583,0.05160572933267238,3000039.3423216077,39.34232160777068,"[0.0311050352,0.0301732288,0.030079769]",0.0311050352,0.030452677666666667,0.030079769,0.027793080999999997,0.0311050352,0.036834506666666655,0.0,0.0816370401671942,0.0,0.0816370401671942,0.11847154683386085,0.08956219743081781,5.350089755736605,1008732.5024912414,87
Stage2.2,0,s22g000_25a026ca1b5cc6e7,84,trust_mix_0025,trust_mix,2.8991029348723956,88.20262873393385,"[2.415683345523593,1.2134774513649513,0.47907036778035206,1.182360332997623,1.867203359975555,0.0941161867601778,-0.25426844980275953,2.0941032015903547,-0.24378943209749573,-0.7798453153945538,-1.3234564400750304,0.16198702226471545,-0.3913013397887987,-0.06027353216887128,0.03648953282963038]",s22g000_25a026ca1b5cc6e7,0.03125761473370068,0.04383681025283406,0.1083170017365049,0.08317001736504892,0.12509050848840486,,,,,True,,11,-0.02771673699999999,0.0299515078,728.5614000000023,0.04080821399449661,0.0299515078,1.360273799816554,0.5817437020072838,0.7819410457617871,0.023458231372853616,1,0.6280101555085302,0.0,-0.3441332378223096,0,0,0,0,1,1,True,True,True,True,10000.0,True,1.0,1.0,0.25,0.027693381824287686,0.031039400380849673,0.0415976895135833,0.036261797344188385,0.6494891357535997,0.10068284437175266,0.10835280519436873,0.41435,268.3971486091614,1,True,True,0.25,2,1,1,True,True,1.0,10,10,1,True,True,1.0,10,10,3,POSITION_40MM_SPEED_FAIL,False,False,0.530022105091299,8951.650156690273,1008951.6501566903,0.002391914588139434,0.006976935461507303,0.6666666666666666,0.4597709068732265,0.2492388476469026,0.049607931469037914,3000031.2910639667,31.291063966644003,"[0.0312452112,0.0302433925,0.0299515078]",0.0312452112,0.030480037166666668,0.0299515078,0.02771673699999999,0.0312452112,0.04150704000000016,0.0,0.08352805194368718,0.0,0.08352805194368718,0.12503509194368734,0.09327255668774667,5.432037859144562,1008951.6501566903,88
Stage2.2,0,s22g000_5a3364853ba20b8d,50,corner_local_0081,corner_local,2.884675942068305,128.83583794721036,"[2.415683345523593,1.2134774513649513,0.47907036778035206,1.2081784872122745,1.8942719095633025,0.10773927175948404,-0.2528166521883408,2.1793912182160353,-0.23776558504240977,-0.8888227681489007,-1.2605126022347612,0.20407125827278239,-0.4398549125821515,-0.07240492779259945,0.03885430104539614]",s22g000_5a3364853ba20b8d,0.031188909362744877,0.043184400845885325,0.11223286333693556,0.12232863336935562,0.16195894546085166,,,,,True,,11,-0.02727885100000005,0.0300003359,705.0442000000003,0.04054819189548447,0.0300003359,1.3516063965161491,0.5817437020072838,0.7819410457617871,0.023458231372853616,1,0.6280101555085302,0.0,-0.3441332378223096,0,0,0,0,1,1,True,False,True,False,10000.0,True,1.0,1.0,0.0,0.027496176733507356,0.03101871993206088,0.04145118479831309,0.021346668503174543,0.6494896466177207,0.09813651965218659,0.10882013159896323,0.4143,268.33503317832947,1,True,False,0.0,2,0,1,True,True,1.0,10,10,1,True,True,1.0,10,10,3,POSITION_40MM_SPEED_FAIL,False,False,0.5330167139398986,9433.819972585537,1009433.8199725855,0.0022876908040341567,0.007779472142302951,1.0,0.4631812125429964,0.24764272125518108,0.06310979852768671,3000039.4146177983,39.414617798326944,"[0.0311907133,0.0302133797,0.0300003359]",0.0311907133,0.030468142966666667,0.0300003359,0.02753667900000001,0.0311907133,0.03969044333333338,0.0,0.08820131598963221,0.0,0.08820131598963221,0.1278917593229656,0.09672023280730614,5.401103523250513,1009433.8199725855,89
Stage2.2,0,s22g000_8885179eb9fa4845,56,corner_local_0059,corner_local,2.9194807139911965,171.4635309864995,"[2.409019822811895,1.198039450629735,0.48122664718631664,1.1798840700650943,1.8996752040780174,0.1302946296142614,-0.2241595131582915,2.370461449914878,-0.21215930942844097,-0.7869809991028855,-1.4586514444097312,0.17185270728281665,-0.22917911894530002,-0.08467769066916622,0.01355459238152637]",s22g000_8885179eb9fa4845,0.031202614188854397,0.04874794522586795,0.11632988948021351,0.163298894802135,0.20338603443061487,,,,,True,,11,-0.02772756700000001,0.0299632692,693.1276000000034,0.04082420204843149,0.0299632692,1.3608067349477164,0.5817437020072838,0.7819326651391102,0.023457979954173303,1,0.6279832306637085,0.0,-0.3441188317829352,0,0,0,0,1,1,True,True,True,True,10000.0,True,1.0,1.0,0.25,0.027660574677931867,0.03106851104529361,0.04159759332082779,0.041704407336072995,0.6495961208738636,0.10242124290855205,0.10931162818427245,0.41435,268.8833680152893,1,True,True,0.25,2,1,1,True,True,1.0,10,10,1,True,True,1.0,10,10,3,POSITION_40MM_SPEED_FAIL,False,False,0.5298379747117382,9962.59298452537,1009962.5929845254,0.0024845814262376732,0.008670641944213698,0.6666666666666666,0.4630610134149458,0.26110191924390347,0.09119515011562339,3000031.541536449,31.54153644894223,"[0.0312793476,0.0302685269,0.0299632692]",0.0312793476,0.03050371456666667,0.0299632692,0.02772756700000001,0.0312793476,0.042644920000000086,0.0,0.09311628184272447,0.0,0.09311628184272447,0.13576120184272455,0.10241694755273711,5.503045329334624,1009962.5929845254,90
Stage2.2,0,s22g000_73655928d25bb48e,91,random_corner_parent_30_0003,random_local,2.896753448084427,118.27168526763916,"[2.415683345523593,1.2134774513649513,0.47907036778035206,1.1857336814414627,1.856849501051058,0.11382320262331967,-0.23477372497496396,2.2505775115625006,-0.2623694914955096,-0.8337336834652721,-1.3382039901425804,0.2195357615601227,-0.4199015408668368,-0.15931456867718208,0.03598534096716198]",s22g000_73655928d25bb48e,0.031198785651663195,0.04181692936809654,0.11121580162156482,0.11215801621564814,0.15211753793775462,,,,,True,,11,-0.027611821000000036,0.0298845256,684.3485000000001,0.04068780565812192,0.0298845256,1.3562601886040642,0.5817437020072838,0.7819410457617871,0.023458231372853616,1,0.6280101555085302,0.0,-0.3441332378223096,0,0,0,0,1,1,True,True,True,True,10000.0,True,1.0,1.0,0.25,0.027638492257833516,0.030960636311956596,0.041502376499756834,0.03179165459919541,0.649473424092778,0.1013864378040886,0.11015890518897094,0.4143,267.34251499176025,1,True,True,0.25,2,1,1,True,True,1.0,10,10,1,True,True,1.0,10,10,3,POSITION_40MM_SPEED_FAIL,False,False,0.5314088174935243,10833.435854602372,1010833.4358546024,0.002233481396646073,0.010320335463850059,0.6666666666666666,0.46431152699067685,0.2506949716171817,0.07641026286426174,3000031.4468795895,31.446879589476886,"[0.0311554934,0.0301443718,0.0298845256]",0.0311554934,0.030394796933333332,0.0298845256,0.027611821000000036,0.0311554934,0.03851644666666676,0.0,0.10158905188970935,0.0,0.10158905188970935,0.1401054985563761,0.10864553431999055,5.463137085907439,1010833.4358546024,91
Stage2.2,0,s22g000_4a73cd53bde41101,58,corner_local_0010,corner_local,2.8855999281465867,92.97323676911029,"[2.4156833455235933,1.2134774513649513,0.47907036778035206,1.1324995062782115,1.8539934254035406,0.10601087484542064,-0.2336129937276249,2.1421888793171773,-0.2517808647604391,-0.6895026680845197,-1.2943454365690295,0.1405705389530564,-0.3238236224059524,-0.15067348469782513,0.09380870449175327]",s22g000_4a73cd53bde41101,0.0313488743022709,0.04660391551250905,0.10876402708655139,0.08764027086551374,0.13260274760787727,,,,,True,,11,-0.027548737000000045,0.0297822215,699.2236000000012,0.0405698610765459,0.0297822215,1.35232870255153,0.5817437020072838,0.7819410457617871,0.023458231372853616,1,0.6280101555085302,0.0,-0.3441332378223096,0,0,0,0,1,1,True,True,True,True,10000.0,True,1.0,1.0,0.25,0.02754185766947456,0.03102432240972238,0.04148569036267803,0.04929494270208409,0.6494623451814244,0.10579549244639909,0.11150172836415617,0.4143,267.2493646144867,1,True,True,0.25,2,1,1,True,True,1.0,10,10,1,True,True,1.0,10,10,3,POSITION_40MM_SPEED_FAIL,False,False,0.5327671554539276,12263.308374762535,1012263.3083747625,0.0025272662373742416,0.01322897553628346,0.6666666666666666,0.45649019711735167,0.24519553191817955,0.057404762762838187,3000031.955516414,31.955516413639096,"[0.0312977723,0.0302209411,0.0297822215]",0.0312977723,0.030433644966666663,0.0297822215,0.027548737000000045,0.0312977723,0.04325907666666673,0.0,0.11501728364156172,0.0,0.11501728364156172,0.15827636030822845,0.12288337255436967,5.5911968190891965,1012263.3083747625,92
Stage2.2,0,s22g000_797c0934116afaab,13,probe_c0_h00_p,multi_center_probes,2.873550283168305,179.10716502229684,"[2.4156833455235933,1.2134774513649513,0.47907036778035206,1.24051386829527,1.921607993302751,0.10319209587785586,-0.21206982000438532,2.0506650835231417,-0.26301237917391873,-0.9246869355305808,-1.188495903924138,0.1643780996856758,-0.38536619276956513,-0.11839027779866988,0.09578491025284465]",s22g000_797c0934116afaab,0.031036686975810888,0.04895909003912725,0.11708617117484461,0.1708617117484461,0.20541794427547577,,,,,True,,11,-0.027431450000000024,0.0297876616,702.3020000000033,0.04049431111524946,0.0297876616,1.3498103705083153,0.5817437020072838,0.7819410457617871,0.023458231372853616,1,0.6280101555085302,0.0,-0.3441332378223096,0,0,0,0,1,1,True,True,True,True,10000.0,True,1.0,1.0,0.25,0.027614487806879997,0.03088322790165074,0.04142865798528385,0.02689490420816511,0.6494794489946246,0.10237870770871899,0.11233146015396406,0.41435,265.4750621318817,1,True,True,0.25,2,1,1,True,True,1.0,10,10,1,True,True,1.0,10,10,3,POSITION_40MM_SPEED_FAIL,False,False,0.5336372452788664,13102.622014943627,1013102.6220149436,0.0021096974736337384,0.015206490952880299,0.6666666666666666,0.4606015910235305,0.24143245596079219,0.04893432808663789,3000031.7001533723,31.7001533724242,"[0.0310796239,0.0300552908,0.0297876616]",0.0310796239,0.030307525433333333,0.0297876616,0.02765092800000002,0.0310796239,0.03598746333333325,0.0,0.12331460153964047,0.0,0.12331460153964047,0.15930206487297371,0.1284585087491222,5.495092738505117,1013102.6220149436,93
Stage2.2,0,s22g000_2f642af5a5e9e431,86,trust_mix_0014,trust_mix,2.8853984174735503,112.20311936258796,"[2.415683345523593,1.2134774513649513,0.47907036778035206,1.169269794604442,1.8532000730697273,0.10583607503992673,-0.21786530025655731,2.0940768786169146,-0.25939405328534443,-0.7779885401927349,-1.2748955368233508,0.14109501010315917,-0.32973014615126783,-0.03151762695635831,0.04946131726254682]",s22g000_2f642af5a5e9e431,0.031216645978429595,0.045704567880993426,0.11063000680197184,0.10630006801971836,0.14685493396737148,,,,,True,,11,-0.02766817899999996,0.029676585,738.1452000000027,0.04057373320805301,0.029676585,1.352457773601767,0.5817437020072838,0.7819410457617871,0.023458231372853616,1,0.6280101555085302,0.0,-0.3441332378223096,0,0,0,0,1,1,True,True,True,True,10000.0,True,1.0,1.0,0.25,0.027687080504594737,0.030896004473088882,0.04148659445253416,0.04359132459251508,0.6494751600540983,0.10613250496359657,0.11295646296742269,0.4143,250.61052250862122,1,True,True,0.25,2,1,1,True,True,1.0,10,10,1,True,True,1.0,10,10,3,POSITION_40MM_SPEED_FAIL,False,False,0.5327225610932245,13768.873451167368,1013768.8734511674,0.002242900095079747,0.016786993262619523,0.6666666666666666,0.4563443794100727,0.2458576336475408,0.05110284537591032,3000032.105326338,32.105326338430835,"[0.0311508516,0.0300768499,0.029676585]",0.0311508516,0.030301428833333335,0.029676585,0.02766817899999996,0.0311508516,0.038361720000000155,0.0,0.12956462967422677,0.0,0.12956462967422677,0.16792634967422693,0.13512444199321577,5.580643054510055,1013768.8734511674,94
Stage2.2,0,s22g000_e62343b942e97d8e,54,corner_local_0035,corner_local,2.868394001270614,178.93106488059047,"[2.415683345523593,1.2134774513649513,0.47907036778035206,1.1694734795824782,1.905860033094848,0.10382262533088453,-0.16359633177214045,2.0994514816151906,-0.22699912533867184,-0.80320556287483,-1.2694383276186685,0.20529686295271787,-0.3532889221885402,-0.18509451343160982,0.012932960590671276]",s22g000_e62343b942e97d8e,0.031126560853726955,0.05172357046864282,0.11705772113483416,0.17057721134834147,0.2081292398059067,,,,,True,,11,-0.027534232000000047,0.029619392,695.2231000000029,0.04044060229867368,0.029619392,1.348020076622456,0.5817437020072838,0.7819410457617871,0.023458231372853616,1,0.6280101555085302,0.0,-0.3441332378223096,0,0,0,0,1,1,True,True,True,True,10000.0,True,1.0,1.0,0.25,0.027573834497005203,0.03087845461189817,0.041398010919454685,0.044630274857236564,0.649525778006781,0.10867208790291409,0.11563596440241841,0.4143,267.59754753112793,1,True,True,0.25,2,1,1,True,True,1.0,10,10,1,True,True,1.0,10,10,3,POSITION_40MM_SPEED_FAIL,False,False,0.5342557961557983,16580.783036949346,1016580.7830369493,0.0022833395629325106,0.024448338279369576,0.6666666666666666,0.4597918926405149,0.24497584942396824,0.048698017189555,3000032.651980985,32.65198098506131,"[0.031145646,0.0300328002,0.029619392]",0.031145646,0.03026594606666667,0.029619392,0.027540275999999975,0.031145646,0.038188200000000005,0.0,0.15635964402418412,0.0,0.15635964402418412,0.19454784402418412,0.16095551217218246,5.671746262029284,1016580.7830369493,95
Stage2.2,0,s22g000_31dce547ae22323d,95,random_corner_parent_10_0023,random_local,2.8484396325621333,194.79540673322015,"[2.415683345523593,1.2134774513649513,0.47907036778035206,1.1941460228838916,1.8454209213197699,0.11309356192441011,-0.17838498795388757,2.095080447950458,-0.246302985243451,-0.7826959824241575,-1.1946416878353037,0.20054998616132688,-0.43266654466043464,0.050925104485369396,0.023392785259993942]",s22g000_31dce547ae22323d,0.030991226520759103,0.05382109235979613,0.11860050836306563,0.18600508363065615,0.21904596765595952,,,,,True,,11,-0.027668059000000023,0.029191197,729.316700000003,0.04021998845251315,0.029191197,1.3406662817504384,0.5817437020072838,0.7819410457617871,0.023458231372853616,1,0.6280101555085302,0.0,-0.3441332378223096,0,0,0,0,1,1,True,True,True,True,10000.0,True,1.0,1.0,0.5,0.02777168369345471,0.03059947019849833,0.04132304431667741,0.053915799229195906,0.6494866525810199,0.1159228401471342,0.12200522470767518,0.4144,265.79369354248047,1,True,True,0.5,2,2,1,True,True,1.0,10,10,1,True,True,1.0,10,10,3,POSITION_40MM_SPEED_FAIL,False,False,0.5367965501084271,23235.983449927182,1023235.9834499272,0.0019151667456643274,0.04842299144352775,0.3333333333333333,0.4559596980020209,0.24196544091872696,0.048990227096726284,3000026.146274463,26.14627446292559,"[0.0309187314,0.0297250543,0.029191197]",0.0309187314,0.02994499423333333,0.029191197,0.02777626200000005,0.0309187314,0.030624380000000118,0.0,0.22005224707675164,0.0,0.22005224707675164,0.25067662707675176,0.22217300487213149,5.87922907281598,1023235.9834499272,96
