stage,generation,candidate_id,population_index,source_name,source_type,linear_prefilter_score,proposal_rank_score,predicted_terminal_velocity_m_per_s,predicted_late_velocity_rms_m_per_s,parameter_vector,validation_id,candidate_label,candidate_n_modes,candidate_target_fraction,sequence_scale,success,failure_reason,n_trajectory_steps,terminal_R_error_m,terminal_Z_error_m,terminal_Ip_error_A,terminal_RZ_euclidean_error_m,terminal_RZ_box_max_error_m,terminal_normalized_RZ_distance,min_normalized_RZ_distance,min_normalized_RZ_distance_after_step0,min_RZ_euclidean_error_after_step0_m,closest_step_after_step0,closest_velocity_after_step0_m_per_s,relative_distance_reduction,relative_distance_reduction_after_step0,first_step_within_2x_RZ_only,first_step_within_1x_RZ_only,first_step_within_2x,first_step_within_1x,first_step_after_step0_within_2x,first_step_after_step0_within_1x,terminal_within_2x_RZ_only,terminal_within_1x_RZ_only,terminal_within_2x,terminal_within_1x,gate_ip_tolerance_A,terminal_Ip_safe,late_Ip_safe_fraction,late_fraction_within_2x,late_fraction_within_1x,late_R_rms_m,late_Z_rms_m,late_RZ_euclidean_rms_m,terminal_velocity_m_per_s,max_velocity_m_per_s,late_velocity_mean_m_per_s,late_velocity_rms_m_per_s,max_current_utilization,wall_time_s,first_step_after_step0_within_30mm,ever_after_step0_within_30mm,terminal_within_30mm,late_fraction_within_30mm,longest_streak_after_step0_within_30mm_steps,trailing_streak_within_30mm_steps,first_step_after_step0_within_40mm,ever_after_step0_within_40mm,terminal_within_40mm,late_fraction_within_40mm,longest_streak_after_step0_within_40mm_steps,trailing_streak_within_40mm_steps,first_step_after_step0_within_80mm,ever_after_step0_within_80mm,terminal_within_80mm,late_fraction_within_80mm,longest_streak_after_step0_within_80mm_steps,trailing_streak_within_80mm_steps,gate_tier,gate_label,strict_gate_pass,relaxed_gate_pass,terminal_RZ_reduction_vs_zero_action_fraction,continuous_objective,selection_score,position_excess_objective,velocity_excess_objective,precise_streak_deficit,action_rms,delta_action_rms,repair_excess_rms,stage2_1_tube_window_steps,stage2_1_tube_excess_mean,stage2_1_tube_excess_max,stage2_1_tube_excess_terminal,stage2_1_late_position_core,stage2_1_terminal_position_core,stage2_1_velocity_excess,stage2_1_velocity_core,stage2_1_streak_deficit,stage2_1_continuous_objective,generation_rank
Stage2.1,6,s21g006_0b291509e6d6e307,59,damped_parent_14,damped_tail,2.9708793529990767,3.5390277912582984,0.038741545561458555,0.08906494440506724,"[2.377578644922012,1.199789854092344,0.47988757453931286,1.1817136318569326,1.885565904481986,0.08919252639445775,-0.4326361513465118,1.9943257486495811,-0.292277479798058,-0.7866809951428025,-1.2486759521275528,0.29701704992437905,-0.29013832489399116,0.1082431839907378,0.13190421106449873]",s21g006_0b291509e6d6e307,,,,,True,,11,-0.027317868999999995,0.0310698244,648.6790000000001,0.0413714872218536,0.0310698244,1.379049574061787,0.5817437020072838,0.7819370298443657,0.02345811089533097,1,0.6279967525495519,0.0,-0.3441263345805426,0,0,0,0,1,1,True,False,True,False,10000.0,True,1.0,1.0,0.0,0.027465226450963675,0.031708402717514815,0.041949510925621235,0.006700890761681473,0.6493941539488401,0.07604418592964014,0.08755994037695924,0.41424999999999995,786.5750801563263,1,True,False,0.0,2,0,1,True,True,1.0,10,10,1,True,True,1.0,10,10,1,PASS_DAMPED_HOLD_40MM,False,True,0.5235350295802911,13.497538748582931,1000013.4975387485,0.003831089329000612,0.0,1.0,0.4540347534078743,0.24855397514262823,0.04293549084568858,5,0.0065026571285897285,0.017188928326946188,0.0012716936075948503,1.9552905187764615,1.9017777277199959,0.0,0.7711645095816646,1.0,13.497538748582931,1
Stage2.1,6,s21g006_aa1fa1d922105141,0,stage2_1_best,anchor_best,3.01235533272606,3.5551002939012593,0.03830637875128434,0.08694708455490968,"[2.3719959241969604,1.2254518043584621,0.504273706891896,1.20113520067722,1.839596754596527,0.097422387112408,-0.4562058065127226,1.949019327351317,-0.39323491874250915,-0.8462647034877862,-1.2725134000911102,0.2603641609439734,-0.2402631506851884,0.05785613206167113,-0.05021235899296321]",s21g006_aa1fa1d922105141,,,,,True,,11,-0.02762651599999999,0.0312777721,773.0344000000005,0.0417315637597945,0.0312777721,1.3910521253264834,0.5817437020072838,0.7819358988835939,0.02345807696650782,1,0.6279860907370649,0.0,-0.34412439049284915,0,0,0,0,1,1,True,False,True,False,10000.0,True,1.0,1.0,0.0,0.027640402691243633,0.031771644284421544,0.04211210326580619,0.020548192225691465,0.6493121826217115,0.07575536183241262,0.08446084559187891,0.4139,801.1484339237213,1,True,False,0.0,2,0,1,True,True,1.0,10,10,1,True,True,1.0,10,10,1,PASS_DAMPED_HOLD_40MM,False,True,0.5193881190261977,13.512739502359112,1000013.5127395024,0.003966702817573234,0.0,1.0,0.45292386867939527,0.24816450514911992,0.05003757342089131,5,0.006544973452223764,0.01685805599082588,0.0018141128217093387,1.9704769349665827,1.9350260153753265,0.0,0.7555862641839178,1.0,13.512739502359112,2
Stage2.1,6,s21g006_9899bd6e9447845c,12,tail_fd_n2_m0_m,sensitivity,2.9737238249841416,3.4346893145140327,0.026417905783658033,0.081951091269788,"[2.3705445176467634,1.218059178969841,0.480262669915016,1.1862261679559902,1.8279077094025633,0.10745774008274162,-0.4374862623304618,2.0285331231245323,-0.3521861759092953,-0.7507178132641703,-1.3124393168505422,0.10960775102737819,-0.5330934518181093,0.13786250362187769,0.15155042464019666]",s21g006_9899bd6e9447845c,,,,,True,,11,-0.027554666999999977,0.0308383376,764.9800000000032,0.04135532298764527,0.0308383376,1.3785107662548426,0.5817437020072838,0.7819287599363928,0.023457862798091783,1,0.6279649485659721,0.0,-0.3441121188564283,0,0,0,0,1,1,True,False,True,False,10000.0,True,1.0,1.0,0.0,0.02758826457905408,0.03152435066155787,0.04189149110639002,0.015557429159375911,0.649220739871843,0.08097670445958985,0.09097722079043526,0.41409999999999997,811.3032584190369,1,True,False,0.0,2,0,1,True,True,1.0,10,10,1,True,True,1.0,10,10,1,PASS_DAMPED_HOLD_40MM,False,True,0.5237211889835687,13.524507410285988,1000013.5245074102,0.0032455251476268014,0.0,1.0,0.45720643542899003,0.24903096609958217,0.05584201032956573,5,0.005894463525056963,0.01649021703477761,0.0007808999239708493,1.9498855856852826,1.900291932680513,0.0,0.8518888304800605,1.0,13.524507410285988,3
Stage2.1,6,s21g006_9d382ed3639c5aa8,46,damped_parent_03,damped_tail,2.9618252706333505,3.519935587070508,0.03605516681761807,0.0888049885586423,"[2.3710969602030634,1.1924640034595264,0.4718339490518498,1.2003537483542075,1.859352611672595,0.09660287268992822,-0.47357121315985606,2.141575079361943,-0.30037770311776174,-0.7809748674245992,-1.264434221146122,0.18295214645330013,-0.21088480608096793,-0.09403132416623719,0.0980466838944307]",s21g006_9d382ed3639c5aa8,,,,,True,,11,-0.027304176999999985,0.0310449794,698.7459000000017,0.04134378825886366,0.0310449794,1.3781262752954553,0.5817437020072838,0.781941117224381,0.023458233516731427,1,0.6280103358214598,0.0,-0.344133360664368,0,0,0,0,1,1,True,False,True,False,10000.0,True,1.0,1.0,0.0,0.02747353306356508,0.03168724425704998,0.04193896121270472,0.008677897010340399,0.6494898521974035,0.07777783266795238,0.08898272795402916,0.41435,735.9848918914795,1,True,False,0.0,2,0,1,True,True,1.0,10,10,1,True,True,1.0,10,10,1,PASS_DAMPED_HOLD_40MM,False,True,0.5238540315419776,13.553800728647905,1000013.5538007286,0.0037573306732744246,0.0,1.0,0.45615683571803434,0.24770192088240267,0.06685996808045834,5,0.0064340221962250945,0.017140788288027783,0.001213313273804844,1.954307186223056,1.899232030659725,0.0,0.7993231770662835,1.0,13.553800728647905,4
Stage2.1,6,s21g006_ef3f722d0943e6b5,143,global_0031,global,2.970354790157987,3.405089043221746,0.027996208271100505,0.07915920514519116,"[2.35104743008907,1.289310192260792,0.5219148530966953,1.1622562235890752,1.8360848893666808,0.09480983844300447,-0.49960046215214393,2.0503597765943478,-0.3452926785500771,-0.701125261785467,-1.291406180473784,0.26917599552127985,-0.6026395108409075,0.014416186398033198,-0.11172604049970693]",s21g006_ef3f722d0943e6b5,,,,,True,,11,-0.02673457400000001,0.0314816272,784.9472000000023,0.04130169848954467,0.0314816272,1.3767232829848224,0.5817437020072838,0.7819384923592178,0.023458154770776528,1,0.6279711614840405,0.0,-0.34412884859976955,0,0,0,0,1,1,True,False,True,False,10000.0,True,1.0,1.0,0.0,0.026977285798692074,0.03198173267656384,0.04184023391497118,0.011040356483325173,0.6490736772360921,0.0732732319113618,0.08326244492617821,0.4133,762.8475215435028,1,True,False,0.0,2,0,1,True,True,1.0,10,10,1,True,True,1.0,10,10,1,PASS_DAMPED_HOLD_40MM,False,True,0.5243387687859157,13.58140087749897,1000013.5814008774,0.0048267905502127235,0.0,1.0,0.45799322972508744,0.2474570070739833,0.059327288165334814,5,0.007479621604175013,0.01809094582002417,0.0024391323997553843,1.9451168600661162,1.8953669979125072,0.0,0.7054524206363758,1.0,13.58140087749897,5
Stage2.1,6,s21g006_90242d987b8be418,144,global_0052,global,2.96773945708734,3.416177725659628,0.027007537056101573,0.08066159333412687,"[2.3284459123337977,1.259940409008613,0.4887959835448445,1.231661066159629,1.8349165066903885,0.10319019374523443,-0.5478194551441874,2.1753746029615746,-0.31123993492513513,-0.8063946401621082,-1.2744237327463146,0.14649596836438764,-0.3493431215362549,0.02804424619468509,0.017712274681234985]",s21g006_90242d987b8be418,,,,,True,,11,-0.026673638,0.0314408727,788.327400000002,0.041231194989869616,0.0314408727,1.3743731663289873,0.5817437020072838,0.7819547766676843,0.02345864330003053,1,0.6280237507565338,0.0,-0.3441568408382938,0,0,0,0,1,1,True,False,True,False,10000.0,True,1.0,1.0,0.0,0.027035380613749545,0.031900180908053535,0.04181546779478675,0.017004362198553457,0.6491440272620884,0.07659781148276387,0.08570930385001452,0.41355,790.2561116218567,1,True,False,0.0,2,0,1,True,True,1.0,10,10,1,True,True,1.0,10,10,1,PASS_DAMPED_HOLD_40MM,False,True,0.5251507397867894,13.608402288091616,1000013.608402288,0.004458218851714901,0.0,1.0,0.4572745279959492,0.24905839235547264,0.07464438330046372,5,0.00707185416859713,0.01752639543612605,0.0023067934862280944,1.942814829885387,1.888901600325166,0.0,0.7635233100233707,1.0,13.608402288091616,6
Stage2.1,6,s21g006_9069e84e1888c48a,18,tail_fd_n3_m0_m,sensitivity,2.958864906577882,3.4644814587112442,0.02534539854250116,0.08621377091309579,"[2.3705445176467634,1.218059178969841,0.480262669915016,1.1862261679559902,1.8279077094025633,0.10745774008274162,-0.35748626233046177,2.0285331231245323,-0.3521861759092953,-0.8307178132641703,-1.3124393168505422,0.10960775102737819,-0.5330934518181093,0.13786250362187769,0.15155042464019666]",s21g006_9069e84e1888c48a,,,,,True,,11,-0.027638194000000005,0.0305947006,763.6750000000029,0.04122990992453508,0.0305947006,1.374330330817836,0.5817437020072838,0.7819287599363928,0.023457862798091783,1,0.6279649485659721,0.0,-0.3441121188564283,0,0,0,0,1,1,True,False,True,False,10000.0,True,1.0,1.0,0.0,0.027658660497169984,0.031346959742691714,0.041804705304638215,0.015680325342878203,0.649220739871843,0.08540320291427465,0.09602339264174647,0.41409999999999997,817.918728351593,1,True,False,0.0,2,0,1,True,True,1.0,10,10,1,True,True,1.0,10,10,1,PASS_DAMPED_HOLD_40MM,False,True,0.5251655395597181,13.639572774334926,1000013.6395727743,0.002784369011039019,0.0,1.0,0.4590426939224483,0.24882304920709605,0.054948588357479136,5,0.00546533603332829,0.016189204122485375,0.0003929653373781794,1.9418148728973852,1.888783858205863,0.0,0.9466364537289519,1.0,13.639572774334926,7
Stage2.1,6,s21g006_f024353f755618ac,31,damped_parent_05,damped_tail,2.961714489976965,3.4351689759985957,0.025223258790012526,0.08331469891386815,"[2.4160258794531475,1.2250362311992367,0.4702317119717538,1.1425877332507077,1.8634110653907903,0.09295101172429178,-0.4848585436317373,2.1443046611014926,-0.21823010623295797,-0.7767717230627058,-1.3182981990961065,0.14950579153840285,-0.600969038145942,0.18107090986016458,0.05136347830220302]",s21g006_f024353f755618ac,,,,,True,,11,-0.02671502800000003,0.0313774638,773.1957000000002,0.041209682788891935,0.0313774638,1.3736560929630646,0.5817437020072838,0.781929783040944,0.02345789349122832,1,0.6279724912267046,0.0,-0.34411387754250883,0,0,0,0,1,1,True,False,True,False,10000.0,True,1.0,1.0,0.0,0.027102053359076787,0.03186426157247747,0.041831237871207086,0.017975358698849926,0.6493204817157587,0.07796165097731139,0.08694823058529316,0.4143,795.9198904037476,1,True,False,0.0,2,0,1,True,True,1.0,10,10,1,True,True,1.0,10,10,1,PASS_DAMPED_HOLD_40MM,False,True,0.5253984903727794,13.64067296544755,1000013.6406729654,0.004339974510294048,0.0,1.0,0.46262885616840504,0.2549734556615567,0.05593463255425908,5,0.006970292586687715,0.017491564892262383,0.002108229467011598,1.944280513152789,1.8869310617345514,0.0,0.7883108322265628,1.0,13.64067296544755,8
Stage2.1,6,s21g006_ee1e0f1f99c389e9,148,global_0048,global,2.9893668667073285,3.5533087574473283,0.04318156103028411,0.08758988686658492,"[2.3763921558739254,1.2382631641116573,0.4945070548464068,1.1847838173871206,1.8621390316150965,0.09444969584499957,-0.5185807928260306,1.9562931960993044,-0.32436521573514127,-0.5649399545952163,-1.2876574949039548,0.1874096709575316,-0.657419286598619,-0.24096599469484878,0.03500562355764972]",s21g006_ee1e0f1f99c389e9,,,,,True,,11,-0.027511771000000018,0.031135528,728.2608,0.04154899093113124,0.031135528,1.3849663643710415,0.5817437020072838,0.7819291217106535,0.023457873651319603,1,0.6279618589971228,0.0,-0.34411274073554704,0,0,0,0,1,1,True,False,True,False,10000.0,True,1.0,1.0,0.0,0.027462879475935974,0.03178890522958088,0.04200885912286907,0.026962866515875768,0.6492060985451644,0.07885630395346988,0.08577756187070903,0.4139,800.8526153564453,1,True,False,0.0,2,0,1,True,True,1.0,10,10,1,True,True,1.0,10,10,1,PASS_DAMPED_HOLD_40MM,False,True,0.5214907641871512,13.674362493753334,1000013.6743624938,0.004135087994749768,0.0,1.0,0.45787151122725395,0.24329112149324694,0.042316974218305485,5,0.006785510094361955,0.017387198492810698,0.0014326931542044453,1.9608269386722894,1.9181318304391402,0.0,0.808478629123625,1.0,13.674362493753334,9
Stage2.1,6,s21g006_11be8ba55811aa85,153,global_0040,global,2.984175853467556,3.7010407629919624,0.03989759268538968,0.10085414319327936,"[2.450537178406799,1.1595349968780404,0.46050038746281763,1.2181153453560953,1.890987463845999,0.11715834222334562,-0.4438192759914028,2.2500981827020756,-0.19488047620057738,-0.7941324370911307,-1.426431953878564,0.22386489000291793,-0.31818735539827186,0.057735985747326246,0.040661100668069196]",s21g006_11be8ba55811aa85,,,,,True,,11,-0.027779251999999977,0.0307213691,681.4462000000021,0.04141846642571327,0.0307213691,1.3806155475237758,0.5817437020072838,0.7819444483256357,0.023458333449769067,1,0.6280351775860525,0.0,-0.3441390867276554,0,0,0,0,1,1,True,False,True,False,10000.0,True,1.0,1.0,0.0,0.02782594533950629,0.03143888112901558,0.04198435995322024,0.01714269254055026,0.6498460015730703,0.08417907704719729,0.09433939641960543,0.4152,752.6313052177429,1,True,False,0.0,2,0,1,True,True,1.0,10,10,1,True,True,1.0,10,10,1,PASS_DAMPED_HOLD_40MM,False,True,0.5229939819535209,13.678661415589271,1000013.6786614156,0.00301477127152408,0.0,1.0,0.4635015223781556,0.26335033266347163,0.07096887121413673,5,0.005697236566158784,0.016427097744697604,0.0005781926427053459,1.9585405340906266,1.906099290064375,0.0,0.9193793624355299,1.0,13.678661415589271,10
Stage2.1,6,s21g006_c45a14e6f94dc830,142,global_0060,global,2.982704554309759,3.3799335272180087,0.023483592847664814,0.07625132566333404,"[2.322353481909795,1.2180257528122747,0.48254119640879145,1.1843048678925083,1.8742042281537488,0.08164153975657029,-0.5154254454543206,2.0707142115900665,-0.3070749528349018,-0.7742163913506008,-1.2381162209646899,0.15072950949366642,-0.4662951226193825,-0.11828286619823378,0.14545450376036112]",s21g006_c45a14e6f94dc830,,,,,True,,11,-0.026753589000000022,0.031633918,712.702500000003,0.04143017369516625,0.031633918,1.3810057898388752,0.5817437020072838,0.7819466763795352,0.02345840029138605,1,0.6280119329023083,0.0,-0.3441429166855764,0,0,0,0,1,1,True,False,True,False,10000.0,True,1.0,1.0,0.0,0.027078828515670398,0.032051393928441495,0.04195896574675334,0.018661198398893655,0.6492933621985674,0.07418549553183179,0.0825715746062393,0.41385,800.3360662460327,1,True,False,0.0,2,0,1,True,True,1.0,10,10,1,True,True,1.0,10,10,1,PASS_DAMPED_HOLD_40MM,False,True,0.5228591522877731,13.689709285122547,1000013.6897092852,0.005082640284596024,0.0,1.0,0.45761148238917426,0.24330751254721683,0.05728705935888428,5,0.007688055704581318,0.018109717384522495,0.002966320034137771,1.9561720072635784,1.9071769915684955,0.0,0.7166305258636614,1.0,13.689709285122547,11
Stage2.1,6,s21g006_98f32c0490816db4,147,global_0037,global,2.994922458908805,3.5299720443450204,0.023944582613245766,0.08901016183628664,"[2.419487263494419,1.159713771250346,0.48751532838848266,1.1498176206216781,1.8615418603300462,0.08887270278945397,-0.4550058712051428,2.3405478743144226,-0.24899272082898227,-0.7466543440812206,-1.3816890414977177,0.23390712712956593,-0.6017615232210326,0.039377394955599075,0.06800505662673181]",s21g006_98f32c0490816db4,,,,,True,,11,-0.02731624399999999,0.0310850173,692.2043000000012,0.04138182556157757,0.0310850173,1.3793941853859188,0.5817437020072838,0.7819885449435974,0.023459656348307923,1,0.6281670466644035,0.0,-0.3442148874931979,0,0,0,0,1,1,True,False,True,False,10000.0,True,1.0,1.0,0.0,0.027510572286685894,0.03171916777198743,0.04198734561374958,0.007104667362377593,0.6499671821025821,0.07849443497205263,0.09020623622716312,0.4147,808.2863657474518,1,True,False,0.0,2,0,1,True,True,1.0,10,10,1,True,True,1.0,10,10,1,PASS_DAMPED_HOLD_40MM,False,True,0.5234159655325241,13.696907733007695,1000013.696907733,0.0038976290527626824,0.0,1.0,0.46435467437051126,0.2583681123888998,0.09195595785513934,5,0.006633397953011354,0.01757647355400604,0.0013080694903325476,1.9588191018760626,1.902728318676483,0.0,0.8187641352600789,1.0,13.696907733007695,12
Stage2.1,6,s21g006_0ae866437e076981,145,global_0049,global,3.0042926347306516,3.4170888663104813,0.02017366730939778,0.07830434134098634,"[2.414941419761257,1.1907623686312334,0.4544552984894497,1.086135611526421,1.8458488096481895,0.09404021078728467,-0.46539926025618233,2.1723926152284454,-0.2993306583236442,-0.8059006112640555,-1.2659873965553943,0.19955976567490102,-0.40335539393530406,-0.07041603573794378,0.0435529541010751]",s21g006_0ae866437e076981,,,,,True,,11,-0.026921936000000035,0.0316365082,733.0798000000032,0.04154105546416419,0.0316365082,1.384701848805473,0.5817437020072838,0.7819230877172276,0.02345769263151683,1,0.6279586424693664,0.0,-0.3441023684815715,0,0,0,0,1,1,True,False,True,False,10000.0,True,1.0,1.0,0.0,0.02725085152421255,0.03206283927697969,0.04207890886532241,0.01757974123706368,0.649548451538205,0.0740648151547481,0.08252082471811692,0.4146,738.319263458252,1,True,False,0.0,2,0,1,True,True,1.0,10,10,1,True,True,1.0,10,10,1,PASS_DAMPED_HOLD_40MM,False,True,0.5215821549561959,13.717958890602116,1000013.7179588906,0.005140216112701399,0.0,1.0,0.4572568906058147,0.2477149535577015,0.07146775130547199,5,0.007740854395444677,0.018143407526417788,0.002975732320741394,1.9673717458845656,1.9173992100852948,0.0,0.7118733814120293,1.0,13.717958890602116,13
Stage2.1,6,s21g006_e5440fa1fd9dafa9,141,global_0071,global,2.949780180712785,3.379792920798126,0.016556368465881426,0.08042375972101298,"[2.298720073194136,1.2496769304374158,0.5247060535028208,1.2117050275960175,1.8654587844629915,0.0862193749429221,-0.5105931180656355,2.4282724032696303,-0.36739713974638216,-0.7052762386414947,-1.239320849825082,0.22361188380021835,-0.4867652365903507,-0.08583448210120309,0.13984060365012208]",s21g006_e5440fa1fd9dafa9,,,,,True,,11,-0.02645362699999998,0.0311225343,677.902100000003,0.04084613228580895,0.0311225343,1.3615377428602984,0.5817437020072838,0.7819484589493484,0.02345845376848045,1,0.6280062864787922,0.0,-0.3441459808696957,0,0,0,0,1,1,True,False,True,False,10000.0,True,1.0,1.0,0.0,0.026867827841315032,0.03180687761381827,0.04163601369548912,0.010949338243794605,0.6492366258460618,0.08033366644695966,0.09094012147293892,0.41325,783.8270733356476,1,True,False,0.0,2,0,1,True,True,1.0,10,10,1,True,True,1.0,10,10,1,PASS_DAMPED_HOLD_40MM,False,True,0.5295854097061025,13.766877312297556,1000013.7668773123,0.004252315600459639,0.0,1.0,0.45724059122051447,0.24519616891316426,0.1261217033824162,5,0.0070211274306985995,0.018096374751654435,0.001400092505196105,1.9261751516121741,1.8537850252331158,0.0,0.8389993701489908,1.0,13.766877312297556,14
Stage2.1,6,s21g006_e7fed336c7eaa611,154,global_0021,global,2.932229100031702,3.490995649702425,0.026009532107161556,0.09073114960446027,"[2.337429710126541,1.1930799347648338,0.5031931594681819,1.159430570200384,1.8843892779162543,0.0940225954522758,-0.4004864896814156,2.308061640358256,-0.18085696826630138,-0.8105415864051382,-1.341353115987039,0.1148681853061728,-0.2697652571410292,-0.13577774784247756,0.189217284014694]",s21g006_e7fed336c7eaa611,,,,,True,,11,-0.026630875000000054,0.0309630034,643.8737000000001,0.040840067125484006,0.0309630034,1.361335570849467,0.5817437020072838,0.7819486716495567,0.023458460149486698,1,0.6280285797480589,0.0,-0.34414634649498327,0,0,0,0,1,1,True,False,True,False,10000.0,True,1.0,1.0,0.0,0.02699900016607571,0.031656895957976015,0.04160655082630468,0.005156520743756594,0.6495186105971943,0.08194202923837643,0.09456279640968797,0.41395000000000004,672.2525820732117,1,True,False,0.0,2,0,1,True,True,1.0,10,10,1,True,True,1.0,10,10,1,PASS_DAMPED_HOLD_40MM,False,True,0.5296552606258753,13.773371563356633,1000013.7733715634,0.003722798549020191,0.0,1.0,0.46276392997137156,0.25414104251818204,0.07609080982357158,5,0.006520349883740177,0.017710555222620123,0.0010304172760128498,1.9234500796243048,1.853234536460044,0.0,0.8968712171000887,1.0,13.773371563356633,15
Stage2.1,6,s21g006_81d9afe8862a2431,139,global_0023,global,3.012113525345235,3.3687017463264457,0.012736358269918938,0.07347534408136985,"[2.3259078249884015,1.265290838980557,0.5327759063920073,1.1754662176113755,1.8724120192050895,0.0992576528361693,-0.5746617031697481,2.4356843387282807,-0.3945289404874923,-0.6755473780097527,-1.411950840332928,0.2442322735414706,-0.5331489330747439,-0.24142333662578566,0.06882173734229993]",s21g006_81d9afe8862a2431,,,,,True,,11,-0.026692261999999967,0.0317226402,675.5410000000011,0.04145844608683854,0.0317226402,1.3819482028946182,0.5817437020072838,0.7819438071448435,0.023458314214345303,1,0.6279970275076545,0.0,-0.3441379845570775,0,0,0,0,1,1,True,False,True,False,10000.0,True,1.0,1.0,0.0,0.02688879354632204,0.03213433058161862,0.04190014821340707,0.02138003038579591,0.6491002525500419,0.07358209149534978,0.08136158234312385,0.41325,767.0949945449829,1,True,False,0.0,2,0,1,True,True,1.0,10,10,1,True,True,1.0,10,10,1,PASS_DAMPED_HOLD_40MM,False,True,0.5225335462927652,13.781709663583309,1000013.7817096636,0.005455457698610548,0.0,1.0,0.46427287270331036,0.254442175290415,0.13239985389524547,5,0.008050810038767656,0.018432219399396085,0.003297210287395601,1.9506915781171996,1.909780835483665,0.0,0.707681278067448,1.0,13.781709663583309,16
Stage2.1,6,s21g006_4ce7e14b93189c4e,17,tail_fd_n2_m2_p,sensitivity,2.9428712381848228,3.484847733130087,0.029319522911154416,0.08874243544051816,"[2.3705445176467634,1.218059178969841,0.480262669915016,1.1862261679559902,1.8279077094025633,0.10745774008274162,-0.35748626233046177,2.0285331231245323,-0.3171861759092953,-0.7507178132641703,-1.3124393168505422,0.10960775102737819,-0.5330934518181093,0.13786250362187769,0.15155042464019666]",s21g006_4ce7e14b93189c4e,,,,,True,,11,-0.027643743000000054,0.0303989496,752.8683000000019,0.04108859530129245,0.0303989496,1.369619843376415,0.5817437020072838,0.7819287599363928,0.023457862798091783,1,0.6279649485659721,0.0,-0.3441121188564283,0,0,0,0,1,1,True,False,True,False,10000.0,True,1.0,1.0,0.0,0.02764921058853738,0.03127106022172263,0.04174156266312859,0.022326898431036045,0.649220739871843,0.08928282693475903,0.09858232924611018,0.41409999999999997,769.9344213008881,1,True,False,0.0,2,0,1,True,True,1.0,10,10,1,True,True,1.0,10,10,1,PASS_DAMPED_HOLD_40MM,False,True,0.5267930243881487,13.787153245671163,1000013.7871532456,0.0026802543228923977,0.0,1.0,0.45734965709736713,0.24862243966784645,0.04987542648257336,5,0.005386719801392324,0.016212581715392037,0.0001768453148224002,1.9359533928443233,1.875858515370436,0.0,1.0216966033138268,1.0,13.787153245671163,17
Stage2.1,6,s21g006_cbcea623f275c6fe,150,global_0032,global,3.0032680935616565,3.4288783399143594,0.01762500764137638,0.07987854386506021,"[2.376085959486843,1.1375601598375882,0.43457276387277183,1.0905447232175938,1.8822917146722054,0.0770230188954906,-0.4051274163373549,2.454933022530386,-0.33222918560152254,-0.691367953764082,-1.3242897069993957,0.2166026855981556,-0.6343110143240238,0.06897333879295624,0.10730732288260894]",s21g006_cbcea623f275c6fe,,,,,True,,11,-0.027139879000000033,0.0311536216,728.6571000000004,0.041317322891622946,0.0311536216,1.3772440963874315,0.5817437020072838,0.7819308752422905,0.023457926257268717,1,0.6279891741703967,0.0,-0.34411575500391123,0,0,0,0,1,1,True,False,True,False,10000.0,True,1.0,1.0,0.0,0.027383523619815477,0.03185297838216698,0.042005590076224245,0.004736658644035872,0.6497006968801216,0.0768723730422043,0.08861641463546557,0.41490000000000005,803.262083530426,1,True,False,0.0,2,0,1,True,True,1.0,10,10,1,True,True,1.0,10,10,1,PASS_DAMPED_HOLD_40MM,False,True,0.5241588264929512,13.793103210444299,1000013.7931032104,0.004453255905330043,0.0,1.0,0.45852256139582326,0.25366127105454594,0.12429236198698555,5,0.007242501832741634,0.018399485542387996,0.0014787142177628489,1.960521775168655,1.8968013010340328,0.0,0.7875304877954876,1.0,13.793103210444299,18
Stage2.1,6,s21g006_213707b3f4404123,96,bridge_p03_d29,bridge,2.907306166917128,3.56345600568548,0.03241298151881655,0.0976161076545403,"[2.312776553962334,1.411048726115072,0.5933361083675809,1.2654058024429617,1.915871318064019,0.08182760141364868,-0.39563888107228035,2.058504221461717,-0.25801996198407406,-0.827978093581329,-1.3824482046232418,0.1605867491276062,-0.42731585026952423,0.05921152100226042,0.02402506205326873]",s21g006_213707b3f4404123,,,,,True,,11,-0.02607963000000002,0.0313220409,750.4035000000003,0.040758034141481526,0.0313220409,1.3586011380493843,0.5817437020072838,0.7819720944981672,0.023459162834945018,1,0.6280382210380645,0.0,-0.34418660967020914,0,0,0,0,1,1,True,False,True,False,10000.0,True,1.0,1.0,0.0,0.026396017756038344,0.031877178921218545,0.041387247907446946,0.010362138169436902,0.6486008276646568,0.07929338432273861,0.09051682556710337,0.41195,813.1910929679871,1,True,False,0.0,2,0,1,True,True,1.0,10,10,1,True,True,1.0,10,10,1,PASS_DAMPED_HOLD_40MM,False,True,0.5306000137861033,13.794178772130866,1000013.7941787721,0.004465408861533185,0.0,1.0,0.4619517351658428,0.2531436415614823,0.05452543633952487,5,0.007292623481739044,0.018601481962562488,0.001941991268080905,1.9032269881694126,1.845797052309082,0.0,0.8300669618187918,1.0,13.794178772130866,19
Stage2.1,6,s21g006_f661a78e06256388,24,tail_fd_n4_m0_m,sensitivity,2.9499643483374105,3.4890063716289013,0.030589825262629877,0.08825585305981806,"[2.3705445176467634,1.218059178969841,0.480262669915016,1.1862261679559902,1.8279077094025633,0.10745774008274162,-0.35748626233046177,2.0285331231245323,-0.3521861759092953,-0.7507178132641703,-1.3124393168505422,0.10960775102737819,-0.6130934518181093,0.13786250362187769,0.15155042464019666]",s21g006_f661a78e06256388,,,,,True,,11,-0.027719979000000006,0.0304065592,770.6514000000025,0.041145547488683945,0.0304065592,1.3715182496227982,0.5817437020072838,0.7819287599363928,0.023457862798091783,1,0.6279649485659721,0.0,-0.3441121188564283,0,0,0,0,1,1,True,False,True,False,10000.0,True,1.0,1.0,0.0,0.027695026469853248,0.031267432427423456,0.04176920901536638,0.02288491726586569,0.649220739871843,0.08939345376172987,0.09860516403335651,0.41409999999999997,816.2854270935059,1,True,False,0.0,2,0,1,True,True,1.0,10,10,1,True,True,1.0,10,10,1,PASS_DAMPED_HOLD_40MM,False,True,0.5261371204286097,13.799883236638609,1000013.7998832366,0.0026639473372132016,0.0,1.0,0.45838388730492996,0.24783076613464697,0.054948588357479136,5,0.005367756642906037,0.01618299386567738,0.00018365598122737777,1.9385186908548488,1.8810623090483845,0.0,1.0246697812310661,1.0,13.799883236638609,20
Stage2.1,6,s21g006_1a01debb1774c060,14,tail_fd_n2_m1_m,sensitivity,2.9713682017391423,3.5074144457415595,0.031218874834864244,0.08787531454317225,"[2.3705445176467634,1.218059178969841,0.480262669915016,1.1862261679559902,1.8279077094025633,0.10745774008274162,-0.35748626233046177,1.9485331231245322,-0.3521861759092953,-0.7507178132641703,-1.3124393168505422,0.10960775102737819,-0.5330934518181093,0.13786250362187769,0.15155042464019666]",s21g006_1a01debb1774c060,,,,,True,,11,-0.027939986000000028,0.0305662659,766.2158000000018,0.04141182716024132,0.0305662659,1.3803942386747106,0.5817437020072838,0.7819287599363928,0.023457862798091783,1,0.6279649485659721,0.0,-0.3441121188564283,0,0,0,0,1,1,True,False,True,False,10000.0,True,1.0,1.0,0.0,0.02782794876269946,0.031366169436868464,0.04193126897056381,0.027120313520176926,0.649220739871843,0.08766112774302852,0.09580507898323842,0.41409999999999997,819.8423268795013,1,True,False,0.0,2,0,1,True,True,1.0,10,10,1,True,True,1.0,10,10,1,PASS_DAMPED_HOLD_40MM,False,True,0.5230704446972878,13.80446908006121,1000013.8044690801,0.002868832935934706,0.0,1.0,0.4552646391160041,0.247173873771228,0.0425386762713347,5,0.005557871808026805,0.0163140272963952,0.00035628563278090186,1.9535903527575196,1.905488254166334,0.0,0.9914124564417244,1.0,13.80446908006121,21
Stage2.1,6,s21g006_32b99259c7b4d928,101,bridge_p07_d30,bridge,2.905710737966486,3.602520958540929,0.032138312634778725,0.10081664474213844,"[2.3116676198660415,1.3581909817742068,0.5662937040984377,1.2672577858762115,1.9179088632412913,0.06584097397077893,-0.2992118160146557,2.0089957613843454,-0.22395826905723318,-0.9155703333984173,-1.3880469250732936,0.1258158284380193,-0.2975436288529054,0.027437362369196097,0.036203571935321574]",s21g006_32b99259c7b4d928,,,,,True,,11,-0.02659010900000003,0.030872477,744.9204000000027,0.04074486142751515,0.030872477,1.3581620475838383,0.5817437020072838,0.7819590416989184,0.02345877125096755,1,0.6280131055712277,0.0,-0.3441641722992436,0,0,0,0,1,1,True,False,True,False,10000.0,True,1.0,1.0,0.0,0.026799562813981246,0.03155941472731978,0.041403058159410096,0.00632265791770961,0.6488303010217231,0.0837010362433255,0.09664229012335009,0.41240000000000004,807.7596247196198,1,True,False,0.0,2,0,1,True,True,1.0,10,10,1,True,True,1.0,10,10,1,PASS_DAMPED_HOLD_40MM,False,True,0.53075172060623,13.810760215420396,1000013.8107602154,0.0034142015899654055,0.0,1.0,0.4620235648311066,0.254719324393315,0.042546152045597696,5,0.006291646577188359,0.017801426526080175,0.0008457956839211111,1.904681361057217,1.8446041474971242,0.0,0.9379708243430145,1.0,13.810760215420396,22
Stage2.1,6,s21g006_f17e3c68e27f126b,27,tail_fd_n4_m1_p,sensitivity,2.9470470261752033,3.471831494339164,0.029025030375318214,0.08729249104845296,"[2.3705445176467634,1.218059178969841,0.480262669915016,1.1862261679559902,1.8279077094025633,0.10745774008274162,-0.35748626233046177,2.0285331231245323,-0.3521861759092953,-0.7507178132641703,-1.3124393168505422,0.10960775102737819,-0.5330934518181093,0.2178625036218777,0.15155042464019666]",s21g006_f17e3c68e27f126b,,,,,True,,11,-0.027707755,0.0303754031,775.3919000000024,0.04111428949437792,0.0303754031,1.370476316479264,0.5817437020072838,0.7819287599363928,0.023457862798091783,1,0.6279649485659721,0.0,-0.3441121188564283,0,0,0,0,1,1,True,False,True,False,10000.0,True,1.0,1.0,0.0,0.027691330811660194,0.031258239732653556,0.041759877314293474,0.023604756020048537,0.649220739871843,0.08973037907751544,0.09879302215785406,0.41409999999999997,754.2549970149994,1,True,False,0.0,2,0,1,True,True,1.0,10,10,1,True,True,1.0,10,10,1,PASS_DAMPED_HOLD_40MM,False,True,0.5264971108551694,13.811092098626398,1000013.8110920986,0.002654941871157128,0.0,1.0,0.4564703741931021,0.24925105645346626,0.054948588357479136,5,0.005360552270061178,0.01618299386567738,0.0001565860972106788,1.9376526147831585,1.8782053340305715,0.0,1.031724573384826,1.0,13.811092098626398,23
Stage2.1,6,s21g006_5781e80f1e05804f,155,global_0036,global,2.9975262422723006,3.543056138485075,0.02237797682361886,0.09012835390773191,"[2.3423719720169225,1.224447850575009,0.5500810002913973,1.2426428637004847,1.9003289580877076,0.0884003657779965,-0.43133104086138246,2.1935862732827793,-0.3767439988602376,-0.9335623804032824,-1.282581952688903,0.2178496899732577,-0.4722236309306624,-0.1021693053592175,0.05124158375799887]",s21g006_5781e80f1e05804f,,,,,True,,11,-0.02701668700000004,0.0314414658,726.522100000002,0.0414543984169176,0.0314414658,1.38181328056392,0.5817437020072838,0.7819407209399365,0.023458221628198096,1,0.6279932978438959,0.0,-0.344132679463277,0,0,0,0,1,1,True,False,True,False,10000.0,True,1.0,1.0,0.0,0.027287449123205416,0.0318488942375886,0.041939920646188976,0.023968883377463966,0.6496068018256488,0.07962901522286606,0.08794831477864193,0.41345,781.6904730796814,1,True,False,0.0,2,0,1,True,True,1.0,10,10,1,True,True,1.0,10,10,1,PASS_DAMPED_HOLD_40MM,False,True,0.52258016228505,13.813923460438309,1000013.8139234604,0.004256469063449339,0.0,1.0,0.462294369104503,0.24743832080394282,0.0886975135873033,5,0.0069234277418854465,0.01759126245562987,0.002308692947299599,1.9543966042318093,1.909407942342823,0.0,0.8309413442765553,1.0,13.813923460438309,24
Stage2.1,6,s21g006_ff49bc7ed6919835,15,tail_fd_n2_m1_p,sensitivity,2.935484795012667,3.4638476389667257,0.027240122460050878,0.08791534340985335,"[2.3705445176467634,1.218059178969841,0.480262669915016,1.1862261679559902,1.8279077094025633,0.10745774008274162,-0.35748626233046177,2.1085331231245323,-0.3521861759092953,-0.7507178132641703,-1.3124393168505422,0.10960775102737819,-0.5330934518181093,0.13786250362187769,0.15155042464019666]",s21g006_ff49bc7ed6919835,,,,,True,,11,-0.027595495000000025,0.0303493296,763.4825000000019,0.04101942407524102,0.0303493296,1.3673141358413674,0.5817437020072838,0.7819287599363928,0.023457862798091783,1,0.6279649485659721,0.0,-0.3441121188564283,0,0,0,0,1,1,True,False,True,False,10000.0,True,1.0,1.0,0.0,0.027614755019383045,0.031245222463499783,0.04169938394717759,0.02288896855802213,0.649220739871843,0.09023802984809519,0.09950529320475157,0.41409999999999997,780.2992479801178,1,True,False,0.0,2,0,1,True,True,1.0,10,10,1,True,True,1.0,10,10,1,PASS_DAMPED_HOLD_40MM,False,True,0.5275896519301501,13.824272313763563,1000013.8242723137,0.0026379631039904357,0.0,1.0,0.45782122057709435,0.24872390088915475,0.06745816049329297,5,0.005350861089493794,0.016202453031507226,0.0001355901882624,1.9320429128601475,1.8695479460716253,0.0,1.0425208257413703,1.0,13.824272313763563,25
Stage2.1,6,s21g006_9fe715b1b05606f5,45,damped_parent_22,damped_tail,2.957048119147182,3.5191281357323994,0.02818541515279862,0.09066212843710274,"[2.3710516631088376,1.241201165609312,0.47822550385320406,1.2000652235730962,1.8567547748951867,0.10824238743567083,-0.35861422682381006,2.038919921814271,-0.3014387504102089,-0.7983843044499713,-1.3818725765042474,0.05655919657551425,-0.3663754072337977,-0.0538036721736366,0.011965181588903744]",s21g006_9fe715b1b05606f5,,,,,True,,11,-0.027574030000000027,0.0307089196,816.639900000002,0.04127184116852755,0.0307089196,1.3757280389509183,0.5817437020072838,0.781943766768352,0.023458313003050558,1,0.6280026745076823,0.0,-0.34413791515109793,0,0,0,0,1,1,True,False,True,False,10000.0,True,1.0,1.0,0.0,0.02752598026274635,0.031447200801902726,0.041792415911266645,0.025547598071442624,0.6492517633797267,0.08684523697230782,0.09543797926272239,0.41395000000000004,787.5059087276459,1,True,False,0.0,2,0,1,True,True,1.0,10,10,1,True,True,1.0,10,10,1,PASS_DAMPED_HOLD_40MM,False,True,0.5246826280119317,13.826389044673453,1000013.8263890446,0.0030685419724346985,0.0,1.0,0.4592329289150715,0.2510812761558796,0.050142899730858836,5,0.005810782662023334,0.016779745420377877,0.0005584077769601776,1.940673364111437,1.8926276371557396,0.0,0.9761087652971807,1.0,13.826389044673453,26
Stage2.1,6,s21g006_85004c6299276c7e,28,tail_fd_n4_m2_m,sensitivity,2.948825834150839,3.4825126677518257,0.02897717959334864,0.08808196714070939,"[2.3705445176467634,1.218059178969841,0.480262669915016,1.1862261679559902,1.8279077094025633,0.10745774008274162,-0.35748626233046177,2.0285331231245323,-0.3521861759092953,-0.7507178132641703,-1.3124393168505422,0.10960775102737819,-0.5330934518181093,0.13786250362187769,0.11655042464019666]",s21g006_85004c6299276c7e,,,,,True,,11,-0.02773161199999996,0.0303831799,783.5480000000025,0.041136114606927884,0.0303831799,1.3712038202309296,0.5817437020072838,0.7819287599363928,0.023457862798091783,1,0.6279649485659721,0.0,-0.3441121188564283,0,0,0,0,1,1,True,False,True,False,10000.0,True,1.0,1.0,0.0,0.02769854676551778,0.031260509195867724,0.04176636120260545,0.024726811725605622,0.649220739871843,0.08996086952015453,0.09881514977409415,0.41409999999999997,818.262720823288,1,True,False,0.0,2,0,1,True,True,1.0,10,10,1,True,True,1.0,10,10,1,PASS_DAMPED_HOLD_40MM,False,True,0.5262457565456237,13.829180600654547,1000013.8291806007,0.002657100761033876,0.0,1.0,0.45671327945839113,0.2479732790780984,0.054948588357479136,5,0.005362279381962577,0.01618299386567738,0.0001631409286266799,1.9382543645627845,1.8801999166158954,0.0,1.0375849042990206,1.0,13.829180600654547,27
Stage2.1,6,s21g006_036d51f554b8e362,1,damped_archive_00,anchor_damped,2.948905720269611,3.479615719163236,0.029164178620840767,0.08778827439502336,"[2.3705445176467634,1.218059178969841,0.480262669915016,1.1862261679559902,1.8279077094025633,0.10745774008274162,-0.35748626233046177,2.0285331231245323,-0.3521861759092953,-0.7507178132641703,-1.3124393168505422,0.10960775102737819,-0.5330934518181093,0.13786250362187769,0.15155042464019666]",s21g006_036d51f554b8e362,,,,,True,,11,-0.027735246999999963,0.0303840903,764.7664000000004,0.04113923759028066,0.0303840903,1.3713079196760218,0.5817437020072838,0.7819287599363928,0.023457862798091783,1,0.6279649485659721,0.0,-0.3441121188564283,0,0,0,0,1,1,True,False,True,False,10000.0,True,1.0,1.0,0.0,0.027699696780583268,0.03126078892954043,0.04176733324302059,0.024910941484762722,0.649220739871843,0.08999870804843146,0.0988190364694087,0.41409999999999997,795.0397169589996,1,True,False,0.0,2,0,1,True,True,1.0,10,10,1,True,True,1.0,10,10,1,PASS_DAMPED_HOLD_40MM,False,True,0.5262097899350249,13.832118394452145,1000013.8321183944,0.0026573749969749393,0.0,1.0,0.45685406680145835,0.24798240574239114,0.054948588357479136,5,0.0053624987707154275,0.01618299386567738,0.00016391706506010059,1.9383445847039251,1.880485410566179,0.0,1.03857569743996,1.0,13.832118394452145,28
Stage2.1,6,s21g006_61a402211218bdff,22,tail_fd_n3_m2_m,sensitivity,2.948217922770754,3.4755764865827463,0.028637003917019482,0.08758783143837116,"[2.3705445176467634,1.218059178969841,0.480262669915016,1.1862261679559902,1.8279077094025633,0.10745774008274162,-0.35748626233046177,2.0285331231245323,-0.3521861759092953,-0.7507178132641703,-1.3124393168505422,0.07460775102737818,-0.5330934518181093,0.13786250362187769,0.15155042464019666]",s21g006_61a402211218bdff,,,,,True,,11,-0.02772876499999999,0.030379557,783.0520000000033,0.04113151944605832,0.030379557,1.371050648201944,0.5817437020072838,0.7819287599363928,0.023457862798091783,1,0.6279649485659721,0.0,-0.3441121188564283,0,0,0,0,1,1,True,False,True,False,10000.0,True,1.0,1.0,0.0,0.027695662668368617,0.0312589978260282,0.041763317345820394,0.024986754024836307,0.649220739871843,0.0900829274031788,0.09889110666906197,0.41409999999999997,817.1878974437714,1,True,False,0.0,2,0,1,True,True,1.0,10,10,1,True,True,1.0,10,10,1,PASS_DAMPED_HOLD_40MM,False,True,0.5262986778529011,13.834994006951055,1000013.8349940069,0.00265519343070652,0.0,1.0,0.4567743763852009,0.24778481511195435,0.054948588357479136,5,0.00536074944690527,0.016182973511700276,0.00016007057361000222,1.93797186191967,1.8797798799349708,0.0,1.0403788854929463,1.0,13.834994006951055,29
Stage2.1,6,s21g006_a497b2551a96427a,23,tail_fd_n3_m2_p,sensitivity,2.9495952889436565,3.4837735741363782,0.029791435681380027,0.0879785592581597,"[2.3705445176467634,1.218059178969841,0.480262669915016,1.1862261679559902,1.8279077094025633,0.10745774008274162,-0.35748626233046177,2.0285331231245323,-0.3521861759092953,-0.7507178132641703,-1.3124393168505422,0.1446077510273782,-0.5330934518181093,0.13786250362187769,0.15155042464019666]",s21g006_a497b2551a96427a,,,,,True,,11,-0.027747413000000054,0.0303774088,744.5560000000005,0.041142507137933264,0.0303774088,1.3714169045977753,0.5817437020072838,0.7819287599363928,0.023457862798091783,1,0.6279649485659721,0.0,-0.3441121188564283,0,0,0,0,1,1,True,False,True,False,10000.0,True,1.0,1.0,0.0,0.027707543348501604,0.03125860096878383,0.04177090007331358,0.025246706054708516,0.649220739871843,0.09011520315615143,0.09886442530992008,0.41409999999999997,815.6433057785034,1,True,False,0.0,2,0,1,True,True,1.0,10,10,1,True,True,1.0,10,10,1,PASS_DAMPED_HOLD_40MM,False,True,0.5261721353803982,13.838890150905979,1000013.8388901509,0.002655387806281361,0.0,1.0,0.4569683172892797,0.24821248199719143,0.054948588357479136,5,0.005360950913578771,0.01618320334276841,0.00015826378035271069,1.9386756588163876,1.8807843262165438,0.0,1.041157075847362,1.0,13.838890150905979,30
Stage2.1,6,s21g006_db9cb4f828d5e47e,29,tail_fd_n4_m2_p,sensitivity,2.94898632118917,3.4762904018650747,0.029441744697060214,0.08743925443922278,"[2.3705445176467634,1.218059178969841,0.480262669915016,1.1862261679559902,1.8279077094025633,0.10745774008274162,-0.35748626233046177,2.0285331231245323,-0.3521861759092953,-0.7507178132641703,-1.3124393168505422,0.10960775102737819,-0.5330934518181093,0.13786250362187769,0.18655042464019667]",s21g006_db9cb4f828d5e47e,,,,,True,,11,-0.027740306999999964,0.0303814967,749.2904000000017,0.0411407337584827,0.0303814967,1.3713577919494233,0.5817437020072838,0.7819287599363928,0.023457862798091783,1,0.6279649485659721,0.0,-0.3441121188564283,0,0,0,0,1,1,True,False,True,False,10000.0,True,1.0,1.0,0.0,0.02770137441496541,0.031259993634374435,0.04176785063298362,0.025319453009019895,0.649220739871843,0.09011108217714008,0.09885438878259889,0.41409999999999997,731.2377691268921,1,True,False,0.0,2,0,1,True,True,1.0,10,10,1,True,True,1.0,10,10,1,PASS_DAMPED_HOLD_40MM,False,True,0.5261925589436828,13.83899550057081,1000013.8389955006,0.00265659113458891,0.0,1.0,0.4570245937525097,0.24800459967570115,0.054948588357479136,5,0.005361871680806604,0.01618299386567738,0.00016171081345654523,1.9383926072213673,1.8806221935403977,0.0,1.0413264882257178,1.0,13.83899550057081,31
Stage2.1,6,s21g006_6748783303a65564,16,tail_fd_n2_m2_m,sensitivity,2.954911231781651,3.475070394303088,0.029323020261936752,0.08683005323544545,"[2.3705445176467634,1.218059178969841,0.480262669915016,1.1862261679559902,1.8279077094025633,0.10745774008274162,-0.35748626233046177,2.0285331231245323,-0.38718617590929527,-0.7507178132641703,-1.3124393168505422,0.10960775102737819,-0.5330934518181093,0.13786250362187769,0.15155042464019666]",s21g006_6748783303a65564,,,,,True,,11,-0.02779339599999997,0.0304163467,774.8761000000013,0.04120226944947833,0.0304163467,1.3734089816492778,0.5817437020072838,0.7819287599363928,0.023457862798091783,1,0.6279649485659721,0.0,-0.3441121188564283,0,0,0,0,1,1,True,False,True,False,10000.0,True,1.0,1.0,0.0,0.02773009636647633,0.031281786042315726,0.04180321019361172,0.02623372368951284,0.649220739871843,0.08974337488216119,0.09824708526080694,0.41409999999999997,820.7034568786621,1,True,False,0.0,2,0,1,True,True,1.0,10,10,1,True,True,1.0,10,10,1,PASS_DAMPED_HOLD_40MM,False,True,0.5254838679306486,13.84250072617083,1000013.8425007262,0.002700846108021279,0.0,1.0,0.45640179665379776,0.24742004138935772,0.060024400784087224,5,0.005404331647411732,0.016218273804973544,0.00019260508288987817,1.9416759805458699,1.8862522308749061,0.0,1.0340698020861976,1.0,13.84250072617083,32
Stage2.1,6,s21g006_a19060c8dee13b92,103,bridge_p14_d00,bridge,2.9221359549216506,3.622629280443277,0.039722824561449196,0.09963523688023522,"[2.3126103047078446,1.4313220527783073,0.5945573880354695,1.301852010622246,1.9341480742834278,0.07983818078549296,-0.44559530355783494,2.1391881481655375,-0.37295892952459087,-0.7664976389770374,-1.2587336573533887,0.15908279997400854,-0.48411516116817377,0.14662635964868886,0.1462175373428469]",s21g006_a19060c8dee13b92,,,,,True,,11,-0.025997028000000033,0.0314199888,745.9546000000009,0.04078064689316381,0.0314199888,1.3593548964387936,0.5817437020072838,0.781971911622555,0.023459157348676648,1,0.6280281594016837,0.0,-0.344186295312509,0,0,0,0,1,1,True,False,True,False,10000.0,True,1.0,1.0,0.0,0.026394011696582734,0.0320057645786217,0.04148509153541187,0.010880289267396754,0.6486348017857362,0.07770049907171044,0.08818958687613729,0.4118,632.3225536346436,1,True,False,0.0,2,0,1,True,True,1.0,10,10,1,True,True,1.0,10,10,1,PASS_DAMPED_HOLD_40MM,False,True,0.5303395884355804,13.853830417014162,1000013.853830417,0.0050092169579505404,0.0,1.0,0.4543377326794724,0.243736144777775,0.08592068348310081,5,0.007843271986854142,0.019179492102468554,0.0022404091023616028,1.912236466335002,1.8478457344721235,0.0,0.7895783927925994,1.0,13.853830417014162,33
Stage2.1,6,s21g006_c8dbb83a58ec440d,152,global_0064,global,2.960405890286971,3.5920357170681916,0.040951313126484694,0.09388491114483664,"[2.4545758464246195,1.2908742104831545,0.4882850668580174,1.1431885631898397,1.8757587060161907,0.09208105980018146,-0.4904278936901413,2.0469741312039194,-0.2040419572118442,-0.7832300173807059,-1.21747095401789,0.13043783417742277,-0.33012904621326566,0.1356019804963448,0.06926717448949037]",s21g006_c8dbb83a58ec440d,,,,,True,,11,-0.026324879999999995,0.0316324169,761.2900000000009,0.04115348230648052,0.0316324169,1.3717827435493508,0.5817437020072838,0.7819445250194912,0.023458335750584737,1,0.6279980218254875,0.0,-0.34413921856209595,0,0,0,0,1,1,True,False,True,False,10000.0,True,1.0,1.0,0.0,0.026834118319999822,0.032092332030093505,0.041832854087923706,0.02325350035204736,0.6493418392734099,0.07740174186515696,0.08483017615976315,0.41395000000000004,812.7559711933136,1,True,False,0.0,2,0,1,True,True,1.0,10,10,1,True,True,1.0,10,10,1,PASS_DAMPED_HOLD_40MM,False,True,0.5260457371358976,13.854517980957798,1000013.854517981,0.005284471810850377,0.0,1.0,0.45380498447827194,0.24748302482287776,0.04397936255612799,5,0.007927160071907193,0.01849791311613445,0.0029608721504506877,1.9444307568239063,1.8817878954997838,0.0,0.7736884065919115,1.0,13.854517980957798,34
Stage2.1,6,s21g006_4f962b256a451509,97,bridge_p07_d02,bridge,2.917023902087224,3.5798957328572296,0.02603592176596928,0.09916159368136879,"[2.3116676198660415,1.3581909817742068,0.5662937040984377,1.2672577858762115,1.9179088632412913,0.06584097397077893,-0.28706264560432165,2.0773302820008834,-0.2947231200702096,-1.001713681409186,-1.356736021705884,0.11121405158773226,-0.443122923958896,0.013212188045227308,0.07128831944369639]",s21g006_4f962b256a451509,,,,,True,,11,-0.02650885199999997,0.0310572715,773.4732000000004,0.040832258661291504,0.0310572715,1.3610752887097166,0.5817437020072838,0.7819590416989184,0.02345877125096755,1,0.6280131055712277,0.0,-0.3441641722992436,0,0,0,0,1,1,True,False,True,False,10000.0,True,1.0,1.0,0.0,0.026777848461139554,0.03162458763697798,0.04143872236708867,0.014678920106684026,0.6488303010217231,0.0845108831771436,0.09564732847406651,0.41240000000000004,817.078863620758,1,True,False,0.0,2,0,1,True,True,1.0,10,10,1,True,True,1.0,10,10,1,PASS_DAMPED_HOLD_40MM,False,True,0.5297451887360385,13.856587134522968,1000013.8565871345,0.0035604580098895717,0.0,1.0,0.4650563792510228,0.2515991263878504,0.060226412425858154,5,0.006407148472891711,0.01779391032490027,0.0012420255830136151,1.9079641237962828,1.8525259415362387,0.0,0.9363882139724387,1.0,13.856587134522968,35
Stage2.1,6,s21g006_cc9fb826f50fc409,26,tail_fd_n4_m1_m,sensitivity,2.9507682504490953,3.4863301648743574,0.029286422109283783,0.08819058088782254,"[2.3705445176467634,1.218059178969841,0.480262669915016,1.1862261679559902,1.8279077094025633,0.10745774008274162,-0.35748626233046177,2.0285331231245323,-0.3521861759092953,-0.7507178132641703,-1.3124393168505422,0.10960775102737819,-0.5330934518181093,0.057862503621877684,0.15155042464019666]",s21g006_cc9fb826f50fc409,,,,,True,,11,-0.02776307499999997,0.0303917437,756.7090000000026,0.04116365409657059,0.0303917437,1.3721218032190199,0.5817437020072838,0.7819287599363928,0.023457862798091783,1,0.6279649485659721,0.0,-0.3441121188564283,0,0,0,0,1,1,True,False,True,False,10000.0,True,1.0,1.0,0.0,0.027708301137944525,0.03126305821132164,0.041774738307684266,0.02638763036750934,0.649220739871843,0.09031172059641769,0.09886240386851274,0.41409999999999997,773.9769849777222,1,True,False,0.0,2,0,1,True,True,1.0,10,10,1,True,True,1.0,10,10,1,PASS_DAMPED_HOLD_40MM,False,True,0.525928591198204,13.85699274959825,1000013.8569927496,0.002659592471650426,0.0,1.0,0.45739293437076,0.2467758505329506,0.054948588357479136,5,0.005364272750455817,0.01618299386567738,0.0001705145849885465,1.9390319563061147,1.8827182428690146,0.0,1.047008193507322,1.0,13.85699274959825,36
Stage2.1,6,s21g006_c5e13ba1424397b6,38,damped_parent_14,damped_tail,3.002465162734768,3.4779851312131242,0.020693169893892065,0.08417314697595707,"[2.345102128028469,1.156852703214486,0.5008905900261098,1.1322614923859362,1.9066309299074808,0.1194014909452745,-0.3657558157133952,2.0707543436730926,-0.25863107378146233,-0.8898492893869411,-1.3139297609860172,0.14404341626912773,-0.2552894852884292,-0.045225067324461195,0.14014492243056031]",s21g006_c5e13ba1424397b6,,,,,True,,11,-0.02704001300000003,0.0315406131,684.3546000000024,0.04154482612509122,0.0315406131,1.384827537503041,0.5817437020072838,0.7819517530822333,0.023458552592467,1,0.6280459392154494,0.0,-0.3441516433854626,0,0,0,0,1,1,True,False,True,False,10000.0,True,1.0,1.0,0.0,0.027296454459680417,0.032007540793661464,0.042066365349615234,0.01604721007613523,0.6499237967952659,0.07630442302843225,0.08567850927672527,0.4142,760.505448102951,1,True,False,0.0,2,0,1,True,True,1.0,10,10,1,True,True,1.0,10,10,1,PASS_DAMPED_HOLD_40MM,False,True,0.5215387292065382,13.867272486173164,1000013.8672724862,0.004943845175447328,0.0,1.0,0.458072543985251,0.2515600794124225,0.05004520352221346,5,0.0076858761170761625,0.018653999883591496,0.0026372096932129156,1.9661989930303443,1.9177473086267363,0.0,0.7598319903109514,1.0,13.867272486173164,37
Stage2.1,6,s21g006_2ca5cec072679149,25,tail_fd_n4_m0_p,sensitivity,2.9478506796930275,3.479129819704763,0.029140756371851623,0.0878423159937439,"[2.3705445176467634,1.218059178969841,0.480262669915016,1.1862261679559902,1.8279077094025633,0.10745774008274162,-0.35748626233046177,2.0285331231245323,-0.3521861759092953,-0.7507178132641703,-1.3124393168505422,0.10960775102737819,-0.4530934518181093,0.13786250362187769,0.15155042464019666]",s21g006_2ca5cec072679149,,,,,True,,11,-0.027750719000000035,0.030360968,763.3107000000018,0.041132600001871834,0.030360968,1.371086666729061,0.5817437020072838,0.7819287599363928,0.023457862798091783,1,0.6279649485659721,0.0,-0.3441121188564283,0,0,0,0,1,1,True,False,True,False,10000.0,True,1.0,1.0,0.0,0.027704507592597755,0.0312539680582127,0.0417654194320144,0.02698705307234742,0.649220739871843,0.09061806651100845,0.09904780146284231,0.41409999999999997,741.9851820468903,1,True,False,0.0,2,0,1,True,True,1.0,10,10,1,True,True,1.0,10,10,1,PASS_DAMPED_HOLD_40MM,False,True,0.5262862333644793,13.86786297924291,1000013.8678629793,0.0026509382041994337,0.0,1.0,0.4554752581507653,0.248202177481472,0.054948588357479136,5,0.005357349336495023,0.01618299386567738,0.00014477544113777755,1.9381669559245402,1.8798786476822076,0.0,1.0538768008152324,1.0,13.86786297924291,38
Stage2.1,6,s21g006_ed0b53aefd510c05,47,damped_parent_00,damped_tail,3.0161747474644085,3.5217494890515395,0.02923175851436905,0.08554507510732372,"[2.374488912526125,1.242099717346145,0.4629059061014104,1.1312822167804917,1.8547373674585506,0.1076839185474459,-0.28657579127860366,1.8747080974810797,-0.4135722165346125,-0.8796007771412039,-1.2736935818949033,0.0737709398387324,-0.6360169868346305,0.2315317714005079,0.009906071818025775]",s21g006_ed0b53aefd510c05,,,,,True,,11,-0.027638453000000007,0.0314474661,903.9891000000025,0.04186677929270245,0.0314474661,1.3955593097567485,0.5817437020072838,0.781949510567509,0.023458485317025272,1,0.6280144630515208,0.0,-0.344147788569817,0,0,0,0,1,1,True,False,True,False,10000.0,True,1.0,1.0,0.0,0.02763933395639938,0.03194752544196388,0.04224425598135563,0.02032571848520237,0.6494463561059086,0.07635523700595338,0.08498151670751274,0.414,732.756915807724,1,True,False,0.0,2,0,1,True,True,1.0,10,10,1,True,True,1.0,10,10,1,PASS_DAMPED_HOLD_40MM,False,True,0.5178308758808935,13.872453733014314,1000013.872453733,0.0047190631832546605,0.0,1.0,0.4542096028298047,0.24374702272498527,0.04016850587991896,5,0.007473551731874509,0.018491505926353898,0.0023279534562769093,1.9828635149092233,1.947585787048732,0.0,0.7634993013848963,1.0,13.872453733014314,39
Stage2.1,6,s21g006_345debee02ee2d15,100,bridge_p13_d02,bridge,2.8926449960343192,3.6024014700872558,0.029806869871948374,0.1021808910216223,"[2.356547203021858,1.3344258781928886,0.5559237723506207,1.1925518741471484,1.902664972714298,0.05298277856650377,-0.2619681549946907,2.1280882327765926,-0.28208214239942986,-0.9068378292606741,-1.301743694435549,0.07431278021543981,-0.31799643218778106,0.06010159709892404,-0.004175211420746894]",s21g006_345debee02ee2d15,,,,,True,,11,-0.026423959000000052,0.0307387232,833.5384000000013,0.04053510470197286,0.0307387232,1.3511701567324286,0.5817437020072838,0.7819485530547678,0.023458456591643032,1,0.6279962686173183,0.0,-0.3441461426340932,0,0,0,0,1,1,True,False,True,False,10000.0,True,1.0,1.0,0.0,0.026748631432077476,0.031518291119646095,0.04133874645646485,0.007078152211477422,0.6489125112317141,0.08609239173789457,0.09884422273111038,0.41284999999999994,788.6001932621002,1,True,False,0.0,2,0,1,True,True,1.0,10,10,1,True,True,1.0,10,10,1,PASS_DAMPED_HOLD_40MM,False,True,0.533167435842545,13.886762354010768,1000013.886762354,0.0033582484475136306,0.0,1.0,0.4582381895382835,0.24869680239114608,0.06338844973531808,5,0.006258046342988344,0.0178572379248872,0.0006063466291313825,1.8987688428798728,1.8256607924443358,0.0,0.98202806060462,1.0,13.886762354010768,40
Stage2.1,6,s21g006_6ef4fd8ba4d0dcb3,99,bridge_p06_d25,bridge,2.8917426233271293,3.6023006155377892,0.034768623213906676,0.10139397581892653,"[2.281174821864321,1.435251297978939,0.6242674591469557,1.2732259723262143,1.9423248425328488,0.08840486755120586,-0.32343488996468084,2.0331330091387203,-0.3231822444668893,-0.8806502458099573,-1.3259710666005406,0.21405327558812476,-0.3398671127401396,-0.05808132297156795,0.060966803747212035]",s21g006_6ef4fd8ba4d0dcb3,,,,,True,,11,-0.025967355999999997,0.0312299699,702.6173000000017,0.04061544777034524,0.0312299699,1.353848259011508,0.5817437020072838,0.7819723692848468,0.023459171078545404,1,0.6280281041364215,0.0,-0.3441870820202813,0,0,0,0,1,1,True,False,True,False,10000.0,True,1.0,1.0,0.0,0.026275938250139616,0.03184397866300402,0.0412851536028995,0.006549180671229336,0.6485909115449024,0.08046022535091449,0.092789640568509,0.41145000000000004,779.1753385066986,1,True,False,0.0,2,0,1,True,True,1.0,10,10,1,True,True,1.0,10,10,1,PASS_DAMPED_HOLD_40MM,False,True,0.5322421450138591,13.887164096097642,1000013.8871640961,0.004389954544283951,0.0,1.0,0.4600219650296085,0.24654420734609556,0.059988163336510275,5,0.007307611648697388,0.01897824006635114,0.0016809177276733516,1.8938487866833398,1.8329051084284913,0.0,0.8652809164297494,1.0,13.887164096097642,41
Stage2.1,6,s21g006_3a90bad95670ef51,138,global_0004,global,2.9504666912347672,3.3411032789449377,0.017378527681338705,0.07646679770756051,"[2.3089680533518018,1.2821729717974852,0.5287014328187328,1.143642899593361,1.8489990584220535,0.08429580413307036,-0.45305813296369857,2.127185057469281,-0.3886429313724459,-0.8262609980236355,-1.1521715790431915,0.16091188069437296,-0.5163193417775866,-0.0872267562609213,0.0738726545523844]",s21g006_3a90bad95670ef51,,,,,True,,11,-0.02612696999999997,0.0316223482,771.0563000000002,0.041019403543481,0.0316223482,1.3673134514493668,0.5817437020072838,0.7819522753639135,0.023458568260917405,1,0.6280129306972496,0.0,-0.34415254117202815,0,0,0,0,1,1,True,False,True,False,10000.0,True,1.0,1.0,0.0,0.02663338333184064,0.032068619702277604,0.04168613051495753,0.02492108588738636,0.649046956454282,0.07887385643299132,0.08615818336660419,0.4131,793.0712101459503,1,True,False,0.0,2,0,1,True,True,1.0,10,10,1,True,True,1.0,10,10,1,PASS_DAMPED_HOLD_40MM,False,True,0.5275898883892451,13.898710044498229,1000013.8987100445,0.005186601232563312,0.0,1.0,0.45545254230942156,0.23600001401159107,0.07744769054493117,5,0.007850727321635088,0.018507231677922197,0.0029244596467147056,1.9308149747889711,1.8695460745143797,0.0,0.804429308283988,1.0,13.898710044498229,42
Stage2.1,6,s21g006_ccc7e1f267bd7e52,57,damped_parent_05,damped_tail,2.990472978932753,3.859212625977394,0.07285855497452788,0.10250303792049438,"[2.3774772855386637,1.2639883593872625,0.45204710571173684,1.2244938704938075,1.8973858248593733,0.0847250460310405,-0.4233010748341336,1.8169088399035644,-0.3071747400997384,-0.6950918815204599,-1.1741822992710242,0.10377807279615521,0.15207607488171104,0.1330477110673688,0.15011090234539493]",s21g006_ccc7e1f267bd7e52,,,,,True,,11,-0.027561842999999975,0.0310895546,751.0375000000022,0.04154775077886923,0.0310895546,1.3849250259623076,0.5817437020072838,0.7819638608144331,0.023458915824432994,1,0.6280455481442502,0.0,-0.34417245621447656,0,0,0,0,1,1,True,False,True,False,10000.0,True,1.0,1.0,0.0,0.027562703844685187,0.03188691606948664,0.04214828655654117,0.02701880797267276,0.6495249974341808,0.07936318860838917,0.08609693223299676,0.41395000000000004,738.6280558109283,1,True,False,0.0,2,0,1,True,True,1.0,10,10,1,True,True,1.0,10,10,1,PASS_DAMPED_HOLD_40MM,False,True,0.5215050467075661,13.912966406636306,1000013.9129664067,0.004619156024983651,0.0,1.0,0.43990839367620876,0.24154159884828263,0.027084314738867535,5,0.007432312414982841,0.0186849379749796,0.0013190324737568462,1.973864510724788,1.9180173275366985,0.0,0.8142697724197402,1.0,13.912966406636306,43
Stage2.1,6,s21g006_394391f77d910086,130,bridge_p04_d16,bridge,2.878975625677643,3.712745945123166,0.041054889863945634,0.10917717992642109,"[2.32469939401476,1.4142008745076244,0.5857940880045588,1.2975057094179323,1.940379085803052,0.07790872491419515,-0.3203692143852272,2.069021536783568,-0.28966357277200666,-0.889845510694872,-1.267260595695502,0.14194047446637276,-0.3643456211038621,0.12151605273146703,0.0822682688045352]",s21g006_394391f77d910086,,,,,True,,11,-0.02608857099999995,0.0308724629,756.8586000000032,0.0404193332742379,0.0308724629,1.3473111091412633,0.5817437020072838,0.781973117767198,0.023459193533015944,1,0.6280432251003252,0.0,-0.3441883686390253,0,0,0,0,1,1,True,False,True,False,10000.0,True,1.0,1.0,0.0,0.02649117804809856,0.03161055131141661,0.04124329604417864,0.011580381495831972,0.6486620499816903,0.08630211719379315,0.09789865030790683,0.41204999999999997,781.9902775287628,1,True,False,0.0,2,0,1,True,True,1.0,10,10,1,True,True,1.0,10,10,1,PASS_DAMPED_HOLD_40MM,False,True,0.5345007461389669,13.92441205986328,1000013.9244120598,0.003625363013002629,0.0,1.0,0.45748134629972326,0.24604547450640266,0.06334968644586077,5,0.00654899701223448,0.01824353300916188,0.0008457683465293494,1.8900105206530684,1.815247224815461,0.0,0.9718250967698832,1.0,13.92441205986328,44
Stage2.1,6,s21g006_3374959cea2a6ddd,44,damped_parent_08,damped_tail,2.929767969479638,3.517187749935251,0.02211959734308887,0.09366840859147761,"[2.3580683511228684,1.2561564210555756,0.4883084387548506,1.113396508898034,1.8819075422237985,0.10787784475665088,-0.19660863985048577,2.227729697481149,-0.27124108417029463,-1.0187830779560616,-1.3585835406480342,0.23923451379310362,-0.37190113222675636,-0.07482201077296255,0.2272792100363686]",s21g006_3374959cea2a6ddd,,,,,True,,11,-0.026655262000000013,0.0309622553,596.549500000001,0.0408554065645053,0.0309622553,1.36184688548351,0.5817437020072838,0.7819407919209963,0.02345822375762989,1,0.6279870799218082,0.0,-0.3441328014775929,0,0,0,0,1,1,True,False,True,False,10000.0,True,1.0,1.0,0.0,0.02695324229439677,0.03160112036437594,0.0415344204060227,0.008970334764077366,0.6491955846388746,0.0848396334306351,0.0972049707189601,0.41369999999999996,818.5622165203094,1,True,False,0.0,2,0,1,True,True,1.0,10,10,1,True,True,1.0,10,10,1,PASS_DAMPED_HOLD_40MM,False,True,0.5294786001804738,13.925465924264946,1000013.9254659243,0.0035404169819731987,0.0,1.0,0.46687080708752926,0.25468211963754195,0.07387071151664855,5,0.006424330661801936,0.017959985381116886,0.0010288169581978838,1.9167867538491499,1.8546269395011366,0.0,0.9529273238253504,1.0,13.925465924264946,45
Stage2.1,6,s21g006_8e5c3f4c674118ea,20,tail_fd_n3_m1_m,sensitivity,2.9666574674094357,3.4704761162420383,0.02692507744695964,0.08579448215978205,"[2.3705445176467634,1.218059178969841,0.480262669915016,1.1862261679559902,1.8279077094025633,0.10745774008274162,-0.35748626233046177,2.0285331231245323,-0.3521861759092953,-0.7507178132641703,-1.3924393168505422,0.10960775102737819,-0.5330934518181093,0.13786250362187769,0.15155042464019666]",s21g006_8e5c3f4c674118ea,,,,,True,,11,-0.027963375999999984,0.0304879954,760.4940999999999,0.041369895586377735,0.0304879954,1.3789965195459246,0.5817437020072838,0.7819287599363928,0.023457862798091783,1,0.6279649485659721,0.0,-0.3441121188564283,0,0,0,0,1,1,True,False,True,False,10000.0,True,1.0,1.0,0.0,0.02780013492392696,0.03130478878920151,0.04186689984850872,0.03258007208947909,0.649220739871843,0.09038556916108552,0.09779824934559761,0.41409999999999997,817.1919598579407,1,True,False,0.0,2,0,1,True,True,1.0,10,10,1,True,True,1.0,10,10,1,PASS_DAMPED_HOLD_40MM,False,True,0.5235533600441166,13.938450184879523,1000013.9384501849,0.0027202218183516296,0.0,1.0,0.45919144140404095,0.2531452627532405,0.054948588357479136,5,0.0054135748316909305,0.016186986885048132,0.00026459945602351096,1.947597003250067,1.9016314009197737,0.0,1.0625958672419338,1.0,13.938450184879523,46
Stage2.1,6,s21g006_b318170be7cc2b4e,146,global_0003,global,2.943503461503848,3.4191145227410624,0.018767295761621818,0.08442417285807588,"[2.3218107040656695,1.261686073712846,0.46584404683237735,1.1686348645437343,1.8628674401734033,0.11165534563336194,-0.34675860942895,2.1408109855452593,-0.2885460944773848,-0.920954412543083,-1.2512198521079219,0.18996696603605323,-0.5180171984201698,-0.04433255284921958,0.038186084923647154]",s21g006_b318170be7cc2b4e,,,,,True,,11,-0.02642966400000002,0.031301695,745.0275000000001,0.04096734369013839,0.031301695,1.3655781230046131,0.5817437020072838,0.7819571089117956,0.02345871326735387,1,0.6280190435847234,0.0,-0.34416084989606827,0,0,0,0,1,1,True,False,True,False,10000.0,True,1.0,1.0,0.0,0.026851101422799496,0.031841457621830584,0.04165165148106733,0.019134007705549117,0.6492831392172106,0.0826374460243858,0.0919856233690463,0.41359999999999997,806.6285591125488,1,True,False,0.0,2,0,1,True,True,1.0,10,10,1,True,True,1.0,10,10,1,PASS_DAMPED_HOLD_40MM,False,True,0.5281894485730483,13.947236589439674,1000013.9472365894,0.004325798314258993,0.0,1.0,0.4611120676972897,0.24475364514154577,0.06376267770005918,5,0.007148145921869613,0.018437536352312097,0.0018826776366944404,1.927622301222554,1.8648036100288023,0.0,0.8827465157468047,1.0,13.947236589439674,47
Stage2.1,6,s21g006_5220015584a2eaf5,41,damped_parent_09,damped_tail,3.012954160720066,3.499292638915269,0.02289478176088976,0.08485213311125386,"[2.4359740209002028,1.1883677141797693,0.5042330079176968,1.1220871502379246,1.827649136427359,0.08127288565753521,-0.4740827618249758,2.3091931556998735,-0.31682773568628486,-0.9432818444975483,-1.226780962532306,0.1017086298022915,-0.1753867588849213,0.10503976023215508,0.21186431455404525]",s21g006_5220015584a2eaf5,,,,,True,,11,-0.02677050400000003,0.0316542176,725.375,0.04145659629398158,0.0316542176,1.3818865431327194,0.5817437020072838,0.7819870131972463,0.02345961039591739,1,0.6281575715693573,0.0,-0.3442122544670976,0,0,0,0,1,1,True,False,True,False,10000.0,True,1.0,1.0,0.0,0.027262930353093587,0.03203583658570765,0.04206616451714842,0.028885965189722453,0.6498542042560737,0.07891539690403195,0.08557956291861121,0.4144,752.8717513084412,1,True,False,0.0,2,0,1,True,True,1.0,10,10,1,True,True,1.0,10,10,1,PASS_DAMPED_HOLD_40MM,False,True,0.5225548498899538,13.94947571807058,1000013.9494757181,0.004999664162405355,0.0,1.0,0.45625575667338636,0.2513768586546692,0.09743244601649702,5,0.007597443821116184,0.017988562455959506,0.0030404842979441797,1.9661802190931075,1.9096104180912974,0.0,0.8158260574282392,1.0,13.94947571807058,48
Stage2.1,6,s21g006_e976c49f90d9b32f,102,bridge_p06_d15,bridge,2.8575748057168493,3.618007238668518,0.03817586591460759,0.10447108890539379,"[2.281174821864321,1.435251297978939,0.6242674591469557,1.2732259723262143,1.9423248425328488,0.08840486755120586,-0.33102085513025764,2.0389491946043723,-0.2558091065072965,-0.8189707204395689,-1.311827285726494,0.15229858716797995,-0.3284265748596588,-0.0235507111506952,0.04827146543147108]",s21g006_e976c49f90d9b32f,,,,,True,,11,-0.025750760999999955,0.0310120983,727.5696000000025,0.04030945215514571,0.0310120983,1.3436484051715238,0.5817437020072838,0.7819723692848468,0.023459171078545404,1,0.6280281041364215,0.0,-0.3441870820202813,0,0,0,0,1,1,True,False,True,False,10000.0,True,1.0,1.0,0.0,0.026143169678124255,0.03174512175158389,0.04112442189067319,0.007449818390835583,0.6485909115449024,0.08418873107396244,0.09657770164561559,0.41145000000000004,817.8441865444183,1,True,False,0.0,2,0,1,True,True,1.0,10,10,1,True,True,1.0,10,10,1,PASS_DAMPED_HOLD_40MM,False,True,0.5357662192382827,13.954282802795893,1000013.9542828028,0.004097836692093818,0.0,1.0,0.45920096808418026,0.24658331602393468,0.05248826394628388,5,0.00705868138343959,0.01890206014882268,0.0011381588542921,1.879131195380089,1.8053910367199797,0.0,0.9382752249205971,1.0,13.954282802795893,49
Stage2.1,6,s21g006_267b0b48347a5718,39,damped_parent_07,damped_tail,3.0278950473132125,3.4811364166333343,0.022135571759216748,0.08190913779411181,"[2.360238058230804,1.2236328383739254,0.47089049546245776,1.16474685560755,1.843123597080282,0.12413488492644344,-0.37673816391462384,1.918225953692989,-0.22226558106148095,-0.9111967603743979,-1.4167382772273296,0.1827333192203849,-0.6566979649788405,0.055433384567139775,0.08304102172788229]",s21g006_267b0b48347a5718,,,,,True,,11,-0.027589060000000054,0.0316012363,708.3533000000025,0.041949903067492786,0.0316012363,1.3983301022497596,0.5817437020072838,0.7819440358099333,0.023458321074298003,1,0.6280081163885061,0.0,-0.34413837762551824,0,0,0,0,1,1,True,False,True,False,10000.0,True,1.0,1.0,0.0,0.027587591384183537,0.03190436032451466,0.04217775961448335,0.03797109662676343,0.6492429750567921,0.07836622294076462,0.0847002792835463,0.41405000000000003,662.0247445106506,1,True,False,0.0,2,0,1,True,True,1.0,10,10,1,True,True,1.0,10,10,1,PASS_DAMPED_HOLD_40MM,False,True,0.516873560358629,13.956434885804201,1000013.9564348859,0.004428127462738821,0.0,1.0,0.466588879109187,0.25709387994522465,0.020092207587979992,5,0.0069977491967009265,0.017276236132549347,0.0028488418760418883,1.9766260067746035,1.9553270748578233,0.0,0.8615941489749748,1.0,13.956434885804201,50
Stage2.1,6,s21g006_5df64ae06748f9fc,91,bridge_p15_d07,bridge,2.909127332727713,3.384559483469608,0.02133962120936312,0.08407815691589735,"[2.29436882775318,1.2988054027093843,0.5634225936344082,1.1266062921373714,1.9061399120034692,0.018445199075791896,-0.3625515052242799,2.106868757697407,-0.24636055771199789,-0.7696107993679933,-1.2395023093892077,0.17775144418004224,-0.5102875642933353,0.17502053880773663,0.08445454857855597]",s21g006_5df64ae06748f9fc,,,,,True,,11,-0.02584376899999996,0.031403478,748.9831000000013,0.040670367918447,0.031403478,1.3556789306149,0.5817437020072838,0.7819353068874333,0.023458059206623,1,0.6279570090593095,0.0,-0.3441233728691798,0,0,0,0,1,1,True,False,True,False,10000.0,True,1.0,1.0,0.0,0.026356615321670118,0.032017428899550074,0.041470313774460886,0.01909492934923326,0.6490086474973953,0.08086493274199999,0.08963979609064163,0.41275,820.1249763965607,1,True,False,0.0,2,0,1,True,True,1.0,10,10,1,True,True,1.0,10,10,1,PASS_DAMPED_HOLD_40MM,False,True,0.5316096435376509,13.962714736774215,1000013.9627147368,0.00508000204193802,0.0,1.0,0.4555597671018358,0.24598742519596553,0.05382342803262082,5,0.007902490993829898,0.019192446801397412,0.0021886116627599993,1.9108743606136,1.837865362913159,0.0,0.8399909370024018,1.0,13.962714736774215,51
Stage2.1,6,s21g006_372790803f52baee,120,bridge_p05_d19,bridge,2.8787417876816455,3.7935986327800992,0.05320516936017979,0.11202878706048756,"[2.3170437696628325,1.4217576150392017,0.5833522249745287,1.303665172299496,2.0023911910489147,0.06812504564027454,-0.34545684342265925,1.9726595583183193,-0.24057905896673307,-0.7462746527959785,-1.282468227281133,0.23216120505973992,-0.29910274314449076,-0.04304965400477128,0.03735418626567594]",s21g006_372790803f52baee,,,,,True,,11,-0.02604682700000005,0.0309459663,686.7820000000029,0.04044860970427373,0.0309459663,1.3482869901424577,0.5817437020072838,0.781972996057112,0.02345918988171336,1,0.6280347532751233,0.0,-0.34418815942303277,0,0,0,0,1,1,True,False,True,False,10000.0,True,1.0,1.0,0.0,0.026362087485411995,0.031754075935014066,0.04127082498660713,0.012293842704300407,0.648741502234153,0.0843107208863576,0.09529926386578312,0.41195,792.4634022712708,1,True,False,0.0,2,0,1,True,True,1.0,10,10,1,True,True,1.0,10,10,1,PASS_DAMPED_HOLD_40MM,False,True,0.5341635768876848,13.978297574986318,1000013.978297575,0.004184297762932606,0.0,1.0,0.4550210351531986,0.2446370330543948,0.054325522679193175,5,0.007172816210346084,0.01912689,0.0009942802674841004,1.8925344389723944,1.8178778077874078,0.0,0.9233088261798236,1.0,13.978297574986318,52
Stage2.1,6,s21g006_d9b3a372fc92b8b5,151,global_0046,global,2.999781041188835,3.4954052539010485,0.02645951612939466,0.08513523205683766,"[2.398420506801304,1.1837622518549968,0.4879126398192732,1.1751608274316074,1.9029265748300708,0.10470523682279635,-0.5411754284715237,2.2459501398195596,-0.22814426814003985,-0.8575834427649244,-1.2960227574889427,0.22336647706553484,-0.4458704457782424,-0.05490023053525646,0.14833588282787102]",s21g006_d9b3a372fc92b8b5,,,,,True,,11,-0.026637295999999977,0.0317935131,640.4909000000007,0.04147737953911127,0.0317935131,1.3825793179703756,0.5817437020072838,0.7819405186738292,0.023458215560214876,1,0.6280105734129581,0.0,-0.3441323317738966,0,0,0,0,1,1,True,False,True,False,10000.0,True,1.0,1.0,0.0,0.02710040429308354,0.03209630788765511,0.04200720048834166,0.03253941371760988,0.6497721063435321,0.07836651205312099,0.08445476541979115,0.41435,820.27436876297,1,True,False,0.0,2,0,1,True,True,1.0,10,10,1,True,True,1.0,10,10,1,PASS_DAMPED_HOLD_40MM,False,True,0.5223154945043753,13.990500483079035,1000013.9905004831,0.0052352977990569975,0.0,1.0,0.46427489558295687,0.25329080390442005,0.0752754190036002,5,0.007782591683204077,0.017971767219792385,0.0035740991554128916,1.9606721031863692,1.9115255704794292,0.0,0.8191420847197728,1.0,13.990500483079035,53
Stage2.1,6,s21g006_42b053a0d8aca522,105,bridge_p01_d19,bridge,2.915241153694812,3.63714126751142,0.03295574330161791,0.10257359671039455,"[2.2907659916368424,1.4280861443461872,0.5999884695114419,1.306447828835508,1.9203678434014757,0.036039323782357954,-0.3418842537815985,2.130245897020353,-0.30849824893538214,-0.9409501190582734,-1.2819006525217234,0.17329953317294625,-0.38650830827983623,0.025313583964452047,0.039967845757971424]",s21g006_42b053a0d8aca522,,,,,True,,11,-0.026015248999999963,0.0313778602,763.4965000000011,0.040759824475367204,0.0313778602,1.3586608158455735,0.5817437020072838,0.7819702813888447,0.023459108441665343,1,0.6280217644056527,0.0,-0.34418349298958806,0,0,0,0,1,1,True,False,True,False,10000.0,True,1.0,1.0,0.0,0.026421441172870944,0.03191264526040115,0.04143077939367885,0.017312213203949912,0.6486166913077444,0.08204113317323669,0.0918424012476756,0.4117,703.2588882446289,1,True,False,0.0,2,0,1,True,True,1.0,10,10,1,True,True,1.0,10,10,1,PASS_DAMPED_HOLD_40MM,False,True,0.5305793949628711,13.99574995522147,1000013.9957499552,0.004615023906893154,0.0,1.0,0.4587600677814623,0.2463543108037963,0.07483265739359359,5,0.007500698606467922,0.019043397404766987,0.0021094430341600575,1.907232756852982,1.8459592125141597,0.0,0.8734739392958062,1.0,13.99574995522147,54
Stage2.1,6,s21g006_e31a7dba0b3f1d81,92,bridge_p15_d02,bridge,2.941579303561609,3.457980312976306,0.0198820794692465,0.08793053302500058,"[2.29436882775318,1.2988054027093843,0.5634225936344082,1.1266062921373714,1.9061399120034692,0.018445199075791896,-0.1948492011831593,1.9849672665321967,-0.326499047635544,-0.8384891683581909,-1.4308349609435274,0.11720363006309446,-0.5233015929758593,0.04585300405639757,0.023184943635033026]",s21g006_e31a7dba0b3f1d81,,,,,True,,11,-0.027032343999999986,0.0310644198,811.8988000000027,0.041179434183157095,0.0310644198,1.3726478061052365,0.5817437020072838,0.7819353068874333,0.023458059206623,1,0.6279570090593095,0.0,-0.3441233728691798,0,0,0,0,1,1,True,False,True,False,10000.0,True,1.0,1.0,0.0,0.026985789355566017,0.031749285930039464,0.041668333110533494,0.025655289957693925,0.6490086474973953,0.0843430841946965,0.09257367579540302,0.41275,798.5116748809814,1,True,False,0.0,2,0,1,True,True,1.0,10,10,1,True,True,1.0,10,10,1,PASS_DAMPED_HOLD_40MM,False,True,0.5257468559260747,14.045899322153305,1000014.0458993221,0.004086708408224293,0.0,1.0,0.4604567053503873,0.25267427319322505,0.04443055855988118,5,0.007008193340123457,0.018694133067720116,0.0012588772340356017,1.9291666491226467,1.884161999605519,0.0,0.9228079353085736,1.0,14.045899322153305,55
Stage2.1,6,s21g006_f1501d009ae09996,62,damped_parent_13,damped_tail,3.00555931139355,3.6948898770292598,0.043578531737282995,0.09789024235513044,"[2.4138952083454055,1.145158692605951,0.46954944977237933,1.072083280763596,1.8629250376575561,0.099074373894498,-0.20303619224573044,1.8334112848027695,-0.3223055504812235,-0.8572743911314434,-1.0811127137681737,0.20814074874106392,-0.12173283856024886,0.022368668188371896,0.24432836894230375]",s21g006_f1501d009ae09996,,,,,True,,11,-0.027938836999999994,0.0308438694,642.8580000000002,0.041616377695287525,0.0308438694,1.3872125898429177,0.5817437020072838,0.7819885980113375,0.023459657940340124,1,0.6281705075169993,0.0,-0.3442149787150537,0,0,0,0,1,1,True,False,True,False,10000.0,True,1.0,1.0,0.0,0.027983422484184582,0.031697470769198204,0.04228240280651682,0.020258765096867314,0.650033941399081,0.08393583783385813,0.09274113073157236,0.41475,807.9374055862427,1,True,False,0.0,2,0,1,True,True,1.0,10,10,1,True,True,1.0,10,10,1,PASS_DAMPED_HOLD_40MM,False,True,0.52071468784215,14.053225008440581,1000014.0532250084,0.003998967960193922,0.0,1.0,0.44202805731420947,0.23492466191849204,0.020206839361316113,5,0.00690006984771914,0.018504477397820008,0.0007912395158404046,1.986446207880602,1.9243587694186952,0.0,0.9011334892620645,1.0,14.053225008440581,56
Stage2.1,6,s21g006_8ee1a2f5604615f5,43,damped_parent_17,damped_tail,2.9944662223960727,3.5123499682992816,0.009851781063081357,0.08896729997798135,"[2.3261872046312635,1.16946441674542,0.4979623018641745,1.1389954509013316,1.87896825002226,0.1258589801218992,-0.20803683869770662,2.398772806647031,-0.22255029688558975,-1.0448399051195414,-1.5937341319162324,0.054553001520457334,-0.20513579076610547,0.25298510455412876,0.10474339049102434]",s21g006_8ee1a2f5604615f5,,,,,True,,11,-0.027336801999999993,0.0311788558,755.8823000000011,0.041465911211311844,0.0311788558,1.3821970403770616,0.5817437020072838,0.7819458789306084,0.023458376367918254,1,0.6280216176357694,0.0,-0.34414154589475554,0,0,0,0,1,1,True,False,True,False,10000.0,True,1.0,1.0,0.0,0.027423005861403525,0.031712019977873665,0.04192461641508042,0.02312489920217788,0.6498048088434595,0.08429282148863411,0.09376135339892044,0.41405000000000003,798.1254315376282,1,True,False,0.0,2,0,1,True,True,1.0,10,10,1,True,True,1.0,10,10,1,PASS_DAMPED_HOLD_40MM,False,True,0.5224475723394412,14.070383672586589,1000014.0703836726,0.003852030641176196,0.0,1.0,0.46961086552912645,0.2791873445699211,0.09547197015649359,5,0.00670865140360913,0.018135134453340866,0.0015441122191040438,1.9529705128351453,1.9104686584271082,0.0,0.9325952354308138,1.0,14.070383672586589,57
Stage2.1,6,s21g006_74f7b10417221833,33,damped_parent_00,damped_tail,3.0728516386262257,3.455886248114903,0.022822283679940193,0.07491581196514564,"[2.3508242366422607,1.1356110789941842,0.47376165528861147,1.2106408754373843,1.8454089916684602,0.10386165749688588,-0.5120913557203948,2.0382746377059107,-0.3654551495797285,-0.7842423163980417,-1.4487941885137166,0.07286289884107246,-0.4121559808298899,0.04245701238929189,0.11977185093069477]",s21g006_74f7b10417221833,,,,,True,,11,-0.02828947000000004,0.031594816,783.497000000003,0.042409038080988795,0.031594816,1.4136346026996267,0.5817437020072838,0.7819877727835076,0.023459633183505225,1,0.6281639424963957,0.0,-0.3442135601731305,0,0,0,0,1,1,True,False,True,False,10000.0,True,1.0,1.0,0.0,0.028079561319628413,0.03195808787501231,0.04254152259298885,0.0435875168433891,0.649969705145889,0.07740127761852614,0.08259061543813641,0.41475,772.0349719524384,1,True,False,0.0,2,0,1,True,True,1.0,10,10,1,True,True,1.0,10,10,1,PASS_DAMPED_HOLD_40MM,False,True,0.5115858183576967,14.106474648930368,1000014.1064746489,0.004647776807787393,0.0,1.0,0.46003987493757215,0.25849627122090385,0.060182402859238975,5,0.007185719822839533,0.0173374918830481,0.002826042304284441,2.0108679383664234,1.9983627899497316,0.0,0.8721081383022864,1.0,14.106474648930368,58
Stage2.1,6,s21g006_7df1998a90998c5f,95,bridge_p15_d18,bridge,2.8819510824231718,3.536867477880392,0.027558221777184068,0.09831937362055623,"[2.325872046711387,1.2766472539250309,0.5415178233766431,1.1382655688901357,1.898952787096982,0.04050019402226203,-0.225098430457507,2.1620373130744714,-0.31757377874135057,-0.9174040044906707,-1.1285152928246784,0.2166346884692507,-0.38093207039559757,-0.07677522968848702,-0.011673477056105856]",s21g006_7df1998a90998c5f,,,,,True,,11,-0.026226532999999996,0.03077011,764.9336000000003,0.04043056643941795,0.03077011,1.3476855479805983,0.5817437020072838,0.7819443029643428,0.02345832908893028,1,0.6279960525607524,0.0,-0.3441388368559466,0,0,0,0,1,1,True,False,True,False,10000.0,True,1.0,1.0,0.0,0.026722124477925917,0.03158582802206785,0.041373137039066955,0.022082221323326105,0.6491612401221376,0.09060961033330685,0.09994400320265913,0.41314999999999996,814.7955102920532,1,True,False,0.0,2,0,1,True,True,1.0,10,10,1,True,True,1.0,10,10,1,PASS_DAMPED_HOLD_40MM,False,True,0.5343713766124006,14.131153346834449,1000014.1311533469,0.003614553155163104,0.0,1.0,0.4551533874963876,0.23700790310443456,0.07162007928502385,5,0.006552332151595025,0.01830344813732271,0.0006589660134444461,1.9019294093926828,1.8162563362357655,0.0,1.0476428274745495,1.0,14.131153346834449,59
Stage2.1,6,s21g006_9f86b21b229422d9,36,damped_parent_06,damped_tail,3.006621614999396,3.4703426106965867,0.0211302399569468,0.08302862798918823,"[2.3796490795628396,1.1773311283104562,0.4610591035124248,1.111380367577152,1.8869694923648237,0.11961855986300081,-0.29033722302027776,2.069181142989451,-0.298048335407258,-0.8005187394185799,-1.5339618347530002,0.21570666129891986,-0.3681468149508939,0.19070675738687506,0.012908149333730377]",s21g006_9f86b21b229422d9,,,,,True,,11,-0.027981512999999958,0.0310320711,740.765000000003,0.04178462045447609,0.0310320711,1.3928206818158697,0.5817437020072838,0.7819297069790453,0.02345789120937136,1,0.6279771198952262,0.0,-0.34411374679438317,0,0,0,0,1,1,True,False,True,False,10000.0,True,1.0,1.0,0.0,0.02775391965728644,0.031688846253443606,0.04212437576056762,0.03819228788887996,0.6496269361008002,0.0854236236147804,0.0914345435957825,0.41450000000000004,789.4830014705658,1,True,False,0.0,2,0,1,True,True,1.0,10,10,1,True,True,1.0,10,10,1,PASS_DAMPED_HOLD_40MM,False,True,0.5187770784724349,14.157309998646207,1000014.1573099986,0.003815021527096099,0.0,1.0,0.46160283285233483,0.26669872575890746,0.05374230828955843,5,0.0065970399670606155,0.017725113726918686,0.0011835230616169012,1.971625592463886,1.9399494516940243,0.0,0.9818926616756136,1.0,14.157309998646207,60
Stage2.1,6,s21g006_0759dde49e2476d1,35,damped_parent_08,damped_tail,2.94957135773756,3.4645470383545813,0.025745579858538557,0.08698155947256757,"[2.3515423108774507,1.1486503857608645,0.4781242012042691,1.1523808865727356,1.8261828100205917,0.10462441047331261,-0.3892768800341113,2.1801041229427613,-0.29997872122022806,-0.8933986096206414,-1.061614967053485,0.23113120119397665,-0.3330976755979741,0.1322344606753394,0.029157387115784972]",s21g006_0759dde49e2476d1,,,,,True,,11,-0.02673461899999996,0.0309544714,748.7862000000023,0.0409013343636681,0.0309544714,1.36337781212227,0.5817437020072838,0.7819445721308497,0.02345833716392549,1,0.6280254807267042,0.0,-0.34413929954511013,0,0,0,0,1,1,True,False,True,False,10000.0,True,1.0,1.0,0.0,0.027331730697450297,0.031671443179416954,0.041834242146655216,0.03282388109653388,0.6498505976164599,0.08936378543193846,0.09608279525660597,0.41445,807.7192680835724,1,True,False,0.0,2,0,1,True,True,1.0,10,10,1,True,True,1.0,10,10,1,PASS_DAMPED_HOLD_40MM,False,True,0.5289496613160767,14.157715031892346,1000014.1577150319,0.0037875761855960567,0.0,1.0,0.45182898109231884,0.2391779492567504,0.0713789320158474,5,0.006586853589396325,0.0177839632045974,0.001012239614908845,1.944559795538871,1.8587990585873078,0.0,1.0309310714562256,1.0,14.157715031892346,61
Stage2.1,6,s21g006_318d8d284dfbfd6f,161,random_tail_0041,random_tail,3.0813051627996124,3.730216686620677,0.055352382724116286,0.09128783761418252,"[2.4360213282824095,1.2402742218381295,0.4815905444159526,1.1518001105762417,1.8674752448362808,0.10361796649374139,-0.5135164255261587,1.7818738876737883,-0.3694487266149272,-0.5897144929293558,-1.3281578059624868,0.03005122148645739,-0.7996155163977705,-0.12887060037219747,0.18381921948533925]",s21g006_318d8d284dfbfd6f,,,,,True,,11,-0.028166228000000015,0.0318330535,786.7935000000034,0.0425050549332882,0.0318330535,1.4168351644429398,0.5817437020072838,0.7819291491695751,0.023457874475087254,1,0.6279692286821548,0.0,-0.3441127879366108,0,0,0,0,1,1,True,False,True,False,10000.0,True,1.0,1.0,0.0,0.02788827460790277,0.03218433417483995,0.04258623283273087,0.04683089844051816,0.6492764585874496,0.0732169413542304,0.07694473384139777,0.41424999999999995,815.8701419830322,1,True,False,0.0,2,0,1,True,True,1.0,10,10,1,True,True,1.0,10,10,1,PASS_DAMPED_HOLD_40MM,False,True,0.5104800165177652,14.17035082378739,1000014.1703508238,0.005640996975300878,0.0,1.0,0.4566323132573792,0.24431666836005395,0.025554506958986336,5,0.008097198782465237,0.017922006011122676,0.0037334279265136155,2.015096918759517,2.0074218832020523,0.0,0.811362511466967,1.0,14.17035082378739,62
Stage2.1,6,s21g006_46f1709869687d63,187,random_tail_0111,random_tail,3.080119332541359,3.7066296043090627,0.06560521440021602,0.08556317740443317,"[2.405696395460751,1.2175834846203317,0.46858598126560647,1.16338654252097,1.8762956169259586,0.10269098397506571,-0.6328801451332995,1.8567330621861318,-0.3731331066041586,-0.8557906193001791,-1.1454202824349486,0.3199361182392077,-0.05672388309531101,0.1432888293556901,0.048805269805031866]",s21g006_46f1709869687d63,,,,,True,,11,-0.027011115999999946,0.0325585497,707.678100000001,0.04230436793208029,0.0325585497,1.4101455977360098,0.5817437020072838,0.7819295251262668,0.023457885753788005,1,0.6279721787292405,0.0,-0.3441134341949036,0,0,0,0,1,1,True,False,True,False,10000.0,True,1.0,1.0,0.0,0.027354099764126436,0.03258097903202287,0.04254135597969223,0.04397268275748112,0.6493100520029041,0.06598640827864402,0.06944113809411265,0.4143,757.4333529472351,1,True,False,0.0,2,0,1,True,True,1.0,10,10,1,True,True,1.0,10,10,1,PASS_DAMPED_HOLD_40MM,False,True,0.5127912780293803,14.198520584058237,1000014.198520584,0.007565551316793711,0.0,1.0,0.4476549582299178,0.24631025965943396,0.036326623057050623,5,0.009696076421183242,0.018218176838741367,0.007273529519300115,2.010852187323218,1.9885106068142484,0.0,0.6755668488695699,1.0,14.198520584058237,63
Stage2.1,6,s21g006_8e52078f0afec6f4,40,damped_parent_12,damped_tail,2.951292810510597,3.492588567777112,0.03522286958236927,0.087519051843227,"[2.324079614670648,1.1844426437090312,0.49141288792174553,1.1975469427007777,1.9429368198576058,0.12043330555003408,-0.5418656102166779,2.2416411073025455,-0.2880794312671502,-0.7594587158455164,-1.0719526694466845,0.24052441974775923,-0.3351597202468658,-0.06316974409662744,0.056959425196738474]",s21g006_8e52078f0afec6f4,,,,,True,,11,-0.025989816000000054,0.0313988018,692.8794000000016,0.040759726326234605,0.0313988018,1.3586575442078201,0.5817437020072838,0.7819486791392496,0.023458460374177485,1,0.6280264000644379,0.0,-0.34414635936954097,0,0,0,0,1,1,True,False,True,False,10000.0,True,1.0,1.0,0.0,0.026714538131553705,0.03198776462553593,0.04167593590215971,0.035608697046085144,0.6495661998382786,0.08604138814648968,0.0917055642695733,0.414,809.6940894126892,1,True,False,0.0,2,0,1,True,True,1.0,10,10,1,True,True,1.0,10,10,1,PASS_DAMPED_HOLD_40MM,False,True,0.5305805253216448,14.204797485316591,1000014.2047974853,0.004902749709652967,0.0,1.0,0.4519417458192899,0.237404409766019,0.08550743399202804,5,0.007602902649842277,0.018403514410599515,0.0021740516396480504,1.9298707036899163,1.8459503224328246,0.0,0.967788982332071,1.0,14.204797485316591,64
Stage2.1,6,s21g006_223bc2bbf3f74b54,32,damped_parent_07,damped_tail,2.9436376089312866,3.453344867017077,0.01785392985432359,0.08757858534282505,"[2.3375996148262774,1.184101025498031,0.4634133979776253,1.1556854767557747,1.8866005167467776,0.07530060899376805,-0.332266622904766,2.3343105921578666,-0.2801402993283425,-0.9936212019138766,-1.2274166497927685,0.17734604102698456,-0.6719191028909715,0.11861511388393069,0.09565708959984673]",s21g006_223bc2bbf3f74b54,,,,,True,,11,-0.026453589000000055,0.0312271704,758.7027000000016,0.0409258908537317,0.0312271704,1.3641963617910569,0.5817437020072838,0.7819440900933724,0.023458322702801175,1,0.6280137778094211,0.0,-0.3441384709371242,0,0,0,0,1,1,True,False,True,False,10000.0,True,1.0,1.0,0.0,0.02703164526720696,0.03174242806735862,0.041692824148329755,0.033971117863513256,0.6495918994443483,0.08886937829181263,0.09577108413600313,0.41424999999999995,788.0674319267273,1,True,False,0.0,2,0,1,True,True,1.0,10,10,1,True,True,1.0,10,10,1,PASS_DAMPED_HOLD_40MM,False,True,0.5286668504214858,14.211899964812284,1000014.2118999648,0.003940532901595909,0.0,1.0,0.4666772291109597,0.24913259421392508,0.09468879862858104,5,0.006721586332184071,0.017845800054536714,0.0016732746562624044,1.931435094959499,1.861031713523956,0.0,1.0326137405482099,1.0,14.211899964812284,65
Stage2.1,6,s21g006_cfbdf3706d0c8212,37,damped_parent_00,damped_tail,2.926586287605693,3.4767701485801963,0.03468159039552459,0.0884120959390478,"[2.242343177914922,1.2880859314349513,0.500576759801839,1.18460530510852,1.8462121755343277,0.11491767098880656,-0.23773370588073342,1.9777912797423316,-0.36111204767684146,-0.7125021738565775,-1.3373080270917117,0.11750879763392122,-0.8681422967636657,0.14322592959882613,0.18967440482903344]",s21g006_cfbdf3706d0c8212,,,,,True,,11,-0.027198044000000032,0.0306635309,758.1099000000031,0.04098762892241014,0.0306635309,1.3662542974136715,0.5817437020072838,0.7819699840212477,0.02345909952063743,1,0.6280413697870773,0.0,-0.3441829818235953,0,0,0,0,1,1,True,False,True,False,10000.0,True,1.0,1.0,0.0,0.02717454936833537,0.03155799798335946,0.04164568849340609,0.025208813480651685,0.6492049613243377,0.09011871231008456,0.09872806214057045,0.41284999999999994,815.6002049446106,1,True,False,0.0,2,0,1,True,True,1.0,10,10,1,True,True,1.0,10,10,1,PASS_DAMPED_HOLD_40MM,False,True,0.5279558286757869,14.233621598803635,1000014.2336215988,0.003607466353021967,0.0,1.0,0.46044122332203674,0.2448107890636688,0.04713854318530221,5,0.006625018279238273,0.018695225984103506,0.0004891925058386786,1.9270704112109065,1.8666508052013253,0.0,1.0382714531134625,1.0,14.233621598803635,66
Stage2.1,6,s21g006_9c195fef26d6cbde,98,bridge_p11_d16,bridge,2.862552659912758,3.5831136739392955,0.029595455994162474,0.10302388285351444,"[2.3399995003455887,1.3880917865420022,0.5790901756729672,1.164425243253648,1.9029799251982982,0.06214612172784263,-0.2869854904299503,2.202810267334444,-0.2237319875618705,-0.8971795662919176,-1.2601497572434748,0.12224911137023459,-0.4614436642521801,-0.03653358059757745,0.03158522367704617]",s21g006_9c195fef26d6cbde,,,,,True,,11,-0.025452002999999945,0.0310761199,759.6553000000022,0.0401687650389103,0.0310761199,1.3389588346303434,0.5817437020072838,0.7819582772869915,0.023458748318609744,1,0.6280059663663942,0.0,-0.34416285829803617,0,0,0,0,1,1,True,False,True,False,10000.0,True,1.0,1.0,0.0,0.026076239083541793,0.03176190358813159,0.0410948751583917,0.025682341726621226,0.648848369637513,0.09088162664123547,0.0996638584873412,0.41229999999999994,757.6591513156891,1,True,False,0.0,2,0,1,True,True,1.0,10,10,1,True,True,1.0,10,10,1,PASS_DAMPED_HOLD_40MM,False,True,0.5373864772269811,14.244268920476884,1000014.2442689205,0.004136434490851758,0.0,1.0,0.4620740502866906,0.2453391596809542,0.06683598154506201,5,0.007073609551434585,0.018822309793765903,0.0012867044879733493,1.876431960315332,1.7928107608346473,0.0,1.059246736514772,1.0,14.244268920476884,67
Stage2.1,6,s21g006_9e7c75feae32b958,30,damped_parent_10,damped_tail,3.0081002088336986,3.4326646366777394,0.016512603827278188,0.07990582099365559,"[2.370075276033189,1.2016732820803868,0.5022386440553984,1.1796983130967045,1.8730472260120474,0.10573134295674275,-0.47688536624445343,2.1374576638956033,-0.27328521975134207,-1.0462282483277945,-1.3223550480381896,-0.007516046332001536,-0.3075005902614034,-0.03669335394964819,0.1533553413127498]",s21g006_9e7c75feae32b958,,,,,True,,11,-0.026640569999999975,0.0319383298,783.5629000000008,0.0415905864389824,0.0319383298,1.3863528812994135,0.5817437020072838,0.7819314656157045,0.023457943968471135,1,0.6279741434095811,0.0,-0.34411676983812756,0,0,0,0,1,1,True,False,True,False,10000.0,True,1.0,1.0,0.0,0.027080334476938202,0.03207235988379749,0.04197595483010089,0.04768945122739466,0.649494672288756,0.08147818246598265,0.08611418841871943,0.41405000000000003,818.6892240047455,1,True,False,0.0,2,0,1,True,True,1.0,10,10,1,True,True,1.0,10,10,1,PASS_DAMPED_HOLD_40MM,False,True,0.5210117192277178,14.314615305369513,1000014.3146153054,0.005073180573135788,0.0,1.0,0.46620322437715017,0.2548183101720488,0.06256700202640246,5,0.007540270240810501,0.01740862891150935,0.004174580459520042,1.9577564265540777,1.9219743114871854,0.0,0.9689937205384765,1.0,14.314615305369513,68
Stage2.1,6,s21g006_e94a479e6c9bee7c,90,bridge_p15_d11,bridge,2.9694081192323805,3.3524314732112073,0.008416282316387006,0.07651487243041835,"[2.29436882775318,1.2988054027093843,0.5634225936344082,1.1266062921373714,1.9061399120034692,0.018445199075791896,-0.3594866941804825,2.0292214020438126,-0.20991618453207844,-0.9888276938752147,-1.4082195065822904,0.12758494456026082,-0.38959599893219865,0.021213805761324082,0.05341459255229007]",s21g006_e94a479e6c9bee7c,,,,,True,,11,-0.02602222799999998,0.0320859908,755.0128000000004,0.04131182827837165,0.0320859908,1.3770609426123883,0.5817437020072838,0.7819353068874333,0.023458059206623,1,0.6279570090593095,0.0,-0.3441233728691798,0,0,0,0,1,1,True,False,True,False,10000.0,True,1.0,1.0,0.0,0.026412659966769933,0.032277821063591845,0.0417071497363877,0.04098128529380421,0.6490086474973953,0.07887472882461238,0.0842028071471328,0.41275,649.0812301635742,1,True,False,0.0,2,0,1,True,True,1.0,10,10,1,True,True,1.0,10,10,1,PASS_DAMPED_HOLD_40MM,False,True,0.5242221065661623,14.36003770664374,1000014.3600377067,0.006079836236948191,0.0,1.0,0.4662008701326786,0.25830150625741466,0.03645647729246803,5,0.008681433898273364,0.01908782454357406,0.004834841797427377,1.9327625990371828,1.8962968396685196,0.0,0.876957847578941,1.0,14.36003770664374,69
Stage2.1,6,s21g006_c71312c255f7ce74,48,damped_parent_10,damped_tail,2.923379686105581,3.694700740213043,0.04064598724023094,0.10477064212634309,"[2.4488484665841495,1.2112061291224845,0.5029186691200411,1.1576904078356605,1.9150914772427676,0.0995920004122068,-0.4357185312464348,2.183911800075399,-0.24268419034306063,-0.8599076848766334,-1.0011577384554997,0.14102003553168718,-0.4473339284799205,-0.34244675987144924,-0.060230659311507]",s21g006_c71312c255f7ce74,,,,,True,,11,-0.026104824000000026,0.0311455326,776.6426000000029,0.040638725829049316,0.0311455326,1.3546241943016442,0.5817437020072838,0.7819426919910839,0.023458280759732515,1,0.6280177203236184,0.0,-0.34413606764116467,0,0,0,0,1,1,True,False,True,False,10000.0,True,1.0,1.0,0.0,0.026869211379813924,0.031779302903973676,0.04161584569891175,0.0396291869526954,0.6497402715292879,0.09201467258738615,0.09767011028626059,0.4143,782.119631767273,1,True,False,0.0,2,0,1,True,True,1.0,10,10,1,True,True,1.0,10,10,1,PASS_DAMPED_HOLD_40MM,False,True,0.5319740574903822,14.371987525016722,1000014.371987525,0.004121504513899641,0.0,1.0,0.45810483040958105,0.23041393282685851,0.06811367969699231,5,0.006880684004081717,0.017917401964810023,0.001458049930736406,1.9243095702618134,1.8350067077873784,0.0,1.1109922901861988,1.0,14.371987525016722,70
Stage2.1,6,s21g006_64103ddf7ccbe3e4,140,global_0008,global,3.043859576602657,3.375702694379373,0.008370723821884135,0.07118672112249123,"[2.3515061201740797,1.1509097177168823,0.47056337490399874,1.1095883439392706,1.8761426649826938,0.11506255884553597,-0.5273135644911293,2.3667216252438363,-0.2600787830576182,-0.8367273614459616,-1.3270465911313825,0.28351225698910665,-0.6742742609172772,0.05717352778060722,-0.011545163464286329]",s21g006_64103ddf7ccbe3e4,,,,,True,,11,-0.026586361000000003,0.0322468639,713.4333000000006,0.04179347823054985,0.0322468639,1.3931159410183285,0.5817437020072838,0.7819427097809697,0.02345828129342909,1,0.6280212610717287,0.0,-0.34413609822144553,0,0,0,0,1,1,True,False,True,False,10000.0,True,1.0,1.0,0.0,0.027082070356506522,0.03242376306271914,0.04224617078436955,0.0428772929981603,0.6498496344094763,0.07640573449909004,0.0805311720037812,0.41445,727.0923299789429,1,True,False,0.0,2,0,1,True,True,1.0,10,10,1,True,True,1.0,10,10,1,PASS_DAMPED_HOLD_40MM,False,True,0.5186750657023275,14.507900359159185,1000014.5079003591,0.006803289608166415,0.0,1.0,0.46532075328999967,0.2567055003363899,0.09870110283997069,5,0.00929520355288541,0.01926285933176138,0.005609330427914677,1.9830432732690215,1.940772025119383,0.0,0.8323731919152678,1.0,14.507900359159185,71
Stage2.1,6,s21g006_a3793471a8ab7f9f,42,damped_parent_14,damped_tail,3.0018487398541427,3.5020296352456297,0.048133723527568714,0.0802966575096558,"[2.3809084380272574,1.2549742708256195,0.4570258147545276,1.1691462833278354,1.8394191846419001,0.11388129462653743,-0.6888055157341508,2.098522016334639,-0.26384896510327416,-0.7524824253462102,-1.105452083002485,0.11150859982325852,-0.30591315423369575,0.007344048372145001,0.01702761513824929]",s21g006_a3793471a8ab7f9f,,,,,True,,11,-0.025958489999999945,0.0324129893,799.9867000000013,0.04152643830672228,0.0324129893,1.3842146102240762,0.5817437020072838,0.7819634174275326,0.023458902522825974,1,0.6280516980657267,0.0,-0.34417169404567444,0,0,0,0,1,1,True,False,True,False,10000.0,True,1.0,1.0,0.0,0.026676786775567212,0.03258010709291521,0.042108364143657984,0.04666537146807266,0.6494100284884404,0.07654766543267477,0.07942000022390829,0.414,801.8608775138855,1,True,False,0.0,2,0,1,True,True,1.0,10,10,1,True,True,1.0,10,10,1,PASS_DAMPED_HOLD_40MM,False,True,0.5217504970670519,14.594372800131028,1000014.5943728001,0.0076079035398041025,0.0,1.0,0.4513109169690043,0.240779837698878,0.05781487951740067,5,0.009930060835767304,0.019218690019620108,0.006469463735460552,1.970127034283224,1.916050087157791,0.0,0.8485193329818801,1.0,14.594372800131028,72
Stage2.1,6,s21g006_90106406b6952805,167,random_tail_0094,random_tail,3.0314569840300383,3.5538924106588903,0.03532462490890983,0.0858228414329301,"[2.3881623585454133,1.1916838681468276,0.48691184040336966,1.1702448185795813,1.8608141595703924,0.10652124646324283,-0.4100814458614973,2.1224666636527534,-0.2807617863941793,-0.6477907028608447,-1.6794055010091846,0.31561066560055295,-0.6400459474602183,0.08725307533351642,-0.10629360426994533]",s21g006_90106406b6952805,,,,,True,,11,-0.02841828199999996,0.0309694783,715.0378000000019,0.042032217857325735,0.0309694783,1.4010739285775247,0.5817437020072838,0.781935308943095,0.02345805926829285,1,0.6279906908040067,0.0,-0.3441233764028008,0,0,0,0,1,1,True,False,True,False,10000.0,True,1.0,1.0,0.0,0.027966978931928628,0.03161796153392075,0.04221193435676019,0.056723374670255254,0.6496310014722355,0.09043609278393942,0.09405185739969979,0.41424999999999995,804.2869770526886,1,True,False,0.0,2,0,1,True,True,1.0,10,10,1,True,True,1.0,10,10,1,PASS_DAMPED_HOLD_40MM,False,True,0.5159255617118184,14.648520225219857,1000014.6485202252,0.003550536733879863,0.0,1.0,0.47122635938793067,0.2759945768291782,0.06031798291234769,5,0.0062699503487623,0.017147604808292048,0.0010443201935232112,1.9798304468215908,1.9630081533396586,0.0,1.206329311431562,1.0,14.648520225219857,73
Stage2.1,6,s21g006_4764df0938f4b423,176,random_tail_0081,random_tail,3.1111830068276114,3.6592043776958056,0.04257154540445376,0.08634364206550767,"[2.425342119511472,1.2217091049871607,0.4781767052303465,1.2083399486171382,1.8623939625589578,0.1111394677169334,-0.5318148235327458,1.7500157140670756,-0.2886928654887134,-0.9809272291350302,-1.2921294865840007,0.31039395530632286,-0.6058749718488723,0.21905998533389393,0.20426402848618708]",s21g006_4764df0938f4b423,,,,,True,,11,-0.027778210000000025,0.0324979893,630.440300000002,0.04275217256873639,0.0324979893,1.4250724189578796,0.5817437020072838,0.7819329401579362,0.02345798820473809,1,0.6279833607891799,0.0,-0.3441193045320601,0,0,0,0,1,1,True,False,True,False,10000.0,True,1.0,1.0,0.0,0.02785738203753,0.03238107102785486,0.04271495633728169,0.06366186921597897,0.6493441913532851,0.07063318422855333,0.07548793444715177,0.4144,797.3373243808746,1,True,False,0.0,2,0,1,True,True,1.0,10,10,1,True,True,1.0,10,10,1,PASS_DAMPED_HOLD_40MM,False,True,0.507634025117151,14.77437563056387,1000014.7743756305,0.0064924254566462725,0.0,1.0,0.46302544771432436,0.2541982257295471,0.014914445930161247,5,0.00863396464610124,0.017200121403921104,0.006933278381016118,2.027297216550979,2.0308313992744624,0.0,0.9751261839169891,1.0,14.77437563056387,74
Stage2.1,6,s21g006_b3e574e1cfa8d78e,175,random_tail_0039,random_tail,3.0592326383970407,3.461364793056909,0.013320065619181913,0.0780455793333803,"[2.394008244373891,1.2072977173389798,0.4708424607656117,1.1363323142514437,1.8731248962748746,0.09891075942872322,-0.3698280277861132,1.9602904481078904,-0.19875527897252043,-1.1047705174195164,-1.5035327486787178,0.07696311601830379,-0.6336420853948778,0.06984901175654948,0.15226919165805353]",s21g006_b3e574e1cfa8d78e,,,,,True,,11,-0.027334098999999945,0.0322366655,734.9741000000031,0.042265299841603966,0.0322366655,1.4088433280534656,0.5817437020072838,0.7819302417842203,0.02345790725352661,1,0.627973705109443,0.0,-0.34411466610846114,0,0,0,0,1,1,True,False,True,False,10000.0,True,1.0,1.0,0.0,0.027447103894316933,0.032183135636934555,0.04229772726294824,0.06623344416118135,0.6493234904507499,0.07971382325298942,0.084307742612399,0.4143,817.8301818370819,1,True,False,0.0,2,0,1,True,True,1.0,10,10,1,True,True,1.0,10,10,1,PASS_DAMPED_HOLD_40MM,False,True,0.5132412153611793,14.998244395092659,1000014.9982443951,0.005560526583696905,0.0,1.0,0.47653559667693596,0.2666970825477269,0.023922751198870787,5,0.007948375113570999,0.017499769233067373,0.0055585250654336055,1.9878863684563945,1.9848395230007647,0.0,1.1494664589850845,1.0,14.998244395092659,75
Stage2.1,6,s21g006_b1a1fa89d3658534,190,random_tail_0104,random_tail,3.096602766683907,3.4960839912427377,0.018285948255926106,0.07723869774747597,"[2.384417654137407,1.2221902405167393,0.4784544480685734,1.1844786436325598,1.8575902305467866,0.10852859727009204,-0.4368407061429226,1.875858515449523,-0.15488442499270358,-0.9763295958609493,-1.6615452775638315,0.048453747187328366,-0.6539346628025929,0.04483338379544642,-0.08414761264105652]",s21g006_b1a1fa89d3658534,,,,,True,,11,-0.028017764,0.0322237489,830.7902000000031,0.04270087929691785,0.0322237489,1.423362643230595,0.5817437020072838,0.7819289580228889,0.023457868740686665,1,0.6279668013861714,0.0,-0.3441124593611822,0,0,0,0,1,1,True,False,True,False,10000.0,True,1.0,1.0,0.0,0.027787536472600023,0.03215592725609994,0.0424988334065262,0.07605353191776561,0.649234001560348,0.07896915453589215,0.08387848571429811,0.41415,766.5438253879547,1,True,False,0.0,2,0,1,True,True,1.0,10,10,1,True,True,1.0,10,10,1,PASS_DAMPED_HOLD_40MM,False,True,0.5082247567751332,15.311451779922706,1000015.3114517799,0.005417209666212224,0.0,1.0,0.4788475381150704,0.27654957968059146,0.009681282205414114,5,0.0077280745203749,0.016971533937025607,0.005494510189168026,2.0068342676840754,2.025961214144386,0.0,1.2819740082890303,1.0,15.311451779922706,76
Stage2.1,6,s21g006_01501b70d5364351,188,random_tail_0006,random_tail,3.1501494976675124,3.5806699694714874,0.041121227840111185,0.07558357916253355,"[2.3954151063539735,1.1934592554933714,0.4906488372129813,1.1862833252681655,1.894726384378914,0.10534096969164188,-0.6498306501334223,1.8248900465075266,-0.3450520238135297,-0.7356131535322776,-1.3717158752995942,0.20465487196842405,-0.6518967175785481,-0.34440788140916545,0.1741597289423475]",s21g006_01501b70d5364351,,,,,True,,11,-0.02795809699999996,0.0328724151,648.1029000000017,0.04315380472644463,0.0328724151,1.4384601575481544,0.5817437020072838,0.7819358187831185,0.023458074563493553,1,0.6279948244468467,0.0,-0.3441242528025309,0,0,0,0,1,1,True,False,True,False,10000.0,True,1.0,1.0,0.0,0.02777790242115143,0.03271328027391983,0.04291585452020084,0.07261795633749286,0.6496569679219256,0.06591488028054228,0.07056960686141955,0.41424999999999995,815.8446836471558,1,True,False,0.0,2,0,1,True,True,1.0,10,10,1,True,True,1.0,10,10,1,PASS_DAMPED_HOLD_40MM,False,True,0.5030085289846123,15.400121867683504,1000015.4001218677,0.008332279200035436,0.0,1.0,0.46481611605818735,0.2495975780757999,0.02924546322813641,5,0.010345618102681736,0.018398973713266938,0.009167520563008931,2.046411743554492,2.069167624853461,0.0,1.0253436995209333,1.0,15.400121867683504,77
Stage2.1,6,s21g006_84195267c7a4deda,34,damped_parent_22,damped_tail,2.929560030262189,3.461840181843838,0.02746018561216028,0.08822070128566531,"[2.335325531101124,1.2606897308075764,0.476730616127596,1.202485047865135,1.8803143738614096,0.09315212066529928,-0.47167064277546494,2.1810479587323717,-0.27534862112447944,-1.0397427948915636,-0.9932061330708617,0.1385981140151101,-0.6132867870131424,-0.1987346245479779,-0.016991849887861406]",s21g006_84195267c7a4deda,,,,,True,,11,-0.025411427999999958,0.0318050026,808.5023000000001,0.04070993568387438,0.0318050026,1.356997856129146,0.5817437020072838,0.7819572854365526,0.02345871856309658,1,0.6280287575078173,0.0,-0.3441611533368385,0,0,0,0,1,1,True,False,True,False,10000.0,True,1.0,1.0,0.0,0.026407899413830264,0.03208125936270589,0.04155218831479494,0.06874427042270109,0.6492451924515595,0.09662966980737407,0.09875213858339892,0.41365,758.1235585212708,1,True,False,0.0,2,0,1,True,True,1.0,10,10,1,True,True,1.0,10,10,1,PASS_DAMPED_HOLD_40MM,False,True,0.531153951575628,15.468515034231311,1000015.4685150342,0.005181464774671713,0.0,1.0,0.46418283339502,0.2308689761979816,0.07044429745050289,5,0.007801264286070894,0.018280462331667614,0.0036200382066741824,1.9184270597202011,1.8414431815390988,0.0,1.447775959074428,1.0,15.468515034231311,78
Stage2.1,6,s21g006_cb35088283b2f3fa,7,precise_archive_00,anchor_precise,2.634978103800546,4.855230375019197,0.10579732331512465,0.16772205462500134,"[2.3042454726258383,1.3610337371972356,0.5917237798713177,1.299693600319108,1.9062281990119636,0.07010286857804099,0.3345169240525309,2.0697669412449824,-0.31285028134325055,-1.0638751577512429,-0.8763911219162015,0.09226862284849133,-0.5559098183929537,-0.5834333898203607,0.2559250609521106]",s21g006_cb35088283b2f3fa,,,,,True,,11,-0.026866602000000017,0.0270063999,638.2745000000032,0.03809409322434549,0.0270063999,1.269803107478183,0.5817437020072838,0.7819413638004181,0.023458240914012544,1,0.6279614777572206,0.0,-0.3441337845211907,0,0,0,0,1,1,True,True,True,True,10000.0,True,1.0,1.0,0.75,0.02716037146212559,0.02931802654835463,0.0399653907606403,0.10823934093886073,0.6486922194375033,0.16830422984776278,0.17258925385038362,0.41225,804.7939147949219,1,True,True,0.75,3,3,1,True,True,1.0,10,10,1,True,True,1.0,10,10,2,POSITION_30MM_SPEED_FAIL,False,False,0.5612799485797602,59.498352366826026,2000059.4983523667,0.0011308765727250682,0.5337086513662219,0.0,0.4694742564495096,0.21912200391775152,0.05525877149714941,5,0.003886206460000935,0.0149075260091044,0.0,1.7747027318340813,1.61239993176125,0.5337086513662219,4.150280547151109,0.0,59.498352366826026,79
Stage2.1,6,s21g006_44618edf648952e5,8,precise_archive_01,anchor_precise,2.585204031139431,5.786074330852131,0.1459357706340416,0.19436154175791506,"[2.2907659916368424,1.4280861443461872,0.5999884695114419,1.306447828835508,1.9203678434014757,0.036039323782357954,0.4128666268383139,2.119135508847497,-0.1220444200009079,-0.9952374168074853,-0.8652106481294333,-0.11294946701167877,-0.7763502628922807,-0.9563580157916196,-0.155449494830454]",s21g006_44618edf648952e5,,,,,True,,11,-0.026310995999999975,0.0268083839,868.6738000000005,0.0375627203200433,0.0268083839,1.2520906773347766,0.5817437020072838,0.7819702813888447,0.023459108441665343,1,0.6280217644056527,0.0,-0.34418349298958806,0,0,0,0,1,1,True,True,True,True,10000.0,True,1.0,1.0,0.75,0.026754834414984618,0.029293191554617733,0.039672562761041454,0.11941749488200029,0.6486166913077444,0.1780757309993399,0.18228574107057918,0.4117,779.8104956150055,1,True,True,0.75,3,3,1,True,True,1.0,10,10,1,True,True,1.0,10,10,2,POSITION_30MM_SPEED_FAIL,False,False,0.5673996361262219,75.5910896235857,2000075.5910896235,0.0012808607524832248,0.7147982291026908,0.0,0.48259964711050846,0.21938110688576667,0.04623214515736988,5,0.004271530976822347,0.016234211874178835,0.0,1.7487913733653033,1.56773106426866,0.7147982291026908,4.7488629481542795,0.0,75.5910896235857,80
Stage2.1,6,s21g006_d51a104997893e25,158,random_tail_0096,random_tail,2.6688692279270354,5.463666195760882,0.1307713251085139,0.18381667649973626,"[2.2999542011523597,1.4279603526192581,0.5714848417330162,1.2858034859577039,1.953838608161179,0.11962694730427635,0.7231739173854885,1.8042764699411755,-0.36225159011552927,-1.2726670563291658,-1.1668383188653553,0.07839664958783263,-0.7110742360886261,0.014446422080460194,0.2190337289497629]",s21g006_d51a104997893e25,,,,,True,,11,-0.02822802599999996,0.0264112985,734.9426000000021,0.038657187434069436,0.02822802599999996,1.2885729144689813,0.5817437020072838,0.7819873407961678,0.023459620223885036,1,0.6280721147731161,0.0,-0.3442128175998318,0,0,0,0,1,1,True,True,True,True,10000.0,True,1.0,1.0,0.75,0.027862566485973086,0.028955106487532634,0.040183588725867,0.12103060104519339,0.6486925955791816,0.18636991643261097,0.19092723717305263,0.4119,795.5178997516632,1,True,True,0.75,3,3,1,True,True,1.0,10,10,1,True,True,1.0,10,10,2,POSITION_30MM_SPEED_FAIL,False,False,0.554794934769623,89.04315048836624,2000089.0431504883,0.001044063405280902,0.8710048640246651,0.0,0.47605692502277513,0.24907133418080496,0.03674216015874517,5,0.003951640663061207,0.015581949694182426,0.0,1.794134225432917,1.6604201559030844,0.8710048640246651,5.110161628389585,0.0,89.04315048836624,81
Stage2.1,6,s21g006_cdf54a6aebd6eda4,185,random_tail_0101,random_tail,2.5812331076030253,8.113255352022737,0.22154637238125743,0.24223715065976134,"[2.351360822236186,1.3835230985406208,0.5795613651045682,1.1749451108653184,1.887875390511275,0.0555938642662445,0.7328489643541068,2.2816542699285525,0.09154759754946534,-1.4784137058262874,-0.6466472330157362,0.1732067555121919,-0.33367006570801744,-1.023466085808148,-0.2050683442352289]",s21g006_cdf54a6aebd6eda4,,,,,True,,11,-0.026010691999999946,0.0265630312,641.8330000000024,0.0371772877554433,0.0265630312,1.2392429251814436,0.5817437020072838,0.7819584233753866,0.0234587527012616,1,0.6280109536260375,0.0,-0.34416310941961176,0,0,0,0,1,1,True,True,True,True,10000.0,True,1.0,1.0,0.75,0.02684696917025727,0.029033629504679134,0.03954379086334186,0.12277081216742104,0.6488456734090696,0.18646642527138022,0.19113490940545189,0.41240000000000004,805.7901327610016,1,True,True,0.75,3,3,1,True,True,1.0,10,10,1,True,True,1.0,10,10,2,POSITION_30MM_SPEED_FAIL,False,False,0.5718385656359621,89.864412029252,2000089.8644120293,0.0010841076471240997,0.8824081599103891,0.0,0.48703301545531613,0.236214697552564,0.07726490792344612,5,0.003955924842289583,0.015443193622951514,0.0,1.7374571064930213,1.5357230276122609,0.8824081599103891,5.160522591367847,0.0,89.864412029252,82
Stage2.1,6,s21g006_486f2f98d2b684a7,189,random_tail_0116,random_tail,2.620603942043155,9.620334814955065,0.25020199469368243,0.2719924924786174,"[2.3741140546342687,1.4231990859612715,0.5939139224071022,1.1792535227168068,1.9222653805244292,0.05369153284455062,0.7255486740736236,2.497649649691826,0.09602180601825266,-1.1297176433220788,-0.9707697797815856,0.33328143390666737,-0.3298946769709121,-0.8821589700529358,-0.24168123459979113]",s21g006_486f2f98d2b684a7,,,,,True,,11,-0.026685190000000025,0.0263775912,552.9946000000018,0.03752168283606718,0.026685190000000025,1.2507227612022396,0.5817437020072838,0.7819583780863102,0.023458751342589304,1,0.6280005888975552,0.0,-0.34416303156904593,0,0,0,0,1,1,True,True,True,True,10000.0,True,1.0,1.0,0.75,0.026994447954457556,0.02910379251102547,0.039695477814113034,0.13646215754597488,0.648854157516662,0.18810320956361634,0.19166240335108348,0.4122,796.5069088935852,1,True,True,0.75,3,3,1,True,True,1.0,10,10,1,True,True,1.0,10,10,2,POSITION_30MM_SPEED_FAIL,False,False,0.5678722544656093,98.2530718715504,2000098.2530718716,0.00126327380830401,0.9731485121004209,0.0,0.47858180079094403,0.23765665731590838,0.1181606204383631,5,0.004265025522387585,0.016272032378721882,0.0,1.7508121765452662,1.5643074253893543,0.9731485121004209,5.535639730041588,0.0,98.2530718715504,83
Stage2.1,6,s21g006_f55113cb2659c01e,126,bridge_p08_d31,bridge,2.687188920765141,5.172431788782314,0.12041644670433911,0.1744326471615338,"[2.3317838047454544,1.4054549627464166,0.5739501010279235,1.2490621044785073,1.8729735264114886,0.10278164642073281,0.425971793890462,1.8621720757230624,-0.28407054129467263,-0.7497503568328886,-1.2384316177881376,0.15265781830334155,-0.46333063559642285,-0.207559827283802,0.09541329972162152]",s21g006_f55113cb2659c01e,,,,,True,,11,-0.02859531000000004,0.0263820843,669.1105000000025,0.03890637641837657,0.02859531000000004,1.296879213945886,0.5817437020072838,0.7819758629896363,0.023459275889689088,1,0.6280500694657285,0.0,-0.3441930875941748,0,0,0,0,1,1,True,True,True,True,10000.0,True,1.0,1.0,0.75,0.02799109891601064,0.02912439539080838,0.04039470293746486,0.15823813099465953,0.6488532185714292,0.18927380806249386,0.19092812486517963,0.4122,792.6657235622406,1,True,True,0.75,3,3,1,True,True,1.0,10,10,1,True,True,1.0,10,10,2,POSITION_30MM_SPEED_FAIL,False,False,0.5519250881672969,115.3098949794241,2000115.3098949795,0.001207641731299601,1.1659603793248818,0.0,0.45797157365211905,0.23400563850752276,0.025870219393902192,5,0.0041013021764460976,0.015675943957032083,0.0,1.8130355837844807,1.681895695564899,1.1659603793248818,6.149285496521665,0.0,115.3098949794241,84
Stage2.1,6,s21g006_60cab12495d79f5c,131,bridge_p13_d24,bridge,2.619275774983726,5.761886722298919,0.14421427525922695,0.19274093596232506,"[2.3451293875059016,1.3694778842509698,0.5777563848869562,1.1880879244995053,1.9076258535453605,0.042736034691885,0.4213232369704538,2.1644765735726836,-0.13613749327727864,-0.7459442312113691,-1.2071917163271377,0.11957958024424149,-0.13943875871196784,-0.09359692548730952,0.05322560853471508]",s21g006_60cab12495d79f5c,,,,,True,,11,-0.027382751999999955,0.0262837854,683.5591000000022,0.03795592815419951,0.027382751999999955,1.2651976051399836,0.5817437020072838,0.7819439916620952,0.023458319749862858,1,0.6279703912073824,0.0,-0.3441383017367067,0,0,0,0,1,1,True,True,True,True,10000.0,True,1.0,1.0,0.75,0.027243632008080606,0.02914049032639184,0.03989215037390502,0.16073700488145487,0.6488788517827403,0.18879396216962835,0.19059074542413867,0.41245,797.2179100513458,1,True,True,0.75,3,3,1,True,True,1.0,10,10,1,True,True,1.0,10,10,2,POSITION_30MM_SPEED_FAIL,False,False,0.5628711608005615,117.24935176980759,2000117.24935177,0.0012711769348996717,1.1895666918470973,0.0,0.4569727222454917,0.24235202265503245,0.04445124896037066,5,0.004188262437411765,0.015856604447460135,0.0,1.7682040682825007,1.6007249800519496,1.1895666918470973,6.216121697958968,0.0,117.24935176980759,85
Stage2.1,6,s21g006_ebeb305264de865c,129,bridge_p04_d27,bridge,2.6594194440666,5.529409528484678,0.13181845888447902,0.18654042130839218,"[2.32469939401476,1.4142008745076244,0.5857940880045588,1.2975057094179323,1.940379085803052,0.07790872491419515,0.4750982740722776,1.9555698664766634,-0.3342476429888612,-0.8008291048291929,-1.2031061093485231,0.1034471785971363,-0.34447273722017147,-0.06111058334735574,0.07829236482997151]",s21g006_ebeb305264de865c,,,,,True,,11,-0.02824707400000004,0.0261804449,742.2233000000015,0.03851380122402116,0.02824707400000004,1.2837933741340388,0.5817437020072838,0.781973117767198,0.023459193533015944,1,0.6280432251003252,0.0,-0.3441883686390253,0,0,0,0,1,1,True,True,True,True,10000.0,True,1.0,1.0,0.75,0.027788344819383585,0.029016968930480603,0.04017681661995434,0.15968130062466562,0.6486620499816903,0.1923327862794505,0.19414013288108586,0.41204999999999997,736.7545292377472,1,True,True,0.75,3,3,1,True,True,1.0,10,10,1,True,True,1.0,10,10,2,POSITION_30MM_SPEED_FAIL,False,False,0.5564462775401376,121.77567064470166,2000121.7756706446,0.001165666718065801,1.2424222263120213,0.0,0.45534230861878816,0.23484486021293208,0.048409314100385625,5,0.004049673822481462,0.015585702240144102,0.0,1.7935295485704883,1.6481254274704602,1.2424222263120213,6.31885089642705,0.0,121.77567064470166,86
Stage2.1,6,s21g006_12d3972ede5b98b5,179,random_tail_0135,random_tail,2.5352179315479697,6.1841129644385635,0.1629528283618152,0.2045452059646008,"[2.2993249961521314,1.3614577967847714,0.5855750341975136,1.292006558609951,1.9067244711268596,0.06862350017463346,0.6032766330534587,2.0660492660888887,-0.3586236470058196,-1.2825377069605597,-0.47540494502616487,-0.032648163706221714,-0.2853061779104989,-0.24989241376795296,0.111649338421134]",s21g006_12d3972ede5b98b5,,,,,True,,11,-0.02623458599999995,0.0258675121,848.714100000001,0.036842661207288484,0.02623458599999995,1.2280887069096162,0.5817437020072838,0.7819568980429301,0.0234587069412879,1,0.628009610626667,0.0,-0.3441604874188042,0,0,0,0,1,1,True,True,True,True,10000.0,True,1.0,1.0,0.75,0.027060762148318828,0.028705959433827356,0.03945018320698178,0.1574239643173178,0.6487093342242187,0.20011003318535114,0.20264567395610583,0.41225,775.7426822185516,1,True,True,0.75,3,3,1,True,True,1.0,10,10,1,True,True,1.0,10,10,2,POSITION_30MM_SPEED_FAIL,False,False,0.5756923750848044,133.31750823881197,2000133.3175082388,0.0009279417702986812,1.3833646059819769,0.0,0.4598227276325363,0.2129536434167574,0.05999952945688362,5,0.0036461333418517537,0.014518899628064045,0.0,1.7292410611826967,1.5082018720389332,1.3833646059819769,6.584757371450449,0.0,133.31750823881197,87
Stage2.1,6,s21g006_21c40ee0611806fe,118,bridge_p10_d19,bridge,2.6858671501347495,6.584808480956445,0.1704965863033704,0.21054958571404372,"[2.3034384118768627,1.4635542449841856,0.5755240972932671,1.3005839715737642,1.9756641612405652,0.06925715068765376,0.7237598206927258,2.148332529933259,-0.4271874406860877,-0.9006757278570525,-1.3313562312409366,0.19357499882956558,-0.2727144899311001,0.036871131626709644,0.11448155992384147]",s21g006_21c40ee0611806fe,,,,,True,,11,-0.02847121500000005,0.0262477834,704.6180000000022,0.038724103824227404,0.02847121500000005,1.2908034608075802,0.5817437020072838,0.7820030177836136,0.023460090533508404,1,0.6281057485680039,0.0,-0.34423976587171107,0,0,0,0,1,1,True,True,True,True,10000.0,True,1.0,1.0,0.75,0.027807625381155682,0.029129117339322393,0.04027119946446475,0.16694240901487603,0.6488083145742345,0.1968641076653926,0.1986488023377603,0.41165,796.9196863174438,1,True,True,0.75,3,3,1,True,True,1.0,10,10,1,True,True,1.0,10,10,2,POSITION_30MM_SPEED_FAIL,False,False,0.5540242756031726,137.37880071069208,2000137.3788007107,0.001364684519612011,1.4212872327389456,0.0,0.45805056576627967,0.24905288526996444,0.09165958707235115,5,0.004499989150097723,0.017041207672040568,0.0,1.8019661181185624,1.6661735744328263,1.4212872327389456,6.733111459791672,0.0,137.37880071069208,88
Stage2.1,6,s21g006_9c9a56db39d958ef,170,random_tail_0027,random_tail,2.5941016963754975,5.935892011940654,0.15520420727525958,0.1960650679712535,"[2.321709138540631,1.33436832453705,0.6006128576476738,1.3024754234541804,1.9230427937492443,0.07404891693373312,0.4222263529324372,2.1463146286548693,-0.4634131040286436,-0.6974266453332054,-0.6706530001285329,0.24808289600543076,-0.5824796727388133,-0.5694493251201573,0.11673632749123541]",s21g006_9c9a56db39d958ef,,,,,True,,11,-0.02739280700000002,0.0255712907,657.0009000000027,0.03747341435475498,0.02739280700000002,1.249113811825166,0.5817437020072838,0.7819420863665161,0.02345826259099548,1,0.6279747938765671,0.0,-0.3441350265906716,0,0,0,0,1,1,True,True,True,True,10000.0,True,1.0,1.0,0.75,0.02753503754291343,0.028743770120656553,0.0398043039537033,0.18111112586978884,0.6489385330254377,0.2035160212942319,0.20520408904508647,0.41245,791.633692741394,1,True,True,0.75,3,3,1,True,True,1.0,10,10,1,True,True,1.0,10,10,2,POSITION_30MM_SPEED_FAIL,False,False,0.5684281503752074,166.24907896016728,2000166.2490789602,0.0010654877600760986,1.7646915091671207,0.0,0.4537044802687073,0.1997770552283041,0.08788689389902272,5,0.0038191109810836003,0.014833603865113608,0.0,1.7604251258208896,1.560285314892396,1.7646915091671207,7.490995807464627,0.0,166.24907896016728,89
Stage2.1,6,s21g006_f079661804512500,13,tail_fd_n2_m0_p,sensitivity,2.9245366406560933,3.539376168194864,0.0333375416897192,0.09413090872509486,"[2.3705445176467634,1.218059178969841,0.480262669915016,1.1862261679559902,1.8279077094025633,0.10745774008274162,-0.27748626233046175,2.0285331231245323,-0.3521861759092953,-0.7507178132641703,-1.3124393168505422,0.10960775102737819,-0.5330934518181093,0.13786250362187769,0.15155042464019666]",s21g006_f079661804512500,,,,,True,,11,-0.02789219399999998,0.0299819988,763.9148000000023,0.040949905227934735,0.0299819988,1.364996840931158,0.5817437020072838,0.7819287599363928,0.023457862798091783,1,0.6279649485659721,0.0,-0.3441121188564283,0,0,0,0,1,1,True,True,True,True,10000.0,True,1.0,1.0,0.25,0.027797763635681882,0.031030664212358016,0.041660746327992666,0.036127577925567395,0.649220739871843,0.0989114207426639,0.10638039322134388,0.41409999999999997,772.3217868804932,1,True,True,0.25,2,1,1,True,True,1.0,10,10,1,True,True,1.0,10,10,3,POSITION_40MM_SPEED_FAIL,False,False,0.5283902829383558,13.283469662847615,3000013.283469663,0.002310639388129117,0.004070941765897083,0.6666666666666666,0.45662195611570416,0.2470776725640328,0.05405524785684396,5,0.005037369446201292,0.01594428967848999,0.0,1.9284642051170606,1.8632163757520406,0.004070941765897083,1.2621989948695689,0.6666666666666666,13.283469662847615,90
Stage2.1,6,s21g006_0db78c03d3e08c51,164,random_tail_0129,random_tail,2.896519218122328,3.732767945494666,0.04666974361338885,0.1081321451856625,"[2.420869980912228,1.222580181634186,0.4766599178220562,1.1774379828088073,1.8509544501143511,0.11081327644470439,-0.23913047516244712,2.070882187095025,-0.399533859986408,-0.8187848809996154,-1.0467118686796875,0.2680889372176599,-0.4713811180582848,-0.38968997894319757,0.03152351358762338]",s21g006_0db78c03d3e08c51,,,,,True,,11,-0.027483232000000024,0.0298404763,694.9266000000025,0.040568239633692355,0.0298404763,1.3522746544564117,0.5817437020072838,0.7819302417842203,0.02345790725352661,1,0.627973705109443,0.0,-0.34411466610846114,0,0,0,0,1,1,True,True,True,True,10000.0,True,1.0,1.0,0.25,0.027632637453065483,0.030974032118264078,0.041508472849236595,0.03322803619610999,0.6492699003379707,0.10145229173527155,0.10965172610497695,0.4143,764.5500366687775,1,True,True,0.25,2,1,1,True,True,1.0,10,10,1,True,True,1.0,10,10,3,POSITION_40MM_SPEED_FAIL,False,False,0.5327858292017943,13.793672793066724,3000013.793672793,0.0023013513450434774,0.009315581680549318,0.6666666666666666,0.45568011484204657,0.2270864512073201,0.06813269861963205,5,0.005055491458072658,0.016072051910189383,0.0,1.914392575862013,1.8286467410852079,0.009315581680549318,1.3127603427250873,0.6666666666666666,13.793672793066724,91
Stage2.1,6,s21g006_ed7b9122da42a390,21,tail_fd_n3_m1_p,sensitivity,2.9312646304664463,3.4922369894439513,0.03182281210293149,0.08991689847363407,"[2.3705445176467634,1.218059178969841,0.480262669915016,1.1862261679559902,1.8279077094025633,0.10745774008274162,-0.35748626233046177,2.0285331231245323,-0.3521861759092953,-0.7507178132641703,-1.232439316850542,0.10960775102737819,-0.5330934518181093,0.13786250362187769,0.15155042464019666]",s21g006_ed7b9122da42a390,,,,,True,,11,-0.027528396999999982,0.0302973842,768.303100000001,0.040935853853950786,0.0302973842,1.3645284617983597,0.5817437020072838,0.7819287599363928,0.023457862798091783,1,0.6279649485659721,0.0,-0.3441121188564283,0,0,0,0,1,1,True,False,True,False,10000.0,True,1.0,1.0,0.0,0.027608953006928623,0.03122541427993909,0.04168070036710776,0.021653600309982726,0.649220739871843,0.09056686427738149,0.10005813429044723,0.41409999999999997,801.4289162158966,1,True,False,0.0,2,0,1,True,True,1.0,10,10,1,True,True,1.0,10,10,3,POSITION_40MM_SPEED_FAIL,False,False,0.5285521090640088,13.817720820696103,3000013.8177208207,0.0026142843931375986,3.379595725803072e-07,1.0,0.45468623930400776,0.24288408582246943,0.054948588357479136,5,0.0053275332311752905,0.016180528583326057,9.82637360107114e-05,1.9303119812140188,1.8619379230577975,3.379595725803072e-07,1.0480508644069655,1.0,13.817720820696103,92
Stage2.1,6,s21g006_96046294a46118fa,3,damped_archive_02,anchor_damped,2.920387168423867,3.6088239782637297,0.03194138191327685,0.10020962598406627,"[2.3836454059449514,1.2512360270610343,0.5041078567734163,1.2031462836663123,1.8908911833016429,0.07730164625422761,-0.25827861450915734,2.025961769655143,-0.31890350940331125,-0.8968782588104961,-1.3063157136791075,0.1299988615219624,-0.40935241592884175,0.11348408208032058,0.0167355775691145]",s21g006_96046294a46118fa,,,,,True,,11,-0.027380932000000024,0.0304192815,807.9027000000024,0.040927351785387575,0.0304192815,1.3642450595129192,0.5817437020072838,0.7819284582429377,0.023457853747288124,1,0.6279576764375661,0.0,-0.3441116002544149,0,0,0,0,1,1,True,False,True,False,10000.0,True,1.0,1.0,0.0,0.027459503833228267,0.031273693645094046,0.041618124236614436,0.014862734732332846,0.649214578832738,0.0894882168142928,0.10076275145036075,0.4138,828.5273308753967,1,True,False,0.0,2,0,1,True,True,1.0,10,10,1,True,True,1.0,10,10,3,POSITION_40MM_SPEED_FAIL,False,False,0.5286500252405474,13.869531334953226,3000013.869531335,0.00270525189688428,5.8178977502740085e-05,1.0,0.45867148748502123,0.24917478957048894,0.05113875906901241,5,0.005503841591434142,0.01669820036963359,0.00019532997360250024,1.9245202944158597,1.8611645824054082,5.8178977502740085e-05,1.0374032963570867,1.0,13.869531334953226,93
Stage2.1,6,s21g006_603722573e510b92,64,damped_parent_15,damped_tail,2.9093215126405094,3.6479192733334442,0.036618891591423355,0.10315520404818544,"[2.3690919195611415,1.226577594441263,0.4977004187796484,1.1563349703067523,1.8690057161508429,0.13773962333164558,-0.13507233201201443,2.003561912200211,-0.3305930117115612,-0.8684402436763118,-1.2882467541242903,0.16544450572972058,-0.42970943562026026,0.032468007695997225,0.2172375413804702]",s21g006_603722573e510b92,,,,,True,,11,-0.027763689000000036,0.0299423278,666.4014999999999,0.04083338610709839,0.0299423278,1.361112870236613,0.5817437020072838,0.7819350449185274,0.02345805134755582,1,0.6279814555793082,0.0,-0.3441229225524768,0,0,0,0,1,1,True,True,True,True,10000.0,True,1.0,1.0,0.25,0.02769526925433466,0.031029492659377378,0.04159155387537774,0.03530792774495398,0.6492731010720603,0.10150260956690446,0.1095111406979565,0.4139,786.5396173000336,1,True,True,0.25,2,1,1,True,True,1.0,10,10,1,True,True,1.0,10,10,3,POSITION_40MM_SPEED_FAIL,False,False,0.5297322042274046,13.914583301305084,3000013.914583301,0.0023938518641013692,0.009046179737632424,0.6666666666666666,0.4573924565891916,0.24524369440984425,0.046846046785429786,5,0.0052409989267756035,0.016629587177472538,0.0,1.9220637264093883,1.8526282455237513,0.009046179737632424,1.3239339698610513,0.6666666666666666,13.914583301305084,94
Stage2.1,6,s21g006_5ba3e95e874e5e75,51,damped_parent_18,damped_tail,2.9570749841866144,3.7414887674692867,0.04103704298990486,0.10564617448206988,"[2.396859597527311,1.151757769609262,0.49121057877922425,1.236895560201403,1.8038945820364756,0.1185649823388253,-0.2572887135765554,2.0380657476287642,-0.32049599797848993,-0.8164122891094824,-1.2988206214776974,0.25854559989858483,-0.3469689141003111,0.1213953510987771,0.0494438116866525]",s21g006_5ba3e95e874e5e75,,,,,True,,11,-0.02871050399999997,0.0296137327,698.2093000000023,0.04124640838134956,0.0296137327,1.3748802793783188,0.5817437020072838,0.781993569936754,0.02345980709810262,1,0.628182008865765,0.0,-0.3442235253059309,0,0,0,0,1,1,True,True,True,True,10000.0,True,1.0,1.0,0.5,0.028486706959970846,0.03078091732479709,0.04193992542648645,0.04695016894580549,0.6499662347309004,0.10785353089978804,0.11440933974376757,0.41490000000000005,746.504403591156,1,True,True,0.5,2,2,1,True,True,1.0,10,10,1,True,True,1.0,10,10,3,POSITION_40MM_SPEED_FAIL,False,False,0.5249755309990897,13.921727413019214,3000013.921727413,0.001965290461361448,0.020762907185131962,0.3333333333333333,0.4553370023314613,0.25010529225404543,0.05103499393553041,5,0.004656536729668438,0.015421521802896397,0.0,1.954397049754717,1.8902957826234041,0.020762907185131962,1.5293815384644511,0.3333333333333333,13.921727413019214,95
Stage2.1,6,s21g006_b24c2f820475c727,104,bridge_p13_d27,bridge,2.891020567487613,3.6308823773039967,0.03189437919244311,0.10409005050908021,"[2.354430346032825,1.3489127225333077,0.5647468446983586,1.1859017776737049,1.9037814233406825,0.05073004477888157,-0.22710582088993211,2.0953229181332693,-0.2812661727393301,-0.870318915949854,-1.3488563912068026,0.09603524174840607,-0.3302170503874581,-0.08065160582683223,0.07561055348493696]",s21g006_b24c2f820475c727,,,,,True,,11,-0.02660472199999997,0.0305792014,754.5432000000001,0.040532687931582385,0.0305792014,1.351089597719413,0.5817437020072838,0.7819449936897891,0.02345834981069367,1,0.6279788350967224,0.0,-0.34414002419230094,0,0,0,0,1,1,True,False,True,False,10000.0,True,1.0,1.0,0.0,0.026785487758042487,0.03143414795751249,0.04129852312433255,0.014161578685542428,0.6488740852207276,0.0894603152036142,0.10085037098851686,0.4127,808.511901140213,1,True,False,0.0,2,0,1,True,True,1.0,10,10,1,True,True,1.0,10,10,3,POSITION_40MM_SPEED_FAIL,False,False,0.5331952691768033,13.994115410628051,3000013.994115411,0.0031743120164292437,7.231308181111375e-05,1.0,0.45994181304185106,0.2484723838324113,0.05804080849420969,5,0.0061083109271447885,0.01784430657000697,0.00037274917973551094,1.8950755691678114,1.8254431010656051,7.231308181111375e-05,1.0371347639388293,1.0,13.994115410628051,96
Stage2.1,6,s21g006_5f4c8daa4314e5e9,5,damped_archive_04,anchor_damped,2.9260928305386327,3.6593413614210517,0.037187667828144755,0.10264548688306864,"[2.415683345523593,1.2134774513649513,0.47907036778035206,1.171504546461472,1.8784632928826452,0.10337591932725043,-0.26590544639889224,2.0186969706242532,-0.261960531873909,-0.8351852201650649,-1.2773135959693287,0.15977816185308458,-0.38147750995002294,0.018766086028009638,0.06203426961659384]",s21g006_5f4c8daa4314e5e9,,,,,True,,11,-0.027594352000000044,0.0303299765,734.2460000000028,0.041004338024048854,0.0303299765,1.3668112674682953,0.5817437020072838,0.7819410457617871,0.023458231372853616,1,0.6280101555085302,0.0,-0.3441332378223096,0,0,0,0,1,1,True,False,True,False,10000.0,True,1.0,1.0,0.0,0.02765272252119799,0.03125964751013647,0.04173534024411867,0.02190075148602614,0.6494770436362003,0.09191125693763334,0.10162214318985327,0.4143,798.6520726680756,1,True,False,0.0,2,0,1,True,True,1.0,10,10,1,True,True,1.0,10,10,3,POSITION_40MM_SPEED_FAIL,False,False,0.5277633941719138,14.025135292350265,3000014.025135292,0.0027325255088677817,0.00026313485283872883,1.0,0.4569413253678574,0.24704698936020927,0.04144003972889893,5,0.005543382280247503,0.016786809365766386,0.00012098276728027954,1.9353762503248355,1.868173040878288,0.00026313485283872883,1.0806702902151715,1.0,14.025135292350265,97
Stage2.1,6,s21g006_552dd92cd31a7d9d,109,bridge_p08_d31,bridge,2.8598172831599324,3.6525204541658276,0.03911197556115705,0.10663828428387216,"[2.3317838047454544,1.4054549627464166,0.5739501010279235,1.2490621044785073,1.8729735264114886,0.10278164642073281,-0.31341567409815557,2.075954559665144,-0.2607542158684068,-0.8108746617045722,-1.2578459365131134,0.16685857880947783,-0.5693416163977971,-0.0934889356858565,-0.012843174098029202]",s21g006_552dd92cd31a7d9d,,,,,True,,11,-0.02615788600000002,0.0306266947,757.7147000000004,0.040276909367974165,0.0306266947,1.3425636455991388,0.5817437020072838,0.7819758629896363,0.023459275889689088,1,0.6280500694657285,0.0,-0.3441930875941748,0,0,0,0,1,1,True,False,True,False,10000.0,True,1.0,1.0,0.0,0.026527201560249437,0.03148004605392533,0.04116656072803945,0.013139472237761884,0.6488532185714292,0.09004172960382015,0.10161577394203927,0.4122,770.0303807258606,1,True,False,0.0,2,0,1,True,True,1.0,10,10,1,True,True,1.0,10,10,3,POSITION_40MM_SPEED_FAIL,False,False,0.5361410062998142,14.046529795310603,3000014.0465297955,0.0033135478413996067,0.00026107254317731123,1.0,0.4614448592697202,0.24151503632603205,0.05391222334784806,5,0.0062687372760285,0.01808949501454408,0.0004363847188978771,1.8829841357503998,1.8024771424844501,0.00026107254317731123,1.0498411244526542,1.0,14.046529795310603,98
Stage2.1,6,s21g006_7b3690d777bdd97e,106,bridge_p13_d28,bridge,2.873942637437525,3.6402304687034572,0.034013532170130485,0.1056697044344262,"[2.3451293875059016,1.3694778842509698,0.5777563848869562,1.1880879244995053,1.9076258535453605,0.042736034691885,-0.24947303810208232,2.0959390840373113,-0.2856373412035707,-0.878490365516773,-1.2014979836342967,0.1262298999614265,-0.44473354681555044,-0.21251302440295378,0.04150717506385537]",s21g006_7b3690d777bdd97e,,,,,True,,11,-0.026038480999999947,0.0307133297,761.854800000001,0.04026550774606301,0.0307133297,1.3421835915354337,0.5817437020072838,0.7819439916620952,0.023458319749862858,1,0.6279703912073824,0.0,-0.3441383017367067,0,0,0,0,1,1,True,False,True,False,10000.0,True,1.0,1.0,0.0,0.02646520645266666,0.03153971692544281,0.04117233168426744,0.014107103436629307,0.6488788517827403,0.08982457683186594,0.10110303906392448,0.41245,806.0401132106781,1,True,False,0.0,2,0,1,True,True,1.0,10,10,1,True,True,1.0,10,10,3,POSITION_40MM_SPEED_FAIL,False,False,0.5362723159000107,14.058162691172527,3000014.058162691,0.0034811291522929386,0.00012166951765433985,1.0,0.4589084698724991,0.2371084597022996,0.059765181089308284,5,0.006433811448835323,0.01824454063500486,0.0005653769565578795,1.8835121070214806,1.801456793386956,0.00012166951765433985,1.0420834875333198,1.0,14.058162691172527,99
Stage2.1,6,s21g006_a715d669681768fa,149,global_0014,global,2.904745452674273,3.6425510274002457,0.03949102383791367,0.10252366638557467,"[2.357332494567955,1.2540483959458952,0.5418928843362174,1.235130759022496,1.8908232891918098,0.10308319360386557,-0.3855390805830654,2.287316087897466,-0.3591040862231776,-0.6803843059489619,-1.225460424990599,0.18100265189054937,-0.66757840939605,-0.01369858438145644,0.11151729307101899]",s21g006_a715d669681768fa,,,,,True,,11,-0.026921587000000025,0.0303185332,721.9465000000018,0.04054608861527919,0.0303185332,1.351536287175973,0.5817437020072838,0.7819414063916604,0.023458242191749815,1,0.6279934211259055,0.0,-0.3441338577342606,0,0,0,0,1,1,True,False,True,False,10000.0,True,1.0,1.0,0.0,0.02719882944291165,0.03130807643687282,0.04147254481270312,0.024525398568740555,0.6493097817475264,0.0934832368726704,0.10251204705464992,0.41340000000000005,810.6676428318024,1,True,False,0.0,2,0,1,True,True,1.0,10,10,1,True,True,1.0,10,10,3,POSITION_40MM_SPEED_FAIL,False,False,0.5330409368868625,14.125872548994156,3000014.125872549,0.0029098496411899236,0.0006310380404775303,1.0,0.45839458684452694,0.2420437471562052,0.10036969185229284,5,0.005749730142847067,0.017109252149475642,0.00011273711055804585,1.9110799702685208,1.8266503355534143,0.0006310380404775303,1.111021496629034,1.0,14.125872548994156,100
Stage2.1,6,s21g006_b6530a9c8c74a277,4,damped_archive_03,anchor_damped,2.916853348034215,3.6439128348353287,0.035546908703081755,0.1024945845968332,"[2.415683345523593,1.2134774513649513,0.47907036778035206,1.171504546461472,1.8784632928826452,0.10337591932725043,-0.26590544639889224,2.0986969706242533,-0.29696053187390903,-0.8351852201650649,-1.2773135959693287,0.15977816185308458,-0.38147750995002294,0.018766086028009638,0.06203426961659384]",s21g006_b6530a9c8c74a277,,,,,True,,11,-0.027508933000000013,0.0302566314,744.3508000000002,0.04089260493627125,0.0302566314,1.3630868312090418,0.5817437020072838,0.7819410457617871,0.023458231372853616,1,0.6280101555085302,0.0,-0.3441332378223096,0,0,0,0,1,1,True,False,True,False,10000.0,True,1.0,1.0,0.0,0.027594659652578773,0.031220660981105604,0.041667672282463646,0.0230938144744196,0.6494770436362003,0.09338082592553745,0.10297188528011582,0.4143,726.5547022819519,1,True,False,0.0,2,0,1,True,True,1.0,10,10,1,True,True,1.0,10,10,3,POSITION_40MM_SPEED_FAIL,False,False,0.5290501959268853,14.12834319344557,3000014.1283431933,0.0026700506634777976,0.0008832102118168995,1.0,0.4575386030577255,0.2470998844090493,0.05833763036341989,5,0.005485700019204671,0.016748297442112165,7.31774171844012e-05,1.9291054593764323,1.8580057094155067,0.0008832102118168995,1.113653342512024,1.0,14.12834319344557,101
Stage2.1,6,s21g006_bb91db4a01a0cd95,108,bridge_p07_d10,bridge,2.8591552480436766,3.6507457675059847,0.03780116613413232,0.10681241888497069,"[2.3116676198660415,1.3581909817742068,0.5662937040984377,1.2672577858762115,1.9179088632412913,0.06584097397077893,-0.2900373113825385,2.1104812892688276,-0.21599534944228627,-0.8438372552143294,-1.306725836854901,0.12682015597984317,-0.5577080730840158,-0.008432460657066796,0.10139813712794543]",s21g006_bb91db4a01a0cd95,,,,,True,,11,-0.026287477999999975,0.030503847,726.5534000000007,0.04026805410495883,0.030503847,1.3422684701652945,0.5817437020072838,0.7819590416989184,0.02345877125096755,1,0.6280131055712277,0.0,-0.3441641722992436,0,0,0,0,1,1,True,False,True,False,10000.0,True,1.0,1.0,0.0,0.026634963750724782,0.0313744367988298,0.041155516986744176,0.012189122273327958,0.6488303010217231,0.09152232421949223,0.10361569943893219,0.41240000000000004,794.7172269821167,1,True,False,0.0,2,0,1,True,True,1.0,10,10,1,True,True,1.0,10,10,3,POSITION_40MM_SPEED_FAIL,False,False,0.5362429901276624,14.140121757779948,3000014.140121758,0.0030217438264060225,0.0013073282432694519,1.0,0.4638583513900209,0.2476224081277031,0.0545271253754723,5,0.005956486342931399,0.017695456409032907,0.00028206866601000193,1.8819739760513208,1.80168464599988,0.0013073282432694519,1.088478787201327,1.0,14.140121757779948,102
Stage2.1,6,s21g006_4d052ac39c4b0953,94,bridge_p15_d12,bridge,2.873701376562319,3.51440740859259,0.027125436618526507,0.09726675502247739,"[2.29436882775318,1.2988054027093843,0.5634225936344082,1.1266062921373714,1.9061399120034692,0.018445199075791896,-0.16799782402780974,2.0438445726218792,-0.26282930264689447,-0.870057188835804,-1.230103720729971,0.16086116435720618,-0.4502055073616612,-0.28070064707480985,0.08489213254969809]",s21g006_4d052ac39c4b0953,,,,,True,,11,-0.026352001999999985,0.0305947582,702.6518000000033,0.040379044549425265,0.0305947582,1.345968151647509,0.5817437020072838,0.7819353068874333,0.023458059206623,1,0.6279570090593095,0.0,-0.3441233728691798,0,0,0,0,1,1,True,False,True,False,10000.0,True,1.0,1.0,0.0,0.026649471129788146,0.031493680884562024,0.04125586318520119,0.01402623475691483,0.6490086474973953,0.09048408904081583,0.10186988257176209,0.41275,781.8626275062561,1,True,False,0.0,2,0,1,True,True,1.0,10,10,1,True,True,1.0,10,10,3,POSITION_40MM_SPEED_FAIL,False,False,0.5349647412081594,14.145830909274974,3000014.1458309093,0.003416909620696959,0.00034964608321795803,1.0,0.46032634401859474,0.2386073251558841,0.044039862109283644,5,0.0064225785501043796,0.018445254267734065,0.00039304146274137783,1.8911624968400438,1.8116302652494116,0.00034964608321795803,1.057420823664068,1.0,14.145830909274974,103
Stage2.1,6,s21g006_39245c15ebb1455e,19,tail_fd_n3_m0_p,sensitivity,2.9390648006489584,3.500185582854951,0.03371197838346056,0.0895581779264227,"[2.3705445176467634,1.218059178969841,0.480262669915016,1.1862261679559902,1.8279077094025633,0.10745774008274162,-0.35748626233046177,2.0285331231245323,-0.3521861759092953,-0.6707178132641703,-1.3124393168505422,0.10960775102737819,-0.5330934518181093,0.13786250362187769,0.15155042464019666]",s21g006_39245c15ebb1455e,,,,,True,,11,-0.027837895,0.0301737471,762.4850000000006,0.04105366502622858,0.0301737471,1.368455500874286,0.5817437020072838,0.7819287599363928,0.023457862798091783,1,0.6279649485659721,0.0,-0.3441121188564283,0,0,0,0,1,1,True,False,True,False,10000.0,True,1.0,1.0,0.0,0.027743727515964507,0.031176575722755846,0.0417335990573161,0.03622573320835274,0.649220739871843,0.09508737524482058,0.10198552145933452,0.41409999999999997,821.4795367717743,1,True,False,0.0,2,0,1,True,True,1.0,10,10,1,True,True,1.0,10,10,3,POSITION_40MM_SPEED_FAIL,False,False,0.5271953075448021,14.167867950226755,3000014.16786795,0.0025655581074768754,0.00039422954654779103,1.0,0.45483641150150195,0.2473101158131364,0.054948588357479136,5,0.005288044429361777,0.016177989716901386,3.35422830648999e-05,1.9352147669742394,1.8726704578730928,0.00039422954654779103,1.1713350333815133,1.0,14.167867950226755,104
Stage2.1,6,s21g006_9888a29c72b67fdb,125,bridge_p00_d16,bridge,2.8357623187344982,3.733822285211804,0.041015135780206845,0.11362431475767973,"[2.315804863943598,1.345727802105532,0.5800383013192003,1.2863966179049395,1.9033481600583835,0.07355426444503384,-0.24003251861911604,2.119421345433232,-0.27525327041905445,-0.8676869447270439,-1.2257389342919423,0.10245442599241344,-0.39422577832968847,-0.2758989690983668,0.10706755207912498]",s21g006_9888a29c72b67fdb,,,,,True,,11,-0.026572676000000017,0.029923515,705.7018000000025,0.04001904371366465,0.029923515,1.3339681237888217,0.5817437020072838,0.7819433871108572,0.023458301613325714,1,0.6279752031518734,0.0,-0.3441372625312355,0,0,0,0,1,1,True,True,True,True,10000.0,True,1.0,1.0,0.25,0.026863081310799137,0.03100344459620756,0.04102241721718404,0.02614939798085058,0.6487609607340663,0.10201023455438511,0.11207948918016801,0.41245,819.7513325214386,1,True,True,0.25,2,1,1,True,True,1.0,10,10,1,True,True,1.0,10,10,3,POSITION_40MM_SPEED_FAIL,False,False,0.5391107799193601,14.216183946961564,3000014.216183947,0.0023374387125616133,0.014591405885379608,0.6666666666666666,0.46218189169329826,0.23880219427272975,0.06225472436829983,5,0.005208362174270814,0.016692056021107616,0.0,1.8698207937119087,1.779470955284669,0.014591405885379608,1.324560290964831,0.6666666666666666,14.216183946961564,105
Stage2.1,6,s21g006_e9fdc26e9935d1b2,6,damped_archive_05,anchor_damped,2.9046658273478703,3.6515789338655207,0.03653894734659157,0.10378860119387322,"[2.415683345523593,1.2134774513649513,0.47907036778035206,1.171504546461472,1.8784632928826452,0.10337591932725043,-0.26590544639889224,2.0986969706242533,-0.261960531873909,-0.8351852201650649,-1.2773135959693287,0.15977816185308458,-0.38147750995002294,0.018766086028009638,0.027034269616593838]",s21g006_e9fdc26e9935d1b2,,,,,True,,11,-0.027386782,0.0302031553,749.747800000001,0.040770901613668566,0.0302031553,1.3590300537889521,0.5817437020072838,0.7819410457617871,0.023458231372853616,1,0.6280101555085302,0.0,-0.3441332378223096,0,0,0,0,1,1,True,False,True,False,10000.0,True,1.0,1.0,0.0,0.027523466420027544,0.031186978527892255,0.041595298213543276,0.022723225599591165,0.6494770436362003,0.0943888440803363,0.10418969146662328,0.4143,783.2368302345276,1,True,False,0.0,2,0,1,True,True,1.0,10,10,1,True,True,1.0,10,10,3,POSITION_40MM_SPEED_FAIL,False,False,0.5304518223584639,14.222361657283566,3000014.2223616573,0.0026098363324582718,0.0017553514585495838,1.0,0.4585033889601492,0.2479569009489321,0.05335603024723167,5,0.0054281843995218956,0.01670157666777639,4.585786213121136e-05,1.9224098149706625,1.846962687101602,0.0017553514585495838,1.1371836789560064,1.0,14.222361657283566,106
Stage2.1,6,s21g006_f677802a42b3b1ee,11,damped_archive_fill_06,anchor_damped,2.9047432073197177,3.6509663259178478,0.03664803118716189,0.10371672826663675,"[2.415683345523593,1.2134774513649513,0.47907036778035206,1.171504546461472,1.8784632928826452,0.10337591932725043,-0.26590544639889224,2.0986969706242533,-0.261960531873909,-0.8351852201650649,-1.2773135959693287,0.15977816185308458,-0.38147750995002294,0.018766086028009638,0.06203426961659384]",s21g006_f677802a42b3b1ee,,,,,True,,11,-0.027390915000000016,0.0302018576,732.5054000000018,0.04077271669913477,0.0302018576,1.3590905566378257,0.5817437020072838,0.7819410457617871,0.023458231372853616,1,0.6280101555085302,0.0,-0.3441332378223096,0,0,0,0,1,1,True,False,True,False,10000.0,True,1.0,1.0,0.0,0.02752478508149188,0.031186570783302107,0.0415958650709927,0.02291944739059184,0.6494770436362003,0.09444015250987556,0.10420265367971915,0.4143,750.5910229682922,1,True,False,0.0,2,0,1,True,True,1.0,10,10,1,True,True,1.0,10,10,3,POSITION_40MM_SPEED_FAIL,False,False,0.5304309184775294,14.226310656813578,3000014.226310657,0.0026095780243475014,0.0017662297951656898,1.0,0.4585798749524327,0.24791386259479975,0.05335603024723167,5,0.005427977753033278,0.01670157666777639,4.527387853084481e-05,1.922462212226923,1.847127141142115,0.0017662297951656898,1.1383494102585594,1.0,14.226310656813578,107
Stage2.1,6,s21g006_100bb55612334d2d,2,damped_archive_01,anchor_damped,2.9029041709213286,3.6431974348239278,0.03655237275564322,0.1032942477741835,"[2.415683345523593,1.2134774513649513,0.47907036778035206,1.171504546461472,1.8784632928826452,0.10337591932725043,-0.26590544639889224,2.0986969706242533,-0.261960531873909,-0.8351852201650649,-1.2773135959693287,0.15977816185308458,-0.38147750995002294,0.09876608602800964,0.06203426961659384]",s21g006_100bb55612334d2d,,,,,True,,11,-0.027360983999999977,0.030192624,742.9795000000013,0.040745772657462646,0.030192624,1.3581924219154218,0.5817437020072838,0.7819410457617871,0.023458231372853616,1,0.6280101555085302,0.0,-0.3441332378223096,0,0,0,0,1,1,True,False,True,False,10000.0,True,1.0,1.0,0.0,0.027515566837379435,0.031183798847292974,0.04158768722748027,0.02291710520121516,0.6494770436362003,0.09452518382985178,0.10428550139994694,0.4143,809.8605241775513,1,True,False,0.0,2,0,1,True,True,1.0,10,10,1,True,True,1.0,10,10,3,POSITION_40MM_SPEED_FAIL,False,False,0.5307412262010458,14.232320330665829,3000014.2323203306,0.00260794505381193,0.0018365522248947035,1.0,0.45798600474876944,0.2490518412700566,0.05335603024723167,5,0.005426671376604822,0.01670157666777639,4.122667264000101e-05,1.9217063654785842,1.8446866549484788,0.0018365522248947035,1.1400659513041893,1.0,14.232320330665829,108
Stage2.1,6,s21g006_23ed4b2a422b2b1f,113,bridge_p00_d18,bridge,2.862508093421938,3.6737794664175225,0.04107106109566892,0.1075769671453341,"[2.3346812381359783,1.3207333581756522,0.560956027892925,1.264682774262177,1.8986450843096727,0.07919036050584431,-0.2962718817558474,2.000995905694673,-0.302820263182839,-0.9157123829579522,-1.1111836527048022,0.1974508720902554,-0.44958099230073684,-0.026840251891184802,0.07120666259255597]",s21g006_23ed4b2a422b2b1f,,,,,True,,11,-0.026441453999999975,0.0303160027,727.9802000000018,0.04022698732617846,0.0303160027,1.340899577539282,0.5817437020072838,0.781944895141257,0.023458346854237706,1,0.6279893477307383,0.0,-0.3441398547903258,0,0,0,0,1,1,True,False,True,False,10000.0,True,1.0,1.0,0.0,0.02688853987430914,0.03121822911580153,0.04120159469849427,0.02291726776504732,0.6488059805461375,0.09544680956786063,0.1053124605404314,0.4128,807.2746336460114,1,True,False,0.0,2,0,1,True,True,1.0,10,10,1,True,True,1.0,10,10,3,POSITION_40MM_SPEED_FAIL,False,False,0.5367159458479124,14.268503495041479,3000014.268503495,0.002609381251865039,0.0028222236993640645,1.0,0.45712895249865143,0.2351414134398571,0.04825112979328929,5,0.005428576658616854,0.016705358285624115,0.00011095300711921228,1.886190450776657,1.7980116770450247,0.0028222236993640645,1.1615915506894796,1.0,14.268503495041479,109
Stage2.1,6,s21g006_478c0f634812822f,65,damped_parent_13,damped_tail,2.9095773285465403,3.748935749747334,0.04397441818894993,0.10895850941272667,"[2.4264724884709206,1.252059319621849,0.46666001908509813,1.2025048835665129,1.8637949351295917,0.0915746226998108,-0.2533174492784352,2.172034243609693,-0.2134443203511348,-0.8956248621465899,-1.335518937887965,0.09711391689767267,-0.7199322382103179,-0.4356360088224213,0.21608935344014651]",s21g006_478c0f634812822f,,,,,True,,11,-0.027404449000000053,0.0303885829,647.0067000000017,0.04092028586977095,0.0303885829,1.364009528992365,0.5817437020072838,0.7819495781385692,0.023458487344157078,1,0.6280179306068477,0.0,-0.3441479047224456,0,0,0,0,1,1,True,False,True,False,10000.0,True,1.0,1.0,0.0,0.027473505987686667,0.03121614924985767,0.041584149687649556,0.01753788629609178,0.6494595856515264,0.09349336602238914,0.10476066669770605,0.4142,774.8974726200104,1,True,False,0.0,2,0,1,True,True,1.0,10,10,1,True,True,1.0,10,10,3,POSITION_40MM_SPEED_FAIL,False,False,0.5287314016062847,14.271993602870465,3000014.271993603,0.002578109432655387,0.0022663947406647436,1.0,0.47629885296661467,0.24645335476976094,0.05875540901076256,5,0.0054212079048076975,0.01679360179341694,0.0001677740779693445,1.92137945027205,1.8605219951819736,0.0022663947406647436,1.1282374742682502,1.0,14.271993602870465,110
Stage2.1,6,s21g006_a4bacbddf01709fc,93,bridge_p15_d17,bridge,2.859288239509735,3.5126663230939155,0.027768967192764293,0.09816697233409803,"[2.29436882775318,1.2988054027093843,0.5634225936344082,1.1266062921373714,1.9061399120034692,0.018445199075791896,-0.18524317185596637,2.1172664689465006,-0.24061417783635636,-0.8380449687309313,-1.2478148618405396,0.11103197036515272,-0.4333717810804777,-0.01067899297056174,0.09566317418076808]",s21g006_a4bacbddf01709fc,,,,,True,,11,-0.02615327700000003,0.0305548745,758.3065000000024,0.040219326865941964,0.0305548745,1.340644228864732,0.5817437020072838,0.7819353068874333,0.023458059206623,1,0.6279570090593095,0.0,-0.3441233728691798,0,0,0,0,1,1,True,False,True,False,10000.0,True,1.0,1.0,0.0,0.026532306400063897,0.03149452772210137,0.04118092470240419,0.020275891155570283,0.6490086474973953,0.09281805234098825,0.1029505655536151,0.41275,818.2881133556366,1,True,False,0.0,2,0,1,True,True,1.0,10,10,1,True,True,1.0,10,10,3,POSITION_40MM_SPEED_FAIL,False,False,0.5368041694338911,14.281296520400275,3000014.2812965205,0.003449067153569192,0.0008705837086180001,1.0,0.4573022678386186,0.24337693345349606,0.05257743545734097,5,0.006460526834561496,0.018506365558530715,0.0003420952341669446,1.8842983992723155,1.7973269483883119,0.0008705837086180001,1.1009930709961735,1.0,14.281296520400275,111
Stage2.1,6,s21g006_fc67e6d8e4420e03,184,random_tail_0138,random_tail,2.927221214833784,3.8734149488714404,0.038652153421313104,0.11727050388501797,"[2.4296399350743045,1.2020709257111488,0.4796249703508379,1.1854440703401865,1.8715993081299176,0.10728138069623426,-0.15212561089449722,2.4626126492994267,-0.2764919707949204,-0.9386836112163042,-1.5153516558414508,0.15781954422118205,-0.25543124466786854,-0.0016002461091118164,0.1276209462925346]",s21g006_fc67e6d8e4420e03,,,,,True,,11,-0.027946463000000032,0.0299174505,685.5527000000002,0.04093969514579122,0.0299174505,1.3646565048597072,0.5817437020072838,0.7819327398023537,0.02345798219407061,1,0.6279852514415285,0.0,-0.3441189601268145,0,0,0,0,1,1,True,True,True,True,10000.0,True,1.0,1.0,0.25,0.027830080648092243,0.030949918420485518,0.04162223971765608,0.03681028022391107,0.6496455303256382,0.10320561427460653,0.11142305786745699,0.41450000000000004,809.0359392166138,1,True,True,0.25,2,1,1,True,True,1.0,10,10,1,True,True,1.0,10,10,3,POSITION_40MM_SPEED_FAIL,False,False,0.5285078698759587,14.333408034806842,3000014.333408035,0.002189770699690238,0.013048625104327097,0.6666666666666666,0.46878492054184295,0.26790202263512064,0.11344787282960533,5,0.004997539151020606,0.016228612956342075,0.0,1.9249009323489195,1.8622873762559125,0.013048625104327097,1.3770094554697527,0.6666666666666666,14.333408034806842,112
Stage2.1,6,s21g006_012fdf9eaf4ec8fe,107,bridge_p08_d26,bridge,2.8605076342463307,3.649322636949875,0.03481446843305796,0.10715864230008708,"[2.356473549070263,1.3489603070169487,0.5460291334783733,1.226238662775045,1.8745890409818744,0.10295652754624315,-0.2571355086562186,2.1047354476344795,-0.2967190326263093,-1.0408129233368841,-1.13908595784725,0.16119089009965873,-0.5007264924178177,-0.06237315776514779,0.07725003709618339]",s21g006_012fdf9eaf4ec8fe,,,,,True,,11,-0.02604856600000005,0.0306892257,739.8889000000017,0.04025365032791311,0.0306892257,1.3417883442637704,0.5817437020072838,0.7819645743946704,0.023458937231840112,1,0.6280379967333536,0.0,-0.344173682837532,0,0,0,0,1,1,True,False,True,False,10000.0,True,1.0,1.0,0.0,0.026649035160088617,0.03141033511840142,0.041191992270512005,0.029605582063407073,0.6489975371425418,0.09595676463047219,0.10456835465833006,0.4128,807.9990363121033,1,True,False,0.0,2,0,1,True,True,1.0,10,10,1,True,True,1.0,10,10,3,POSITION_40MM_SPEED_FAIL,False,False,0.5364088747903825,14.408365843301597,3000014.4083658434,0.0030011497225346023,0.0020869864284285902,1.0,0.4635963677838461,0.23815347975765494,0.06084860293972077,5,0.005876303635384064,0.017376919286781912,0.0005278134061561009,1.8853113635710228,1.8003959608021103,0.0020869864284285902,1.1811031285263427,1.0,14.408365843301597,113
Stage2.1,6,s21g006_519e856c05e17310,58,damped_parent_16,damped_tail,2.971815640517805,3.614202722080664,0.03487559951307271,0.09606218507692661,"[2.413946689140234,1.2100260733143955,0.4613863721475013,1.197051859053888,1.855477522949459,0.10383736088870918,-0.32901275573077066,2.1467179882424485,-0.2705235428173692,-0.7884422784208047,-1.5596576366731583,0.3093873663679491,-0.34491304480070173,-0.02172120632249846,0.07996603145473044]",s21g006_519e856c05e17310,,,,,True,,11,-0.028340986999999984,0.0304394989,616.3775000000023,0.04159055947468451,0.0304394989,1.3863519824894839,0.5817437020072838,0.7819341870162442,0.023458025610487324,1,0.6279889312000577,0.0,-0.3441214478441469,0,0,0,0,1,1,True,False,True,False,10000.0,True,1.0,1.0,0.0,0.02800013644160948,0.03125262127007681,0.04196110076010405,0.04769462614932411,0.6493944980421401,0.09577363249403478,0.10124801289596515,0.4146,789.8880326747894,1,True,False,0.0,2,0,1,True,True,1.0,10,10,1,True,True,1.0,10,10,3,POSITION_40MM_SPEED_FAIL,False,False,0.5210120297687271,14.447777868458227,3000014.4477778682,0.002593283056508316,0.00015575361884953074,1.0,0.46787046845620217,0.26707729825650767,0.06205440840897822,5,0.005309986457767155,0.016176800062802515,0.00021462142566801268,1.9563710855551166,1.921971819352522,0.00015575361884953074,1.2525937478905314,1.0,14.447777868458227,114
Stage2.1,6,s21g006_64b683ed50d46d62,61,damped_parent_04,damped_tail,2.9172385972749195,3.86122896988978,0.050914400556876044,0.11457350386223684,"[2.464180001631582,1.1955364315247945,0.48986376875639664,1.1928092997024737,1.8624949888975808,0.10521356942046317,-0.25346916206244463,1.99378693194776,-0.2605687017777412,-0.9067588839057568,-1.1252401652310895,0.24951900960958356,-0.26712296895387405,0.1379385811872949,0.06881773432511401]",s21g006_64b683ed50d46d62,,,,,True,,11,-0.02761662399999998,0.0300607775,694.6298000000024,0.04082068427968694,0.0300607775,1.360689475989565,0.5817437020072838,0.7819445123420034,0.023458335370260097,1,0.6280278954470869,0.0,-0.34413919676987403,0,0,0,0,1,1,True,False,True,False,10000.0,True,1.0,1.0,0.0,0.02784799911280074,0.031085733646358863,0.04173528352508125,0.025591882220117892,0.6498374898008622,0.09695944265338131,0.10638068269256218,0.41475,801.8253924846649,1,True,False,0.0,2,0,1,True,True,1.0,10,10,1,True,True,1.0,10,10,3,POSITION_40MM_SPEED_FAIL,False,False,0.5298784879659953,14.505985444165333,3000014.505985444,0.0024072120359637816,0.0040713111623162535,1.0,0.4526350177122017,0.24196440204094632,0.0391068104303011,5,0.005185557356405966,0.016298938638174703,4.104338340277938e-06,1.9353709899099094,1.851475850068757,0.0040713111623162535,1.1971794085703984,1.0,14.505985444165333,115
Stage2.1,6,s21g006_015f7359c92eaa9b,112,bridge_p06_d13,bridge,2.8292120257504423,3.668974835088086,0.036928491231621785,0.11038623367871037,"[2.281174821864321,1.435251297978939,0.6242674591469557,1.2732259723262143,1.9423248425328488,0.08840486755120586,-0.2879041449007689,2.1553986593039127,-0.2484134131893556,-0.9268570590229586,-1.2178598683894422,0.1476464160543068,-0.40439691566436875,-0.06579910499569849,0.007388079835485388]",s21g006_015f7359c92eaa9b,,,,,True,,11,-0.02524826300000005,0.0309007747,743.3736000000026,0.03990404317330929,0.0309007747,1.330134772443643,0.5817437020072838,0.7819723692848468,0.023459171078545404,1,0.6280281041364215,0.0,-0.3441870820202813,0,0,0,0,1,1,True,False,True,False,10000.0,True,1.0,1.0,0.0,0.025926681015921462,0.03165272296319931,0.04091561632783242,0.030595228684097087,0.6485909115449024,0.09550571887469526,0.10379610078316866,0.41145000000000004,815.7012047767639,1,True,False,0.0,2,0,1,True,True,1.0,10,10,1,True,True,1.0,10,10,3,POSITION_40MM_SPEED_FAIL,False,False,0.5404352121005103,14.537291298990255,3000014.537291299,0.0038032849833832738,0.0014410381155973671,1.0,0.46178858189727134,0.2418387521772567,0.06710782026881594,5,0.006797824420552703,0.018775982169230418,0.0009015500668445494,1.8600973994293195,1.769258512863702,0.0014410381155973671,1.1709698556021901,1.0,14.537291298990255,116
Stage2.1,6,s21g006_0e7b9c7ae582f28b,110,bridge_p09_d26,bridge,2.8391034967595368,3.6616459754028554,0.03527882202730415,0.10947297831085087,"[2.3048947096699863,1.3477952152893296,0.5994803843136883,1.2717852919559571,1.8882647210785761,0.07371138477279002,-0.2990449067839591,2.220412138830512,-0.24864499053844938,-0.8610954333336763,-1.2466313996290896,0.16132900985798163,-0.48095870614247627,-0.15242275344871264,0.07103133151885134]",s21g006_0e7b9c7ae582f28b,,,,,True,,11,-0.026192976000000034,0.0302522638,703.012200000001,0.04001589005334466,0.0302522638,1.3338630017781554,0.5817437020072838,0.7819482814040326,0.023458448442120975,1,0.6279899490615984,0.0,-0.3441456756746155,0,0,0,0,1,1,True,False,True,False,10000.0,True,1.0,1.0,0.0,0.026621208141820698,0.031204599400537616,0.041017261569712,0.020434480274035795,0.6488028376435668,0.09720906412711315,0.10796391827126176,0.41225,804.1338722705841,1,True,False,0.0,2,0,1,True,True,1.0,10,10,1,True,True,1.0,10,10,3,POSITION_40MM_SPEED_FAIL,False,False,0.5391470998288431,14.675550113293951,3000014.6755501134,0.002644000275591674,0.006342399423133673,1.0,0.4640420839218573,0.24327693306997236,0.07306529924868352,5,0.005526854802132919,0.017058272908297905,7.07078053227127e-05,1.8693508296424148,1.7791905075126317,0.006342399423133673,1.2073775632553645,1.0,14.675550113293951,117
Stage2.1,6,s21g006_981cd0d12da465a2,111,bridge_p06_d30,bridge,2.817312546299492,3.6686945698973075,0.04056860717571654,0.11050782133904156,"[2.281174821864321,1.435251297978939,0.6242674591469557,1.2732259723262143,1.9423248425328488,0.08840486755120586,-0.2647010845985265,2.065989285256606,-0.2312836115387808,-0.895181366385494,-1.2443984841662767,0.16557715132494574,-0.35951185329302965,0.14344162792650572,0.07777038656618587]",s21g006_981cd0d12da465a2,,,,,True,,11,-0.025391437000000017,0.0306436345,715.4742000000006,0.03979644969459663,0.0306436345,1.3265483231532211,0.5817437020072838,0.7819723692848468,0.023459171078545404,1,0.6280281041364215,0.0,-0.3441870820202813,0,0,0,0,1,1,True,False,True,False,10000.0,True,1.0,1.0,0.0,0.02600263581983177,0.031517321267069194,0.040859253657286126,0.02973725521523549,0.6485909115449024,0.09711831269081486,0.10578867261527293,0.41145000000000004,805.3464741706848,1,True,False,0.0,2,0,1,True,True,1.0,10,10,1,True,True,1.0,10,10,3,POSITION_40MM_SPEED_FAIL,False,False,0.5416743390232935,14.685299708697547,3000014.6852997085,0.0034565503907242803,0.003350873064681058,1.0,0.45960550137035483,0.24590308269454425,0.05240850614866482,5,0.0064855448883314295,0.01860152287876003,0.0004602948551002782,1.8549762327005004,1.7597304536606226,0.003350873064681058,1.2075547601437444,1.0,14.685299708697547,118
Stage2.1,6,s21g006_8909387a5c3eeb9c,60,damped_parent_15,damped_tail,2.8778861041727923,3.6444003008817205,0.03885361883129508,0.10478388508947378,"[2.3703294147499494,1.2546689162876743,0.4855487302768313,1.1999879983766528,1.8977049947445241,0.11916308490823464,-0.3093005856447944,2.2540548736204564,-0.35232109497616787,-0.7858828887301827,-1.082959296973398,0.18414202808767022,-0.3869124479939843,-0.08890152644946817,-0.046991019468943344]",s21g006_8909387a5c3eeb9c,,,,,True,,11,-0.026517875999999996,0.0301720222,799.1876000000011,0.04016900137156348,0.0301720222,1.3389667123854492,0.5817437020072838,0.7819409174062084,0.02345822752218625,1,0.627989312787707,0.0,-0.3441330171829141,0,0,0,0,1,1,True,False,True,False,10000.0,True,1.0,1.0,0.0,0.026998437778911213,0.031245025640415657,0.04129367106194328,0.0365039297102728,0.649182750838361,0.10011688090409729,0.10741311991185269,0.4138,782.4961564540863,1,True,False,0.0,2,0,1,True,True,1.0,10,10,1,True,True,1.0,10,10,3,POSITION_40MM_SPEED_FAIL,False,False,0.5373837554434976,14.900790731037,3000014.900790731,0.002841170300257569,0.005495434682750691,1.0,0.45154303573297166,0.233084183581787,0.09307257433602992,5,0.005719455295822136,0.017232595278080402,3.2879596992044465e-05,1.894630299746636,1.7928318568762984,0.005495434682750691,1.2870115213490583,1.0,14.900790731037,119
Stage2.1,6,s21g006_65c34c6f420f54dd,157,random_tail_0125,random_tail,2.8743355679532496,3.709753339765309,0.037430419867799554,0.10999171298926028,"[2.403730796405485,1.2260779250765648,0.4784914121304731,1.1692627912043025,1.865331195488855,0.11387863942270178,-0.05871199502417895,2.123585005507004,-0.2699772021398732,-1.0293881200474715,-1.3973434310470334,0.31902490784479054,-0.17213107711847592,0.33322371421099584,0.023589385571661188]",s21g006_65c34c6f420f54dd,,,,,True,,11,-0.027707943000000013,0.029422421,682.6360000000022,0.04041545450434141,0.029422421,1.3471818168113805,0.5817437020072838,0.7819293906825676,0.02345788172047703,1,0.627969048796865,0.0,-0.3441132030902114,0,0,0,0,1,1,True,True,True,True,10000.0,True,1.0,1.0,0.5,0.027706661322183603,0.030634243555776826,0.041305156577076896,0.03651168959301115,0.6492587706386422,0.11003685889439623,0.11909648463184297,0.4142,789.7679214477539,1,True,True,0.5,2,2,1,True,True,1.0,10,10,1,True,True,1.0,10,10,3,POSITION_40MM_SPEED_FAIL,False,False,0.534545416952324,15.079194057348252,3000015.0791940573,0.0018199097802298505,0.03646757252942147,0.3333333333333333,0.4642505674924447,0.26612957252529,0.05555914230902058,5,0.004565991215149497,0.015550316954828086,0.0,1.895684399840932,1.8148988475472119,0.03646757252942147,1.5517076128599205,0.3333333333333333,15.079194057348252,120
Stage2.1,6,s21g006_8c00f36f8b841ab1,121,bridge_p12_d13,bridge,2.82999113204125,3.7741418987807793,0.046325820175826,0.11562791186958446,"[2.284578863128302,1.427182389606586,0.5648699087330165,1.306776917654917,1.9407934568269265,0.11115523645294625,-0.269504212975973,2.2085116814328765,-0.27066469300082396,-0.7858906219909074,-1.2616692550764705,0.18144063629946455,-0.4176285439035031,-0.06511768290175908,0.07688155000393951]",s21g006_8c00f36f8b841ab1,,,,,True,,11,-0.025835328999999962,0.0303470422,700.813100000003,0.03985482649349787,0.0303470422,1.3284942164499292,0.5817437020072838,0.7819884761241247,0.02345965428372374,1,0.6280678033515592,0.0,-0.34421476919458555,0,0,0,0,1,1,True,False,True,False,10000.0,True,1.0,1.0,0.0,0.02625822821835384,0.031393625204953965,0.04092742665592689,0.028656119823271337,0.6487247810318254,0.09930269058364365,0.10840537121255098,0.41185000000000005,790.8095648288727,1,True,False,0.0,2,0,1,True,True,1.0,10,10,1,True,True,1.0,10,10,3,POSITION_40MM_SPEED_FAIL,False,False,0.5410020281727669,15.118100939336792,3000015.1181009393,0.00326581056569015,0.007065026522078041,1.0,0.45814661701584525,0.2419741162042138,0.07900837243383836,5,0.006366760088353097,0.018770558179004887,0.00013382032064537894,1.861171391862528,1.7648968831409113,0.007065026522078041,1.2572897711056656,1.0,15.118100939336792,121
Stage2.1,6,s21g006_5e0df3fa141f35cc,132,bridge_p10_d26,bridge,2.8420544251891626,3.9600701850440667,0.05028234238202665,0.1258524637706993,"[2.3355082808419363,1.392103982223856,0.5479659851702977,1.2637042647135264,1.947892581622186,0.07900533623129063,-0.15988130625596456,2.319889579761116,-0.30790829143565956,-0.9383484301350462,-1.1680711312626704,0.19032140237085934,-0.6021879435061676,-0.2562457600058834,0.08771357572178451]",s21g006_5e0df3fa141f35cc,,,,,True,,11,-0.025913976000000005,0.0303951933,706.4619000000021,0.03994248274547967,0.0303951933,1.3314160915159892,0.5817437020072838,0.7819807043211986,0.023459421129635956,1,0.6280630490724587,0.0,-0.3442014096981281,0,0,0,0,1,1,True,False,True,False,10000.0,True,1.0,1.0,0.0,0.026435428895471673,0.031372049054196265,0.041024838363440695,0.026004897953196594,0.6490725997776131,0.10026928173022102,0.110107643177231,0.41240000000000004,813.8774116039276,1,True,False,0.0,2,0,1,True,True,1.0,10,10,1,True,True,1.0,10,10,3,POSITION_40MM_SPEED_FAIL,False,False,0.5399925132553155,15.445307631300338,3000015.4453076315,0.0031717842876632053,0.010216445059822409,1.0,0.46411801068509245,0.2356667468138962,0.10146361501252725,5,0.006282174090056042,0.018723733299627388,0.00017353082707210224,1.8700415141627063,1.7726688087477127,0.010216445059822409,1.2799947803600589,1.0,15.445307631300338,122
Stage2.1,6,s21g006_557a469471bee00f,160,random_tail_0119,random_tail,2.9518362779876006,4.024536665757906,0.06906671199414398,0.1180445165749205,"[2.418786533244339,1.1993117143356409,0.4831690501238589,1.1832862009726186,1.900151792027663,0.10814393729540635,-0.21131423809250277,1.7052992193544458,-0.2631087856858374,-0.5820407964978669,-1.0468503925667245,0.08693794942490256,-0.656346001992848,-0.4451824938776208,0.1369172925035202]",s21g006_557a469471bee00f,,,,,True,,11,-0.02853203400000004,0.0297216225,690.2354000000014,0.04120014330326612,0.0297216225,1.3733381101088709,0.5817437020072838,0.7819327683731746,0.023457983051195237,1,0.6279840831382083,0.0,-0.3441190092391999,0,0,0,0,1,1,True,True,True,True,10000.0,True,1.0,1.0,0.25,0.028272967735867818,0.031027347348392305,0.041976862532485795,0.06153878415900497,0.6496131281549496,0.10927669685513358,0.11315320816767888,0.4144,776.5098786354065,1,True,True,0.25,2,1,1,True,True,1.0,10,10,1,True,True,1.0,10,10,3,POSITION_40MM_SPEED_FAIL,False,False,0.5255083542196397,15.542029219834697,3000015.5420292197,0.0025983510774004234,0.0173006885102294,0.6666666666666666,0.4475100338776317,0.2191421480106943,0.017245312220915698,5,0.005450770575497158,0.016860448567884097,0.0,1.9578410978568994,1.8860575646774052,0.0173006885102294,1.6590670474406668,0.6666666666666666,15.542029219834697,123
Stage2.1,6,s21g006_a938d5431d422fc2,180,random_tail_0079,random_tail,2.8160346452562024,4.059428302103283,0.05738867152693879,0.1317411547262948,"[2.336648999938126,1.4272209778540097,0.5782602660841047,1.300041993605062,1.9755473112589679,0.07692130240891668,0.1217808556427189,1.9327431766728282,-0.40624141904290223,-1.3380046147231708,-1.0556399372804974,0.05004109648556171,-0.07289834249983962,-0.6401691614286227,0.0519403312969543]",s21g006_a938d5431d422fc2,,,,,True,,11,-0.02654005699999995,0.0297892336,771.4932000000008,0.03989703076719639,0.0297892336,1.329901025573213,0.5817437020072838,0.7819736625351507,0.02345920987605452,1,0.6280362665858991,0.0,-0.34418930507881956,0,0,0,0,1,1,True,True,True,True,10000.0,True,1.0,1.0,0.5,0.02683462814864276,0.030856540406081073,0.040892827656057784,0.016411190333066022,0.6487279271029553,0.1072677008398088,0.12077844809517896,0.41204999999999997,800.1011428833008,1,True,True,0.5,2,2,1,True,True,1.0,10,10,1,True,True,1.0,10,10,3,POSITION_40MM_SPEED_FAIL,False,False,0.5405159722108065,15.63804795042832,3000015.6380479503,0.002167274474029628,0.04317439052440456,0.3333333333333333,0.46933929882999953,0.23640377045101954,0.06052423273249571,5,0.005226995165787258,0.017465877932817776,0.0,1.858025948564494,1.7686367378206838,0.04317439052440456,1.4856760692427955,0.3333333333333333,15.63804795042832,124
Stage2.1,6,s21g006_597bd00614ebd045,114,bridge_p02_d08,bridge,2.8197078860833478,3.8274450843473584,0.05165643239847241,0.1186036484702261,"[2.330661892939973,1.3368065431458134,0.5601851492741785,1.294451469425568,1.9235589429437865,0.09131266258923212,-0.27112001601776503,2.1831014239076074,-0.24467564158678803,-0.7219732321250353,-1.264240108607695,0.194033331858516,-0.4875610309251502,-0.0053883589332106505,0.10794339439735007]",s21g006_597bd00614ebd045,,,,,True,,11,-0.02658850199999996,0.0296507999,675.4446000000025,0.039826101658508355,0.0296507999,1.3275367219502785,0.5817437020072838,0.7819452759257819,0.023458358277773456,1,0.6279793501926177,0.0,-0.34414050934751933,0,0,0,0,1,1,True,True,True,True,10000.0,True,1.0,1.0,0.25,0.026866523340306838,0.030906919277486164,0.04095177329030207,0.042687166903439495,0.648845971940058,0.10882600177401913,0.11617230265120093,0.4127,812.4742903709412,1,True,True,0.25,2,1,1,True,True,1.0,10,10,1,True,True,1.0,10,10,3,POSITION_40MM_SPEED_FAIL,False,False,0.5413328448431998,15.641271500307303,3000015.6412715004,0.0023198794973175348,0.026154337304204068,0.6666666666666666,0.4594237664164911,0.24432890343449565,0.06904920611512451,5,0.005206110276143415,0.016751033391446936,0.0,1.8633863729114424,1.762353748126491,0.026154337304204068,1.531819812152433,0.6666666666666666,15.641271500307303,125
Stage2.1,6,s21g006_0c4fcbfc1bd15a7b,165,random_tail_0017,random_tail,2.8953792551149657,3.925737075556409,0.060942572455416524,0.1176937303492883,"[2.4178634627982376,1.209858479521462,0.46466380565972315,1.2074406407185463,1.8692479060770988,0.09703319926365381,-0.1268874545045568,1.7930653631793367,-0.33879458630483344,-0.8367203795771995,-1.0848091464328993,0.10421121975042917,-0.08211546008371512,0.34670611510056404,-0.04736923826560629]",s21g006_0c4fcbfc1bd15a7b,,,,,True,,11,-0.02830617499999999,0.0292960238,885.5935000000027,0.040736918803718956,0.0292960238,1.3578972934572986,0.5817437020072838,0.7819341066207384,0.02345802319862215,1,0.6279887283481003,0.0,-0.3441213096466803,0,0,0,0,1,1,True,True,True,True,10000.0,True,1.0,1.0,0.5,0.028237983754693708,0.03070668023593846,0.04171671053238162,0.05972643173478479,0.6494417362364011,0.11458637143785859,0.11947498535782748,0.4146,793.8672578334808,1,True,True,0.5,2,2,1,True,True,1.0,10,10,1,True,True,1.0,10,10,3,POSITION_40MM_SPEED_FAIL,False,False,0.5308431937986684,15.91827751672185,3000015.9182775165,0.002065664349588869,0.03792750546875947,0.3333333333333333,0.4418095203662893,0.23700624794661468,0.019138686074751558,5,0.004825879717734606,0.015866741190317554,0.0,1.9336488196027997,1.8438850595786567,0.03792750546875947,1.7841518774023,0.3333333333333333,15.91827751672185,126
Stage2.1,6,s21g006_62a62e8706069bf9,162,random_tail_0074,random_tail,2.9398664292858414,3.498543058636598,0.02604560070160121,0.09071795372251319,"[2.407810655813116,1.2252360728795322,0.4849743452870506,1.189146196722948,1.8834292994903339,0.10878906904730437,-0.4980835871215821,2.4726859497743248,-0.32087283157274754,-1.0595791829828982,-1.0239427980800464,0.03411067253991637,-0.6785929760974925,0.29426174121771087,0.21268984147613135]",s21g006_62a62e8706069bf9,,,,,True,,11,-0.025409668999999968,0.0315537005,824.1631000000016,0.040512804073937654,0.0315537005,1.3504268024645885,0.5817437020072838,0.7819359002316872,0.02345807700695062,1,0.6279900403801592,0.0,-0.34412439281018115,0,0,0,0,1,1,True,False,True,False,10000.0,True,1.0,1.0,0.0,0.026559262850270285,0.031893144462863295,0.04150382038895715,0.07936637083219776,0.6493805628146572,0.10293619413853343,0.10446642617403146,0.4142,794.4350199699402,1,True,False,0.0,2,0,1,True,True,1.0,10,10,1,True,True,1.0,10,10,3,POSITION_40MM_SPEED_FAIL,False,False,0.5334242665438479,16.05826961753294,3000016.0582696176,0.004393190254519855,0.001994896276807328,1.0,0.46666092341265253,0.2418159265116796,0.12665814454503013,5,0.006970082818628588,0.01727765307506352,0.002682205826333604,1.9139634520875726,1.8236525488147328,0.001994896276807328,1.7212255016648295,1.0,16.05826961753294,127
Stage2.1,6,s21g006_efaccf05ca6a9e49,50,damped_parent_08,damped_tail,2.927789351634216,3.994160904729722,0.0628545999035548,0.1194923253138523,"[2.437723411731923,1.2276411136344356,0.4913054291389086,1.1795833339995023,1.9050442133860426,0.1159160231276789,-0.13229121369982844,1.8884396079517725,-0.31930274185926116,-0.6522570581239721,-1.354054628014231,0.24198669007827725,-0.5174931738732522,0.08979540523579545,-0.061372417552959614]",s21g006_efaccf05ca6a9e49,,,,,True,,11,-0.028625578999999957,0.0293598164,750.1675000000032,0.04100515323867169,0.0293598164,1.3668384412890564,0.5817437020072838,0.7819376034469983,0.023458128103409946,1,0.6279987636574986,0.0,-0.3441273205862879,0,0,0,0,1,1,True,True,True,True,10000.0,True,1.0,1.0,0.5,0.028213917999073294,0.030758700774991873,0.041738745096419914,0.07178530505048679,0.6494126889559529,0.11773620153497828,0.12120058017458732,0.41424999999999995,798.1344473361969,1,True,True,0.5,2,2,1,True,True,1.0,10,10,1,True,True,1.0,10,10,3,POSITION_40MM_SPEED_FAIL,False,False,0.5277540055509761,17.074153402005628,3000017.074153402,0.0021857580541880623,0.04494645997391042,0.3333333333333333,0.45290225498746245,0.2478924778070168,0.03312915050877951,5,0.005003602621841341,0.016274980892454455,0.0,1.935692046915464,1.8682473245854974,0.04494645997391042,1.9842710655848008,0.3333333333333333,17.074153402005628,128
Stage2.1,6,s21g006_206f39f4dd7c5c1a,191,random_tail_0034,random_tail,2.902932148207544,3.699260779280414,0.04812298892886522,0.10490104192869668,"[2.444495966603685,1.2113150664258403,0.46663136473777916,1.2027352314924706,1.869285466966652,0.10409365885147301,-0.5485360624742708,2.3703226862140347,-0.19177828535854752,-1.1182113946870844,-0.861080288349829,0.06752267012369356,-0.26426394990023533,-0.2688302041176228,-0.04657211480848738]",s21g006_206f39f4dd7c5c1a,,,,,True,,11,-0.025215563000000052,0.0314729558,820.7116000000024,0.04032829731337197,0.0314729558,1.3442765771123992,0.5817437020072838,0.7819224920614775,0.02345767476184432,1,0.6279553352205836,0.0,-0.3441013445671774,0,0,0,0,1,1,True,False,True,False,10000.0,True,1.0,1.0,0.0,0.02652800590687613,0.031815566242271026,0.041424212155593144,0.08754967878918832,0.6494793810174859,0.10934823457887216,0.11059612031160966,0.41475,763.060436964035,1,True,False,0.0,2,0,1,True,True,1.0,10,10,1,True,True,1.0,10,10,3,POSITION_40MM_SPEED_FAIL,False,False,0.5355491843101284,17.310044848280388,3000017.3100448484,0.004071448684817524,0.011227776565810676,1.0,0.46432148746698687,0.23270936202257317,0.09027555087889362,5,0.0066041933749320285,0.016735172135390042,0.0024106653208373833,1.9066281696795453,1.8070795157730284,0.011227776565810676,1.9896448084070086,1.0,17.310044848280388,129
Stage2.1,6,s21g006_0372b9f31d2e5ca4,56,damped_parent_08,damped_tail,2.9496974788908905,4.049656029563607,0.06567748830155658,0.12082949934239366,"[2.4161111906026607,1.2677358278503235,0.47748792824883257,1.2554371339484411,1.8859412328344267,0.1021193212233694,-0.21766490330146576,2.3063820753817383,-0.2886627211392484,-0.6210661996099174,-1.7384938544393267,0.23417731425784746,-0.678658209094591,-0.010016351165682471,-0.13964045081695742]",s21g006_0372b9f31d2e5ca4,,,,,True,,11,-0.028803778999999974,0.0296326104,762.3595000000023,0.04132492327638404,0.0296326104,1.3774974425461348,0.5817437020072838,0.7819442667128196,0.02345832800138459,1,0.6279975954346528,0.0,-0.34413877454066394,0,0,0,0,1,1,True,True,True,True,10000.0,True,1.0,1.0,0.5,0.02813519663074772,0.03084201493159071,0.041747085820345614,0.08467500747871484,0.6493026053575737,0.11862839996121366,0.12094316410905527,0.41395000000000004,805.5670790672302,1,True,True,0.5,2,2,1,True,True,1.0,10,10,1,True,True,1.0,10,10,3,POSITION_40MM_SPEED_FAIL,False,False,0.5240712947810514,17.517144125945276,3000017.517144126,0.002165057502628039,0.04386161228988203,0.3333333333333333,0.4745833022281446,0.2758526216509612,0.09211620770873691,5,0.004981934444680433,0.016249442212890004,0.0,1.93646574943478,1.8974992042211418,0.04386161228988203,2.1797105836230286,0.3333333333333333,17.517144125945276,130
Stage2.1,6,s21g006_35e756fe41ba1525,82,precise_parent_08,precise_tail,2.8346334192308356,4.377926763942037,0.07849895131542442,0.1429158093851844,"[2.4019582265199886,1.4247951998391455,0.5574598636771964,1.2261428776993233,1.9011641890560018,0.1052191971647709,0.2823951881085779,1.7864033501188779,-0.30953517193531194,-1.6491193788051677,-1.013756532984835,0.1334067762112579,-0.7321732639139943,-0.6901451807883565,0.07903836235618482]",s21g006_35e756fe41ba1525,,,,,True,,11,-0.02683063699999999,0.0299099834,711.2926000000007,0.040180719117681854,0.0299099834,1.3393573039227284,0.5817437020072838,0.7819809309743163,0.02345942792922949,1,0.6280655637874019,0.0,-0.344201799308049,0,0,0,0,1,1,True,True,True,True,10000.0,True,1.0,1.0,0.5,0.027182977826636083,0.03073859725218453,0.04103383536248343,0.02485411294083403,0.6490519762802609,0.11248641802973866,0.12538349887341527,0.4125,783.8088812828064,1,True,True,0.5,2,2,1,True,True,1.0,10,10,1,True,True,1.0,10,10,3,POSITION_40MM_SPEED_FAIL,False,False,0.5372488051206402,17.642469203249053,3000017.642469203,0.001841272728569302,0.0644322015056674,0.3333333333333333,0.4942388688829172,0.24218428783933169,0.03456363296776195,5,0.004845486889496946,0.01686234353320752,0.0,1.8708618272837725,1.7938779875711601,0.0644322015056674,1.633874871981546,0.3333333333333333,17.642469203249053,131
Stage2.1,6,s21g006_55aa77ed89cd1ee0,85,precise_parent_04,precise_tail,2.8494085369784,4.374545836171067,0.07919183919986104,0.14172780739787988,"[2.383052864123206,1.420336797292354,0.5631696909978438,1.3139172480512793,1.9436937756718382,0.05366450406484852,0.20032849519880747,1.65424433988025,-0.3082714022026846,-1.413018778978125,-0.8181867362608681,0.03881782736161421,-0.4201770326957051,-0.8187625772996042,0.22959574013049522]",s21g006_55aa77ed89cd1ee0,,,,,True,,11,-0.027279492000000016,0.0295572512,675.9843000000001,0.04022190674592598,0.0295572512,1.3407302248641995,0.5817437020072838,0.7819789134409978,0.02345936740322993,1,0.6280590638467444,0.0,-0.3441983312287014,0,0,0,0,1,1,True,True,True,True,10000.0,True,1.0,1.0,0.5,0.027491797570024706,0.03069177617305566,0.041204175253099815,0.017832801284922407,0.6490471207880583,0.11187978558698011,0.12561323366211322,0.41240000000000004,774.3853714466095,1,True,True,0.5,2,2,1,True,True,1.0,10,10,1,True,True,1.0,10,10,3,POSITION_40MM_SPEED_FAIL,False,False,0.5367744576076354,17.74702122298737,3000017.747021223,0.0019816929688000143,0.06560377386300092,0.3333333333333333,0.4700907327401812,0.21984880927214562,0.04535906642595302,5,0.005006235889798498,0.017104407573792436,0.0,1.8864267314312928,1.7975575358644071,0.06560377386300092,1.6096693272720182,0.3333333333333333,17.74702122298737,132
Stage2.1,6,s21g006_694f75fc635dd51f,124,bridge_p10_d03,bridge,2.796800410895931,4.077090281687165,0.06195170445040131,0.1327785543295759,"[2.3296388585457444,1.4051807979031152,0.553009666449809,1.2704539827731247,1.9529753316886147,0.07722122486995162,-0.07392829125275482,2.16256567668533,-0.29983579540845273,-0.827139407773364,-1.1626998722865547,0.0936189871101245,-0.5205915707742841,-0.18362095749387872,0.07428055373539434]",s21g006_694f75fc635dd51f,,,,,True,,11,-0.02630369399999999,0.0296250449,764.9854000000014,0.03961726395616754,0.0296250449,1.3205754652055846,0.5817437020072838,0.7819926737958078,0.023459780213874234,1,0.6280965822689955,0.0,-0.3442219848664848,0,0,0,0,1,1,True,True,True,True,10000.0,True,1.0,1.0,0.25,0.02662313085007775,0.030990311073267135,0.040855727587184455,0.048761571283087224,0.6488633942738335,0.11427653517823062,0.12120538673734244,0.41229999999999994,782.512713432312,1,True,True,0.25,2,1,1,True,True,1.0,10,10,1,True,True,1.0,10,10,3,POSITION_40MM_SPEED_FAIL,False,False,0.5437379759213925,17.81764238027745,3000017.8176423805,0.0026950445401217214,0.0449668426680258,0.6666666666666666,0.457098481781249,0.23184974332650454,0.07580455159766705,5,0.005849029021685302,0.01846496694793963,0.0,1.8546560851980278,1.7439195593029462,0.0449668426680258,1.706843660814434,0.6666666666666666,17.81764238027745,133
Stage2.1,6,s21g006_bfae8ec9c4db6d43,122,bridge_p14_d12,bridge,2.7709649880850793,4.064649708325229,0.05623541181276867,0.1349073737095676,"[2.334312625503877,1.3854542546990045,0.5702412686940916,1.2744069827102118,1.922423485779466,0.0847941183284582,-0.08311726010259189,2.2749412361047203,-0.27276538043018705,-1.044162933995003,-1.0521810203405222,0.08003275978982335,-0.3179647248689407,-0.2927903926686639,0.08435059135880216]",s21g006_bfae8ec9c4db6d43,,,,,True,,11,-0.02569101500000004,0.0295284494,743.3905000000013,0.03914022963267573,0.0295284494,1.3046743210891911,0.5817437020072838,0.7819576309751186,0.02345872892925356,1,0.6280015473068684,0.0,-0.3441617473072842,0,0,0,0,1,1,True,True,True,True,10000.0,True,1.0,1.0,0.5,0.026384783817208466,0.030791789267774976,0.040549859474379044,0.05011684465109187,0.6488461226267662,0.11905671597819786,0.12640082683028728,0.41235,772.6612010002136,1,True,True,0.5,2,2,1,True,True,1.0,10,10,1,True,True,1.0,10,10,3,POSITION_40MM_SPEED_FAIL,False,False,0.5492318597552724,18.504083055125843,3000018.504083055,0.002187622301307615,0.06970036573228157,0.3333333333333333,0.46204135157578263,0.23221086015972459,0.08608987818334772,5,0.0051566667288068125,0.017032844438803606,0.0,1.8269901148798755,1.7021750841095418,0.06970036573228157,1.8488867141161944,0.3333333333333333,18.504083055125843,134
Stage2.1,6,s21g006_094920d882fa9e35,54,damped_parent_12,damped_tail,2.923671515664961,3.8643913001954964,0.048297558377231556,0.1149633312407758,"[2.4443838880755844,1.2229221093526805,0.46152947944831174,1.2144035126707278,1.8421846313662285,0.10788110310239774,-0.14258879636701005,2.0935093051677987,-0.31688334027658244,-0.8023513517776029,-1.4941908202918615,0.11025247164909315,-0.36985010167644256,-0.31111651159621123,0.14908242354775547]",s21g006_094920d882fa9e35,,,,,True,,11,-0.028937309000000022,0.0292823577,665.3811000000023,0.04116824412860271,0.0292823577,1.3722748042867572,0.5817437020072838,0.7819348847936869,0.023458046543810607,1,0.6279918758252028,0.0,-0.34412264730267184,0,0,0,0,1,1,True,True,True,True,10000.0,True,1.0,1.0,0.5,0.02839050993490995,0.030562754851149936,0.041714542289898245,0.07580294845888395,0.6494359584196903,0.12121931599337031,0.12483724271969555,0.41475,805.5355832576752,1,True,True,0.5,2,2,1,True,True,1.0,10,10,1,True,True,1.0,10,10,3,POSITION_40MM_SPEED_FAIL,False,False,0.5258757289584522,18.622623964511845,3000018.6226239647,0.0017541550468846805,0.06168886259170691,0.3333333333333333,0.46821049962665473,0.25441328433908283,0.059250501949747084,5,0.004443221295214151,0.015199486288532031,0.0,1.933447820506344,1.8831381384802577,0.06168886259170691,2.133042416491639,0.3333333333333333,18.622623964511845,135
Stage2.1,6,s21g006_ab2e09361a355db4,74,precise_parent_02,precise_tail,2.8042909856758405,4.339763082599367,0.07306774275701369,0.14404116777010165,"[2.3214149578422485,1.4678263509667218,0.5862987802044768,1.3588376876924424,1.9526653545920956,0.07700447296174366,0.10338497803414176,1.8913223218106516,-0.16168793755013572,-1.1450715661594435,-1.2884750857330252,0.15748050521950413,-0.7060948196590098,-0.412382235500221,0.2041410617209342]",s21g006_ab2e09361a355db4,,,,,True,,11,-0.02698621400000001,0.0293724413,591.2932000000001,0.03988729188570894,0.0293724413,1.329576396190298,0.5817437020072838,0.7820031264723842,0.023460093794171525,1,0.6281130020278033,0.0,-0.3442399527044525,0,0,0,0,1,1,True,True,True,True,10000.0,True,1.0,1.0,0.5,0.027013707969414037,0.030620640163330055,0.040833368980148145,0.030432145905355475,0.6487046498665642,0.11695788048118946,0.12840177556817292,0.4117,808.4683411121368,1,True,True,0.5,2,2,1,True,True,1.0,10,10,1,True,True,1.0,10,10,3,POSITION_40MM_SPEED_FAIL,False,False,0.54062813244945,19.239408481332713,3000019.2394084814,0.001982808908414435,0.08066608554248639,0.3333333333333333,0.4795973452178026,0.24444480313034683,0.04751649527392129,5,0.00506186176350083,0.01737807318384641,0.0,1.8526266914099168,1.7677733933063804,0.08066608554248639,1.741313147346429,0.3333333333333333,19.239408481332713,136
Stage2.1,6,s21g006_d002524bc084fd36,117,bridge_p03_d13,bridge,2.7650751016774553,3.988319296512148,0.06298392802466947,0.12916298965053102,"[2.3290420665790936,1.3798204853604827,0.5752751930772763,1.250563710480671,1.9099585819236302,0.08523354218369968,-0.11449546235086722,1.9689113230305737,-0.23344310544491195,-0.7552669576572482,-1.0504330712019037,0.06777090176931758,-0.443667260326732,-0.18099289278366626,-0.023159604499212318]",s21g006_d002524bc084fd36,,,,,True,,11,-0.02633085199999996,0.0291829698,800.7715000000026,0.03930597274452846,0.0291829698,1.310199091484282,0.5817437020072838,0.7819582177320797,0.023458746531962393,1,0.6280058160591068,0.0,-0.3441627559249265,0,0,0,0,1,1,True,True,True,True,10000.0,True,1.0,1.0,0.5,0.02670374129593226,0.030711035659841134,0.04069714376341553,0.06408238754909718,0.6488036633046956,0.12203026667182847,0.1272203055836007,0.41229999999999994,782.9717695713043,1,True,True,0.5,2,2,1,True,True,1.0,10,10,1,True,True,1.0,10,10,3,POSITION_40MM_SPEED_FAIL,False,False,0.5473230381926658,19.359673837092906,3000019.359673837,0.002276877577768006,0.07409450360646029,0.3333333333333333,0.45186734892900016,0.22486104470431353,0.03642891034517373,5,0.005264260035903297,0.01721378986844446,0.0,1.8402861227779024,1.716621659326238,0.07409450360646029,2.0291558546777426,0.3333333333333333,19.359673837092906,137
Stage2.1,6,s21g006_f51c5096110131c6,134,bridge_p07_d25,bridge,2.8432834553794377,4.112436302390149,0.05799553651444143,0.13309516364470977,"[2.415683345523593,1.2134774513649513,0.47907036778035206,1.2241688281395788,1.9001583565799005,0.0827316993811911,-0.007991862031401772,2.295861099564064,-0.36263227885083105,-0.9863092769632621,-1.134719373126202,0.17321796707585202,-0.3858497916312646,-0.16339453801327475,0.08203520784000659]",s21g006_f51c5096110131c6,,,,,True,,11,-0.02765092899999999,0.0289988189,739.4917000000023,0.040068758056097,0.0289988189,1.3356252685365664,0.5817437020072838,0.7819410457617871,0.023458231372853616,1,0.6280101555085302,0.0,-0.3441332378223096,0,0,0,0,1,1,True,True,True,True,10000.0,True,1.0,1.0,0.5,0.027796160874741068,0.030450783756513927,0.04122956209760732,0.05144954063393099,0.6494839182036753,0.12104231522084095,0.12826785308176397,0.4144,795.7434575557709,1,True,True,0.5,2,2,1,True,True,1.0,10,10,1,True,True,1.0,10,10,3,POSITION_40MM_SPEED_FAIL,False,False,0.5385382323923775,19.437521940682856,3000019.4375219406,0.0017747619074514952,0.07990715178521922,0.3333333333333333,0.45972009312317674,0.23846762500767169,0.09897419525324647,5,0.004557847596969218,0.015690190355040108,0.0,1.888751989733843,1.7838948579533753,0.07990715178521922,1.90996973656475,0.3333333333333333,19.437521940682856,138
Stage2.1,6,s21g006_974d257134a8435c,68,precise_parent_09,precise_tail,2.756954605113893,4.187442213642822,0.06601567773833433,0.1402171485603188,"[2.280861630009197,1.4089895092785882,0.6286543703428499,1.2341059028702088,1.9662272152950757,0.06867791770921908,0.02421400303809626,2.4097710876119725,-0.39460393186541065,-0.9495253016908063,-0.9539052638645702,0.25944868581693686,-0.547815416921702,-0.9002471498124749,0.0735913519863968]",s21g006_974d257134a8435c,,,,,True,,11,-0.025470886999999998,0.0294877266,609.9885000000031,0.038965267926746205,0.0294877266,1.2988422642248734,0.5817437020072838,0.7819561501360308,0.023458684504080927,1,0.6279938675948145,0.0,-0.3441592017892448,0,0,0,0,1,1,True,True,True,True,10000.0,True,1.0,1.0,0.5,0.026108056785455996,0.0308809268326345,0.04043837621808176,0.05342784311587394,0.648510863736582,0.12147243254668537,0.12861904153518358,0.41159999999999997,809.4783291816711,1,True,True,0.5,2,2,1,True,True,1.0,10,10,1,True,True,1.0,10,10,3,POSITION_40MM_SPEED_FAIL,False,False,0.551246849537807,19.875819425768704,3000019.8758194256,0.002541900413532539,0.08190495383925626,0.3333333333333333,0.47253644371212983,0.22120408005760428,0.1267119633771077,5,0.005665968954479588,0.018162243118267786,0.0,1.8169580790612447,1.686991227336796,0.08190495383925626,1.9397392265443716,0.3333333333333333,19.875819425768704,139
Stage2.1,6,s21g006_72922f3564f05d2c,72,precise_parent_08,precise_tail,2.7989530683403836,4.261744949578159,0.07471862291880085,0.13963641468288596,"[2.3285222771405922,1.3972250476473718,0.5688290741774148,1.2168092871381366,1.924599589813489,0.10247793459944762,0.22282200536971172,1.9420780955784305,-0.2758687678848136,-1.5688971389078898,-1.1155527573065884,0.14523540008993427,-0.9597969545389973,-0.14275607373255444,0.04885106850215487]",s21g006_72922f3564f05d2c,,,,,True,,11,-0.025991423999999985,0.0301218331,771.0036,0.039785411281674975,0.0301218331,1.3261803760558326,0.5817437020072838,0.7819762954403318,0.023459288863209953,1,0.6280522871651467,0.0,-0.344193830963968,0,0,0,0,1,1,True,False,True,False,10000.0,True,1.0,1.0,0.25,0.026632666740524162,0.030879244151707407,0.040777771605282426,0.04584005910622772,0.648745894959446,0.11591474772195498,0.12457048451549022,0.41225,810.5450055599213,1,True,False,0.25,2,0,1,True,True,1.0,10,10,1,True,True,1.0,10,10,3,POSITION_40MM_SPEED_FAIL,False,False,0.5418014656372824,20.287525145175923,3000020.2875251453,0.00198724111714185,0.06037087093259436,1.0,0.49439022260130155,0.2474382442623948,0.03574782155721219,5,0.0050222356846737004,0.017162213954801105,1.649256028401101e-05,1.847585174547309,1.7587543898355897,0.06037087093259436,1.7619116631286433,1.0,20.287525145175923,140
Stage2.1,6,s21g006_daa6cd31b0bc202d,116,bridge_p13_d22,bridge,2.7849610844565102,3.965601755005282,0.06037786438529378,0.1272821603777794,"[2.353667445676952,1.3505995561158437,0.5658139371717735,1.1860810938362878,1.9040967582776984,0.05007434535579872,-0.04429420044742868,2.0162213893474594,-0.26031891451710615,-0.7493879867891391,-1.1855269934340267,0.1744633858791873,-0.2914994006970842,-0.07476601038770582,-0.005129814994889362]",s21g006_daa6cd31b0bc202d,,,,,True,,11,-0.026810632,0.0290376333,747.2788,0.03952207150320809,0.0290376333,1.3174023834402697,0.5817437020072838,0.7819452967698036,0.023458358903094105,1,0.6279794027963042,0.0,-0.3441405451777684,0,0,0,0,1,1,True,True,True,True,10000.0,True,1.0,1.0,0.5,0.0269460624906313,0.030642725969409968,0.040805231755074736,0.07052543415276241,0.6488767150250174,0.12436090691262108,0.1288533484514176,0.4127,810.27365899086,1,True,True,0.5,2,2,1,True,True,1.0,10,10,1,True,True,1.0,10,10,3,POSITION_40MM_SPEED_FAIL,False,False,0.5448342833623188,20.442631260065173,3000020.44263126,0.0022306557115796062,0.08325157168589227,0.3333333333333333,0.4517988779584053,0.2359179530826806,0.042145161930704736,5,0.005223987204524491,0.017197313176304033,0.0,1.850074376205955,1.7355490398941034,0.08325157168589227,2.1577022269578072,0.3333333333333333,20.442631260065173,141
Stage2.1,6,s21g006_fe6249afc7a1a3d8,63,damped_parent_17,damped_tail,2.852551558673247,3.8393389953855124,0.05304294908280662,0.1169031835490195,"[2.3817936235284654,1.2004708064934273,0.4887719883841625,1.1365229285868181,1.8154728221227123,0.11012240796031007,-0.14104192262560833,2.2043605600209304,-0.22630788968711413,-0.6054418000853985,-1.3095914740058532,0.08079312603046529,-0.33259138686013934,-0.26457010771934447,0.000903813106916361]",s21g006_fe6249afc7a1a3d8,,,,,True,,11,-0.027864149999999976,0.0289539416,731.5447000000022,0.04018384736929392,0.0289539416,1.339461578976464,0.5817437020072838,0.7819426507880566,0.023458279523641698,1,0.628014233475898,0.0,-0.3441359968143948,0,0,0,0,1,1,True,True,True,True,10000.0,True,1.0,1.0,0.5,0.027731233381585178,0.03058669873541409,0.041286407501681784,0.08058340013117679,0.6494757437302959,0.1255372005494735,0.12876686722365932,0.4142,771.6531319618225,1,True,True,0.5,2,2,1,True,True,1.0,10,10,1,True,True,1.0,10,10,3,POSITION_40MM_SPEED_FAIL,False,False,0.5372127778368296,20.796568372405147,3000020.7965683723,0.0021273288548593772,0.08275326498636443,0.3333333333333333,0.4568400308902343,0.24358234058003198,0.06171193117469733,5,0.004993683735318435,0.016459103257154672,0.0,1.893963827105473,1.7941573215541216,0.08275326498636443,2.3074590471296847,0.3333333333333333,20.796568372405147,142
Stage2.1,6,s21g006_11187e690d423765,66,precise_parent_04,precise_tail,2.7618612256493873,4.023972627168306,0.06776937127544143,0.13016955408008418,"[2.321449323486927,1.3289941675124348,0.557345138848668,1.2514921845678624,1.9279249428517415,0.11826603834482503,0.13807096282385428,1.877026450936353,-0.341426882623687,-1.3276637831486033,-0.8412090523887379,0.0017474654198177952,-0.5951312722244118,-0.6638455508811895,0.3067814694663976]",s21g006_11187e690d423765,,,,,True,,11,-0.026429754000000028,0.0291636021,679.008600000001,0.039357941815441035,0.0291636021,1.3119313938480346,0.5817437020072838,0.781945115356169,0.023458353460685068,1,0.6279817336836502,0.0,-0.3441402333331639,0,0,0,0,1,1,True,True,True,True,10000.0,True,1.0,1.0,0.5,0.026990666458429388,0.030413333061596184,0.04066284426581304,0.03991181872390251,0.6488521922750227,0.12275058977979997,0.13270633529409023,0.4127,818.3206717967987,1,True,True,0.5,2,2,1,True,True,1.0,10,10,1,True,True,1.0,10,10,3,POSITION_40MM_SPEED_FAIL,False,False,0.5467245235271834,21.481742080173795,3000021.4817420803,0.0016292332553178857,0.10697043683694514,0.3333333333333333,0.47615475459352274,0.22161573548484548,0.03385184377718947,5,0.004471928226564786,0.01584270811155239,0.0,1.8371854486508497,1.7211639821640468,0.10697043683694514,1.920392470103715,0.3333333333333333,21.481742080173795,143
Stage2.1,6,s21g006_c0e74139ca4c84bd,52,damped_parent_21,damped_tail,2.9615507935148595,4.092696352838754,0.05762464444865885,0.1249568892827684,"[2.4283782450067735,1.1471744401615758,0.49701265480117934,1.1689271042611644,1.8817529227674434,0.054361456134726996,-0.07301130300547101,2.332891701494534,-0.3511410467675406,-0.6813912842366472,-1.510368017906005,0.15804076761913488,-0.17487377395620463,-0.12778964930738318,0.02987068445237477]",s21g006_c0e74139ca4c84bd,,,,,True,,11,-0.029109940999999973,0.0292107131,719.9437000000034,0.04123899155937244,0.0292107131,1.3746330519790813,0.5817437020072838,0.7820030878181607,0.02346009263454482,1,0.6282160603450102,0.0,-0.34423988625900004,0,0,0,0,1,1,True,True,True,True,10000.0,True,1.0,1.0,0.5,0.028515003321706957,0.03071456828301911,0.041910501300380584,0.09377505326417729,0.6501771163946094,0.12662604574132819,0.1285367180874442,0.41485,815.5100061893463,1,True,True,0.5,2,2,1,True,True,1.0,10,10,1,True,True,1.0,10,10,3,POSITION_40MM_SPEED_FAIL,False,False,0.5250609486647633,21.502695437621608,3000021.5026954375,0.002234265532510694,0.08143442792022651,0.3333333333333333,0.4577116224672097,0.2592555622007659,0.10361254076460488,5,0.0051481531393705576,0.016803703566810015,0.0,1.9516556880546694,1.8896160275933236,0.08143442792022651,2.5315448511390395,0.3333333333333333,21.502695437621608,144
Stage2.1,6,s21g006_9208fd8cf2611588,186,random_tail_0107,random_tail,2.8256075861091947,4.2928233955409425,0.08633920023665269,0.13622999765775526,"[2.280742594818461,1.4401596414734288,0.56883040742634,1.310967163569134,1.9376755168515114,0.10418787028637175,-0.08106181384229216,1.7203405342680127,-0.15974763115460625,-0.515349460190103,-1.1232492259070435,0.05790050112577447,-0.7293266352746212,-0.19438742343029636,0.1457896024216479]",s21g006_9208fd8cf2611588,,,,,True,,11,-0.027381776999999996,0.029109251,690.4255000000012,0.03996386124311225,0.029109251,1.3321287081037418,0.5817437020072838,0.7820036069832824,0.02346010820949847,1,0.6281126952398369,0.0,-0.3442407786882947,0,0,0,0,1,1,True,True,True,True,10000.0,True,1.0,1.0,0.5,0.027203889464098786,0.03082427173368209,0.04111188793873103,0.08655226901329804,0.6487593618507569,0.1270574478950463,0.12972191251104273,0.41174999999999995,812.6705017089844,1,True,True,0.5,2,2,1,True,True,1.0,10,10,1,True,True,1.0,10,10,3,POSITION_40MM_SPEED_FAIL,False,False,0.5397463024969856,21.84715377320267,3000021.847153773,0.002726149923806814,0.0883392083314078,0.3333333333333333,0.4457292855136903,0.21830994798876857,0.03563157541743164,5,0.005905835836967454,0.01862457948961001,0.0,1.87798592209642,1.7745668949541442,0.0883392083314078,2.4319069856872937,0.3333333333333333,21.84715377320267,145
Stage2.1,6,s21g006_8e44fcc0ac2891e0,67,precise_parent_15,precise_tail,2.7842042003664167,4.102499837218521,0.07116840719595355,0.13249224421154665,"[2.33440035210593,1.3047070750693468,0.5840999954585174,1.166160341535336,1.8983750311149243,0.0426409486938829,0.27240692083478457,2.3457559543444244,-0.3763532843783637,-1.5300545866799256,-0.9632627656691947,0.1913479305575973,-0.15698069727527514,-0.4111359797169488,-0.6770450638549168]",s21g006_8e44fcc0ac2891e0,,,,,True,,11,-0.025843956,0.0295123102,1073.7015000000029,0.03922864406362983,0.0295123102,1.307621468787661,0.5817437020072838,0.781947232452545,0.02345841697357635,1,0.6279978944069418,0.0,-0.34414387255842543,0,0,0,0,1,1,True,True,True,True,10000.0,True,1.0,1.0,0.5,0.026678296123649036,0.030630228235916587,0.04061948258958316,0.05515207330662989,0.6491271237005135,0.12517015603021497,0.1325545821595116,0.41275,801.437682390213,1,True,True,0.5,2,2,1,True,True,1.0,10,10,1,True,True,1.0,10,10,3,POSITION_40MM_SPEED_FAIL,False,False,0.5482136130820668,21.892769261700934,3000021.8927692617,0.0018620990964787671,0.10598008195803904,0.3333333333333333,0.47957541306624124,0.25204138760894057,0.10632962616385008,5,0.004827588868489901,0.016689547956534437,0.0,1.8332692953838325,1.7098739056344001,0.10598008195803904,2.0612468441502587,0.3333333333333333,21.892769261700934,146
Stage2.1,6,s21g006_bbb1c5ffb3f0672e,49,damped_parent_20,damped_tail,2.8375366775472957,4.105661567381981,0.0611025513231263,0.13228475274648135,"[2.4192339293058955,1.1784197031314823,0.4787069573391037,1.195432954840277,1.9079720247189982,0.08142596150078896,-0.03719914490050283,2.22965547018419,-0.29969260508811535,-0.8161460909700861,-1.1813394374475081,0.07152516112200777,-0.3213935712774852,-0.08104982025712168,0.009337364077527666]",s21g006_bbb1c5ffb3f0672e,,,,,True,,11,-0.027842778000000012,0.0287788558,813.6661000000022,0.04004301222328908,0.0287788558,1.334767074109636,0.5817437020072838,0.7819430845468529,0.023458292536405585,1,0.6280238418773992,0.0,-0.3441367424327742,0,0,0,0,1,1,True,True,True,True,10000.0,True,1.0,1.0,0.5,0.027884343100213725,0.030415196505680725,0.04126282550443692,0.07096726547756835,0.6498000783006387,0.1275106056475645,0.13220205162181503,0.41465,813.4735324382782,1,True,True,0.5,2,2,1,True,True,1.0,10,10,1,True,True,1.0,10,10,3,POSITION_40MM_SPEED_FAIL,False,False,0.5388347406469992,22.24184164351839,3000022.2418416436,0.001867387809151204,0.10369721286540394,0.3333333333333333,0.4544857044546383,0.23945520218164068,0.07834701969905382,5,0.004698515855402964,0.016023028040410007,0.0,1.8918008540106779,1.7816031421271983,0.10369721286540394,2.2513735222380706,0.3333333333333333,22.24184164351839,147
Stage2.1,6,s21g006_9a772268c1f99b1f,163,random_tail_0128,random_tail,3.0106317525246884,4.058037678773711,0.06367707356664394,0.1180279619294063,"[2.427879363224098,1.2195781119692812,0.4726127885175502,1.18095726584828,1.9208541540218556,0.09879206009555379,-0.10904027401990274,1.7158181908483505,-0.12909043362002318,-0.6579291245363512,-1.490976236873459,0.17241520752027986,-0.20149621393340056,-0.45304720393245074,-0.07824197058282262]",s21g006_9a772268c1f99b1f,,,,,True,,11,-0.029776118000000018,0.0296994073,641.6406999999999,0.042055582234956854,0.029776118000000018,1.4018527411652284,0.5817437020072838,0.7819340316746085,0.023458020950238252,1,0.6279866223143531,0.0,-0.34412118081652776,0,0,0,0,1,1,True,True,True,True,10000.0,True,1.0,1.0,0.25,0.02881249205306344,0.030948847763003884,0.04228464113795261,0.10762845639670324,0.6494445385190749,0.12464839733465122,0.12544532509185538,0.41435,778.2171516418457,1,True,True,0.25,2,1,1,True,True,1.0,10,10,1,True,True,1.0,10,10,3,POSITION_40MM_SPEED_FAIL,False,False,0.5156564800750575,22.55944628003219,3000022.55944628,0.0023775087386303175,0.0705657916026607,0.6666666666666666,0.4571112368464517,0.24596152327126675,0.020625878449996735,5,0.005225477640193226,0.01661735324644486,0.0,1.9866565290727052,1.965191107912465,0.0705657916026607,2.7320414213738324,0.6666666666666666,22.55944628003219,148
Stage2.1,6,s21g006_c15d0f886e19c0b4,83,precise_parent_05,precise_tail,2.7897136724586353,4.5292562812618815,0.07914410231201759,0.15293588381189316,"[2.3565037696892066,1.4131920534283997,0.5994992157554774,1.3226992490542353,1.9855920188274196,0.06954394145614645,0.17527489352074965,2.1759195216390292,-0.3495942430657881,-1.1939767810937718,-1.2327210854203874,0.19110938615518927,-0.023713693289376503,-0.9161170158225915,0.21296983663237135]",s21g006_c15d0f886e19c0b4,,,,,True,,11,-0.027169701000000046,0.0289710629,525.9355000000032,0.03971794478551427,0.0289710629,1.3239314928504757,0.5817437020072838,0.7819585900854076,0.023458757702562227,1,0.6280058828460845,0.0,-0.34416339598914475,0,0,0,0,1,1,True,True,True,True,10000.0,True,1.0,1.0,0.5,0.027111608550851322,0.03038314455243523,0.04072069241931882,0.051023979137269845,0.6487783482712426,0.1257095903282888,0.13395751709836448,0.41215,811.2405729293823,1,True,True,0.5,2,2,1,True,True,1.0,10,10,1,True,True,1.0,10,10,3,POSITION_40MM_SPEED_FAIL,False,False,0.5425784602356432,22.62493060145983,3000022.6249306016,0.001716045366171574,0.11531129674857157,0.3333333333333333,0.4811613727545802,0.24488516811945915,0.08706329102635788,5,0.00465868786849282,0.016429257877777804,0.0,1.8424164345652991,1.752794597761289,0.11531129674857157,2.0548062834159158,0.3333333333333333,22.62493060145983,149
Stage2.1,6,s21g006_3c2ecd45ed23760a,136,bridge_p06_d00,bridge,2.748561415578341,3.9739537687578794,0.06450677742764208,0.12888593654176195,"[2.3040420686638616,1.3796778091714275,0.5874205948172513,1.2509651155488934,1.9130486455123799,0.09327997353209042,-0.05204489701889403,2.0077576651387217,-0.30991463628137234,-0.7360783525967621,-1.0890483739539438,0.10025502944046283,-0.4812674181676022,-0.3383039775495169,0.1824756986967671]",s21g006_3c2ecd45ed23760a,,,,,True,,11,-0.02658662199999995,0.0288362932,681.7490000000034,0.03922219110257926,0.0288362932,1.3074063700859753,0.5817437020072838,0.7819572609097261,0.02345871782729178,1,0.6280021902769094,0.0,-0.3441611111759582,0,0,0,0,1,1,True,True,True,True,10000.0,True,1.0,1.0,0.5,0.02679359800850385,0.030503360690969716,0.04059990034082224,0.07276406342516573,0.6487463296105958,0.12885100120879334,0.1335418572958225,0.41215,804.2581841945648,1,True,True,0.5,2,2,1,True,True,1.0,10,10,1,True,True,1.0,10,10,3,POSITION_40MM_SPEED_FAIL,False,False,0.5482879302048619,23.067303661494616,3000023.0673036617,0.002063761468955346,0.112505619085332,0.3333333333333333,0.45608046121553697,0.22376339782357274,0.0481816322099472,5,0.005035191094555746,0.016920909596957343,0.0,1.8315021196496644,1.7093114165413863,0.112505619085332,2.3128036576159356,0.3333333333333333,23.067303661494616,150
Stage2.1,6,s21g006_c45885d2dbddc49a,166,random_tail_0020,random_tail,2.9732981414654605,3.5972133961545185,0.036252967111914745,0.0942921432271854,"[2.428747976539083,1.2215415891086032,0.4645875009757324,1.1964592361487245,1.8666305932669591,0.10657587457691617,-0.6152157493751805,2.500989867536817,-0.17568306513448617,-1.3079101712372267,-0.9944640879659243,0.293556660745959,-0.48019973132237836,-0.07773251957485242,0.1969197778074454]",s21g006_c45885d2dbddc49a,,,,,True,,11,-0.024925441000000048,0.0325304055,595.1332000000002,0.04098176290789494,0.0325304055,1.366058763596498,0.5817437020072838,0.7819343697271467,0.0234580310918144,1,0.62798882840383,0.0,-0.34412176191871596,0,0,0,0,1,1,True,False,True,False,10000.0,True,1.0,1.0,0.0,0.026359541701684915,0.032333967062482934,0.0417170332684456,0.12130630902860005,0.6494405698826325,0.11142320467218214,0.1120172575535482,0.41450000000000004,812.7150003910065,1,True,False,0.0,2,0,1,True,True,1.0,10,10,1,True,True,1.0,10,10,3,POSITION_40MM_SPEED_FAIL,False,False,0.528023386083561,23.66893908430914,3000023.6689390843,0.006273319997478973,0.059837328353051486,1.0,0.47858996823546673,0.24674348570701501,0.11064630867227795,5,0.008481189839519235,0.01731266920768028,0.0071143911049224955,1.9336787385784415,1.8661165455987931,0.059837328353051486,2.726308659996016,1.0,23.66893908430914,151
Stage2.1,6,s21g006_99e65bfe2943acde,177,random_tail_0025,random_tail,2.810738362311817,4.039667653256073,0.06493229381707513,0.12898194230392887,"[2.4119936505252615,1.19215719874273,0.4821903709879738,1.1914783473224997,1.8620053742631222,0.1104711303261017,-0.1302183498088209,2.2147289197724236,-0.11973416518907948,-0.716966264030505,-1.1956193309687067,0.2969968834377795,-0.33108701425558995,0.29317548082287825,-0.07531500870188096]",s21g006_99e65bfe2943acde,,,,,True,,11,-0.027461724999999992,0.0285919872,693.8155000000006,0.03964401685022077,0.0285919872,1.3214672283406923,0.5817437020072838,0.7819362937655937,0.02345808881296781,1,0.6279991239836493,0.0,-0.34412506928317965,0,0,0,0,1,1,True,True,True,True,10000.0,True,1.0,1.0,0.5,0.02770128464707125,0.030330809270620436,0.04107699066519869,0.08071731458551899,0.6496678749090764,0.13118443128976356,0.1349214349457712,0.41445,790.6903669834137,1,True,True,0.5,2,2,1,True,True,1.0,10,10,1,True,True,1.0,10,10,3,POSITION_40MM_SPEED_FAIL,False,False,0.5434298695967308,24.131189500332813,3000024.1311895004,0.0017935530018166437,0.12195066186717285,0.3333333333333333,0.45449522403226267,0.24971889720380552,0.05063385253379648,5,0.004568449486525429,0.01566803542536057,0.0,1.8747990690098004,1.7462756355784315,0.12195066186717285,2.4719078481723598,0.3333333333333333,24.131189500332813,152
Stage2.1,6,s21g006_897be36a3adf75f8,173,random_tail_0030,random_tail,2.740396143471938,4.388818879010486,0.07566177821523984,0.14925755085366954,"[2.291144455362243,1.4316646364351948,0.606470244088142,1.3139836476872302,1.9005994267723414,0.038218312799421165,0.22097234899844995,2.1195568253585217,-0.191712133287919,-1.3131195087118404,-1.1913197002318285,-0.11750645002368479,-0.3856523554137004,-1.0550652524422173,-0.0258909291767416]",s21g006_897be36a3adf75f8,,,,,True,,11,-0.026556590999999963,0.028893563,793.5357000000004,0.039243986907247945,0.028893563,1.3081328969082648,0.5817437020072838,0.7819687197574233,0.0234590615927227,1,0.6280174286099752,0.0,-0.344180808591947,0,0,0,0,1,1,True,True,True,True,10000.0,True,1.0,1.0,0.5,0.026790493065062652,0.03027005998931178,0.040422853071322214,0.03145665940516994,0.648579870195464,0.12659303817528106,0.1392162848352857,0.41165,819.1339244842529,1,True,True,0.5,2,2,1,True,True,1.0,10,10,1,True,True,1.0,10,10,3,POSITION_40MM_SPEED_FAIL,False,False,0.5480369134267835,25.575779770856844,3000025.575779771,0.0015990253959373394,0.1537916996282259,0.3333333333333333,0.49452913254834524,0.24423959059043723,0.052160888704248086,5,0.004588497877303744,0.01654638780276936,0.0,1.8155633893618934,1.7112116759736091,0.1537916996282259,2.037069538427226,0.3333333333333333,25.575779770856844,153
Stage2.1,6,s21g006_8841fc57f9e24358,76,precise_parent_04,precise_tail,2.7426952814333925,4.347207836755552,0.08688760519457243,0.1435956715410688,"[2.3017313550778993,1.4005573145314825,0.600129088860593,1.2818185617366193,1.987312716814178,0.06665876411113744,0.23864374273470718,1.8997821390724983,-0.45789063640965433,-1.137135433699699,-0.9122858074514687,0.210506167335658,-0.7548769652964349,-0.4363410339252206,0.28965708215202046]",s21g006_8841fc57f9e24358,,,,,True,,11,-0.02666893800000003,0.0287429274,629.558100000002,0.03920954130781839,0.0287429274,1.306984710260613,0.5817437020072838,0.7819574083250735,0.023458722249752206,1,0.6279956915982119,0.0,-0.3441613645785253,0,0,0,0,1,1,True,True,True,True,10000.0,True,1.0,1.0,0.5,0.026959734368134522,0.030326851553284045,0.04057764412007307,0.05562132337965407,0.6486492119668312,0.13117612610882634,0.1390430756117134,0.41195,802.7909789085388,1,True,True,0.5,2,2,1,True,True,1.0,10,10,1,True,True,1.0,10,10,3,POSITION_40MM_SPEED_FAIL,False,False,0.5484336146965563,26.072173512525126,3000026.0721735125,0.0018155524835925094,0.15243617532219686,0.3333333333333333,0.46885556965294484,0.21864982130432356,0.05850490637884777,5,0.004844539672544735,0.016960488428353637,0.0,1.8294946692614455,1.7082090328550184,0.15243617532219686,2.2426708490068696,0.3333333333333333,26.072173512525126,154
Stage2.1,6,s21g006_621b7af3b90a6ae4,73,precise_parent_04,precise_tail,2.80629045433401,4.283995016696851,0.07494934505824369,0.14038931643550004,"[2.301896722338897,1.407071825575442,0.5812967317418515,1.2929113334464917,1.8884790175419692,0.04641582076265987,0.40158035588354585,1.7650683648148564,-0.21367808700691268,-1.611060378937713,-1.0609422533452968,0.2123805112496136,-0.3315661060760798,-0.7506854377101442,0.36192914308113766]",s21g006_621b7af3b90a6ae4,,,,,True,,11,-0.02762690000000001,0.0288519336,468.2192000000032,0.039945959446091785,0.0288519336,1.3315319815363929,0.5817437020072838,0.7819726133773885,0.023459178401321657,1,0.6280342378092708,0.0,-0.34418750160804973,0,0,0,0,1,1,True,True,True,True,10000.0,True,1.0,1.0,0.5,0.027612559103332632,0.03015739353581481,0.04088914043005848,0.023974429099194908,0.6486624584043773,0.1264411131897321,0.14110442554399827,0.41200000000000003,769.1341094970703,1,True,True,0.5,2,2,1,True,True,1.0,10,10,1,True,True,1.0,10,10,3,POSITION_40MM_SPEED_FAIL,False,False,0.5399524729723683,26.86978544754001,3000026.8697854476,0.0014284321883820939,0.16895737993020973,0.3333333333333333,0.4878086644531624,0.2486062094155533,0.03017539186640566,5,0.00437016765985885,0.016137109545765877,0.0,1.8576908945656034,1.772977417854233,0.16895737993020973,2.0485232158734075,0.3333333333333333,26.86978544754001,155
Stage2.1,6,s21g006_756fabda0b65c1c0,70,precise_parent_04,precise_tail,2.7289365214682895,4.240687903251455,0.08348638115012151,0.13965904787507152,"[2.2642155945755102,1.419520470265925,0.5619489161834483,1.2442814378314455,1.955300667130145,0.10678887244711988,0.2920295345163124,1.9953703388504045,-0.3441346404642175,-1.1310472997774244,-1.0640866417073664,0.062720403120054,-0.967204600561991,-1.118197975644965,0.2033279375699788]",s21g006_756fabda0b65c1c0,,,,,True,,11,-0.02649506700000004,0.028827217,637.0771000000022,0.03915350578555617,0.028827217,1.305116859518539,0.5817437020072838,0.7820038284307522,0.02346011485292257,1,0.6281173068645428,0.0,-0.34424115934986277,0,0,0,0,1,1,True,True,True,True,10000.0,True,1.0,1.0,0.5,0.026670516890829055,0.030364795974914843,0.040414567990047875,0.0453929967790671,0.6487863947337846,0.1312322492886164,0.14126278765034112,0.4118,794.3003735542297,1,True,True,0.5,2,2,1,True,True,1.0,10,10,1,True,True,1.0,10,10,3,POSITION_40MM_SPEED_FAIL,False,False,0.549078961655295,27.487811368928973,3000027.487811369,0.0019078768605395814,0.17026176446771424,0.3333333333333333,0.4965228588777605,0.22474775897406912,0.051196743457430485,5,0.005082949038929811,0.01778323775249073,0.0,1.814819228691336,1.7033300169995336,0.17026176446771424,2.201569933132976,0.3333333333333333,27.487811368928973,156
Stage2.1,6,s21g006_23a3137aba1277f2,75,precise_parent_09,precise_tail,2.7867404426520026,4.346651737100903,0.07521215308846814,0.14475023132288087,"[2.3071914881830615,1.350336933911457,0.585898877676192,1.30355736348896,1.8738443785452557,0.07344949476102657,0.17666312204612,2.404573763594282,-0.5556618476016466,-1.1248207192289916,-0.9732385243919038,0.32582675274051087,-0.0503637955495273,-0.5909855743681102,0.07760035226921458]",s21g006_23a3137aba1277f2,,,,,True,,11,-0.027109327999999988,0.0284427238,628.8825000000033,0.03929254638954658,0.0284427238,1.3097515463182192,0.5817437020072838,0.7819426314758647,0.02345827894427594,1,0.6279707891776014,0.0,-0.3441359636173154,0,0,0,0,1,1,True,True,True,True,10000.0,True,1.0,1.0,0.5,0.027310461981659054,0.030140900983644546,0.04067352020365964,0.06822380975812192,0.6487188227616345,0.13470792376115504,0.14076373936767816,0.41235,765.9313659667969,1,True,True,0.5,2,2,1,True,True,1.0,10,10,1,True,True,1.0,10,10,3,POSITION_40MM_SPEED_FAIL,False,False,0.5474776661323137,27.533491603067247,3000027.533491603,0.0015651196662232545,0.16616824472359945,0.3333333333333333,0.4619670408233749,0.2326608182421832,0.1455552508461224,5,0.004375145370719978,0.015615248188706871,0.0,1.8381502730638992,1.7154491130829665,0.16616824472359945,2.446891853868404,0.3333333333333333,27.533491603067247,157
Stage2.1,6,s21g006_e50d7e70864019c3,174,random_tail_0108,random_tail,2.763779577540788,4.825738450142293,0.09227167355167956,0.16473599913430412,"[2.407645073545717,1.2077458481268495,0.4830196402547319,1.2135771788588146,1.8818895031054614,0.09908807995563927,0.15003356373260185,2.486443183190864,-0.12024986323690603,-1.2169482385197317,-1.123419983399683,0.17888360725001268,-0.4149636976549705,0.06012861109108657,-0.09806513062655617]",s21g006_e50d7e70864019c3,,,,,True,,11,-0.026902026999999995,0.0284700535,776.234800000002,0.03916966942675915,0.0284700535,1.3056556475586385,0.5817437020072838,0.78192931948078,0.0234578795844234,1,0.6279716034654285,0.0,-0.3441130806964711,0,0,0,0,1,1,True,True,True,True,10000.0,True,1.0,1.0,0.5,0.02748153405778178,0.030052677287712222,0.040723434608691766,0.06343797761728978,0.6495821145164705,0.1363674752258411,0.14349862282537454,0.41435,736.1036355495453,1,True,True,0.5,2,2,1,True,True,1.0,10,10,1,True,True,1.0,10,10,3,POSITION_40MM_SPEED_FAIL,False,False,0.5488928090815102,29.298997860197844,3000029.2989978604,0.0013879758483378096,0.18921301877041943,0.3333333333333333,0.47117345578980474,0.253097182705697,0.0956671026469205,5,0.004124855942887863,0.015072376321088076,0.0,1.8426645848093273,1.7047366700017679,0.18921301877041943,2.461623175695086,0.3333333333333333,29.298997860197844,158
Stage2.1,6,s21g006_b7e9d9614d1200c1,69,precise_parent_06,precise_tail,2.6814673538560063,4.203526465518841,0.08609226256490489,0.139374613795327,"[2.3024688146550574,1.4006708842764037,0.6101220858163535,1.2325914722296274,1.9444210709864889,0.06627870084060133,0.12521421939058086,1.9017897710704885,-0.26414711315397577,-1.1521784606230625,-0.6028221695039456,0.16231267168770366,-0.8373196022726427,-1.1319971959571031,0.22267375209381185]",s21g006_b7e9d9614d1200c1,,,,,True,,11,-0.02524616199999996,0.0288965996,569.2087000000029,0.03837163228444891,0.0288965996,1.2790544094816305,0.5817437020072838,0.7819542742783953,0.023458628228351857,1,0.6279900905230361,0.0,-0.3441559772461529,0,0,0,0,1,1,True,True,True,True,10000.0,True,1.0,1.0,0.5,0.02618925175825805,0.030419586575438078,0.040140106565354244,0.07536092832476426,0.6487051885773465,0.1388766436142185,0.1444309950143482,0.4119,761.2346470355988,1,True,True,0.5,2,2,1,True,True,1.0,10,10,1,True,True,1.0,10,10,3,POSITION_40MM_SPEED_FAIL,False,False,0.5580836013139882,30.575999881074548,3000030.575999881,0.0019017025348310335,0.19741133179650341,0.3333333333333333,0.48428867493701466,0.20639847464337335,0.03298123457237006,5,0.004923807354089904,0.017012226631125386,0.0,1.7902535056422166,1.6359801824144025,0.19741133179650341,2.653958183880493,0.3333333333333333,30.575999881074548,159
Stage2.1,6,s21g006_634344e77a3b67cd,77,precise_parent_06,precise_tail,2.7562001825674365,4.360005550932606,0.09056350091817163,0.14232920663111231,"[2.283136867184115,1.3854332380042151,0.6197454932386004,1.350164862451371,1.9598061186633777,0.07844431292964825,0.24915581088379696,1.7525229376275744,-0.13722811174642308,-1.2546312863883058,-0.866739047569147,0.17722372704844563,-0.7610609865097032,-1.904448953855994,0.304671986762736]",s21g006_634344e77a3b67cd,,,,,True,,11,-0.027468798999999988,0.0283509056,350.9215000000004,0.03947541978044707,0.0283509056,1.3158473260149024,0.5817437020072838,0.781953229974792,0.023458596899243758,1,0.6279941290324946,0.0,-0.34415418211953674,0,0,0,0,1,1,True,True,True,True,10000.0,True,1.0,1.0,0.5,0.027450637306704367,0.02992332655634257,0.04060717868483042,0.048563966505656316,0.6485695125127666,0.1372499423478872,0.1473934891160492,0.4118,800.3668251037598,1,True,True,0.5,2,2,1,True,True,1.0,10,10,1,True,True,1.0,10,10,3,POSITION_40MM_SPEED_FAIL,False,False,0.5453715594719777,32.0328353816006,3000032.0328353816,0.0013144550086676744,0.2246142810593071,0.3333333333333333,0.517140709089263,0.22336986863107477,0.04156665631903599,5,0.004130228219327045,0.015393321061964525,0.0,1.8321588452686068,1.7314541853805687,0.2246142810593071,2.4083299476565414,0.3333333333333333,32.0328353816006,160
Stage2.1,6,s21g006_97ac73b085619ffb,115,bridge_p11_d21,bridge,2.7612250475572315,4.546910472544347,0.08437655838027536,0.15374836078393786,"[2.415683345523593,1.2134774513649513,0.47907036778035206,1.1676109296971688,1.8919474406562546,0.08069953064757615,0.14761588459029848,2.2047085779455466,-0.10875791317550962,-0.991032524228617,-1.1696425261251846,0.2110316900926556,-0.37644392786155534,-0.1950435465099768,0.014819017791258354]",s21g006_97ac73b085619ffb,,,,,True,,11,-0.02752355900000003,0.0281595625,657.929500000002,0.03937648105427768,0.0281595625,1.3125493684759226,0.5817437020072838,0.7819410457617871,0.023458231372853616,1,0.6280101555085302,0.0,-0.3441332378223096,0,0,0,0,1,1,True,True,True,True,10000.0,True,1.0,1.0,0.5,0.02769568407078923,0.029983485011921714,0.04081740179885415,0.07648060593465841,0.6495312665343428,0.14112854180990062,0.14666023022726363,0.4143,777.4444046020508,1,True,True,0.5,2,2,1,True,True,1.0,10,10,1,True,True,1.0,10,10,3,POSITION_40MM_SPEED_FAIL,False,False,0.5465110117953828,32.34285939996082,3000032.3428594,0.0014705012717582376,0.21771770848612457,0.3333333333333333,0.4652809625205377,0.2455739663001285,0.04621748109069856,5,0.004271483301148463,0.015475411418709367,0.0,1.8511780995656695,1.7227858446865434,0.21771770848612457,2.7358506214446474,0.3333333333333333,32.34285939996082,161
Stage2.1,6,s21g006_bdf34e32a8aabeb8,171,random_tail_0085,random_tail,2.839780132362429,4.163013909269354,0.07217818507478872,0.13248480974655513,"[2.416335173079378,1.220749316895529,0.47852713507408956,1.1659377746419242,1.8826478390302706,0.10090947845029104,0.05273925598097512,1.916032736563842,-0.31323669021820943,-0.7024224782832498,-1.2266598455660938,0.13298189018046175,-0.21492292674693197,-0.1479835501739934,0.12722383369282547]",s21g006_bdf34e32a8aabeb8,,,,,True,,11,-0.028705870000000022,0.0282064692,690.8616000000002,0.04024465029277122,0.028705870000000022,1.3414883430923739,0.5817437020072838,0.7819324201538576,0.02345797260461573,1,0.627981484922499,0.0,-0.3441184106606234,0,0,0,0,1,1,True,True,True,True,10000.0,True,1.0,1.0,0.5,0.028285518130561696,0.030122562519818506,0.04132117264399341,0.10470108060652672,0.6493106019048622,0.14327394228449503,0.14542159057427995,0.4143,739.5575547218323,1,True,True,0.5,2,2,1,True,True,1.0,10,10,1,True,True,1.0,10,10,3,POSITION_40MM_SPEED_FAIL,False,False,0.5365125259222516,32.96980582528008,3000032.9698058255,0.0016596725197794051,0.20852210491665785,0.3333333333333333,0.4494003386154126,0.23618908318697646,0.030519781060267207,5,0.004449237829810305,0.015607499069933905,0.0,1.8971547874163435,1.7995909746527223,0.20852210491665785,3.2109755285327912,0.3333333333333333,32.96980582528008,162
Stage2.1,6,s21g006_3379af21f512ecc3,78,precise_parent_08,precise_tail,2.7366837254985965,4.639394515005124,0.09532267968110157,0.15614028826918738,"[2.343543281539044,1.4290130467774493,0.5745217087862392,1.2157861675359614,1.8332065544213414,0.09323938957003884,0.42918655617814794,1.9064936689980951,-0.34206966533949107,-1.429800728914346,-0.9923027382197782,0.1666583711064772,-0.9133655658680773,-0.6222337577471118,0.05970317589371989]",s21g006_3379af21f512ecc3,,,,,True,,11,-0.027025520000000025,0.0283775284,713.7933000000012,0.03918753436187594,0.0283775284,1.306251145395865,0.5817437020072838,0.781975428542013,0.023459262856260387,1,0.6280407803866236,0.0,-0.3441923407917224,0,0,0,0,1,1,True,True,True,True,10000.0,True,1.0,1.0,0.5,0.02724639103766481,0.029950670511481235,0.04048960963833379,0.04201662997666561,0.6487338159574538,0.13757340192991008,0.14925198585515986,0.4121,752.356724023819,1,True,True,0.5,2,2,1,True,True,1.0,10,10,1,True,True,1.0,10,10,3,POSITION_40MM_SPEED_FAIL,False,False,0.5486870631353631,33.52324024324697,3000033.523240243,0.001389425516288283,0.24257581106768672,0.3333333333333333,0.48993214312905936,0.2335355525851623,0.0345704255212155,5,0.004336024149997466,0.016122418684834196,0.0,1.82156498740517,1.7062920548480092,0.24257581106768672,2.4041552476304875,0.3333333333333333,33.52324024324697,163
Stage2.1,6,s21g006_d8f84dc322f2ff38,55,damped_parent_20,damped_tail,2.773067584248386,4.349317968608352,0.08359511161723195,0.14313336386523504,"[2.43572031156061,1.1594393707732134,0.480666663913831,1.2097966842798098,1.9060918633352075,0.08406319062913682,-0.010036243196754169,2.103018434519475,-0.28789346829425183,-0.8125516937384577,-0.8929864857524448,0.17387788582085592,-0.48479795439799617,0.34205894741005366,-0.022173681872042043]",s21g006_d8f84dc322f2ff38,,,,,True,,11,-0.02733746800000003,0.0281100786,844.9123,0.039211142237241745,0.0281100786,1.307038074574725,0.5817437020072838,0.7819885308497752,0.023459655925493254,1,0.6281689847012362,0.0,-0.3442148632663396,0,0,0,0,1,1,True,True,True,True,10000.0,True,1.0,1.0,0.5,0.02779192446971539,0.03006935454033385,0.04094578303320943,0.09935434368577181,0.6499971719963393,0.1445774612537587,0.14740767807240648,0.41495,798.4467575550079,1,True,True,0.5,2,2,1,True,True,1.0,10,10,1,True,True,1.0,10,10,3,POSITION_40MM_SPEED_FAIL,False,False,0.5484151771966845,33.99778671525177,3000033.997786715,0.001622042171766542,0.2247487940216929,0.3333333333333333,0.44929270647620184,0.2267045308801076,0.056545421431113276,5,0.004416290792653075,0.015593285276199208,0.0,1.8628412757807347,1.7083485283880044,0.2247487940216929,3.1600309163928686,0.3333333333333333,33.99778671525177,164
Stage2.1,6,s21g006_a1815ede17d23a3d,81,precise_parent_09,precise_tail,2.780675218606169,4.704733436277153,0.08466676446166957,0.1604398800661534,"[2.314771934563446,1.2959979013465577,0.6209819199427569,1.322225739173984,1.912787403861544,0.0833047243960247,0.2519992619786683,2.355619970845365,-0.46760852157893396,-1.1450447928952572,-1.0330275829366318,0.2930861186632513,-0.2771847444282884,-0.6906469088828439,0.08235280493389316]",s21g006_a1815ede17d23a3d,,,,,True,,11,-0.02751247899999998,0.0280950979,603.2017000000014,0.0393226528445885,0.0280950979,1.310755094819617,0.5817437020072838,0.7819514026161959,0.023458542078485876,1,0.6280097421910175,0.0,-0.34415104094484106,0,0,0,0,1,1,True,True,True,True,10000.0,True,1.0,1.0,0.5,0.02760241380604744,0.02990479947244881,0.04069631776227,0.07228314113786176,0.6493130755761944,0.14282044425794424,0.14921475266266887,0.4125,801.3848707675934,1,True,True,0.5,2,2,1,True,True,1.0,10,10,1,True,True,1.0,10,10,3,POSITION_40MM_SPEED_FAIL,False,False,0.5471309376926502,34.336327349566254,3000034.3363273498,0.001393052224982719,0.24220918796476715,0.3333333333333333,0.47026164174307417,0.23398654970883936,0.12407286233317337,5,0.0042120135634631205,0.015487858917384724,0.0,1.840211421564059,1.7180789185955827,0.24220918796476715,2.7489894904937486,0.3333333333333333,34.336327349566254,165
Stage2.1,6,s21g006_f6e2593709e19d9e,128,bridge_p15_d18,bridge,2.7850036227754873,4.383710501511771,0.07918130792083447,0.14566917711003163,"[2.415683345523593,1.2134774513649513,0.47907036778035206,1.1468105065832166,1.8936854333990985,0.05666402318894824,0.17612702917520762,2.1770584486680487,-0.30704413139579817,-0.8732898375834476,-1.166403780474677,0.19736242498071468,-0.4363911916316932,-0.08724426498626232,-0.029067365429050623]",s21g006_f6e2593709e19d9e,,,,,True,,11,-0.027954393999999994,0.028072131,770.1045000000013,0.03961682322938573,0.028072131,1.3205607743128576,0.5817437020072838,0.7819410457617871,0.023458231372853616,1,0.6280101555085302,0.0,-0.3441332378223096,0,0,0,0,1,1,True,True,True,True,10000.0,True,1.0,1.0,0.5,0.0278964382574948,0.03001772127879509,0.040978956285216035,0.09116528001408195,0.6495257660769601,0.14455971287661304,0.14839426084500393,0.4143,741.486492395401,1,True,True,0.5,2,2,1,True,True,1.0,10,10,1,True,True,1.0,10,10,3,POSITION_40MM_SPEED_FAIL,False,False,0.543743051660438,34.519701387205046,3000034.5197013873,0.0015981289137128468,0.23420044827342787,0.3333333333333333,0.4574006893296583,0.23906624209197982,0.06788983877320641,5,0.004457230598130454,0.015893637335800886,0.0,1.865860953584052,1.7438807586537741,0.23420044827342787,3.0331964931781026,0.3333333333333333,34.519701387205046,166
Stage2.1,6,s21g006_6d449459f42356b8,71,precise_parent_12,precise_tail,2.721335155910518,4.25821616821008,0.08234296310518478,0.14139787220935213,"[2.268979803712,1.3928537387453974,0.559235717604406,1.245389541717311,1.9485463601562747,0.10414254167026331,0.0999078849279563,2.0777461490264795,-0.2935637515424169,-0.6438696292999899,-1.2975780434805055,0.08029859501549046,-0.38037702309577304,0.11740028251047639,0.10782995251309493]",s21g006_6d449459f42356b8,,,,,True,,11,-0.026874336,0.0282516113,756.9438000000009,0.038992095051268834,0.0282516113,1.2997365017089613,0.5817437020072838,0.781987417989183,0.023459622539675488,1,0.6280750118725865,0.0,-0.3442129502923129,0,0,0,0,1,1,True,True,True,True,10000.0,True,1.0,1.0,0.5,0.026813685624081488,0.03028354739933361,0.04044832480875765,0.1053932463692706,0.6487282557563449,0.1456287815599057,0.14814280099892269,0.41200000000000003,787.5768871307373,1,True,True,0.5,2,2,1,True,True,1.0,10,10,1,True,True,1.0,10,10,3,POSITION_40MM_SPEED_FAIL,False,False,0.5509378883195754,35.402165049112085,3000035.402165049,0.0020721672502771573,0.23468163944215203,0.3333333333333333,0.4530464204443981,0.2408751909185052,0.05615783909890349,5,0.005211644745998405,0.017769554728883398,0.0,1.8178521998163994,1.6893149738746487,0.23468163944215203,3.305402586806017,0.3333333333333333,35.402165049112085,167
Stage2.1,6,s21g006_95d43e97e5f3607a,137,bridge_p05_d26,bridge,2.7823350895592927,4.490686960621138,0.08088120823584356,0.15086366369176865,"[2.415683345523593,1.2134774513649513,0.47907036778035206,1.2441928906723851,1.9466236368740937,0.08398793879941369,0.15118333744609655,2.112923296164148,-0.31833614740348376,-0.954113851270569,-1.130053792970035,0.14587861272297142,-0.3316494798819943,-0.2474155492587121,0.07520290302577752]",s21g006_95d43e97e5f3607a,,,,,True,,11,-0.028127121000000033,0.0279429415,724.6559000000016,0.03964773531263879,0.028127121000000033,1.3215911770879596,0.5817437020072838,0.7819410457617871,0.023458231372853616,1,0.6280101555085302,0.0,-0.3441332378223096,0,0,0,0,1,1,True,True,True,True,10000.0,True,1.0,1.0,0.5,0.028046821173866896,0.029858970136870142,0.040965623095387815,0.086953773722019,0.6495349481774345,0.14581899078786312,0.1503003685731648,0.4143,802.4006586074829,1,True,True,0.5,2,2,1,True,True,1.0,10,10,1,True,True,1.0,10,10,3,POSITION_40MM_SPEED_FAIL,False,False,0.5433870450041193,35.85784388840011,3000035.8578438885,0.001370693653363646,0.2530127078596225,0.3333333333333333,0.4596697395017809,0.2360342076953908,0.0640125590648178,5,0.004123026867991828,0.015132359726504554,0.0,1.8646469728815238,1.7466032393567388,0.2530127078596225,3.0151159557729263,0.3333333333333333,35.85784388840011,168
Stage2.1,6,s21g006_324de9609fe0298a,135,bridge_p15_d21,bridge,2.743582777326014,4.584061257795289,0.08940174029022122,0.15495582445563041,"[2.29436882775318,1.2988054027093843,0.5634225936344082,1.1266062921373714,1.9061399120034692,0.018445199075791896,0.30929726674472985,2.3996103423294786,-0.32187749634042917,-0.8747029379104303,-1.2729049352788793,0.24578745762430942,-0.3106440713602822,-0.052782559059451645,0.056130679456119506]",s21g006_324de9609fe0298a,,,,,True,,11,-0.02708396199999996,0.0281117929,692.3062000000027,0.039036058941316454,0.0281117929,1.3012019647105486,0.5817437020072838,0.7819353068874333,0.023458059206623,1,0.6279570090593095,0.0,-0.3441233728691798,0,0,0,0,1,1,True,True,True,True,10000.0,True,1.0,1.0,0.5,0.027087144461090954,0.030128290201585847,0.040514531535326734,0.09718754133608305,0.6490086474973953,0.14687540447142708,0.15041875244698494,0.41275,816.3397834300995,1,True,True,0.5,2,2,1,True,True,1.0,10,10,1,True,True,1.0,10,10,3,POSITION_40MM_SPEED_FAIL,False,False,0.5504315673004941,36.638496350709715,3000036.6384963505,0.0018510083612435725,0.25420505983103486,0.3333333333333333,0.4590810852024012,0.24796592586711183,0.10668802757836562,5,0.004899536538034913,0.017093649245200276,0.0,1.8238080728077604,1.6931265529665915,0.25420505983103486,3.2071219278660186,0.3333333333333333,36.638496350709715,169
Stage2.1,6,s21g006_13126c70c17d1813,127,bridge_p09_d24,bridge,2.784763957601512,4.753365806124002,0.0871756071796577,0.1618459058902121,"[2.3048947096699863,1.3477952152893296,0.5994803843136883,1.2717852919559571,1.8882647210785761,0.07371138477279002,0.24770201176174272,2.5817044132364964,-0.46267629428137885,-0.901758014311128,-1.360175870480396,0.183657759927905,-0.33265773981573926,-0.0831169387538354,0.03953152099326916]",s21g006_13126c70c17d1813,,,,,True,,11,-0.02755988899999995,0.0279747541,739.6246000000028,0.039270018444708996,0.0279747541,1.3090006148236333,0.5817437020072838,0.7819482814040326,0.023458448442120975,1,0.6279899490615984,0.0,-0.3441456756746155,0,0,0,0,1,1,True,True,True,True,10000.0,True,1.0,1.0,0.5,0.02740496872157663,0.029940343640345597,0.04058887147892359,0.09410534016365782,0.6488028376435668,0.14734614440479107,0.1512032549303412,0.41225,819.3280513286591,1,True,True,0.5,2,2,1,True,True,1.0,10,10,1,True,True,1.0,10,10,3,POSITION_40MM_SPEED_FAIL,False,False,0.5477371147838234,37.052233760510546,3000037.0522337607,0.0015292320477335527,0.26217733154615097,0.3333333333333333,0.4629433557014275,0.2522803640239455,0.16024312445111033,5,0.004393053793687654,0.01584834077750406,0.0,1.8305072088139744,1.7134826096086502,0.26217733154615097,3.1718239348847495,0.3333333333333333,37.052233760510546,170
Stage2.1,6,s21g006_5f003715fd3630c4,169,random_tail_0103,random_tail,2.724602714105841,5.302922246881624,0.1157121742375052,0.1801577846239152,"[2.3203621869734294,1.4785834776453468,0.5704984169895582,1.3174873384297037,1.9964167760563005,0.07622042853987493,0.37870790803318366,2.3683226104967705,-0.43917125047182076,-1.116437561107554,-1.0235653238936715,0.12013862099331157,-0.05944811033540359,-0.7426814391883227,0.2221850409566795]",s21g006_5f003715fd3630c4,,,,,True,,11,-0.02637856000000005,0.0282468657,630.4608000000007,0.03864859440584404,0.0282468657,1.2882864801948013,0.5817437020072838,0.7820035792299962,0.023460107376899884,1,0.6281030013252977,0.0,-0.344240730981227,0,0,0,0,1,1,True,True,True,True,10000.0,True,1.0,1.0,0.5,0.026638394728775314,0.03019075681085354,0.04026271067052172,0.08480522174317821,0.6488539550000267,0.14714145762875228,0.1523242619423026,0.4117,742.3598313331604,1,True,True,0.5,2,2,1,True,True,1.0,10,10,1,True,True,1.0,10,10,3,POSITION_40MM_SPEED_FAIL,False,False,0.5548938985056201,37.888860517284805,3000037.888860517,0.0019582509028378933,0.2737828387806696,0.3333333333333333,0.4657141087126834,0.23119618827616836,0.12959201168503223,5,0.005206167468489025,0.01819783373109355,0.0,1.80120652282016,1.65968205505271,0.2737828387806696,3.039460641117684,0.3333333333333333,37.888860517284805,171
Stage2.1,6,s21g006_4a0bf583ba3ae1e6,89,precise_parent_08,precise_tail,2.689152710349281,4.939184148938223,0.11793871257973225,0.1647000789881263,"[2.3646153485110104,1.448465659845405,0.5661166006356568,1.2121573660207623,1.8178032256536505,0.11419842869684316,0.4949729570505225,1.8576875516434805,-0.2732651659635221,-1.7327012742847978,-0.6837838476947266,0.2243651533394522,-0.5991769848635189,-0.8976937370752416,0.15987492896250713]",s21g006_4a0bf583ba3ae1e6,,,,,True,,11,-0.02617112300000002,0.028290037,582.2858000000015,0.03853899158699536,0.028290037,1.2846330528998453,0.5817437020072838,0.7819907868374804,0.02345972360512441,1,0.6280819670966981,0.0,-0.344218741241636,0,0,0,0,1,1,True,True,True,True,10000.0,True,1.0,1.0,0.5,0.02692340215624316,0.029832518216153493,0.04018518043736931,0.06336721117049059,0.6487192317096199,0.1484793395702794,0.15740508007871615,0.4121,820.0567784309387,1,True,True,0.5,2,2,1,True,True,1.0,10,10,1,True,True,1.0,10,10,3,POSITION_40MM_SPEED_FAIL,False,False,0.5561561664913132,41.53553291452848,3000041.5355329146,0.001273103756558363,0.3295343218843813,0.3333333333333333,0.49622230888380864,0.23851417613300124,0.028256264301589982,5,0.004205463992810251,0.015934904937817802,0.0,1.7942763630932546,1.650282080602777,0.3295343218843813,2.8791762686112587,0.3333333333333333,41.53553291452848,172
Stage2.1,6,s21g006_72ea82936933e842,53,damped_parent_08,damped_tail,2.905896720015595,4.248424128955647,0.0798836889271221,0.13121786214354003,"[2.432335394160767,1.2054020151348703,0.46135627563619924,1.1389109346394926,1.862207753156806,0.122161758767293,-0.019636839377704718,2.183904535627152,-0.2823716469213042,-0.5506029902390279,-1.637446647442372,0.21891634053794357,-0.3394437760216644,-0.552786452805573,0.011831535188576145]",s21g006_72ea82936933e842,,,,,True,,11,-0.029422558000000043,0.0285259393,599.4211000000032,0.04098067998716775,0.029422558000000043,1.366022666238925,0.5817437020072838,0.7819228449411466,0.023457685348234395,1,0.6279566766628695,0.0,-0.34410195115675957,0,0,0,0,1,1,True,True,True,True,10000.0,True,1.0,1.0,0.5,0.02849365623738738,0.030282741232651907,0.04158043845774309,0.12939065407368483,0.6494796231290672,0.14575028818852043,0.1464589063828167,0.41455,716.4542934894562,1,True,True,0.5,2,2,1,True,True,1.0,10,10,1,True,True,1.0,10,10,3,POSITION_40MM_SPEED_FAIL,False,False,0.5280358578080964,42.123763641767304,3000042.123763642,0.001766189538657185,0.3022240529166331,0.3333333333333333,0.47317936616609285,0.2597401773746253,0.0663857824523695,5,0.004562777073594562,0.01574912721334407,0.0,1.9210365137090675,1.8660179246785014,0.3022240529166331,3.8192152620466633,0.3333333333333333,42.123763641767304,173
Stage2.1,6,s21g006_8b17e410735feadb,133,bridge_p06_d14,bridge,2.707350481812157,4.52699047694034,0.09005005511321139,0.15371424838726155,"[2.281174821864321,1.435251297978939,0.6242674591469557,1.2732259723262143,1.9423248425328488,0.08840486755120586,0.2077979267622514,1.9169085158435288,-0.16842679969198432,-0.8042957351698768,-1.3386485111416304,0.18723992718183105,-0.4012561917403014,-0.12472959031008488,0.11106385035111259]",s21g006_8b17e410735feadb,,,,,True,,11,-0.027268175000000006,0.0278876462,614.8235000000022,0.03900351494938629,0.0278876462,1.300117164979543,0.5817437020072838,0.7819723692848468,0.023459171078545404,1,0.6280281041364215,0.0,-0.3441870820202813,0,0,0,0,1,1,True,True,True,True,10000.0,True,1.0,1.0,0.5,0.027039958176720558,0.029971539199901608,0.040366477431279975,0.10524299456330047,0.6485909115449024,0.15293733253554126,0.15612542779779115,0.41145000000000004,808.5977759361267,1,True,True,0.5,2,2,1,True,True,1.0,10,10,1,True,True,1.0,10,10,3,POSITION_40MM_SPEED_FAIL,False,False,0.5508063682369264,42.498667820251555,3000042.4986678204,0.0016987833655381802,0.3177552637475866,0.3333333333333333,0.4628361565787407,0.24563294429315094,0.031633983349167,5,0.004757078437426185,0.016990258724978204,0.0,1.8105027780111507,1.6903046426744444,0.3177552637475866,3.5451237109694187,0.3333333333333333,42.498667820251555,174
Stage2.1,6,s21g006_650e4830a4741722,181,random_tail_0087,random_tail,2.682913060403574,4.80691685570293,0.0963643644074818,0.16636339370978165,"[2.2974754556946713,1.3259205739763056,0.5997878815555687,1.2381186303084712,1.8953337010130804,0.08506667305317187,0.30256327727356264,2.4604584349325656,-0.4099262628612223,-1.1999916977114236,-0.7710405982379627,0.2694567097978512,-0.4333808899016144,-0.9034737516516247,0.05738195390758111]",s21g006_650e4830a4741722,,,,,True,,11,-0.025950149000000033,0.0279463377,616.5099000000009,0.03813670179714869,0.0279463377,1.2712233932382897,0.5817437020072838,0.7819419400197836,0.023458258200593506,1,0.6279724807917892,0.0,-0.3441347750250216,0,0,0,0,1,1,True,True,True,True,10000.0,True,1.0,1.0,0.5,0.02669627396220721,0.02985145386364511,0.04004747609074204,0.08800662428664005,0.6489553129706754,0.1529971114341652,0.15834486614529217,0.41235,780.8704178333282,1,True,True,0.5,2,2,1,True,True,1.0,10,10,1,True,True,1.0,10,10,3,POSITION_40MM_SPEED_FAIL,False,False,0.5607892364071124,43.385162343781005,3000043.3851623437,0.0014253761786559007,0.34041234055120584,0.3333333333333333,0.47678110994273554,0.22341101536705932,0.12989391225656508,5,0.004302578789111419,0.015811389230933493,0.0,1.7820003791539505,1.6160089155162711,0.34041234055120584,3.2818262552900306,0.3333333333333333,43.385162343781005,175
Stage2.1,6,s21g006_1865bb8666fca864,80,precise_parent_14,precise_tail,2.6522910395451187,5.337473782422826,0.12376149088651318,0.18183217160345633,"[2.2820313784055744,1.4193744308613454,0.6097324878309099,1.3194715450140135,1.9508636236970016,0.062407452234814746,0.3755730574069731,2.472783872905407,-0.36625095258367,-1.3279575366591998,-0.7097271819029064,0.12117602316404512,-0.23038028943628508,-1.491436653172981,0.21728110146860674]",s21g006_1865bb8666fca864,,,,,True,,11,-0.025485765999999965,0.0280382446,540.6060000000034,0.037890202280486486,0.0280382446,1.263006742682883,0.5817437020072838,0.7819698771189755,0.023459096313569263,1,0.6280255859606345,0.0,-0.3441827980617911,0,0,0,0,1,1,True,True,True,True,10000.0,True,1.0,1.0,0.5,0.0262869941031252,0.02989913900333468,0.03981161353322003,0.08124801755853679,0.6485622828433841,0.15395771117370827,0.1605017107756958,0.41165,781.4572579860687,1,True,True,0.5,2,2,1,True,True,1.0,10,10,1,True,True,1.0,10,10,3,POSITION_40MM_SPEED_FAIL,False,False,0.5636281090897675,45.369142425903966,3000045.3691424257,0.0014957832450689357,0.36604570067859443,0.3333333333333333,0.49608781970746063,0.22939470509639895,0.13022336890577146,5,0.004495057996645028,0.016492157002949395,0.0,1.7610717467982984,1.5951860320624265,0.36604570067859443,3.2362039519117407,0.3333333333333333,45.369142425903966,176
Stage2.1,6,s21g006_35bf95ca2897c459,168,random_tail_0067,random_tail,2.915055544542963,4.20787081505391,0.07974728298962264,0.128316211006728,"[2.3591693154234923,1.206659325913431,0.4916843851258825,1.2102250176275342,1.8482484435635083,0.11421447557904042,0.04221835442044902,1.6789991070072656,-0.30583248704519184,-0.6044024140537754,-1.2562440638382797,0.1638240191803963,-0.5295057324553061,-0.12379111034190793,0.2839510501789175]",s21g006_35bf95ca2897c459,,,,,True,,11,-0.029939720999999975,0.0280988213,591.3448000000026,0.041060085874327794,0.029939720999999975,1.36866952914426,0.5817437020072838,0.7819365317162147,0.02345809595148644,1,0.627990816305965,0.0,-0.3441254783131703,0,0,0,0,1,1,True,True,True,True,10000.0,True,1.0,1.0,0.5,0.029043414963287693,0.030035952929304797,0.041781316651119754,0.12698631645160546,0.6493170006980933,0.15309814670337962,0.1540705291637136,0.41405000000000003,819.5965487957001,1,True,True,0.5,2,2,1,True,True,1.0,10,10,1,True,True,1.0,10,10,3,POSITION_40MM_SPEED_FAIL,False,False,0.5271213602587581,47.50837055849278,3000047.5083705583,0.001541801145736634,0.3651883399670194,0.3333333333333333,0.44764008741996997,0.2312604024106374,0.006822955811047976,5,0.0042679876084938135,0.015172733459522534,0.0,1.9396426901123744,1.8732562800079706,0.3651883399670194,3.9863252522734003,0.3333333333333333,47.50837055849278,177
Stage2.1,6,s21g006_88ac0176253e098d,79,precise_parent_12,precise_tail,2.7060481285194076,4.637964968624473,0.08938889028301997,0.15943427680849093,"[2.285500202145857,1.3890855765906929,0.5512426792521063,1.3101615569052798,1.9354767012947898,0.11921352790194376,0.3677947606423283,2.0403280304294644,-0.3082114336305351,-1.0775261704230672,-1.3230110433332845,0.10763514643416289,-0.43379175178643375,0.25076904922478843,0.05066359789505168]",s21g006_88ac0176253e098d,,,,,True,,11,-0.02752668199999997,0.0274435324,792.7700000000004,0.03886985583352442,0.02752668199999997,1.2956618611174806,0.5817437020072838,0.78198783630168,0.0234596350890504,1,0.6280792768169853,0.0,-0.3442136693589664,0,0,0,0,1,1,True,True,True,True,10000.0,True,1.0,1.0,0.5,0.027385401053301315,0.029574664747341824,0.040306587374371206,0.09738885095580543,0.6486938566488397,0.15978104523852885,0.1645112026477688,0.41215,819.5482361316681,1,True,True,0.5,2,2,1,True,True,1.0,10,10,1,True,True,1.0,10,10,3,POSITION_40MM_SPEED_FAIL,False,False,0.5523456865201669,50.4400088650771,3000050.440008865,0.0012860132330972517,0.41616952670614915,0.3333333333333333,0.4667233620757852,0.25423225775013486,0.052530226809172964,5,0.004193823354726619,0.01582506384124409,0.0,1.8051344286309114,1.6787396583544134,0.41616952670614915,3.6548524087107337,0.3333333333333333,50.4400088650771,178
Stage2.1,6,s21g006_80613054a530a5da,156,random_tail_0002,random_tail,2.6221369823962295,5.040839793270423,0.1192713934888806,0.1719035742773755,"[2.3197918006281952,1.4201109419347036,0.6062915276292665,1.2963154169108357,1.9487169201284549,0.08933929071225674,0.2782377956073553,2.2424781922015637,-0.3909398528659047,-1.0304612694196424,-0.6301991501908435,-0.01539645758573889,-0.7483151505102243,-1.1435189090677056,0.278269987695713]",s21g006_80613054a530a5da,,,,,True,,11,-0.025622805000000026,0.0276306381,662.8474000000024,0.037682625941953644,0.0276306381,1.256087531398455,0.5817437020072838,0.781970094206733,0.023459102826201988,1,0.628034326770541,0.0,-0.3441831712291443,0,0,0,0,1,1,True,True,True,True,10000.0,True,1.0,1.0,0.5,0.02639531306176426,0.02975355362052474,0.03977419395384379,0.10366929849218702,0.6485543034249528,0.16201852426848318,0.16642924559249314,0.41185000000000005,793.3997819423676,1,True,True,0.5,2,2,1,True,True,1.0,10,10,1,True,True,1.0,10,10,3,POSITION_40MM_SPEED_FAIL,False,False,0.5660187133595274,52.948152916116946,3000052.948152916,0.0014766211503386758,0.4426308421412533,0.3333333333333333,0.4809317369950978,0.20525253503942908,0.09644520394591756,5,0.004437495972200274,0.016280995259646668,0.0,1.7577627829755378,1.5777558865346646,0.4426308421412533,3.844601723834856,0.3333333333333333,52.948152916116946,179
Stage2.1,6,s21g006_8aea6a9d7665bbb2,182,random_tail_0032,random_tail,2.8927561082686712,4.073042630501369,0.07686647054149992,0.12237965026663436,"[2.3539301127605836,1.2402642472263485,0.4971287329742759,1.191050778269899,1.8919820180983498,0.07825543963160733,-0.012603643585055113,1.9350125517626777,-0.2513627816616811,-0.5023358232881174,-1.7098929294002663,0.007854173131285835,-0.06622569432121289,0.1269562831236032,0.16013871722750195]",s21g006_8aea6a9d7665bbb2,,,,,True,,11,-0.029532227000000022,0.0284658249,715.0789000000004,0.04101774760779765,0.029532227000000022,1.3672582535932551,0.5817437020072838,0.7819261085580074,0.023457783256740222,1,0.6279480835365823,0.0,-0.34410756121639496,0,0,0,0,1,1,True,True,True,True,10000.0,True,1.0,1.0,0.5,0.02847272759790525,0.03031398407483847,0.04158886686787794,0.14240380921995624,0.6492041940850651,0.14958743974663236,0.1499763487284515,0.41375,794.8500273227692,1,True,True,0.5,2,2,1,True,True,1.0,10,10,1,True,True,1.0,10,10,3,POSITION_40MM_SPEED_FAIL,False,False,0.5276089593823219,53.51183366681563,3000053.511833667,0.0018661555790375139,0.42957184685902405,0.3333333333333333,0.4597838615051632,0.2710554358337775,0.02535200279935732,5,0.004716649109137938,0.016118623229539636,0.0,1.9218153859489733,1.869395132018878,0.42957184685902405,4.2771750058271785,0.3333333333333333,53.51183366681563,180
Stage2.1,6,s21g006_7a4fcb9e754331a3,183,random_tail_0009,random_tail,2.6234236319972046,4.9777957717752015,0.12319424185668418,0.1674782831775045,"[2.3134360395569677,1.401662331308442,0.5837398913070082,1.2896938953907346,1.897043145469857,0.0823860993155141,0.1898944585982602,1.90143082277985,-0.15689155357590975,-1.3856053200110223,-0.42434199610811735,-0.20123470226244072,-0.6903935280711571,-0.666649231174155,-0.18026264895871305]",s21g006_7a4fcb9e754331a3,,,,,True,,11,-0.024680162999999977,0.0283843113,1007.0728000000017,0.03761355571707992,0.0283843113,1.2537851905693307,0.5817437020072838,0.7819728408354912,0.023459185225064738,1,0.6280425261388168,0.0,-0.3441878926017157,0,0,0,0,1,1,True,True,True,True,10000.0,True,1.0,1.0,0.5,0.026150574367004877,0.03004462796518764,0.03983129685675308,0.1203525688250716,0.6487684127820246,0.16225162075553742,0.16478771201333547,0.41204999999999997,818.6591856479645,1,True,True,0.5,2,2,1,True,True,1.0,10,10,1,True,True,1.0,10,10,3,POSITION_40MM_SPEED_FAIL,False,False,0.5668141776964719,55.199376388160466,3000055.199376388,0.0014992135937439833,0.46116746857021684,0.3333333333333333,0.47768280874067603,0.20722566094701173,0.02848071079957029,5,0.004430753498919889,0.01615691311962351,0.0,1.7628135658786532,1.5719773040909728,0.46116746857021684,4.163973085338358,0.3333333333333333,55.199376388160466,181
Stage2.1,6,s21g006_bd9829f8f25526bb,87,precise_parent_06,precise_tail,2.593154738981897,4.682828690176024,0.10805236274791041,0.16081704812301056,"[2.2806187204286683,1.373446965163604,0.6100242569310388,1.2240510248593435,1.9960374998891446,0.11756227121490914,0.1946812101877685,2.1091659984238085,-0.1804843646204683,-1.1323565485646365,-0.4707848529533552,0.18593362236337824,-0.6349614627671718,-0.9298474903080793,0.34693468606379735]",s21g006_bd9829f8f25526bb,,,,,True,,11,-0.024339290999999985,0.0282858055,468.4282000000021,0.03731605390668352,0.0282858055,1.2438684635561175,0.5817437020072838,0.7819390582460813,0.02345817174738244,1,0.6279499417207877,0.0,-0.3441298213423392,0,0,0,0,1,1,True,True,True,True,10000.0,True,1.0,1.0,0.5,0.025730966798843184,0.030157623083455053,0.03964296762916358,0.12083315841039811,0.6486992437528916,0.16233298007980831,0.16530313895876464,0.41195,789.5767385959625,1,True,True,0.5,2,2,1,True,True,1.0,10,10,1,True,True,1.0,10,10,3,POSITION_40MM_SPEED_FAIL,False,False,0.5702404309159949,56.0683912305793,3000056.0683912304,0.0018111834969067211,0.4698520447220464,0.3333333333333333,0.4766137716493095,0.20451459430953148,0.0517030485009727,5,0.0048645677696833485,0.01707810486078986,0.0,1.7461832027187907,1.5472087546294564,0.4698520447220464,4.192577992105301,0.3333333333333333,56.0683912305793,182
Stage2.1,6,s21g006_028e828103d699f8,119,bridge_p13_d15,bridge,2.6766570083809653,5.162671623888878,0.11612631111836148,0.176025715377453,"[2.3451293875059016,1.3694778842509698,0.5777563848869562,1.1880879244995053,1.9076258535453605,0.042736034691885,0.3733030084144267,2.1457233312950286,-0.12552199169770592,-0.9305797460386943,-1.3039878332191657,0.14998238006377648,-0.5408410612803919,-0.10848114887864649,0.05904514615792439]",s21g006_028e828103d699f8,,,,,True,,11,-0.027238454999999995,0.0272594853,677.2171000000017,0.03853586601606276,0.0272594853,1.284528867202092,0.5817437020072838,0.7819439916620952,0.023458319749862858,1,0.6279703912073824,0.0,-0.3441383017367067,0,0,0,0,1,1,True,True,True,True,10000.0,True,1.0,1.0,0.5,0.027178063509965808,0.029545774828989495,0.040144737468279505,0.1103493203222368,0.6488788517827403,0.16472508921950488,0.1685281968142934,0.41245,818.9518301486969,1,True,True,0.5,2,2,1,True,True,1.0,10,10,1,True,True,1.0,10,10,3,POSITION_40MM_SPEED_FAIL,False,False,0.5561921629024154,56.555740154713796,3000056.555740155,0.001354932396412851,0.4803222189750794,0.3333333333333333,0.4695770471874759,0.250732296354197,0.04101985465282171,5,0.004283409461820957,0.015997317723453378,0.0,1.7906666071078716,1.6500144106754897,0.4803222189750794,4.057872561705683,0.3333333333333333,56.555740154713796,183
Stage2.1,6,s21g006_225edd6e3d33bef7,9,precise_archive_02,anchor_precise,2.664500651522497,4.8740870587053315,0.10755590757462248,0.16662702907926333,"[2.3015033558846594,1.379102878757742,0.5880038737260482,1.3366167383094365,1.9390247241482184,0.08717550769579717,0.19770291593819778,2.0299688663392397,-0.22329205571691227,-0.8230376284718997,-1.1215047064850199,0.286733025350297,-0.6350785094004928,-0.03114746763643081,0.22186466760559798]",s21g006_225edd6e3d33bef7,,,,,True,,11,-0.027149033000000045,0.0271404023,559.6631000000016,0.03838842833251886,0.027149033000000045,1.2796142777506287,0.5817437020072838,0.7819563104110085,0.023458689312330253,1,0.6279986931018443,0.0,-0.34415947729713114,0,0,0,0,1,1,True,True,True,True,10000.0,True,1.0,1.0,0.5,0.02721301266804358,0.02948286937018159,0.04012215902428846,0.11639687301470153,0.6487276449419048,0.1657345199894859,0.16888410451684394,0.4121,782.2403507232666,1,True,True,0.5,2,2,1,True,True,1.0,10,10,1,True,True,1.0,10,10,3,POSITION_40MM_SPEED_FAIL,False,False,0.5578901654700239,58.51362838717989,3000058.5136283874,0.0012750251632511387,0.5013877299747724,0.3333333333333333,0.46327970862856077,0.23327498443696446,0.04618553739834276,5,0.004104825715824935,0.015424027926120123,0.0,1.7886529386336578,1.6374126998232632,0.5013877299747724,4.207007280605681,0.3333333333333333,58.51362838717989,184
Stage2.1,6,s21g006_73fc28e060dd348f,88,precise_parent_07,precise_tail,2.60928405008353,5.140686847735745,0.11589048029877737,0.17808086658405714,"[2.2467967458276505,1.3525898844015931,0.5534699642687887,1.2795123833339161,1.921756139070414,0.10067452600132805,0.32912075080157227,2.4055161413383948,-0.26659444111529385,-1.1473104794272282,-0.74263122438001,0.16881863099316863,-0.4777152090193626,-0.7384947042362165,0.15508155955038969]",s21g006_73fc28e060dd348f,,,,,True,,11,-0.02543604300000002,0.0275182333,611.0724000000009,0.037473263101190944,0.0275182333,1.2491087700396983,0.5817437020072838,0.7819749131499677,0.023459247394499033,1,0.6280513605697771,0.0,-0.34419145484823305,0,0,0,0,1,1,True,True,True,True,10000.0,True,1.0,1.0,0.5,0.02634363790315148,0.02966427032488476,0.03967311674018312,0.11042668433981481,0.6488570686757917,0.1664974736077482,0.17057757586772843,0.4122,784.2858300209045,1,True,True,0.5,2,2,1,True,True,1.0,10,10,1,True,True,1.0,10,10,3,POSITION_40MM_SPEED_FAIL,False,False,0.5684298923243071,58.91698885408873,3000058.9169888543,0.0013973522503556005,0.5089909961687099,0.3333333333333333,0.4731203020950649,0.2185079264885144,0.10032076367508545,5,0.004350714147464586,0.016164161735900524,0.0,1.74884021320022,1.5602727193900878,0.5089909961687099,4.129076200319574,0.3333333333333333,58.91698885408873,185
Stage2.1,6,s21g006_a573e8ce54462b20,84,precise_parent_10,precise_tail,2.631594759775775,5.918436457699335,0.15778046139764695,0.19277440414056163,"[2.283230943854596,1.4060653152307692,0.5975017621257473,1.3064661247662683,2.00283709167897,0.06363401143983452,0.5424380793918209,2.446802519267978,-0.48786550755190794,-1.5915912750212868,-0.4819826611230297,0.1264811623984077,-0.27186416887954595,-0.7452699336992699,0.40106712233853886]",s21g006_a573e8ce54462b20,,,,,True,,11,-0.024772013999999953,0.0280069385,597.6838000000025,0.037390390232772054,0.0280069385,1.2463463410924018,0.5817437020072838,0.7819712979766029,0.023459138939298085,1,0.6280330010316814,0.0,-0.3441852404734967,0,0,0,0,1,1,True,True,True,True,10000.0,True,1.0,1.0,0.5,0.026075669938830332,0.029866417424011815,0.03964774208582547,0.11406034189989107,0.6486317649063836,0.166369061258255,0.16997448066015197,0.4118,783.84823179245,1,True,True,0.5,2,2,1,True,True,1.0,10,10,1,True,True,1.0,10,10,3,POSITION_40MM_SPEED_FAIL,False,False,0.5693843182212553,59.18485418886396,3000059.184854189,0.001476197992411069,0.5094121157999815,0.3333333333333333,0.4809068943235872,0.22965884778597953,0.14555761509107554,5,0.004505947584692376,0.016624945953817603,0.0,1.7466038361157072,1.553379201954418,0.5094121157999815,4.190108567000842,0.3333333333333333,59.18485418886396,186
Stage2.1,6,s21g006_d850ff05168332eb,123,bridge_p12_d17,bridge,2.6629310927601675,4.957368884816454,0.10884173947399134,0.17005924050373375,"[2.284578863128302,1.427182389606586,0.5648699087330165,1.306776917654917,1.9407934568269265,0.11115523645294625,0.30138496359300865,2.0721421129029216,-0.255304569879326,-0.8319234864242332,-1.2101124369709886,0.1416754078429227,-0.4138623138601344,-0.08519053400820814,0.11988135668327553]",s21g006_d850ff05168332eb,,,,,True,,11,-0.027126461000000046,0.0272202893,681.9899000000005,0.03842901294543249,0.0272202893,1.280967098181083,0.5817437020072838,0.7819884761241247,0.02345965428372374,1,0.6280678033515592,0.0,-0.34421476919458555,0,0,0,0,1,1,True,True,True,True,10000.0,True,1.0,1.0,0.5,0.027045318327316784,0.02961777913729213,0.04010812990468783,0.12335461611523993,0.6487247810318254,0.16785422479028733,0.1706267482436775,0.41185000000000005,814.5760817527771,1,True,True,0.5,2,2,1,True,True,1.0,10,10,1,True,True,1.0,10,10,3,POSITION_40MM_SPEED_FAIL,False,False,0.5574227627322956,63.4367119346488,3000063.436711935,0.0014989801111508691,0.5533575661366024,0.3333333333333333,0.4593323151611097,0.23651762442558724,0.053070470437737965,5,0.004546791366484165,0.016738036387817345,0.0,1.7874023160570158,1.6408767066224645,0.5533575661366024,4.4329848533149505,0.3333333333333333,63.4367119346488,187
Stage2.1,6,s21g006_d563b71f9a0e69d4,178,random_tail_0106,random_tail,2.6769709947227582,4.932667853190959,0.11270326204322008,0.1669235649049176,"[2.3076263909315076,1.412279493673742,0.6067857429132869,1.3242860232001579,1.921704951426994,0.03055895355337195,0.18985664367855007,1.8090872261878377,-0.0863429784711911,-0.7083168308486105,-0.8378993875191307,-0.23698541704673692,-0.3742091457649927,-0.8215407205243761,-0.06210685878221647]",s21g006_d563b71f9a0e69d4,,,,,True,,11,-0.02724448800000001,0.027172819,868.764900000002,0.03847888016547396,0.02724448800000001,1.282629338849132,0.5817437020072838,0.7819566465620027,0.023458699396860083,1,0.6279911785561128,0.0,-0.34416005513062203,0,0,0,0,1,1,True,True,True,True,10000.0,True,1.0,1.0,0.5,0.027297633845066716,0.029643110721049033,0.04029733026839004,0.13162131206272368,0.6487334220682204,0.16856761199792936,0.1707120598828668,0.41185000000000005,812.496568441391,1,True,True,0.5,2,2,1,True,True,1.0,10,10,1,True,True,1.0,10,10,3,POSITION_40MM_SPEED_FAIL,False,False,0.5568484545524963,67.6917823967566,3000067.6917823968,0.0015383211898063864,0.6000102789446293,0.3333333333333333,0.45464179439359886,0.2043491746818331,0.0378110358614259,5,0.004519292943324054,0.01644317995739472,0.0,1.8043053630663382,1.645138020876562,0.6000102789446293,4.646677717856439,0.3333333333333333,67.6917823967566,188
Stage2.1,6,s21g006_fab05bac9ab4b1ba,10,precise_archive_03,anchor_precise,2.5850513441054406,5.1171744547902485,0.12091203725312932,0.17630536814290027,"[2.312776553962334,1.411048726115072,0.5933361083675809,1.2654058024429617,1.915871318064019,0.08182760141364868,0.312508240530634,1.9568984941434484,-0.19387292904119047,-0.9998332839271749,-0.686190013458541,-0.06710880517425774,-0.6639103391833964,-0.6680168015247957,-0.09809429545052059]",s21g006_fab05bac9ab4b1ba,,,,,True,,11,-0.025889245999999977,0.0270759657,871.0781999999999,0.03746145988927942,0.0270759657,1.2487153296426476,0.5817437020072838,0.7819720944981672,0.023459162834945018,1,0.6280382210380645,0.0,-0.34418660967020914,0,0,0,0,1,1,True,True,True,True,10000.0,True,1.0,1.0,0.5,0.026593654970501188,0.029460453303963706,0.039688043458516425,0.12254837662427462,0.6486008276646568,0.17354062810623572,0.17696544378538212,0.41195,787.073549747467,1,True,True,0.5,2,2,1,True,True,1.0,10,10,1,True,True,1.0,10,10,3,POSITION_40MM_SPEED_FAIL,False,False,0.5685658269351206,70.8816746472586,3000070.8816746473,0.0013332250844239383,0.6432108825470946,0.3333333333333333,0.4668920379726238,0.2068444199204558,0.031777965710335435,5,0.004281632304202655,0.01607526118331752,0.0,1.7501564372945433,1.559289974484546,0.6432108825470946,4.633487290740229,0.3333333333333333,70.8816746472586,189
Stage2.1,6,s21g006_3fde3b3d2f927063,172,random_tail_0051,random_tail,2.6548921859754557,4.986569595722923,0.12472708171181074,0.16581675881783584,"[2.260688383131797,1.2868836123155754,0.5504021021350081,1.1308287014652196,1.9052459998933613,0.009879064821016286,0.49878179610690004,2.217868384442228,-0.23073506827515394,-0.8561595867377578,-1.1797075308509348,0.23019603354724635,-0.4318332914943872,-0.23738528996315605,-0.6313791093027634]",s21g006_3fde3b3d2f927063,,,,,True,,11,-0.027284364999999977,0.0269003205,995.3725000000013,0.038315320910256565,0.027284364999999977,1.2771773636752188,0.5817437020072838,0.781962511005221,0.02345887533015663,1,0.628034648455802,0.0,-0.3441701359328689,0,0,0,0,1,1,True,True,True,True,10000.0,True,1.0,1.0,0.5,0.027232250549028253,0.029492816579320073,0.04014251735686822,0.13581576580757046,0.6492555291690254,0.1765533761554104,0.1791683901476805,0.4127,812.1457099914551,1,True,True,0.5,2,2,1,True,True,1.0,10,10,1,True,True,1.0,10,10,3,POSITION_40MM_SPEED_FAIL,False,False,0.5587321251897428,81.1674570643217,3000081.167457064,0.0015257500290111782,0.7550403078958086,0.3333333333333333,0.46626936363644084,0.24419161255897787,0.059634453701952916,5,0.004630042127342504,0.017047210520667808,0.0,1.790468555273852,1.6311820182843824,0.7550403078958086,5.054723427000828,0.3333333333333333,81.1674570643217,190
Stage2.1,6,s21g006_6d51b8b3476abc45,86,precise_parent_12,precise_tail,2.62460016775991,5.989664167989042,0.14800367617449267,0.19993791015398868,"[2.1980053122166474,1.455453663855966,0.5788761343957884,1.31801215086704,1.9179981765964247,0.12173034768494166,0.46977217653327125,2.491901469868892,-0.27703915884931635,-0.8240692893105009,-1.3323717184344348,0.0688453891033276,-0.28649401714369865,0.18432565118348931,0.018900531705269286]",s21g006_6d51b8b3476abc45,,,,,True,,11,-0.02667857200000001,0.0268325247,786.8785000000025,0.03783821594281758,0.0268325247,1.2612738647605861,0.5817437020072838,0.7820144138065636,0.023460432414196906,1,0.6281250912764083,0.0,-0.3442593552938409,0,0,0,0,1,1,True,True,True,True,10000.0,True,1.0,1.0,0.5,0.026700328434546283,0.029475731878415037,0.0397709228995362,0.1415761153306157,0.6486636299590209,0.17949936817270573,0.18180693836238623,0.41115,811.2616021633148,1,True,True,0.5,2,2,1,True,True,1.0,10,10,1,True,True,1.0,10,10,3,POSITION_40MM_SPEED_FAIL,False,False,0.564226822612122,88.74953025695,3000088.7495302567,0.00152834017408095,0.8420948530211915,0.3333333333333333,0.46050394082837814,0.2515342649736365,0.11630790544238438,5,0.004704860260852867,0.017410940607940534,0.0,1.7574736758676148,1.5908117619281053,0.8420948530211915,5.3097559268812295,0.3333333333333333,88.74953025695,191
Stage2.1,6,s21g006_a297aaae848155b7,159,random_tail_0016,random_tail,2.653984153133423,4.979815952862509,0.1233799291766331,0.16608804696499435,"[2.2952832835241836,1.3803031704892523,0.5735397791590077,1.2689638757088932,1.87809653100822,0.04893522327256742,0.24602962745520468,2.0606404262411577,-0.4546120843839403,-0.621889711806435,-0.762585788029484,0.14073935794279557,-0.07058070387508986,-0.5341107019671674,0.23102719178716885]",s21g006_a297aaae848155b7,,,,,True,,11,-0.02724335,0.0267094166,649.777100000003,0.03815223524690074,0.02724335,1.2717411748966916,0.5817437020072838,0.7819726542307945,0.023459179626923836,1,0.6280441950616397,0.0,-0.34418757183383103,0,0,0,0,1,1,True,True,True,True,10000.0,True,1.0,1.0,0.5,0.02726610418264475,0.02949536300877338,0.0401673608333701,0.16194738102023323,0.6488034589845699,0.17990332082749108,0.18126977028135205,0.41215,818.7767624855042,1,True,True,0.5,2,2,1,True,True,1.0,10,10,1,True,True,1.0,10,10,3,POSITION_40MM_SPEED_FAIL,False,False,0.56061034158912,106.34741486446552,3000106.3474148647,0.0015455584643195132,1.0442253576849685,0.3333333333333333,0.44201498852367715,0.20098065708411278,0.07307308279204502,5,0.004526842669090191,0.016451979488172903,0.0,1.792685418131283,1.6173256159276175,1.0442253576849685,5.908568383716674,0.3333333333333333,106.34741486446552,192
