stage,phase,candidate_id,population_index,nominal_id,source_candidate_id,nominal_category,source_name,source_type,tail_vector,result_relpath,probe_center_candidate_id,probe_variable_index,probe_sign,probe_requested_delta,probe_actual_delta,probe_scheme,success,failure_reason,n_trajectory_steps,terminal_R_error_m,terminal_Z_error_m,terminal_Ip_error_A,terminal_RZ_euclidean_error_m,terminal_RZ_box_max_error_m,terminal_velocity_m_per_s,late_velocity_rms_m_per_s,max_velocity_m_per_s,max_current_utilization,trailing_streak_within_30mm_steps,trailing_streak_within_40mm_steps,strict_gate_pass,relaxed_gate_pass,gate_label,stage3_0_earliest_strict_arrival_step,stage3_0_earliest_strict_arrival_ms,stage3_0_earliest_relaxed_arrival_step,stage3_0_earliest_relaxed_arrival_ms,stage3_0_gate_endpoint_step,stage3_0_gate_endpoint_ms,stage3_0_gate_sustained_box_max_error_m,stage3_0_gate_post_arrival_velocity_rms_m_per_s,stage3_0_best_endpoint_step,stage3_0_best_endpoint_ms,stage3_0_window_start_step,stage3_0_sustained_box_max_error_m,stage3_0_endpoint_velocity_m_per_s,stage3_0_endpoint_late_velocity_rms_m_per_s,stage3_0_post_arrival_velocity_rms_m_per_s,stage3_0_final_velocity_m_per_s,stage3_0_sustained_Ip_max_error_A,stage3_0_position_violation,stage3_0_endpoint_speed_violation,stage3_0_endpoint_late_speed_violation,stage3_0_post_speed_violation,stage3_0_final_speed_violation,stage3_0_ip_violation,stage3_0_max_violation,stage3_0_sum_violation,stage3_0_l2_violation,stage3_0_endpoint_evaluations,stage3_0_speed_safe_at_best_endpoint,stage3_0_position_safe_at_best_endpoint,stage3_0_quality,continuous_objective,selection_score,action_rms,delta_action_rms,repair_excess_rms,wall_time_s,phase_rank
Stage3.0,controller_identification_999_probes,s30r999p_3d650586695d1458,7,nominal_05_s22g000_571ab4a158d29207,s22g000_571ab4a158d29207,gate,center0_v3_p,real_tsc_fd_probe,"[-0.3625934518181101,0.31836250362187624,0.14993042464019693,0.2869999999999997,0.27099999999999996,0.038150000000000024,0.37939999999999935,0.37939999999999996,0.1355,0.43359999999999943,0.43359999999999976,0.06539999999999996,0.4335999999999999,0.11359999999999945,0.16259999999999988,0.4335999999999991,0.11359999999999984,0.16259999999999983]",stage3_0_evaluations/controller_identification_999_probes/s30r999p_3d650586695d1458.json.gz,s30r02s_5c06bc76b59d0d57,3,1,0.016,0.016000000000000014,two_sided,True,,16,-0.027138718000000006,0.0347830175,467.94680000000153,0.044117664501748394,0.0347830175,0.053851765494918345,0.09329181813360073,0.6492383287639514,0.41409999999999997,0,16,False,True,PASS_DAMPED_HOLD_40MM_120_150MS,,,14,140,14,140,0.0347830175,0.07380439887524418,14,140,12,0.0347830175,0.08941009976368783,0.09502609196799064,0.07380439887524418,0.053851765494918345,672.856200000002,0.15943391666666673,0.0,0.0,0.0,0.0,0.0,0.15943391666666673,0.15943391666666673,0.15943391666666673,"[{""endpoint_step"":12,""arrival_time_ms"":120,""window_start_step"":10,""sustained_box_max_error_m"":0.0347830175,""endpoint_velocity_m_per_s"":0.1058871379534122,""endpoint_late_velocity_rms_m_per_s"":0.07453966943691982,""post_arrival_velocity_rms_m_per_s"":0.09329181813360073,""final_velocity_m_per_s"":0.053851765494918345,""sustained_Ip_max_error_A"":782.9552000000003,""position_violation"":0.15943391666666673,""endpoint_speed_violation"":0.058871379534122026,""endpoint_late_speed_violation"":0.0,""post_speed_violation"":0.0,""final_speed_violation"":0.0,""ip_violation"":0.0,""max_violation"":0.15943391666666673,""sum_violation"":0.21830529620078876,""l2_violation"":0.16995591520133765,""pass"":false},{""endpoint_step"":13,""arrival_time_ms"":130,""window_start_step"":11,""sustained_box_max_error_m"":0.0347830175,""endpoint_velocity_m_per_s"":0.11272616711329317,""endpoint_late_velocity_rms_m_per_s"":0.08400758262533556,""post_arrival_velocity_rms_m_per_s"":0.0886968006539251,""final_velocity_m_per_s"":0.053851765494918345,""sustained_Ip_max_error_A"":731.2748000000029,""position_violation"":0.15943391666666673,""endpoint_speed_violation"":0.12726167113293152,""endpoint_late_speed_violation"":0.0,""post_speed_violation"":0.0,""final_speed_violation"":0.0,""ip_violation"":0.0,""max_violation"":0.15943391666666673,""sum_violation"":0.28669558779959825,""l2_violation"":0.20399683017934384,""pass"":false},{""endpoint_step"":14,""arrival_time_ms"":140,""window_start_step"":12,""sustained_box_max_error_m"":0.0347830175,""endpoint_velocity_m_per_s"":0.08941009976368783,""endpoint_late_velocity_rms_m_per_s"":0.09502609196799064,""post_arrival_velocity_rms_m_per_s"":0.07380439887524418,""final_velocity_m_per_s"":0.053851765494918345,""sustained_Ip_max_error_A"":672.856200000002,""position_violation"":0.15943391666666673,""endpoint_speed_violation"":0.0,""endpoint_late_speed_violation"":0.0,""post_speed_violation"":0.0,""final_speed_violation"":0.0,""ip_violation"":0.0,""max_violation"":0.15943391666666673,""sum_violation"":0.15943391666666673,""l2_violation"":0.15943391666666673,""pass"":false},{""endpoint_step"":15,""arrival_time_ms"":150,""window_start_step"":13,""sustained_box_max_error_m"":0.0347830175,""endpoint_velocity_m_per_s"":0.053851765494918345,""endpoint_late_velocity_rms_m_per_s"":0.09329181813360073,""post_arrival_velocity_rms_m_per_s"":0.053851765494918345,""final_velocity_m_per_s"":0.053851765494918345,""sustained_Ip_max_error_A"":637.721800000003,""position_violation"":0.15943391666666673,""endpoint_speed_violation"":0.0,""endpoint_late_speed_violation"":0.0,""post_speed_violation"":0.0,""final_speed_violation"":0.0,""ip_violation"":0.0,""max_violation"":0.15943391666666673,""sum_violation"":0.15943391666666673,""l2_violation"":0.15943391666666673,""pass"":false}]",True,False,5.62003014471422,5.62003014471422,1016746.1812801447,0.3813455810744221,0.20868830022204465,0.04807504367787985,240.79900908470154,1
Stage3.0,controller_identification_999_probes,s30r999p_c100a0376c13f0bd,1,nominal_05_s22g000_571ab4a158d29207,s22g000_571ab4a158d29207,gate,center0_v0_p,real_tsc_fd_probe,"[-0.3525934518181101,0.31836250362187624,0.14993042464019693,0.2709999999999997,0.27099999999999996,0.038150000000000024,0.37939999999999935,0.37939999999999996,0.1355,0.43359999999999943,0.43359999999999976,0.06539999999999996,0.4335999999999999,0.11359999999999945,0.16259999999999988,0.4335999999999991,0.11359999999999984,0.16259999999999983]",stage3_0_evaluations/controller_identification_999_probes/s30r999p_c100a0376c13f0bd.json.gz,s30r02s_5c06bc76b59d0d57,0,1,0.01,0.010000000000000009,two_sided,True,,16,-0.027129486999999952,0.0347852661,467.89330000000336,0.04411375978683948,0.0347852661,0.05446779030711628,0.09335681144294193,0.6492383287639514,0.41409999999999997,0,16,False,True,PASS_DAMPED_HOLD_40MM_120_150MS,,,14,140,14,140,0.0347852661,0.07424662430559334,14,140,12,0.0347852661,0.08976849258293165,0.09498023264356385,0.07424662430559334,0.05446779030711628,673.1680000000015,0.15950887000000002,0.0,0.0,0.0,0.0,0.0,0.15950887000000002,0.15950887000000002,0.15950887000000002,"[{""endpoint_step"":12,""arrival_time_ms"":120,""window_start_step"":10,""sustained_box_max_error_m"":0.0347852661,""endpoint_velocity_m_per_s"":0.10556213396605078,""endpoint_late_velocity_rms_m_per_s"":0.0743969477813466,""post_arrival_velocity_rms_m_per_s"":0.09335681144294193,""final_velocity_m_per_s"":0.05446779030711628,""sustained_Ip_max_error_A"":783.358400000001,""position_violation"":0.15950887000000002,""endpoint_speed_violation"":0.05562133966050786,""endpoint_late_speed_violation"":0.0,""post_speed_violation"":0.0,""final_speed_violation"":0.0,""ip_violation"":0.0,""max_violation"":0.15950887000000002,""sum_violation"":0.2151302096605079,""l2_violation"":0.16892842577348105,""pass"":false},{""endpoint_step"":13,""arrival_time_ms"":130,""window_start_step"":11,""sustained_box_max_error_m"":0.0347852661,""endpoint_velocity_m_per_s"":0.11266539132383892,""endpoint_late_velocity_rms_m_per_s"":0.08386055610650711,""post_arrival_velocity_rms_m_per_s"":0.08891683913205192,""final_velocity_m_per_s"":0.05446779030711628,""sustained_Ip_max_error_A"":731.9825000000019,""position_violation"":0.15950887000000002,""endpoint_speed_violation"":0.12665391323838904,""endpoint_late_speed_violation"":0.0,""post_speed_violation"":0.0,""final_speed_violation"":0.0,""ip_violation"":0.0,""max_violation"":0.15950887000000002,""sum_violation"":0.28616278323838906,""l2_violation"":0.20367693376343401,""pass"":false},{""endpoint_step"":14,""arrival_time_ms"":140,""window_start_step"":12,""sustained_box_max_error_m"":0.0347852661,""endpoint_velocity_m_per_s"":0.08976849258293165,""endpoint_late_velocity_rms_m_per_s"":0.09498023264356385,""post_arrival_velocity_rms_m_per_s"":0.07424662430559334,""final_velocity_m_per_s"":0.05446779030711628,""sustained_Ip_max_error_A"":673.1680000000015,""position_violation"":0.15950887000000002,""endpoint_speed_violation"":0.0,""endpoint_late_speed_violation"":0.0,""post_speed_violation"":0.0,""final_speed_violation"":0.0,""ip_violation"":0.0,""max_violation"":0.15950887000000002,""sum_violation"":0.15950887000000002,""l2_violation"":0.15950887000000002,""pass"":false},{""endpoint_step"":15,""arrival_time_ms"":150,""window_start_step"":13,""sustained_box_max_error_m"":0.0347852661,""endpoint_velocity_m_per_s"":0.05446779030711628,""endpoint_late_velocity_rms_m_per_s"":0.09335681144294193,""post_arrival_velocity_rms_m_per_s"":0.05446779030711628,""final_velocity_m_per_s"":0.05446779030711628,""sustained_Ip_max_error_A"":637.9260000000031,""position_violation"":0.15950887000000002,""endpoint_speed_violation"":0.0,""endpoint_late_speed_violation"":0.0,""post_speed_violation"":0.0,""final_speed_violation"":0.0,""ip_violation"":0.0,""max_violation"":0.15950887000000002,""sum_violation"":0.15950887000000002,""l2_violation"":0.15950887000000002,""pass"":false}]",True,False,5.620944585747677,5.620944585747677,1016754.0522945857,0.3812451722973729,0.208381300404611,0.04807504367787985,242.1873264312744,2
Stage3.0,controller_identification_999_probes,s30r999p_8f77c81ea48cc213,13,nominal_05_s22g000_571ab4a158d29207,s22g000_571ab4a158d29207,gate,center0_v6_p,real_tsc_fd_probe,"[-0.3625934518181101,0.31836250362187624,0.14993042464019693,0.2709999999999997,0.27099999999999996,0.038150000000000024,0.39939999999999937,0.37939999999999996,0.1355,0.43359999999999943,0.43359999999999976,0.06539999999999996,0.4335999999999999,0.11359999999999945,0.16259999999999988,0.4335999999999991,0.11359999999999984,0.16259999999999983]",stage3_0_evaluations/controller_identification_999_probes/s30r999p_8f77c81ea48cc213.json.gz,s30r02s_5c06bc76b59d0d57,6,1,0.02,0.020000000000000018,two_sided,True,,16,-0.02713402399999998,0.0347969198,468.08570000000327,0.04412573949522214,0.0347969198,0.0539315438148234,0.09365879868449245,0.6492383287639514,0.41409999999999997,0,16,False,True,PASS_DAMPED_HOLD_40MM_120_150MS,,,14,140,14,140,0.0347969198,0.07411841029815944,14,140,12,0.0347969198,0.08988028744948694,0.0953803777251306,0.07411841029815944,0.0539315438148234,672.5191000000013,0.15989732666666678,0.0,0.0,0.0,0.0,0.0,0.15989732666666678,0.15989732666666678,0.15989732666666678,"[{""endpoint_step"":12,""arrival_time_ms"":120,""window_start_step"":10,""sustained_box_max_error_m"":0.0347969198,""endpoint_velocity_m_per_s"":0.1060956551671472,""endpoint_late_velocity_rms_m_per_s"":0.07462046359996266,""post_arrival_velocity_rms_m_per_s"":0.09365879868449245,""final_velocity_m_per_s"":0.0539315438148234,""sustained_Ip_max_error_A"":782.9552000000003,""position_violation"":0.15989732666666678,""endpoint_speed_violation"":0.06095655167147185,""endpoint_late_speed_violation"":0.0,""post_speed_violation"":0.0,""final_speed_violation"":0.0,""ip_violation"":0.0,""max_violation"":0.15989732666666678,""sum_violation"":0.22085387833813863,""l2_violation"":0.17112234297958745,""pass"":false},{""endpoint_step"":13,""arrival_time_ms"":130,""window_start_step"":11,""sustained_box_max_error_m"":0.0347969198,""endpoint_velocity_m_per_s"":0.11333365232132211,""endpoint_late_velocity_rms_m_per_s"":0.08428319646151129,""post_arrival_velocity_rms_m_per_s"":0.08912836106564312,""final_velocity_m_per_s"":0.0539315438148234,""sustained_Ip_max_error_A"":731.4477000000006,""position_violation"":0.15989732666666678,""endpoint_speed_violation"":0.1333365232132211,""endpoint_late_speed_violation"":0.0,""post_speed_violation"":0.0,""final_speed_violation"":0.0,""ip_violation"":0.0,""max_violation"":0.15989732666666678,""sum_violation"":0.2932338498798879,""l2_violation"":0.20819650212656454,""pass"":false},{""endpoint_step"":14,""arrival_time_ms"":140,""window_start_step"":12,""sustained_box_max_error_m"":0.0347969198,""endpoint_velocity_m_per_s"":0.08988028744948694,""endpoint_late_velocity_rms_m_per_s"":0.0953803777251306,""post_arrival_velocity_rms_m_per_s"":0.07411841029815944,""final_velocity_m_per_s"":0.0539315438148234,""sustained_Ip_max_error_A"":672.5191000000013,""position_violation"":0.15989732666666678,""endpoint_speed_violation"":0.0,""endpoint_late_speed_violation"":0.0,""post_speed_violation"":0.0,""final_speed_violation"":0.0,""ip_violation"":0.0,""max_violation"":0.15989732666666678,""sum_violation"":0.15989732666666678,""l2_violation"":0.15989732666666678,""pass"":false},{""endpoint_step"":15,""arrival_time_ms"":150,""window_start_step"":13,""sustained_box_max_error_m"":0.0347969198,""endpoint_velocity_m_per_s"":0.0539315438148234,""endpoint_late_velocity_rms_m_per_s"":0.09365879868449245,""post_arrival_velocity_rms_m_per_s"":0.0539315438148234,""final_velocity_m_per_s"":0.0539315438148234,""sustained_Ip_max_error_A"":637.777100000003,""position_violation"":0.15989732666666678,""endpoint_speed_violation"":0.0,""endpoint_late_speed_violation"":0.0,""post_speed_violation"":0.0,""final_speed_violation"":0.0,""ip_violation"":0.0,""max_violation"":0.15989732666666678,""sum_violation"":0.15989732666666678,""l2_violation"":0.15989732666666678,""pass"":false}]",True,False,5.6313413304726,5.6313413304726,1016794.8506413304,0.3813870859741396,0.20851280870039265,0.04807504367787985,231.7575719356537,3
Stage3.0,controller_identification_999_probes,s30r999p_e7477623771b9c64,19,nominal_05_s22g000_571ab4a158d29207,s22g000_571ab4a158d29207,gate,center0_v9_p,real_tsc_fd_probe,"[-0.3625934518181101,0.31836250362187624,0.14993042464019693,0.2709999999999997,0.27099999999999996,0.038150000000000024,0.37939999999999935,0.37939999999999996,0.1355,0.45759999999999945,0.43359999999999976,0.06539999999999996,0.4335999999999999,0.11359999999999945,0.16259999999999988,0.4335999999999991,0.11359999999999984,0.16259999999999983]",stage3_0_evaluations/controller_identification_999_probes/s30r999p_e7477623771b9c64.json.gz,s30r02s_5c06bc76b59d0d57,9,1,0.024,0.02400000000000002,two_sided,True,,16,-0.02713229500000003,0.0348083874,467.2998000000007,0.04413372027549349,0.0348083874,0.05414807989605324,0.09391654365369803,0.6492383287639514,0.41409999999999997,0,16,False,True,PASS_DAMPED_HOLD_40MM_120_150MS,,,14,140,14,140,0.0348083874,0.07455717320027508,14,140,12,0.0348083874,0.09047391665448262,0.09560288840447491,0.07455717320027508,0.05414807989605324,672.640000000003,0.1602795800000001,0.0,0.0,0.0,0.0,0.0,0.1602795800000001,0.1602795800000001,0.1602795800000001,"[{""endpoint_step"":12,""arrival_time_ms"":120,""window_start_step"":10,""sustained_box_max_error_m"":0.0348083874,""endpoint_velocity_m_per_s"":0.10613259754338565,""endpoint_late_velocity_rms_m_per_s"":0.07463359593281949,""post_arrival_velocity_rms_m_per_s"":0.09391654365369803,""final_velocity_m_per_s"":0.05414807989605324,""sustained_Ip_max_error_A"":782.9552000000003,""position_violation"":0.1602795800000001,""endpoint_speed_violation"":0.06132597543385643,""endpoint_late_speed_violation"":0.0,""post_speed_violation"":0.0,""final_speed_violation"":0.0,""ip_violation"":0.0,""max_violation"":0.1602795800000001,""sum_violation"":0.22160555543385652,""l2_violation"":0.1716112438853888,""pass"":false},{""endpoint_step"":13,""arrival_time_ms"":130,""window_start_step"":11,""sustained_box_max_error_m"":0.0348083874,""endpoint_velocity_m_per_s"":0.11357638960140425,""endpoint_late_velocity_rms_m_per_s"":0.08437646082504076,""post_arrival_velocity_rms_m_per_s"":0.08947465269769907,""final_velocity_m_per_s"":0.05414807989605324,""sustained_Ip_max_error_A"":731.4477000000006,""position_violation"":0.1602795800000001,""endpoint_speed_violation"":0.13576389601404237,""endpoint_late_speed_violation"":0.0,""post_speed_violation"":0.0,""final_speed_violation"":0.0,""ip_violation"":0.0,""max_violation"":0.1602795800000001,""sum_violation"":0.29604347601404246,""l2_violation"":0.21005089675097352,""pass"":false},{""endpoint_step"":14,""arrival_time_ms"":140,""window_start_step"":12,""sustained_box_max_error_m"":0.0348083874,""endpoint_velocity_m_per_s"":0.09047391665448262,""endpoint_late_velocity_rms_m_per_s"":0.09560288840447491,""post_arrival_velocity_rms_m_per_s"":0.07455717320027508,""final_velocity_m_per_s"":0.05414807989605324,""sustained_Ip_max_error_A"":672.640000000003,""position_violation"":0.1602795800000001,""endpoint_speed_violation"":0.0,""endpoint_late_speed_violation"":0.0,""post_speed_violation"":0.0,""final_speed_violation"":0.0,""ip_violation"":0.0,""max_violation"":0.1602795800000001,""sum_violation"":0.1602795800000001,""l2_violation"":0.1602795800000001,""pass"":false},{""endpoint_step"":15,""arrival_time_ms"":150,""window_start_step"":13,""sustained_box_max_error_m"":0.0348083874,""endpoint_velocity_m_per_s"":0.05414807989605324,""endpoint_late_velocity_rms_m_per_s"":0.09391654365369803,""post_arrival_velocity_rms_m_per_s"":0.05414807989605324,""final_velocity_m_per_s"":0.05414807989605324,""sustained_Ip_max_error_A"":636.1423000000032,""position_violation"":0.1602795800000001,""endpoint_speed_violation"":0.0,""endpoint_late_speed_violation"":0.0,""post_speed_violation"":0.0,""final_speed_violation"":0.0,""ip_violation"":0.0,""max_violation"":0.1602795800000001,""sum_violation"":0.1602795800000001,""l2_violation"":0.1602795800000001,""pass"":false}]",True,False,5.639329433339508,5.639329433339508,1016834.9952294333,0.3814233728389567,0.208522419790755,0.04807504367787985,234.79298543930054,4
Stage3.0,controller_identification_999_probes,s30r999p_bbef3274ce1ddb91,9,nominal_05_s22g000_571ab4a158d29207,s22g000_571ab4a158d29207,gate,center0_v4_p,real_tsc_fd_probe,"[-0.3625934518181101,0.31836250362187624,0.14993042464019693,0.2709999999999997,0.287,0.038150000000000024,0.37939999999999935,0.37939999999999996,0.1355,0.43359999999999943,0.43359999999999976,0.06539999999999996,0.4335999999999999,0.11359999999999945,0.16259999999999988,0.4335999999999991,0.11359999999999984,0.16259999999999983]",stage3_0_evaluations/controller_identification_999_probes/s30r999p_bbef3274ce1ddb91.json.gz,s30r02s_5c06bc76b59d0d57,4,1,0.016,0.016000000000000014,two_sided,True,,16,-0.027093530000000032,0.0348103634,470.97130000000107,0.04411145846490412,0.0348103634,0.0557053056207733,0.09407924845531626,0.6492383287639514,0.41409999999999997,0,16,False,True,PASS_DAMPED_HOLD_40MM_120_150MS,,,14,140,14,140,0.0348103634,0.07520010077573723,14,140,12,0.0348103634,0.09059265554700509,0.0955354053304804,0.07520010077573723,0.0557053056207733,672.3661000000029,0.16034544666666672,0.0,0.0,0.0,0.0,0.0,0.16034544666666672,0.16034544666666672,0.16034544666666672,"[{""endpoint_step"":12,""arrival_time_ms"":120,""window_start_step"":10,""sustained_box_max_error_m"":0.0348103634,""endpoint_velocity_m_per_s"":0.10602037345476982,""endpoint_late_velocity_rms_m_per_s"":0.07458888446141392,""post_arrival_velocity_rms_m_per_s"":0.09407924845531626,""final_velocity_m_per_s"":0.0557053056207733,""sustained_Ip_max_error_A"":782.9552000000003,""position_violation"":0.16034544666666672,""endpoint_speed_violation"":0.06020373454769823,""endpoint_late_speed_violation"":0.0,""post_speed_violation"":0.0,""final_speed_violation"":0.0,""ip_violation"":0.0,""max_violation"":0.16034544666666672,""sum_violation"":0.22054918121436495,""l2_violation"":0.171275076763149,""pass"":false},{""endpoint_step"":13,""arrival_time_ms"":130,""window_start_step"":11,""sustained_box_max_error_m"":0.0348103634,""endpoint_velocity_m_per_s"":0.11337191036062494,""endpoint_late_velocity_rms_m_per_s"":0.08426810565496488,""post_arrival_velocity_rms_m_per_s"":0.08974649551594321,""final_velocity_m_per_s"":0.0557053056207733,""sustained_Ip_max_error_A"":731.9337000000014,""position_violation"":0.16034544666666672,""endpoint_speed_violation"":0.13371910360624928,""endpoint_late_speed_violation"":0.0,""post_speed_violation"":0.0,""final_speed_violation"":0.0,""ip_violation"":0.0,""max_violation"":0.16034544666666672,""sum_violation"":0.294064550272916,""l2_violation"":0.20878568182706325,""pass"":false},{""endpoint_step"":14,""arrival_time_ms"":140,""window_start_step"":12,""sustained_box_max_error_m"":0.0348103634,""endpoint_velocity_m_per_s"":0.09059265554700509,""endpoint_late_velocity_rms_m_per_s"":0.0955354053304804,""post_arrival_velocity_rms_m_per_s"":0.07520010077573723,""final_velocity_m_per_s"":0.0557053056207733,""sustained_Ip_max_error_A"":672.3661000000029,""position_violation"":0.16034544666666672,""endpoint_speed_violation"":0.0,""endpoint_late_speed_violation"":0.0,""post_speed_violation"":0.0,""final_speed_violation"":0.0,""ip_violation"":0.0,""max_violation"":0.16034544666666672,""sum_violation"":0.16034544666666672,""l2_violation"":0.16034544666666672,""pass"":false},{""endpoint_step"":15,""arrival_time_ms"":150,""window_start_step"":13,""sustained_box_max_error_m"":0.0348103634,""endpoint_velocity_m_per_s"":0.0557053056207733,""endpoint_late_velocity_rms_m_per_s"":0.09407924845531626,""post_arrival_velocity_rms_m_per_s"":0.0557053056207733,""final_velocity_m_per_s"":0.0557053056207733,""sustained_Ip_max_error_A"":636.971800000003,""position_violation"":0.16034544666666672,""endpoint_speed_violation"":0.0,""endpoint_late_speed_violation"":0.0,""post_speed_violation"":0.0,""final_speed_violation"":0.0,""ip_violation"":0.0,""max_violation"":0.16034544666666672,""sum_violation"":0.16034544666666672,""l2_violation"":0.16034544666666672,""pass"":false}]",True,False,5.6414901016539964,5.6414901016539964,1016841.9133901017,0.3813455810744221,0.20842176030118692,0.04807504367787985,238.15839004516602,5
Stage3.0,controller_identification_999_probes,s30r999p_9817ba7dd8012fb6,15,nominal_05_s22g000_571ab4a158d29207,s22g000_571ab4a158d29207,gate,center0_v7_p,real_tsc_fd_probe,"[-0.3625934518181101,0.31836250362187624,0.14993042464019693,0.2709999999999997,0.27099999999999996,0.038150000000000024,0.37939999999999935,0.3994,0.1355,0.43359999999999943,0.43359999999999976,0.06539999999999996,0.4335999999999999,0.11359999999999945,0.16259999999999988,0.4335999999999991,0.11359999999999984,0.16259999999999983]",stage3_0_evaluations/controller_identification_999_probes/s30r999p_9817ba7dd8012fb6.json.gz,s30r02s_5c06bc76b59d0d57,7,1,0.02,0.020000000000000018,two_sided,True,,16,-0.027097570000000015,0.0348132639,472.2833000000028,0.04411622879707585,0.0348132639,0.05574607630895366,0.09417941886185414,0.6492383287639514,0.41409999999999997,0,16,False,True,PASS_DAMPED_HOLD_40MM_120_150MS,,,14,140,14,140,0.0348132639,0.07525769930970015,14,140,12,0.0348132639,0.0906632096659654,0.0956318744965532,0.07525769930970015,0.05574607630895366,674.7444000000032,0.16044213000000007,0.0,0.0,0.0,0.0,0.0,0.16044213000000007,0.16044213000000007,0.16044213000000007,"[{""endpoint_step"":12,""arrival_time_ms"":120,""window_start_step"":10,""sustained_box_max_error_m"":0.0348132639,""endpoint_velocity_m_per_s"":0.1061119314716631,""endpoint_late_velocity_rms_m_per_s"":0.0746262492471552,""post_arrival_velocity_rms_m_per_s"":0.09417941886185414,""final_velocity_m_per_s"":0.05574607630895366,""sustained_Ip_max_error_A"":782.9552000000003,""position_violation"":0.16044213000000007,""endpoint_speed_violation"":0.0611193147166309,""endpoint_late_speed_violation"":0.0,""post_speed_violation"":0.0,""final_speed_violation"":0.0,""ip_violation"":0.0,""max_violation"":0.16044213000000007,""sum_violation"":0.22156144471663097,""l2_violation"":0.17168939312132098,""pass"":false},{""endpoint_step"":13,""arrival_time_ms"":130,""window_start_step"":11,""sustained_box_max_error_m"":0.0348132639,""endpoint_velocity_m_per_s"":0.11354235833908354,""endpoint_late_velocity_rms_m_per_s"":0.08435851048810974,""post_arrival_velocity_rms_m_per_s"":0.08985044935517265,""final_velocity_m_per_s"":0.05574607630895366,""sustained_Ip_max_error_A"":731.4477000000006,""position_violation"":0.16044213000000007,""endpoint_speed_violation"":0.13542358339083527,""endpoint_late_speed_violation"":0.0,""post_speed_violation"":0.0,""final_speed_violation"":0.0,""ip_violation"":0.0,""max_violation"":0.16044213000000007,""sum_violation"":0.29586571339083534,""l2_violation"":0.20995529052003295,""pass"":false},{""endpoint_step"":14,""arrival_time_ms"":140,""window_start_step"":12,""sustained_box_max_error_m"":0.0348132639,""endpoint_velocity_m_per_s"":0.0906632096659654,""endpoint_late_velocity_rms_m_per_s"":0.0956318744965532,""post_arrival_velocity_rms_m_per_s"":0.07525769930970015,""final_velocity_m_per_s"":0.05574607630895366,""sustained_Ip_max_error_A"":674.7444000000032,""position_violation"":0.16044213000000007,""endpoint_speed_violation"":0.0,""endpoint_late_speed_violation"":0.0,""post_speed_violation"":0.0,""final_speed_violation"":0.0,""ip_violation"":0.0,""max_violation"":0.16044213000000007,""sum_violation"":0.16044213000000007,""l2_violation"":0.16044213000000007,""pass"":false},{""endpoint_step"":15,""arrival_time_ms"":150,""window_start_step"":13,""sustained_box_max_error_m"":0.0348132639,""endpoint_velocity_m_per_s"":0.05574607630895366,""endpoint_late_velocity_rms_m_per_s"":0.09417941886185414,""post_arrival_velocity_rms_m_per_s"":0.05574607630895366,""final_velocity_m_per_s"":0.05574607630895366,""sustained_Ip_max_error_A"":638.8317999999999,""position_violation"":0.16044213000000007,""endpoint_speed_violation"":0.0,""endpoint_late_speed_violation"":0.0,""post_speed_violation"":0.0,""final_speed_violation"":0.0,""ip_violation"":0.0,""max_violation"":0.16044213000000007,""sum_violation"":0.16044213000000007,""l2_violation"":0.16044213000000007,""pass"":false}]",True,False,5.645256372516712,5.645256372516712,1016852.0689063725,0.3813870859741396,0.20851280870039265,0.04807504367787985,244.34272480010986,6
Stage3.0,controller_identification_999_probes,s30r999p_e82770d61aff6310,10,nominal_05_s22g000_571ab4a158d29207,s22g000_571ab4a158d29207,gate,center0_v5_m,real_tsc_fd_probe,"[-0.3625934518181101,0.31836250362187624,0.14993042464019693,0.2709999999999997,0.27099999999999996,0.032150000000000026,0.37939999999999935,0.37939999999999996,0.1355,0.43359999999999943,0.43359999999999976,0.06539999999999996,0.4335999999999999,0.11359999999999945,0.16259999999999988,0.4335999999999991,0.11359999999999984,0.16259999999999983]",stage3_0_evaluations/controller_identification_999_probes/s30r999p_e82770d61aff6310.json.gz,s30r02s_5c06bc76b59d0d57,5,-1,0.006,-0.005999999999999998,two_sided,True,,16,-0.027115663999999984,0.0348134463,472.81960000000254,0.04412748890933948,0.0348134463,0.055310627828115744,0.09402783513582894,0.6492383287639514,0.41409999999999997,0,16,False,True,PASS_DAMPED_HOLD_40MM_120_150MS,,,14,140,14,140,0.0348134463,0.0750228904647165,14,140,12,0.0348134463,0.09054061318889645,0.09554326998244883,0.0750228904647165,0.055310627828115744,674.394900000003,0.1604482100000002,0.0,0.0,0.0,0.0,0.0,0.1604482100000002,0.1604482100000002,0.1604482100000002,"[{""endpoint_step"":12,""arrival_time_ms"":120,""window_start_step"":10,""sustained_box_max_error_m"":0.0348134463,""endpoint_velocity_m_per_s"":0.10605051512886789,""endpoint_late_velocity_rms_m_per_s"":0.07460107119925334,""post_arrival_velocity_rms_m_per_s"":0.09402783513582894,""final_velocity_m_per_s"":0.055310627828115744,""sustained_Ip_max_error_A"":782.9552000000003,""position_violation"":0.1604482100000002,""endpoint_speed_violation"":0.06050515128867873,""endpoint_late_speed_violation"":0.0,""post_speed_violation"":0.0,""final_speed_violation"":0.0,""ip_violation"":0.0,""max_violation"":0.1604482100000002,""sum_violation"":0.22095336128867893,""l2_violation"":0.17147740791331686,""pass"":false},{""endpoint_step"":13,""arrival_time_ms"":130,""window_start_step"":11,""sustained_box_max_error_m"":0.0348134463,""endpoint_velocity_m_per_s"":0.11340791495686078,""endpoint_late_velocity_rms_m_per_s"":0.08429100218033646,""post_arrival_velocity_rms_m_per_s"":0.08966274470150962,""final_velocity_m_per_s"":0.055310627828115744,""sustained_Ip_max_error_A"":733.1880000000019,""position_violation"":0.1604482100000002,""endpoint_speed_violation"":0.13407914956860778,""endpoint_late_speed_violation"":0.0,""post_speed_violation"":0.0,""final_speed_violation"":0.0,""ip_violation"":0.0,""max_violation"":0.1604482100000002,""sum_violation"":0.294527359568608,""l2_violation"":0.20909530468483806,""pass"":false},{""endpoint_step"":14,""arrival_time_ms"":140,""window_start_step"":12,""sustained_box_max_error_m"":0.0348134463,""endpoint_velocity_m_per_s"":0.09054061318889645,""endpoint_late_velocity_rms_m_per_s"":0.09554326998244883,""post_arrival_velocity_rms_m_per_s"":0.0750228904647165,""final_velocity_m_per_s"":0.055310627828115744,""sustained_Ip_max_error_A"":674.394900000003,""position_violation"":0.1604482100000002,""endpoint_speed_violation"":0.0,""endpoint_late_speed_violation"":0.0,""post_speed_violation"":0.0,""final_speed_violation"":0.0,""ip_violation"":0.0,""max_violation"":0.1604482100000002,""sum_violation"":0.1604482100000002,""l2_violation"":0.1604482100000002,""pass"":false},{""endpoint_step"":15,""arrival_time_ms"":150,""window_start_step"":13,""sustained_box_max_error_m"":0.0348134463,""endpoint_velocity_m_per_s"":0.055310627828115744,""endpoint_late_velocity_rms_m_per_s"":0.09402783513582894,""post_arrival_velocity_rms_m_per_s"":0.055310627828115744,""final_velocity_m_per_s"":0.055310627828115744,""sustained_Ip_max_error_A"":639.0926,""position_violation"":0.1604482100000002,""endpoint_speed_violation"":0.0,""endpoint_late_speed_violation"":0.0,""post_speed_violation"":0.0,""final_speed_violation"":0.0,""ip_violation"":0.0,""max_violation"":0.1604482100000002,""sum_violation"":0.1604482100000002,""l2_violation"":0.1604482100000002,""pass"":false}]",True,False,5.641562629135759,5.641562629135759,1016852.7036126291,0.3812872006084728,0.20850808086372064,0.04807504367787985,244.7804183959961,7
Stage3.0,controller_identification_999_probes,s30r999p_7f83b9d9f20ad8eb,11,nominal_05_s22g000_571ab4a158d29207,s22g000_571ab4a158d29207,gate,center0_v5_p,real_tsc_fd_probe,"[-0.3625934518181101,0.31836250362187624,0.14993042464019693,0.2709999999999997,0.27099999999999996,0.04415000000000002,0.37939999999999935,0.37939999999999996,0.1355,0.43359999999999943,0.43359999999999976,0.06539999999999996,0.4335999999999999,0.11359999999999945,0.16259999999999988,0.4335999999999991,0.11359999999999984,0.16259999999999983]",stage3_0_evaluations/controller_identification_999_probes/s30r999p_7f83b9d9f20ad8eb.json.gz,s30r02s_5c06bc76b59d0d57,5,1,0.006,0.005999999999999998,two_sided,True,,16,-0.027126262000000012,0.0348140811,466.1921000000002,0.044134502749323255,0.0348140811,0.05518342666458888,0.09400071218498202,0.6492383287639514,0.41409999999999997,0,16,False,True,PASS_DAMPED_HOLD_40MM_120_150MS,,,14,140,14,140,0.0348140811,0.07496230421381324,14,140,12,0.0348140811,0.09051786303068861,0.09553614741432274,0.07496230421381324,0.05518342666458888,670.7327000000005,0.16046936999999994,0.0,0.0,0.0,0.0,0.0,0.16046936999999994,0.16046936999999994,0.16046936999999994,"[{""endpoint_step"":12,""arrival_time_ms"":120,""window_start_step"":10,""sustained_box_max_error_m"":0.0348140811,""endpoint_velocity_m_per_s"":0.10606324100320694,""endpoint_late_velocity_rms_m_per_s"":0.07460710306085425,""post_arrival_velocity_rms_m_per_s"":0.09400071218498202,""final_velocity_m_per_s"":0.05518342666458888,""sustained_Ip_max_error_A"":782.9552000000003,""position_violation"":0.16046936999999994,""endpoint_speed_violation"":0.060632410032069206,""endpoint_late_speed_violation"":0.0,""post_speed_violation"":0.0,""final_speed_violation"":0.0,""ip_violation"":0.0,""max_violation"":0.16046936999999994,""sum_violation"":0.22110178003206915,""l2_violation"":0.17154214600060783,""pass"":false},{""endpoint_step"":13,""arrival_time_ms"":130,""window_start_step"":11,""sustained_box_max_error_m"":0.0348140811,""endpoint_velocity_m_per_s"":0.11338620007277073,""endpoint_late_velocity_rms_m_per_s"":0.08428903754132147,""post_arrival_velocity_rms_m_per_s"":0.08961979779979971,""final_velocity_m_per_s"":0.05518342666458888,""sustained_Ip_max_error_A"":729.6766000000025,""position_violation"":0.16046936999999994,""endpoint_speed_violation"":0.13386200072770715,""endpoint_late_speed_violation"":0.0,""post_speed_violation"":0.0,""final_speed_violation"":0.0,""ip_violation"":0.0,""max_violation"":0.16046936999999994,""sum_violation"":0.2943313707277071,""l2_violation"":0.20897237603812988,""pass"":false},{""endpoint_step"":14,""arrival_time_ms"":140,""window_start_step"":12,""sustained_box_max_error_m"":0.0348140811,""endpoint_velocity_m_per_s"":0.09051786303068861,""endpoint_late_velocity_rms_m_per_s"":0.09553614741432274,""post_arrival_velocity_rms_m_per_s"":0.07496230421381324,""final_velocity_m_per_s"":0.05518342666458888,""sustained_Ip_max_error_A"":670.7327000000005,""position_violation"":0.16046936999999994,""endpoint_speed_violation"":0.0,""endpoint_late_speed_violation"":0.0,""post_speed_violation"":0.0,""final_speed_violation"":0.0,""ip_violation"":0.0,""max_violation"":0.16046936999999994,""sum_violation"":0.16046936999999994,""l2_violation"":0.16046936999999994,""pass"":false},{""endpoint_step"":15,""arrival_time_ms"":150,""window_start_step"":13,""sustained_box_max_error_m"":0.0348140811,""endpoint_velocity_m_per_s"":0.05518342666458888,""endpoint_late_velocity_rms_m_per_s"":0.09400071218498202,""post_arrival_velocity_rms_m_per_s"":0.05518342666458888,""final_velocity_m_per_s"":0.05518342666458888,""sustained_Ip_max_error_A"":635.6841000000022,""position_violation"":0.16046936999999994,""endpoint_speed_violation"":0.0,""endpoint_late_speed_violation"":0.0,""post_speed_violation"":0.0,""final_speed_violation"":0.0,""ip_violation"":0.0,""max_violation"":0.16046936999999994,""sum_violation"":0.16046936999999994,""l2_violation"":0.16046936999999994,""pass"":false}]",True,False,5.641591167347382,5.641591167347382,1016854.9254411673,0.3812929180405083,0.20844666458922548,0.04807504367787985,230.25393271446228,8
Stage3.0,controller_identification_999_probes,s30r999p_52e31a37a4f29ee9,21,nominal_05_s22g000_571ab4a158d29207,s22g000_571ab4a158d29207,gate,center0_v10_p,real_tsc_fd_probe,"[-0.3625934518181101,0.31836250362187624,0.14993042464019693,0.2709999999999997,0.27099999999999996,0.038150000000000024,0.37939999999999935,0.37939999999999996,0.1355,0.43359999999999943,0.4575999999999998,0.06539999999999996,0.4335999999999999,0.11359999999999945,0.16259999999999988,0.4335999999999991,0.11359999999999984,0.16259999999999983]",stage3_0_evaluations/controller_identification_999_probes/s30r999p_52e31a37a4f29ee9.json.gz,s30r02s_5c06bc76b59d0d57,10,1,0.024,0.02400000000000002,two_sided,True,,16,-0.02710941,0.0348180292,472.041500000003,0.04412726218473284,0.0348180292,0.0556706202636673,0.09422405491274026,0.6492383287639514,0.41409999999999997,0,16,False,True,PASS_DAMPED_HOLD_40MM_120_150MS,,,14,140,14,140,0.0348180292,0.0752993585309456,14,140,12,0.0348180292,0.09077868048061911,0.0956868160855642,0.0752993585309456,0.0556706202636673,672.640000000003,0.16060097333333356,0.0,0.0,0.0,0.0,0.0,0.16060097333333356,0.16060097333333356,0.16060097333333356,"[{""endpoint_step"":12,""arrival_time_ms"":120,""window_start_step"":10,""sustained_box_max_error_m"":0.0348180292,""endpoint_velocity_m_per_s"":0.10613259754338565,""endpoint_late_velocity_rms_m_per_s"":0.07463359593281949,""post_arrival_velocity_rms_m_per_s"":0.09422405491274026,""final_velocity_m_per_s"":0.0556706202636673,""sustained_Ip_max_error_A"":782.9552000000003,""position_violation"":0.16060097333333356,""endpoint_speed_violation"":0.06132597543385643,""endpoint_late_speed_violation"":0.0,""post_speed_violation"":0.0,""final_speed_violation"":0.0,""ip_violation"":0.0,""max_violation"":0.16060097333333356,""sum_violation"":0.22192694876719,""l2_violation"":0.1719114536571897,""pass"":false},{""endpoint_step"":13,""arrival_time_ms"":130,""window_start_step"":11,""sustained_box_max_error_m"":0.0348180292,""endpoint_velocity_m_per_s"":0.11361591017611186,""endpoint_late_velocity_rms_m_per_s"":0.08438976142829013,""post_arrival_velocity_rms_m_per_s"":0.0899046936770454,""final_velocity_m_per_s"":0.0556706202636673,""sustained_Ip_max_error_A"":731.4477000000006,""position_violation"":0.16060097333333356,""endpoint_speed_violation"":0.13615910176111856,""endpoint_late_speed_violation"":0.0,""post_speed_violation"":0.0,""final_speed_violation"":0.0,""ip_violation"":0.0,""max_violation"":0.16060097333333356,""sum_violation"":0.2967600750944521,""l2_violation"":0.2105515937436921,""pass"":false},{""endpoint_step"":14,""arrival_time_ms"":140,""window_start_step"":12,""sustained_box_max_error_m"":0.0348180292,""endpoint_velocity_m_per_s"":0.09077868048061911,""endpoint_late_velocity_rms_m_per_s"":0.0956868160855642,""post_arrival_velocity_rms_m_per_s"":0.0752993585309456,""final_velocity_m_per_s"":0.0556706202636673,""sustained_Ip_max_error_A"":672.640000000003,""position_violation"":0.16060097333333356,""endpoint_speed_violation"":0.0,""endpoint_late_speed_violation"":0.0,""post_speed_violation"":0.0,""final_speed_violation"":0.0,""ip_violation"":0.0,""max_violation"":0.16060097333333356,""sum_violation"":0.16060097333333356,""l2_violation"":0.16060097333333356,""pass"":false},{""endpoint_step"":15,""arrival_time_ms"":150,""window_start_step"":13,""sustained_box_max_error_m"":0.0348180292,""endpoint_velocity_m_per_s"":0.0556706202636673,""endpoint_late_velocity_rms_m_per_s"":0.09422405491274026,""post_arrival_velocity_rms_m_per_s"":0.0556706202636673,""final_velocity_m_per_s"":0.0556706202636673,""sustained_Ip_max_error_A"":639.2063000000016,""position_violation"":0.16060097333333356,""endpoint_speed_violation"":0.0,""endpoint_late_speed_violation"":0.0,""post_speed_violation"":0.0,""final_speed_violation"":0.0,""ip_violation"":0.0,""max_violation"":0.16060097333333356,""sum_violation"":0.16060097333333356,""l2_violation"":0.16060097333333356,""pass"":false}]",True,False,5.647597360544437,5.647597360544437,1016868.7497973605,0.3814233728389567,0.20871024628017337,0.04807504367787985,242.92708802223206,9
Stage3.0,controller_identification_999_probes,s30r999p_3febae747adff708,16,nominal_05_s22g000_571ab4a158d29207,s22g000_571ab4a158d29207,gate,center0_v8_m,real_tsc_fd_probe,"[-0.3625934518181101,0.31836250362187624,0.14993042464019693,0.2709999999999997,0.27099999999999996,0.038150000000000024,0.37939999999999935,0.37939999999999996,0.1275,0.43359999999999943,0.43359999999999976,0.06539999999999996,0.4335999999999999,0.11359999999999945,0.16259999999999988,0.4335999999999991,0.11359999999999984,0.16259999999999983]",stage3_0_evaluations/controller_identification_999_probes/s30r999p_3febae747adff708.json.gz,s30r02s_5c06bc76b59d0d57,8,-1,0.008,-0.008000000000000007,two_sided,True,,16,-0.027115785999999975,0.0348207055,474.21370000000024,0.044133291084118405,0.0348207055,0.05553652660192227,0.09420066088371243,0.6492383287639514,0.41409999999999997,0,16,False,True,PASS_DAMPED_HOLD_40MM_120_150MS,,,14,140,14,140,0.0348207055,0.07525391261257905,14,140,12,0.0348207055,0.09078544453819318,0.09568326291836803,0.07525391261257905,0.05553652660192227,675.6262999999999,0.1606901833333334,0.0,0.0,0.0,0.0,0.0,0.1606901833333334,0.1606901833333334,0.1606901833333334,"[{""endpoint_step"":12,""arrival_time_ms"":120,""window_start_step"":10,""sustained_box_max_error_m"":0.0348207055,""endpoint_velocity_m_per_s"":0.10612484025810587,""endpoint_late_velocity_rms_m_per_s"":0.07463083817356551,""post_arrival_velocity_rms_m_per_s"":0.09420066088371243,""final_velocity_m_per_s"":0.05553652660192227,""sustained_Ip_max_error_A"":782.9552000000003,""position_violation"":0.1606901833333334,""endpoint_speed_violation"":0.06124840258105868,""endpoint_late_speed_violation"":0.0,""post_speed_violation"":0.0,""final_speed_violation"":0.0,""ip_violation"":0.0,""max_violation"":0.1606901833333334,""sum_violation"":0.22193858591439208,""l2_violation"":0.17196715337072874,""pass"":false},{""endpoint_step"":13,""arrival_time_ms"":130,""window_start_step"":11,""sustained_box_max_error_m"":0.0348207055,""endpoint_velocity_m_per_s"":0.11360578152937859,""endpoint_late_velocity_rms_m_per_s"":0.08438391337504988,""post_arrival_velocity_rms_m_per_s"":0.08987505461083971,""final_velocity_m_per_s"":0.05553652660192227,""sustained_Ip_max_error_A"":731.4477000000006,""position_violation"":0.1606901833333334,""endpoint_speed_violation"":0.1360578152937857,""endpoint_late_speed_violation"":0.0,""post_speed_violation"":0.0,""final_speed_violation"":0.0,""ip_violation"":0.0,""max_violation"":0.1606901833333334,""sum_violation"":0.2967479986271191,""l2_violation"":0.2105541833405791,""pass"":false},{""endpoint_step"":14,""arrival_time_ms"":140,""window_start_step"":12,""sustained_box_max_error_m"":0.0348207055,""endpoint_velocity_m_per_s"":0.09078544453819318,""endpoint_late_velocity_rms_m_per_s"":0.09568326291836803,""post_arrival_velocity_rms_m_per_s"":0.07525391261257905,""final_velocity_m_per_s"":0.05553652660192227,""sustained_Ip_max_error_A"":675.6262999999999,""position_violation"":0.1606901833333334,""endpoint_speed_violation"":0.0,""endpoint_late_speed_violation"":0.0,""post_speed_violation"":0.0,""final_speed_violation"":0.0,""ip_violation"":0.0,""max_violation"":0.1606901833333334,""sum_violation"":0.1606901833333334,""l2_violation"":0.1606901833333334,""pass"":false},{""endpoint_step"":15,""arrival_time_ms"":150,""window_start_step"":13,""sustained_box_max_error_m"":0.0348207055,""endpoint_velocity_m_per_s"":0.05553652660192227,""endpoint_late_velocity_rms_m_per_s"":0.09420066088371243,""post_arrival_velocity_rms_m_per_s"":0.05553652660192227,""final_velocity_m_per_s"":0.05553652660192227,""sustained_Ip_max_error_A"":640.683100000002,""position_violation"":0.1606901833333334,""endpoint_speed_violation"":0.0,""endpoint_late_speed_violation"":0.0,""post_speed_violation"":0.0,""final_speed_violation"":0.0,""ip_violation"":0.0,""max_violation"":0.1606901833333334,""sum_violation"":0.1606901833333334,""l2_violation"":0.1606901833333334,""pass"":false}]",True,False,5.647177281023098,5.647177281023098,1016878.1164272809,0.3812766959462056,0.20844527389330053,0.04807504367787985,243.17312121391296,10
Stage3.0,controller_identification_999_probes,s30r999p_659fa8939e0b2589,25,nominal_05_s22g000_571ab4a158d29207,s22g000_571ab4a158d29207,gate,center0_v12_p,real_tsc_fd_probe,"[-0.3625934518181101,0.31836250362187624,0.14993042464019693,0.2709999999999997,0.27099999999999996,0.038150000000000024,0.37939999999999935,0.37939999999999996,0.1355,0.43359999999999943,0.43359999999999976,0.06539999999999996,0.4575999999999999,0.11359999999999945,0.16259999999999988,0.4335999999999991,0.11359999999999984,0.16259999999999983]",stage3_0_evaluations/controller_identification_999_probes/s30r999p_659fa8939e0b2589.json.gz,s30r02s_5c06bc76b59d0d57,12,1,0.024,0.02400000000000002,two_sided,True,,16,-0.027124914000000055,0.0348213817,467.64520000000266,0.04413943342414461,0.0348213817,0.05519167294003304,0.09417320587943905,0.6492383287639514,0.41409999999999997,0,16,False,True,PASS_DAMPED_HOLD_40MM_120_150MS,,,14,140,14,140,0.0348213817,0.0751586015843979,14,140,12,0.0348213817,0.09083782264192014,0.09570611920697744,0.0751586015843979,0.05519167294003304,672.640000000003,0.16071272333333342,0.0,0.0,0.0,0.0,0.0,0.16071272333333342,0.16071272333333342,0.16071272333333342,"[{""endpoint_step"":12,""arrival_time_ms"":120,""window_start_step"":10,""sustained_box_max_error_m"":0.0348213817,""endpoint_velocity_m_per_s"":0.10613259754338565,""endpoint_late_velocity_rms_m_per_s"":0.07463359593281949,""post_arrival_velocity_rms_m_per_s"":0.09417320587943905,""final_velocity_m_per_s"":0.05519167294003304,""sustained_Ip_max_error_A"":782.9552000000003,""position_violation"":0.16071272333333342,""endpoint_speed_violation"":0.06132597543385643,""endpoint_late_speed_violation"":0.0,""post_speed_violation"":0.0,""final_speed_violation"":0.0,""ip_violation"":0.0,""max_violation"":0.16071272333333342,""sum_violation"":0.22203869876718985,""l2_violation"":0.17201585596720592,""pass"":false},{""endpoint_step"":13,""arrival_time_ms"":130,""window_start_step"":11,""sustained_box_max_error_m"":0.0348213817,""endpoint_velocity_m_per_s"":0.11363367360467609,""endpoint_late_velocity_rms_m_per_s"":0.08439574051372889,""post_arrival_velocity_rms_m_per_s"":0.0898336287462154,""final_velocity_m_per_s"":0.05519167294003304,""sustained_Ip_max_error_A"":731.4477000000006,""position_violation"":0.16071272333333342,""endpoint_speed_violation"":0.1363367360467609,""endpoint_late_speed_violation"":0.0,""post_speed_violation"":0.0,""final_speed_violation"":0.0,""ip_violation"":0.0,""max_violation"":0.16071272333333342,""sum_violation"":0.2970494593800943,""l2_violation"":0.2107517141973007,""pass"":false},{""endpoint_step"":14,""arrival_time_ms"":140,""window_start_step"":12,""sustained_box_max_error_m"":0.0348213817,""endpoint_velocity_m_per_s"":0.09083782264192014,""endpoint_late_velocity_rms_m_per_s"":0.09570611920697744,""post_arrival_velocity_rms_m_per_s"":0.0751586015843979,""final_velocity_m_per_s"":0.05519167294003304,""sustained_Ip_max_error_A"":672.640000000003,""position_violation"":0.16071272333333342,""endpoint_speed_violation"":0.0,""endpoint_late_speed_violation"":0.0,""post_speed_violation"":0.0,""final_speed_violation"":0.0,""ip_violation"":0.0,""max_violation"":0.16071272333333342,""sum_violation"":0.16071272333333342,""l2_violation"":0.16071272333333342,""pass"":false},{""endpoint_step"":15,""arrival_time_ms"":150,""window_start_step"":13,""sustained_box_max_error_m"":0.0348213817,""endpoint_velocity_m_per_s"":0.05519167294003304,""endpoint_late_velocity_rms_m_per_s"":0.09417320587943905,""post_arrival_velocity_rms_m_per_s"":0.05519167294003304,""final_velocity_m_per_s"":0.05519167294003304,""sustained_Ip_max_error_A"":637.497800000001,""position_violation"":0.16071272333333342,""endpoint_speed_violation"":0.0,""endpoint_late_speed_violation"":0.0,""post_speed_violation"":0.0,""final_speed_violation"":0.0,""ip_violation"":0.0,""max_violation"":0.16071272333333342,""sum_violation"":0.16071272333333342,""l2_violation"":0.16071272333333342,""pass"":false}]",True,False,5.64694082428137,5.64694082428137,1016880.4828908243,0.3814233728389567,0.2084905899219533,0.04807504367787985,238.27055644989014,11
Stage3.0,controller_identification_999_probes,s30r999p_0689536ae7ea1c79,3,nominal_05_s22g000_571ab4a158d29207,s22g000_571ab4a158d29207,gate,center0_v1_p,real_tsc_fd_probe,"[-0.3625934518181101,0.32836250362187624,0.14993042464019693,0.2709999999999997,0.27099999999999996,0.038150000000000024,0.37939999999999935,0.37939999999999996,0.1355,0.43359999999999943,0.43359999999999976,0.06539999999999996,0.4335999999999999,0.11359999999999945,0.16259999999999988,0.4335999999999991,0.11359999999999984,0.16259999999999983]",stage3_0_evaluations/controller_identification_999_probes/s30r999p_0689536ae7ea1c79.json.gz,s30r02s_5c06bc76b59d0d57,1,1,0.01,0.010000000000000009,two_sided,True,,16,-0.027079107000000047,0.0348214767,472.08150000000023,0.04411137353887424,0.0348214767,0.056115280377549245,0.09432210827990398,0.6492383287639514,0.41409999999999997,0,16,False,True,PASS_DAMPED_HOLD_40MM_120_150MS,,,14,140,14,140,0.0348214767,0.07562648945263578,14,140,12,0.0348214767,0.09104837792079715,0.09570019717656542,0.07562648945263578,0.056115280377549245,673.4648000000016,0.16071589000000008,0.0,0.0,0.0,0.0,0.0,0.16071589000000008,0.16071589000000008,0.16071589000000008,"[{""endpoint_step"":12,""arrival_time_ms"":120,""window_start_step"":10,""sustained_box_max_error_m"":0.0348214767,""endpoint_velocity_m_per_s"":0.10600799759041583,""endpoint_late_velocity_rms_m_per_s"":0.0745649966915384,""post_arrival_velocity_rms_m_per_s"":0.09432210827990398,""final_velocity_m_per_s"":0.056115280377549245,""sustained_Ip_max_error_A"":784.7711000000018,""position_violation"":0.16071589000000008,""endpoint_speed_violation"":0.06007997590415837,""endpoint_late_speed_violation"":0.0,""post_speed_violation"":0.0,""final_speed_violation"":0.0,""ip_violation"":0.0,""max_violation"":0.16071589000000008,""sum_violation"":0.22079586590415845,""l2_violation"":0.171578555778793,""pass"":false},{""endpoint_step"":13,""arrival_time_ms"":130,""window_start_step"":11,""sustained_box_max_error_m"":0.0348214767,""endpoint_velocity_m_per_s"":0.11362311857397177,""endpoint_late_velocity_rms_m_per_s"":0.0843315269101753,""post_arrival_velocity_rms_m_per_s"":0.09009059308705897,""final_velocity_m_per_s"":0.056115280377549245,""sustained_Ip_max_error_A"":732.9976999999999,""position_violation"":0.16071589000000008,""endpoint_speed_violation"":0.1362311857397176,""endpoint_late_speed_violation"":0.0,""post_speed_violation"":0.0,""final_speed_violation"":0.0,""ip_violation"":0.0,""max_violation"":0.16071589000000008,""sum_violation"":0.2969470757397177,""l2_violation"":0.21068586394568944,""pass"":false},{""endpoint_step"":14,""arrival_time_ms"":140,""window_start_step"":12,""sustained_box_max_error_m"":0.0348214767,""endpoint_velocity_m_per_s"":0.09104837792079715,""endpoint_late_velocity_rms_m_per_s"":0.09570019717656542,""post_arrival_velocity_rms_m_per_s"":0.07562648945263578,""final_velocity_m_per_s"":0.056115280377549245,""sustained_Ip_max_error_A"":673.4648000000016,""position_violation"":0.16071589000000008,""endpoint_speed_violation"":0.0,""endpoint_late_speed_violation"":0.0,""post_speed_violation"":0.0,""final_speed_violation"":0.0,""ip_violation"":0.0,""max_violation"":0.16071589000000008,""sum_violation"":0.16071589000000008,""l2_violation"":0.16071589000000008,""pass"":false},{""endpoint_step"":15,""arrival_time_ms"":150,""window_start_step"":13,""sustained_box_max_error_m"":0.0348214767,""endpoint_velocity_m_per_s"":0.056115280377549245,""endpoint_late_velocity_rms_m_per_s"":0.09432210827990398,""post_arrival_velocity_rms_m_per_s"":0.056115280377549245,""final_velocity_m_per_s"":0.056115280377549245,""sustained_Ip_max_error_A"":638.2036000000007,""position_violation"":0.16071589000000008,""endpoint_speed_violation"":0.0,""endpoint_late_speed_violation"":0.0,""post_speed_violation"":0.0,""final_speed_violation"":0.0,""ip_violation"":0.0,""max_violation"":0.16071589000000008,""sum_violation"":0.16071589000000008,""l2_violation"":0.16071589000000008,""pass"":false}]",True,False,5.6476308220827365,5.6476308220827365,1016880.816080822,0.3813302169356511,0.20864275331829785,0.04807504367787985,235.07020473480225,12
Stage3.0,controller_identification_999_probes,s30r999p_5f4b8a70ecf806d9,22,nominal_05_s22g000_571ab4a158d29207,s22g000_571ab4a158d29207,gate,center0_v11_m,real_tsc_fd_probe,"[-0.3625934518181101,0.31836250362187624,0.14993042464019693,0.2709999999999997,0.27099999999999996,0.038150000000000024,0.37939999999999935,0.37939999999999996,0.1355,0.43359999999999943,0.43359999999999976,0.05639999999999996,0.4335999999999999,0.11359999999999945,0.16259999999999988,0.4335999999999991,0.11359999999999984,0.16259999999999983]",stage3_0_evaluations/controller_identification_999_probes/s30r999p_5f4b8a70ecf806d9.json.gz,s30r02s_5c06bc76b59d0d57,11,-1,0.009,-0.009000000000000001,two_sided,True,,16,-0.027121643999999945,0.0348217725,473.3233,0.04413773230813393,0.0348217725,0.05539178215584011,0.09419683921335342,0.6492383287639514,0.41409999999999997,0,16,False,True,PASS_DAMPED_HOLD_40MM_120_150MS,,,14,140,14,140,0.0348217725,0.07522469459232212,14,140,12,0.0348217725,0.0908254359891337,0.09570047478312323,0.07522469459232212,0.05539178215584011,672.640000000003,0.1607257500000001,0.0,0.0,0.0,0.0,0.0,0.1607257500000001,0.1607257500000001,0.1607257500000001,"[{""endpoint_step"":12,""arrival_time_ms"":120,""window_start_step"":10,""sustained_box_max_error_m"":0.0348217725,""endpoint_velocity_m_per_s"":0.10613259754338565,""endpoint_late_velocity_rms_m_per_s"":0.07463359593281949,""post_arrival_velocity_rms_m_per_s"":0.09419683921335342,""final_velocity_m_per_s"":0.05539178215584011,""sustained_Ip_max_error_A"":782.9552000000003,""position_violation"":0.1607257500000001,""endpoint_speed_violation"":0.06132597543385643,""endpoint_late_speed_violation"":0.0,""post_speed_violation"":0.0,""final_speed_violation"":0.0,""ip_violation"":0.0,""max_violation"":0.1607257500000001,""sum_violation"":0.22205172543385654,""l2_violation"":0.17202802671651063,""pass"":false},{""endpoint_step"":13,""arrival_time_ms"":130,""window_start_step"":11,""sustained_box_max_error_m"":0.0348217725,""endpoint_velocity_m_per_s"":0.11362455921508732,""endpoint_late_velocity_rms_m_per_s"":0.0843926725897626,""post_arrival_velocity_rms_m_per_s"":0.08986666013199622,""final_velocity_m_per_s"":0.05539178215584011,""sustained_Ip_max_error_A"":731.4477000000006,""position_violation"":0.1607257500000001,""endpoint_speed_violation"":0.13624559215087317,""endpoint_late_speed_violation"":0.0,""post_speed_violation"":0.0,""final_speed_violation"":0.0,""ip_violation"":0.0,""max_violation"":0.1607257500000001,""sum_violation"":0.2969713421508733,""l2_violation"":0.21070270072688818,""pass"":false},{""endpoint_step"":14,""arrival_time_ms"":140,""window_start_step"":12,""sustained_box_max_error_m"":0.0348217725,""endpoint_velocity_m_per_s"":0.0908254359891337,""endpoint_late_velocity_rms_m_per_s"":0.09570047478312323,""post_arrival_velocity_rms_m_per_s"":0.07522469459232212,""final_velocity_m_per_s"":0.05539178215584011,""sustained_Ip_max_error_A"":672.640000000003,""position_violation"":0.1607257500000001,""endpoint_speed_violation"":0.0,""endpoint_late_speed_violation"":0.0,""post_speed_violation"":0.0,""final_speed_violation"":0.0,""ip_violation"":0.0,""max_violation"":0.1607257500000001,""sum_violation"":0.1607257500000001,""l2_violation"":0.1607257500000001,""pass"":false},{""endpoint_step"":15,""arrival_time_ms"":150,""window_start_step"":13,""sustained_box_max_error_m"":0.0348217725,""endpoint_velocity_m_per_s"":0.05539178215584011,""endpoint_late_velocity_rms_m_per_s"":0.09419683921335342,""post_arrival_velocity_rms_m_per_s"":0.05539178215584011,""final_velocity_m_per_s"":0.05539178215584011,""sustained_Ip_max_error_A"":639.1884000000027,""position_violation"":0.1607257500000001,""endpoint_speed_violation"":0.0,""endpoint_late_speed_violation"":0.0,""post_speed_violation"":0.0,""final_speed_violation"":0.0,""ip_violation"":0.0,""max_violation"":0.1607257500000001,""sum_violation"":0.1607257500000001,""l2_violation"":0.1607257500000001,""pass"":false}]",True,False,5.647485662273251,5.647485662273251,1016881.8512356622,0.3812829892865329,0.20851532162244152,0.04807504367787985,241.94435477256775,13
Stage3.0,controller_identification_999_probes,s30r999p_0fb056e6f4723f7a,23,nominal_05_s22g000_571ab4a158d29207,s22g000_571ab4a158d29207,gate,center0_v11_p,real_tsc_fd_probe,"[-0.3625934518181101,0.31836250362187624,0.14993042464019693,0.2709999999999997,0.27099999999999996,0.038150000000000024,0.37939999999999935,0.37939999999999996,0.1355,0.43359999999999943,0.43359999999999976,0.07439999999999995,0.4335999999999999,0.11359999999999945,0.16259999999999988,0.4335999999999991,0.11359999999999984,0.16259999999999983]",stage3_0_evaluations/controller_identification_999_probes/s30r999p_0fb056e6f4723f7a.json.gz,s30r02s_5c06bc76b59d0d57,11,1,0.009,0.008999999999999994,two_sided,True,,16,-0.027123550999999968,0.0348221008,465.6209000000017,0.04413916314311996,0.0348221008,0.055357092322759746,0.09418781293810531,0.6492383287639514,0.41409999999999997,0,16,False,True,PASS_DAMPED_HOLD_40MM_120_150MS,,,14,140,14,140,0.0348221008,0.0752061271232368,14,140,12,0.0348221008,0.09081583255865884,0.09569660875383589,0.0752061271232368,0.055357092322759746,672.640000000003,0.1607366933333334,0.0,0.0,0.0,0.0,0.0,0.1607366933333334,0.1607366933333334,0.1607366933333334,"[{""endpoint_step"":12,""arrival_time_ms"":120,""window_start_step"":10,""sustained_box_max_error_m"":0.0348221008,""endpoint_velocity_m_per_s"":0.10613259754338565,""endpoint_late_velocity_rms_m_per_s"":0.07463359593281949,""post_arrival_velocity_rms_m_per_s"":0.09418781293810531,""final_velocity_m_per_s"":0.055357092322759746,""sustained_Ip_max_error_A"":782.9552000000003,""position_violation"":0.1607366933333334,""endpoint_speed_violation"":0.06132597543385643,""endpoint_late_speed_violation"":0.0,""post_speed_violation"":0.0,""final_speed_violation"":0.0,""ip_violation"":0.0,""max_violation"":0.1607366933333334,""sum_violation"":0.22206266876718983,""l2_violation"":0.1720382511148263,""pass"":false},{""endpoint_step"":13,""arrival_time_ms"":130,""window_start_step"":11,""sustained_box_max_error_m"":0.0348221008,""endpoint_velocity_m_per_s"":0.1136192107400632,""endpoint_late_velocity_rms_m_per_s"":0.0843908723437308,""post_arrival_velocity_rms_m_per_s"":0.08985404491534739,""final_velocity_m_per_s"":0.055357092322759746,""sustained_Ip_max_error_A"":731.4477000000006,""position_violation"":0.1607366933333334,""endpoint_speed_violation"":0.13619210740063203,""endpoint_late_speed_violation"":0.0,""post_speed_violation"":0.0,""final_speed_violation"":0.0,""ip_violation"":0.0,""max_violation"":0.1607366933333334,""sum_violation"":0.29692880073396544,""l2_violation"":0.21067646926498307,""pass"":false},{""endpoint_step"":14,""arrival_time_ms"":140,""window_start_step"":12,""sustained_box_max_error_m"":0.0348221008,""endpoint_velocity_m_per_s"":0.09081583255865884,""endpoint_late_velocity_rms_m_per_s"":0.09569660875383589,""post_arrival_velocity_rms_m_per_s"":0.0752061271232368,""final_velocity_m_per_s"":0.055357092322759746,""sustained_Ip_max_error_A"":672.640000000003,""position_violation"":0.1607366933333334,""endpoint_speed_violation"":0.0,""endpoint_late_speed_violation"":0.0,""post_speed_violation"":0.0,""final_speed_violation"":0.0,""ip_violation"":0.0,""max_violation"":0.1607366933333334,""sum_violation"":0.1607366933333334,""l2_violation"":0.1607366933333334,""pass"":false},{""endpoint_step"":15,""arrival_time_ms"":150,""window_start_step"":13,""sustained_box_max_error_m"":0.0348221008,""endpoint_velocity_m_per_s"":0.055357092322759746,""endpoint_late_velocity_rms_m_per_s"":0.09418781293810531,""post_arrival_velocity_rms_m_per_s"":0.055357092322759746,""final_velocity_m_per_s"":0.055357092322759746,""sustained_Ip_max_error_A"":635.5432000000001,""position_violation"":0.1607366933333334,""endpoint_speed_violation"":0.0,""endpoint_late_speed_violation"":0.0,""post_speed_violation"":0.0,""final_speed_violation"":0.0,""ip_violation"":0.0,""max_violation"":0.1607366933333334,""sum_violation"":0.1607366933333334,""l2_violation"":0.1607366933333334,""pass"":false}]",True,False,5.647316127387259,5.647316127387259,1016883.0001161275,0.3812976912437916,0.20844162439369363,0.04807504367787985,241.49807929992676,14
Stage3.0,controller_identification_999_probes,s30r999p_7214474a58d380ae,27,nominal_05_s22g000_571ab4a158d29207,s22g000_571ab4a158d29207,gate,center0_v13_p,real_tsc_fd_probe,"[-0.3625934518181101,0.31836250362187624,0.14993042464019693,0.2709999999999997,0.27099999999999996,0.038150000000000024,0.37939999999999935,0.37939999999999996,0.1355,0.43359999999999943,0.43359999999999976,0.06539999999999996,0.4335999999999999,0.13759999999999944,0.16259999999999988,0.4335999999999991,0.11359999999999984,0.16259999999999983]",stage3_0_evaluations/controller_identification_999_probes/s30r999p_7214474a58d380ae.json.gz,s30r02s_5c06bc76b59d0d57,13,1,0.024,0.023999999999999994,two_sided,True,,16,-0.027118190000000042,0.0348230152,472.3481000000029,0.044136590449371293,0.0348230152,0.05563276547226727,0.09424639800217231,0.6492383287639514,0.41409999999999997,0,16,False,True,PASS_DAMPED_HOLD_40MM_120_150MS,,,14,140,14,140,0.0348230152,0.07534186786686121,14,140,12,0.0348230152,0.09087238036522899,0.09571432038305268,0.07534186786686121,0.05563276547226727,672.640000000003,0.16076717333333335,0.0,0.0,0.0,0.0,0.0,0.16076717333333335,0.16076717333333335,0.16076717333333335,"[{""endpoint_step"":12,""arrival_time_ms"":120,""window_start_step"":10,""sustained_box_max_error_m"":0.0348230152,""endpoint_velocity_m_per_s"":0.10613259754338565,""endpoint_late_velocity_rms_m_per_s"":0.07463359593281949,""post_arrival_velocity_rms_m_per_s"":0.09424639800217231,""final_velocity_m_per_s"":0.05563276547226727,""sustained_Ip_max_error_A"":782.9552000000003,""position_violation"":0.16076717333333335,""endpoint_speed_violation"":0.06132597543385643,""endpoint_late_speed_violation"":0.0,""post_speed_violation"":0.0,""final_speed_violation"":0.0,""ip_violation"":0.0,""max_violation"":0.16076717333333335,""sum_violation"":0.22209314876718977,""l2_violation"":0.17206672916198532,""pass"":false},{""endpoint_step"":13,""arrival_time_ms"":130,""window_start_step"":11,""sustained_box_max_error_m"":0.0348230152,""endpoint_velocity_m_per_s"":0.11363367360467609,""endpoint_late_velocity_rms_m_per_s"":0.08439574051372889,""post_arrival_velocity_rms_m_per_s"":0.08993591400589869,""final_velocity_m_per_s"":0.05563276547226727,""sustained_Ip_max_error_A"":731.4477000000006,""position_violation"":0.16076717333333335,""endpoint_speed_violation"":0.1363367360467609,""endpoint_late_speed_violation"":0.0,""post_speed_violation"":0.0,""final_speed_violation"":0.0,""ip_violation"":0.0,""max_violation"":0.16076717333333335,""sum_violation"":0.29710390938009423,""l2_violation"":0.21079323902220914,""pass"":false},{""endpoint_step"":14,""arrival_time_ms"":140,""window_start_step"":12,""sustained_box_max_error_m"":0.0348230152,""endpoint_velocity_m_per_s"":0.09087238036522899,""endpoint_late_velocity_rms_m_per_s"":0.09571432038305268,""post_arrival_velocity_rms_m_per_s"":0.07534186786686121,""final_velocity_m_per_s"":0.05563276547226727,""sustained_Ip_max_error_A"":672.640000000003,""position_violation"":0.16076717333333335,""endpoint_speed_violation"":0.0,""endpoint_late_speed_violation"":0.0,""post_speed_violation"":0.0,""final_speed_violation"":0.0,""ip_violation"":0.0,""max_violation"":0.16076717333333335,""sum_violation"":0.16076717333333335,""l2_violation"":0.16076717333333335,""pass"":false},{""endpoint_step"":15,""arrival_time_ms"":150,""window_start_step"":13,""sustained_box_max_error_m"":0.0348230152,""endpoint_velocity_m_per_s"":0.05563276547226727,""endpoint_late_velocity_rms_m_per_s"":0.09424639800217231,""post_arrival_velocity_rms_m_per_s"":0.05563276547226727,""final_velocity_m_per_s"":0.05563276547226727,""sustained_Ip_max_error_A"":637.497800000001,""position_violation"":0.16076717333333335,""endpoint_speed_violation"":0.0,""endpoint_late_speed_violation"":0.0,""post_speed_violation"":0.0,""final_speed_violation"":0.0,""ip_violation"":0.0,""max_violation"":0.16076717333333335,""sum_violation"":0.16076717333333335,""l2_violation"":0.16076717333333335,""pass"":false}]",True,False,5.648852886717598,5.648852886717598,1016886.2020528867,0.3813274793280743,0.20830256536842104,0.04807504367787985,244.24187016487122,15
Stage3.0,controller_identification_999_probes,s30r999p_5bcd961af6529b49,31,nominal_05_s22g000_571ab4a158d29207,s22g000_571ab4a158d29207,gate,center0_v15_p,real_tsc_fd_probe,"[-0.3625934518181101,0.31836250362187624,0.14993042464019693,0.2709999999999997,0.27099999999999996,0.038150000000000024,0.37939999999999935,0.37939999999999996,0.1355,0.43359999999999943,0.43359999999999976,0.06539999999999996,0.4335999999999999,0.11359999999999945,0.16259999999999988,0.4575999999999991,0.11359999999999984,0.16259999999999983]",stage3_0_evaluations/controller_identification_999_probes/s30r999p_5bcd961af6529b49.json.gz,s30r02s_5c06bc76b59d0d57,15,1,0.024,0.02400000000000002,two_sided,True,,16,-0.027122619000000014,0.0348242925,467.14970000000176,0.044140319545113375,0.0348242925,0.055511224552682883,0.09423111443163498,0.6492383287639514,0.41409999999999997,0,16,False,True,PASS_DAMPED_HOLD_40MM_120_150MS,,,14,140,14,140,0.0348242925,0.0753036243148735,14,140,12,0.0348242925,0.09088330770043987,0.09571691414124334,0.0753036243148735,0.055511224552682883,672.640000000003,0.16080975000000008,0.0,0.0,0.0,0.0,0.0,0.16080975000000008,0.16080975000000008,0.16080975000000008,"[{""endpoint_step"":12,""arrival_time_ms"":120,""window_start_step"":10,""sustained_box_max_error_m"":0.0348242925,""endpoint_velocity_m_per_s"":0.10613259754338565,""endpoint_late_velocity_rms_m_per_s"":0.07463359593281949,""post_arrival_velocity_rms_m_per_s"":0.09423111443163498,""final_velocity_m_per_s"":0.055511224552682883,""sustained_Ip_max_error_A"":782.9552000000003,""position_violation"":0.16080975000000008,""endpoint_speed_violation"":0.06132597543385643,""endpoint_late_speed_violation"":0.0,""post_speed_violation"":0.0,""final_speed_violation"":0.0,""ip_violation"":0.0,""max_violation"":0.16080975000000008,""sum_violation"":0.2221357254338565,""l2_violation"":0.17210651050432835,""pass"":false},{""endpoint_step"":13,""arrival_time_ms"":130,""window_start_step"":11,""sustained_box_max_error_m"":0.0348242925,""endpoint_velocity_m_per_s"":0.11363367360467609,""endpoint_late_velocity_rms_m_per_s"":0.08439574051372889,""post_arrival_velocity_rms_m_per_s"":0.08991455841854398,""final_velocity_m_per_s"":0.055511224552682883,""sustained_Ip_max_error_A"":731.4477000000006,""position_violation"":0.16080975000000008,""endpoint_speed_violation"":0.1363367360467609,""endpoint_late_speed_violation"":0.0,""post_speed_violation"":0.0,""final_speed_violation"":0.0,""ip_violation"":0.0,""max_violation"":0.16080975000000008,""sum_violation"":0.29714648604676097,""l2_violation"":0.21082571306874948,""pass"":false},{""endpoint_step"":14,""arrival_time_ms"":140,""window_start_step"":12,""sustained_box_max_error_m"":0.0348242925,""endpoint_velocity_m_per_s"":0.09088330770043987,""endpoint_late_velocity_rms_m_per_s"":0.09571691414124334,""post_arrival_velocity_rms_m_per_s"":0.0753036243148735,""final_velocity_m_per_s"":0.055511224552682883,""sustained_Ip_max_error_A"":672.640000000003,""position_violation"":0.16080975000000008,""endpoint_speed_violation"":0.0,""endpoint_late_speed_violation"":0.0,""post_speed_violation"":0.0,""final_speed_violation"":0.0,""ip_violation"":0.0,""max_violation"":0.16080975000000008,""sum_violation"":0.16080975000000008,""l2_violation"":0.16080975000000008,""pass"":false},{""endpoint_step"":15,""arrival_time_ms"":150,""window_start_step"":13,""sustained_box_max_error_m"":0.0348242925,""endpoint_velocity_m_per_s"":0.055511224552682883,""endpoint_late_velocity_rms_m_per_s"":0.09423111443163498,""post_arrival_velocity_rms_m_per_s"":0.055511224552682883,""final_velocity_m_per_s"":0.055511224552682883,""sustained_Ip_max_error_A"":637.497800000001,""position_violation"":0.16080975000000008,""endpoint_speed_violation"":0.0,""endpoint_late_speed_violation"":0.0,""post_speed_violation"":0.0,""final_speed_violation"":0.0,""ip_violation"":0.0,""max_violation"":0.16080975000000008,""sum_violation"":0.16080975000000008,""l2_violation"":0.16080975000000008,""pass"":false}]",True,False,5.648627716865322,5.648627716865322,1016890.6723777167,0.3814233728389567,0.2084835420614632,0.04807504367787985,240.02804398536682,16
Stage3.0,controller_identification_999_probes,s30r999p_c4f3cd847f77a453,28,nominal_05_s22g000_571ab4a158d29207,s22g000_571ab4a158d29207,gate,center0_v14_m,real_tsc_fd_probe,"[-0.3625934518181101,0.31836250362187624,0.14993042464019693,0.2709999999999997,0.27099999999999996,0.038150000000000024,0.37939999999999935,0.37939999999999996,0.1355,0.43359999999999943,0.43359999999999976,0.06539999999999996,0.4335999999999999,0.11359999999999945,0.15359999999999988,0.4335999999999991,0.11359999999999984,0.16259999999999983]",stage3_0_evaluations/controller_identification_999_probes/s30r999p_c4f3cd847f77a453.json.gz,s30r02s_5c06bc76b59d0d57,14,-1,0.009,-0.009000000000000008,two_sided,True,,16,-0.027122006000000032,0.0348243948,473.0714000000007,0.04414002359141083,0.0348243948,0.055551671547708834,0.09423658503938397,0.6492383287639514,0.41409999999999997,0,16,False,True,PASS_DAMPED_HOLD_40MM_120_150MS,,,14,140,14,140,0.0348243948,0.07531731474680924,14,140,12,0.0348243948,0.09088128294426379,0.09571643351837641,0.07531731474680924,0.055551671547708834,672.640000000003,0.16081316,0.0,0.0,0.0,0.0,0.0,0.16081316,0.16081316,0.16081316,"[{""endpoint_step"":12,""arrival_time_ms"":120,""window_start_step"":10,""sustained_box_max_error_m"":0.0348243948,""endpoint_velocity_m_per_s"":0.10613259754338565,""endpoint_late_velocity_rms_m_per_s"":0.07463359593281949,""post_arrival_velocity_rms_m_per_s"":0.09423658503938397,""final_velocity_m_per_s"":0.055551671547708834,""sustained_Ip_max_error_A"":782.9552000000003,""position_violation"":0.16081316,""endpoint_speed_violation"":0.06132597543385643,""endpoint_late_speed_violation"":0.0,""post_speed_violation"":0.0,""final_speed_violation"":0.0,""ip_violation"":0.0,""max_violation"":0.16081316,""sum_violation"":0.22213913543385644,""l2_violation"":0.17210969668237627,""pass"":false},{""endpoint_step"":13,""arrival_time_ms"":130,""window_start_step"":11,""sustained_box_max_error_m"":0.0348243948,""endpoint_velocity_m_per_s"":0.11363367360467609,""endpoint_late_velocity_rms_m_per_s"":0.08439574051372889,""post_arrival_velocity_rms_m_per_s"":0.08992220263137449,""final_velocity_m_per_s"":0.055551671547708834,""sustained_Ip_max_error_A"":731.4477000000006,""position_violation"":0.16081316,""endpoint_speed_violation"":0.1363367360467609,""endpoint_late_speed_violation"":0.0,""post_speed_violation"":0.0,""final_speed_violation"":0.0,""ip_violation"":0.0,""max_violation"":0.16081316,""sum_violation"":0.2971498960467609,""l2_violation"":0.21082831409720507,""pass"":false},{""endpoint_step"":14,""arrival_time_ms"":140,""window_start_step"":12,""sustained_box_max_error_m"":0.0348243948,""endpoint_velocity_m_per_s"":0.09088128294426379,""endpoint_late_velocity_rms_m_per_s"":0.09571643351837641,""post_arrival_velocity_rms_m_per_s"":0.07531731474680924,""final_velocity_m_per_s"":0.055551671547708834,""sustained_Ip_max_error_A"":672.640000000003,""position_violation"":0.16081316,""endpoint_speed_violation"":0.0,""endpoint_late_speed_violation"":0.0,""post_speed_violation"":0.0,""final_speed_violation"":0.0,""ip_violation"":0.0,""max_violation"":0.16081316,""sum_violation"":0.16081316,""l2_violation"":0.16081316,""pass"":false},{""endpoint_step"":15,""arrival_time_ms"":150,""window_start_step"":13,""sustained_box_max_error_m"":0.0348243948,""endpoint_velocity_m_per_s"":0.055551671547708834,""endpoint_late_velocity_rms_m_per_s"":0.09423658503938397,""post_arrival_velocity_rms_m_per_s"":0.055551671547708834,""final_velocity_m_per_s"":0.055551671547708834,""sustained_Ip_max_error_A"":637.497800000001,""position_violation"":0.16081316,""endpoint_speed_violation"":0.0,""endpoint_late_speed_violation"":0.0,""post_speed_violation"":0.0,""final_speed_violation"":0.0,""ip_violation"":0.0,""max_violation"":0.16081316,""sum_violation"":0.16081316,""l2_violation"":0.16081316,""pass"":false}]",True,False,5.648764319764692,5.648764319764692,1016891.0305643197,0.3812720636116721,0.20845706640693112,0.04807504367787985,243.1751744747162,17
Stage3.0,controller_identification_999_probes,s30r999p_aeac5a0d2dc03b97,33,nominal_05_s22g000_571ab4a158d29207,s22g000_571ab4a158d29207,gate,center0_v16_p,real_tsc_fd_probe,"[-0.3625934518181101,0.31836250362187624,0.14993042464019693,0.2709999999999997,0.27099999999999996,0.038150000000000024,0.37939999999999935,0.37939999999999996,0.1355,0.43359999999999943,0.43359999999999976,0.06539999999999996,0.4335999999999999,0.11359999999999945,0.16259999999999988,0.4335999999999991,0.13759999999999983,0.16259999999999983]",stage3_0_evaluations/controller_identification_999_probes/s30r999p_aeac5a0d2dc03b97.json.gz,s30r02s_5c06bc76b59d0d57,16,1,0.024,0.023999999999999994,two_sided,True,,16,-0.027121937999999957,0.0348244233,473.3027000000002,0.044140004293763094,0.0348244233,0.055558464687389474,0.09423807438502904,0.6492383287639514,0.41409999999999997,0,16,False,True,PASS_DAMPED_HOLD_40MM_120_150MS,,,14,140,14,140,0.0348244233,0.0753210416052272,14,140,12,0.0348244233,0.09088330770043987,0.09571691414124334,0.0753210416052272,0.055558464687389474,672.640000000003,0.16081411,0.0,0.0,0.0,0.0,0.0,0.16081411,0.16081411,0.16081411,"[{""endpoint_step"":12,""arrival_time_ms"":120,""window_start_step"":10,""sustained_box_max_error_m"":0.0348244233,""endpoint_velocity_m_per_s"":0.10613259754338565,""endpoint_late_velocity_rms_m_per_s"":0.07463359593281949,""post_arrival_velocity_rms_m_per_s"":0.09423807438502904,""final_velocity_m_per_s"":0.055558464687389474,""sustained_Ip_max_error_A"":782.9552000000003,""position_violation"":0.16081411,""endpoint_speed_violation"":0.06132597543385643,""endpoint_late_speed_violation"":0.0,""post_speed_violation"":0.0,""final_speed_violation"":0.0,""ip_violation"":0.0,""max_violation"":0.16081411,""sum_violation"":0.22214008543385644,""l2_violation"":0.1721105843288148,""pass"":false},{""endpoint_step"":13,""arrival_time_ms"":130,""window_start_step"":11,""sustained_box_max_error_m"":0.0348244233,""endpoint_velocity_m_per_s"":0.11363367360467609,""endpoint_late_velocity_rms_m_per_s"":0.08439574051372889,""post_arrival_velocity_rms_m_per_s"":0.08992428369446301,""final_velocity_m_per_s"":0.055558464687389474,""sustained_Ip_max_error_A"":731.4477000000006,""position_violation"":0.16081411,""endpoint_speed_violation"":0.1363367360467609,""endpoint_late_speed_violation"":0.0,""post_speed_violation"":0.0,""final_speed_violation"":0.0,""ip_violation"":0.0,""max_violation"":0.16081411,""sum_violation"":0.2971508460467609,""l2_violation"":0.21082903872800884,""pass"":false},{""endpoint_step"":14,""arrival_time_ms"":140,""window_start_step"":12,""sustained_box_max_error_m"":0.0348244233,""endpoint_velocity_m_per_s"":0.09088330770043987,""endpoint_late_velocity_rms_m_per_s"":0.09571691414124334,""post_arrival_velocity_rms_m_per_s"":0.0753210416052272,""final_velocity_m_per_s"":0.055558464687389474,""sustained_Ip_max_error_A"":672.640000000003,""position_violation"":0.16081411,""endpoint_speed_violation"":0.0,""endpoint_late_speed_violation"":0.0,""post_speed_violation"":0.0,""final_speed_violation"":0.0,""ip_violation"":0.0,""max_violation"":0.16081411,""sum_violation"":0.16081411,""l2_violation"":0.16081411,""pass"":false},{""endpoint_step"":15,""arrival_time_ms"":150,""window_start_step"":13,""sustained_box_max_error_m"":0.0348244233,""endpoint_velocity_m_per_s"":0.055558464687389474,""endpoint_late_velocity_rms_m_per_s"":0.09423807438502904,""post_arrival_velocity_rms_m_per_s"":0.055558464687389474,""final_velocity_m_per_s"":0.055558464687389474,""sustained_Ip_max_error_A"":637.497800000001,""position_violation"":0.16081411,""endpoint_speed_violation"":0.0,""endpoint_late_speed_violation"":0.0,""post_speed_violation"":0.0,""final_speed_violation"":0.0,""ip_violation"":0.0,""max_violation"":0.16081411,""sum_violation"":0.16081411,""l2_violation"":0.16081411,""pass"":false}]",True,False,5.648810446441493,5.648810446441493,1016891.1303604465,0.3813274793280743,0.2084835420614632,0.04807504367787985,240.81199717521667,18
Stage3.0,controller_identification_999_probes,s30r999p_6e971a23d08aba6e,34,nominal_05_s22g000_571ab4a158d29207,s22g000_571ab4a158d29207,gate,center0_v17_m,real_tsc_fd_probe,"[-0.3625934518181101,0.31836250362187624,0.14993042464019693,0.2709999999999997,0.27099999999999996,0.038150000000000024,0.37939999999999935,0.37939999999999996,0.1355,0.43359999999999943,0.43359999999999976,0.06539999999999996,0.4335999999999999,0.11359999999999945,0.16259999999999988,0.4335999999999991,0.11359999999999984,0.15359999999999982]",stage3_0_evaluations/controller_identification_999_probes/s30r999p_6e971a23d08aba6e.json.gz,s30r02s_5c06bc76b59d0d57,17,-1,0.009,-0.009000000000000008,two_sided,True,,16,-0.027122325999999974,0.0348246028,472.8682000000008,0.044140384318988916,0.0348246028,0.055553072852510356,0.09423727972534209,0.6492383287639514,0.41409999999999997,0,16,False,True,PASS_DAMPED_HOLD_40MM_120_150MS,,,14,140,14,140,0.0348246028,0.07531905310719578,14,140,12,0.0348246028,0.09088330770043987,0.09571691414124334,0.07531905310719578,0.055553072852510356,672.640000000003,0.16082009333333347,0.0,0.0,0.0,0.0,0.0,0.16082009333333347,0.16082009333333347,0.16082009333333347,"[{""endpoint_step"":12,""arrival_time_ms"":120,""window_start_step"":10,""sustained_box_max_error_m"":0.0348246028,""endpoint_velocity_m_per_s"":0.10613259754338565,""endpoint_late_velocity_rms_m_per_s"":0.07463359593281949,""post_arrival_velocity_rms_m_per_s"":0.09423727972534209,""final_velocity_m_per_s"":0.055553072852510356,""sustained_Ip_max_error_A"":782.9552000000003,""position_violation"":0.16082009333333347,""endpoint_speed_violation"":0.06132597543385643,""endpoint_late_speed_violation"":0.0,""post_speed_violation"":0.0,""final_speed_violation"":0.0,""ip_violation"":0.0,""max_violation"":0.16082009333333347,""sum_violation"":0.2221460687671899,""l2_violation"":0.17211617495940365,""pass"":false},{""endpoint_step"":13,""arrival_time_ms"":130,""window_start_step"":11,""sustained_box_max_error_m"":0.0348246028,""endpoint_velocity_m_per_s"":0.11363367360467609,""endpoint_late_velocity_rms_m_per_s"":0.08439574051372889,""post_arrival_velocity_rms_m_per_s"":0.08992317331815942,""final_velocity_m_per_s"":0.055553072852510356,""sustained_Ip_max_error_A"":731.4477000000006,""position_violation"":0.16082009333333347,""endpoint_speed_violation"":0.1363367360467609,""endpoint_late_speed_violation"":0.0,""post_speed_violation"":0.0,""final_speed_violation"":0.0,""ip_violation"":0.0,""max_violation"":0.16082009333333347,""sum_violation"":0.29715682938009436,""l2_violation"":0.21083360267193235,""pass"":false},{""endpoint_step"":14,""arrival_time_ms"":140,""window_start_step"":12,""sustained_box_max_error_m"":0.0348246028,""endpoint_velocity_m_per_s"":0.09088330770043987,""endpoint_late_velocity_rms_m_per_s"":0.09571691414124334,""post_arrival_velocity_rms_m_per_s"":0.07531905310719578,""final_velocity_m_per_s"":0.055553072852510356,""sustained_Ip_max_error_A"":672.640000000003,""position_violation"":0.16082009333333347,""endpoint_speed_violation"":0.0,""endpoint_late_speed_violation"":0.0,""post_speed_violation"":0.0,""final_speed_violation"":0.0,""ip_violation"":0.0,""max_violation"":0.16082009333333347,""sum_violation"":0.16082009333333347,""l2_violation"":0.16082009333333347,""pass"":false},{""endpoint_step"":15,""arrival_time_ms"":150,""window_start_step"":13,""sustained_box_max_error_m"":0.0348246028,""endpoint_velocity_m_per_s"":0.055553072852510356,""endpoint_late_velocity_rms_m_per_s"":0.09423727972534209,""post_arrival_velocity_rms_m_per_s"":0.055553072852510356,""final_velocity_m_per_s"":0.055553072852510356,""sustained_Ip_max_error_A"":637.497800000001,""position_violation"":0.16082009333333347,""endpoint_speed_violation"":0.0,""endpoint_late_speed_violation"":0.0,""post_speed_violation"":0.0,""final_speed_violation"":0.0,""ip_violation"":0.0,""max_violation"":0.16082009333333347,""sum_violation"":0.16082009333333347,""l2_violation"":0.16082009333333347,""pass"":false}]",True,False,5.648805466808693,5.648805466808693,1016891.7586054669,0.3812720636116721,0.20847748511599476,0.04807504367787985,241.55903244018555,19
Stage3.0,controller_identification_999_probes,s30r999p_4977fc658bdd311f,29,nominal_05_s22g000_571ab4a158d29207,s22g000_571ab4a158d29207,gate,center0_v14_p,real_tsc_fd_probe,"[-0.3625934518181101,0.31836250362187624,0.14993042464019693,0.2709999999999997,0.27099999999999996,0.038150000000000024,0.37939999999999935,0.37939999999999996,0.1355,0.43359999999999943,0.43359999999999976,0.06539999999999996,0.4335999999999999,0.11359999999999945,0.1715999999999999,0.4335999999999991,0.11359999999999984,0.16259999999999983]",stage3_0_evaluations/controller_identification_999_probes/s30r999p_4977fc658bdd311f.json.gz,s30r02s_5c06bc76b59d0d57,14,1,0.009,0.009000000000000008,two_sided,True,,16,-0.027123659000000022,0.0348246906,465.1634000000013,0.04414127267007614,0.0348246906,0.055499653155692295,0.09422840106905778,0.6492383287639514,0.41409999999999997,0,16,False,True,PASS_DAMPED_HOLD_40MM_120_150MS,,,14,140,14,140,0.0348246906,0.07529683337938094,14,140,12,0.0348246906,0.09087912154902447,0.09571592047020983,0.07529683337938094,0.055499653155692295,672.640000000003,0.16082302000000004,0.0,0.0,0.0,0.0,0.0,0.16082302000000004,0.16082302000000004,0.16082302000000004,"[{""endpoint_step"":12,""arrival_time_ms"":120,""window_start_step"":10,""sustained_box_max_error_m"":0.0348246906,""endpoint_velocity_m_per_s"":0.10613259754338565,""endpoint_late_velocity_rms_m_per_s"":0.07463359593281949,""post_arrival_velocity_rms_m_per_s"":0.09422840106905778,""final_velocity_m_per_s"":0.055499653155692295,""sustained_Ip_max_error_A"":782.9552000000003,""position_violation"":0.16082302000000004,""endpoint_speed_violation"":0.06132597543385643,""endpoint_late_speed_violation"":0.0,""post_speed_violation"":0.0,""final_speed_violation"":0.0,""ip_violation"":0.0,""max_violation"":0.16082302000000004,""sum_violation"":0.22214899543385647,""l2_violation"":0.17211890955044531,""pass"":false},{""endpoint_step"":13,""arrival_time_ms"":130,""window_start_step"":11,""sustained_box_max_error_m"":0.0348246906,""endpoint_velocity_m_per_s"":0.11363367360467609,""endpoint_late_velocity_rms_m_per_s"":0.08439574051372889,""post_arrival_velocity_rms_m_per_s"":0.0899107668947729,""final_velocity_m_per_s"":0.055499653155692295,""sustained_Ip_max_error_A"":731.4477000000006,""position_violation"":0.16082302000000004,""endpoint_speed_violation"":0.1363367360467609,""endpoint_late_speed_violation"":0.0,""post_speed_violation"":0.0,""final_speed_violation"":0.0,""ip_violation"":0.0,""max_violation"":0.16082302000000004,""sum_violation"":0.2971597560467609,""l2_violation"":0.21083583508930487,""pass"":false},{""endpoint_step"":14,""arrival_time_ms"":140,""window_start_step"":12,""sustained_box_max_error_m"":0.0348246906,""endpoint_velocity_m_per_s"":0.09087912154902447,""endpoint_late_velocity_rms_m_per_s"":0.09571592047020983,""post_arrival_velocity_rms_m_per_s"":0.07529683337938094,""final_velocity_m_per_s"":0.055499653155692295,""sustained_Ip_max_error_A"":672.640000000003,""position_violation"":0.16082302000000004,""endpoint_speed_violation"":0.0,""endpoint_late_speed_violation"":0.0,""post_speed_violation"":0.0,""final_speed_violation"":0.0,""ip_violation"":0.0,""max_violation"":0.16082302000000004,""sum_violation"":0.16082302000000004,""l2_violation"":0.16082302000000004,""pass"":false},{""endpoint_step"":15,""arrival_time_ms"":150,""window_start_step"":13,""sustained_box_max_error_m"":0.0348246906,""endpoint_velocity_m_per_s"":0.055499653155692295,""endpoint_late_velocity_rms_m_per_s"":0.09422840106905778,""post_arrival_velocity_rms_m_per_s"":0.055499653155692295,""final_velocity_m_per_s"":0.055499653155692295,""sustained_Ip_max_error_A"":637.497800000001,""position_violation"":0.16082302000000004,""endpoint_speed_violation"":0.0,""endpoint_late_speed_violation"":0.0,""post_speed_violation"":0.0,""final_speed_violation"":0.0,""ip_violation"":0.0,""max_violation"":0.16082302000000004,""sum_violation"":0.16082302000000004,""l2_violation"":0.16082302000000004,""pass"":false}]",True,False,5.648600518516679,5.648600518516679,1016892.0657005185,0.3813086161843412,0.2084998839237283,0.04807504367787985,239.6360626220703,20
Stage3.0,controller_identification_999_probes,s30r999p_a7ee7f47c711e62b,35,nominal_05_s22g000_571ab4a158d29207,s22g000_571ab4a158d29207,gate,center0_v17_p,real_tsc_fd_probe,"[-0.3625934518181101,0.31836250362187624,0.14993042464019693,0.2709999999999997,0.27099999999999996,0.038150000000000024,0.37939999999999935,0.37939999999999996,0.1355,0.43359999999999943,0.43359999999999976,0.06539999999999996,0.4335999999999999,0.11359999999999945,0.16259999999999988,0.4335999999999991,0.11359999999999984,0.17159999999999984]",stage3_0_evaluations/controller_identification_999_probes/s30r999p_a7ee7f47c711e62b.json.gz,s30r02s_5c06bc76b59d0d57,17,1,0.009,0.009000000000000008,two_sided,True,,16,-0.027122529999999978,0.0348246989,465.3695000000007,0.044140585486336266,0.0348246989,0.055550397092519466,0.09423688539249077,0.6492383287639514,0.41409999999999997,0,16,False,True,PASS_DAMPED_HOLD_40MM_120_150MS,,,14,140,14,140,0.0348246989,0.07531806634436862,14,140,12,0.0348246989,0.09088330770043987,0.09571691414124334,0.07531806634436862,0.055550397092519466,672.640000000003,0.16082329666666673,0.0,0.0,0.0,0.0,0.0,0.16082329666666673,0.16082329666666673,0.16082329666666673,"[{""endpoint_step"":12,""arrival_time_ms"":120,""window_start_step"":10,""sustained_box_max_error_m"":0.0348246989,""endpoint_velocity_m_per_s"":0.10613259754338565,""endpoint_late_velocity_rms_m_per_s"":0.07463359593281949,""post_arrival_velocity_rms_m_per_s"":0.09423688539249077,""final_velocity_m_per_s"":0.055550397092519466,""sustained_Ip_max_error_A"":782.9552000000003,""position_violation"":0.16082329666666673,""endpoint_speed_violation"":0.06132597543385643,""endpoint_late_speed_violation"":0.0,""post_speed_violation"":0.0,""final_speed_violation"":0.0,""ip_violation"":0.0,""max_violation"":0.16082329666666673,""sum_violation"":0.22214927210052315,""l2_violation"":0.1721191680599481,""pass"":false},{""endpoint_step"":13,""arrival_time_ms"":130,""window_start_step"":11,""sustained_box_max_error_m"":0.0348246989,""endpoint_velocity_m_per_s"":0.11363367360467609,""endpoint_late_velocity_rms_m_per_s"":0.08439574051372889,""post_arrival_velocity_rms_m_per_s"":0.08992262231608442,""final_velocity_m_per_s"":0.055550397092519466,""sustained_Ip_max_error_A"":731.4477000000006,""position_violation"":0.16082329666666673,""endpoint_speed_violation"":0.1363367360467609,""endpoint_late_speed_violation"":0.0,""post_speed_violation"":0.0,""final_speed_violation"":0.0,""ip_violation"":0.0,""max_violation"":0.16082329666666673,""sum_violation"":0.2971600327134276,""l2_violation"":0.21083604612736137,""pass"":false},{""endpoint_step"":14,""arrival_time_ms"":140,""window_start_step"":12,""sustained_box_max_error_m"":0.0348246989,""endpoint_velocity_m_per_s"":0.09088330770043987,""endpoint_late_velocity_rms_m_per_s"":0.09571691414124334,""post_arrival_velocity_rms_m_per_s"":0.07531806634436862,""final_velocity_m_per_s"":0.055550397092519466,""sustained_Ip_max_error_A"":672.640000000003,""position_violation"":0.16082329666666673,""endpoint_speed_violation"":0.0,""endpoint_late_speed_violation"":0.0,""post_speed_violation"":0.0,""final_speed_violation"":0.0,""ip_violation"":0.0,""max_violation"":0.16082329666666673,""sum_violation"":0.16082329666666673,""l2_violation"":0.16082329666666673,""pass"":false},{""endpoint_step"":15,""arrival_time_ms"":150,""window_start_step"":13,""sustained_box_max_error_m"":0.0348246989,""endpoint_velocity_m_per_s"":0.055550397092519466,""endpoint_late_velocity_rms_m_per_s"":0.09423688539249077,""post_arrival_velocity_rms_m_per_s"":0.055550397092519466,""final_velocity_m_per_s"":0.055550397092519466,""sustained_Ip_max_error_A"":637.497800000001,""position_violation"":0.16082329666666673,""endpoint_speed_violation"":0.0,""endpoint_late_speed_violation"":0.0,""post_speed_violation"":0.0,""final_speed_violation"":0.0,""ip_violation"":0.0,""max_violation"":0.16082329666666673,""sum_violation"":0.16082329666666673,""l2_violation"":0.16082329666666673,""pass"":false}]",True,False,5.648801224528824,5.648801224528824,1016892.0949512245,0.3813086161843412,0.20847748511599476,0.04807504367787985,240.65421319007874,21
Stage3.0,controller_identification_999_probes,s30r999p_70268ac9b9bc1b3f,32,nominal_05_s22g000_571ab4a158d29207,s22g000_571ab4a158d29207,gate,center0_v16_m,real_tsc_fd_probe,"[-0.3625934518181101,0.31836250362187624,0.14993042464019693,0.2709999999999997,0.27099999999999996,0.038150000000000024,0.37939999999999935,0.37939999999999996,0.1355,0.43359999999999943,0.43359999999999976,0.06539999999999996,0.4335999999999999,0.11359999999999945,0.16259999999999988,0.4335999999999991,0.08959999999999985,0.16259999999999983]",stage3_0_evaluations/controller_identification_999_probes/s30r999p_70268ac9b9bc1b3f.json.gz,s30r02s_5c06bc76b59d0d57,16,-1,0.024,-0.023999999999999994,two_sided,True,,16,-0.02712289400000001,0.0348248777,465.40880000000107,0.044140950213551064,0.0348248777,0.05554626661738859,0.09423627670900307,0.6492383287639514,0.41409999999999997,0,16,False,True,PASS_DAMPED_HOLD_40MM_120_150MS,,,14,140,14,140,0.0348248777,0.07531654318177,14,140,12,0.0348248777,0.09088330770043987,0.09571691414124334,0.07531654318177,0.05554626661738859,672.640000000003,0.1608292566666667,0.0,0.0,0.0,0.0,0.0,0.1608292566666667,0.1608292566666667,0.1608292566666667,"[{""endpoint_step"":12,""arrival_time_ms"":120,""window_start_step"":10,""sustained_box_max_error_m"":0.0348248777,""endpoint_velocity_m_per_s"":0.10613259754338565,""endpoint_late_velocity_rms_m_per_s"":0.07463359593281949,""post_arrival_velocity_rms_m_per_s"":0.09423627670900307,""final_velocity_m_per_s"":0.05554626661738859,""sustained_Ip_max_error_A"":782.9552000000003,""position_violation"":0.1608292566666667,""endpoint_speed_violation"":0.06132597543385643,""endpoint_late_speed_violation"":0.0,""post_speed_violation"":0.0,""final_speed_violation"":0.0,""ip_violation"":0.0,""max_violation"":0.1608292566666667,""sum_violation"":0.22215523210052313,""l2_violation"":0.1721247369289682,""pass"":false},{""endpoint_step"":13,""arrival_time_ms"":130,""window_start_step"":11,""sustained_box_max_error_m"":0.0348248777,""endpoint_velocity_m_per_s"":0.11363367360467609,""endpoint_late_velocity_rms_m_per_s"":0.08439574051372889,""post_arrival_velocity_rms_m_per_s"":0.08992177179933847,""final_velocity_m_per_s"":0.05554626661738859,""sustained_Ip_max_error_A"":731.4477000000006,""position_violation"":0.1608292566666667,""endpoint_speed_violation"":0.1363367360467609,""endpoint_late_speed_violation"":0.0,""post_speed_violation"":0.0,""final_speed_violation"":0.0,""ip_violation"":0.0,""max_violation"":0.1608292566666667,""sum_violation"":0.2971659927134276,""l2_violation"":0.21084059238163014,""pass"":false},{""endpoint_step"":14,""arrival_time_ms"":140,""window_start_step"":12,""sustained_box_max_error_m"":0.0348248777,""endpoint_velocity_m_per_s"":0.09088330770043987,""endpoint_late_velocity_rms_m_per_s"":0.09571691414124334,""post_arrival_velocity_rms_m_per_s"":0.07531654318177,""final_velocity_m_per_s"":0.05554626661738859,""sustained_Ip_max_error_A"":672.640000000003,""position_violation"":0.1608292566666667,""endpoint_speed_violation"":0.0,""endpoint_late_speed_violation"":0.0,""post_speed_violation"":0.0,""final_speed_violation"":0.0,""ip_violation"":0.0,""max_violation"":0.1608292566666667,""sum_violation"":0.1608292566666667,""l2_violation"":0.1608292566666667,""pass"":false},{""endpoint_step"":15,""arrival_time_ms"":150,""window_start_step"":13,""sustained_box_max_error_m"":0.0348248777,""endpoint_velocity_m_per_s"":0.05554626661738859,""endpoint_late_velocity_rms_m_per_s"":0.09423627670900307,""post_arrival_velocity_rms_m_per_s"":0.05554626661738859,""final_velocity_m_per_s"":0.05554626661738859,""sustained_Ip_max_error_A"":637.497800000001,""position_violation"":0.1608292566666667,""endpoint_speed_violation"":0.0,""endpoint_late_speed_violation"":0.0,""post_speed_violation"":0.0,""final_speed_violation"":0.0,""ip_violation"":0.0,""max_violation"":0.1608292566666667,""sum_violation"":0.1608292566666667,""l2_violation"":0.1608292566666667,""pass"":false}]",True,False,5.64880127300429,5.64880127300429,1016892.7207512731,0.3812593802939562,0.2084835420614632,0.04807504367787985,235.1353211402893,22
Stage3.0,controller_identification_999_probes,s30r999p_84f656721e102a0f,30,nominal_05_s22g000_571ab4a158d29207,s22g000_571ab4a158d29207,gate,center0_v15_m,real_tsc_fd_probe,"[-0.3625934518181101,0.31836250362187624,0.14993042464019693,0.2709999999999997,0.27099999999999996,0.038150000000000024,0.37939999999999935,0.37939999999999996,0.1355,0.43359999999999943,0.43359999999999976,0.06539999999999996,0.4335999999999999,0.11359999999999945,0.16259999999999988,0.4095999999999991,0.11359999999999984,0.16259999999999983]",stage3_0_evaluations/controller_identification_999_probes/s30r999p_84f656721e102a0f.json.gz,s30r02s_5c06bc76b59d0d57,15,-1,0.024,-0.02400000000000002,two_sided,True,,16,-0.027122223999999973,0.0348250305,471.5753000000004,0.04414065908017351,0.0348250305,0.055594738499759405,0.09424342232435878,0.6492383287639514,0.41409999999999997,0,16,False,True,PASS_DAMPED_HOLD_40MM_120_150MS,,,14,140,14,140,0.0348250305,0.07533442296662748,14,140,12,0.0348250305,0.09088330770043987,0.09571691414124334,0.07533442296662748,0.055594738499759405,672.640000000003,0.16083435000000001,0.0,0.0,0.0,0.0,0.0,0.16083435000000001,0.16083435000000001,0.16083435000000001,"[{""endpoint_step"":12,""arrival_time_ms"":120,""window_start_step"":10,""sustained_box_max_error_m"":0.0348250305,""endpoint_velocity_m_per_s"":0.10613259754338565,""endpoint_late_velocity_rms_m_per_s"":0.07463359593281949,""post_arrival_velocity_rms_m_per_s"":0.09424342232435878,""final_velocity_m_per_s"":0.055594738499759405,""sustained_Ip_max_error_A"":782.9552000000003,""position_violation"":0.16083435000000001,""endpoint_speed_violation"":0.06132597543385643,""endpoint_late_speed_violation"":0.0,""post_speed_violation"":0.0,""final_speed_violation"":0.0,""ip_violation"":0.0,""max_violation"":0.16083435000000001,""sum_violation"":0.22216032543385644,""l2_violation"":0.1721294960279512,""pass"":false},{""endpoint_step"":13,""arrival_time_ms"":130,""window_start_step"":11,""sustained_box_max_error_m"":0.0348250305,""endpoint_velocity_m_per_s"":0.11363367360467609,""endpoint_late_velocity_rms_m_per_s"":0.08439574051372889,""post_arrival_velocity_rms_m_per_s"":0.08993175624572876,""final_velocity_m_per_s"":0.055594738499759405,""sustained_Ip_max_error_A"":731.4477000000006,""position_violation"":0.16083435000000001,""endpoint_speed_violation"":0.1363367360467609,""endpoint_late_speed_violation"":0.0,""post_speed_violation"":0.0,""final_speed_violation"":0.0,""ip_violation"":0.0,""max_violation"":0.16083435000000001,""sum_violation"":0.2971710860467609,""l2_violation"":0.2108444776032957,""pass"":false},{""endpoint_step"":14,""arrival_time_ms"":140,""window_start_step"":12,""sustained_box_max_error_m"":0.0348250305,""endpoint_velocity_m_per_s"":0.09088330770043987,""endpoint_late_velocity_rms_m_per_s"":0.09571691414124334,""post_arrival_velocity_rms_m_per_s"":0.07533442296662748,""final_velocity_m_per_s"":0.055594738499759405,""sustained_Ip_max_error_A"":672.640000000003,""position_violation"":0.16083435000000001,""endpoint_speed_violation"":0.0,""endpoint_late_speed_violation"":0.0,""post_speed_violation"":0.0,""final_speed_violation"":0.0,""ip_violation"":0.0,""max_violation"":0.16083435000000001,""sum_violation"":0.16083435000000001,""l2_violation"":0.16083435000000001,""pass"":false},{""endpoint_step"":15,""arrival_time_ms"":150,""window_start_step"":13,""sustained_box_max_error_m"":0.0348250305,""endpoint_velocity_m_per_s"":0.055594738499759405,""endpoint_late_velocity_rms_m_per_s"":0.09424342232435878,""post_arrival_velocity_rms_m_per_s"":0.055594738499759405,""final_velocity_m_per_s"":0.055594738499759405,""sustained_Ip_max_error_A"":637.497800000001,""position_violation"":0.16083435000000001,""endpoint_speed_violation"":0.0,""endpoint_late_speed_violation"":0.0,""post_speed_violation"":0.0,""final_speed_violation"":0.0,""ip_violation"":0.0,""max_violation"":0.16083435000000001,""sum_violation"":0.16083435000000001,""l2_violation"":0.16083435000000001,""pass"":false}]",True,False,5.648990440883072,5.648990440883072,1016893.2557404409,0.38116344552565457,0.2084835420614632,0.04807504367787985,242.87722992897034,23
Stage3.0,controller_identification_999_probes,s30r999p_f34e9eebbc753197,26,nominal_05_s22g000_571ab4a158d29207,s22g000_571ab4a158d29207,gate,center0_v13_m,real_tsc_fd_probe,"[-0.3625934518181101,0.31836250362187624,0.14993042464019693,0.2709999999999997,0.27099999999999996,0.038150000000000024,0.37939999999999935,0.37939999999999996,0.1355,0.43359999999999943,0.43359999999999976,0.06539999999999996,0.4335999999999999,0.08959999999999946,0.16259999999999988,0.4335999999999991,0.11359999999999984,0.16259999999999983]",stage3_0_evaluations/controller_identification_999_probes/s30r999p_f34e9eebbc753197.json.gz,s30r02s_5c06bc76b59d0d57,13,-1,0.024,-0.023999999999999994,two_sided,True,,16,-0.027127236,0.0348261335,466.5769,0.04414460904300228,0.0348261335,0.05543776597178333,0.09422184674153694,0.6492383287639514,0.41409999999999997,0,16,False,True,PASS_DAMPED_HOLD_40MM_120_150MS,,,14,140,14,140,0.0348261335,0.0752804276533495,14,140,12,0.0348261335,0.09088971162568488,0.09571843431611791,0.0752804276533495,0.05543776597178333,672.640000000003,0.16087111666666676,0.0,0.0,0.0,0.0,0.0,0.16087111666666676,0.16087111666666676,0.16087111666666676,"[{""endpoint_step"":12,""arrival_time_ms"":120,""window_start_step"":10,""sustained_box_max_error_m"":0.0348261335,""endpoint_velocity_m_per_s"":0.10613259754338565,""endpoint_late_velocity_rms_m_per_s"":0.07463359593281949,""post_arrival_velocity_rms_m_per_s"":0.09422184674153694,""final_velocity_m_per_s"":0.05543776597178333,""sustained_Ip_max_error_A"":782.9552000000003,""position_violation"":0.16087111666666676,""endpoint_speed_violation"":0.06132597543385643,""endpoint_late_speed_violation"":0.0,""post_speed_violation"":0.0,""final_speed_violation"":0.0,""ip_violation"":0.0,""max_violation"":0.16087111666666676,""sum_violation"":0.22219709210052319,""l2_violation"":0.1721638505624635,""pass"":false},{""endpoint_step"":13,""arrival_time_ms"":130,""window_start_step"":11,""sustained_box_max_error_m"":0.0348261335,""endpoint_velocity_m_per_s"":0.11363367360467609,""endpoint_late_velocity_rms_m_per_s"":0.08439574051372889,""post_arrival_velocity_rms_m_per_s"":0.08990160798012539,""final_velocity_m_per_s"":0.05543776597178333,""sustained_Ip_max_error_A"":731.4477000000006,""position_violation"":0.16087111666666676,""endpoint_speed_violation"":0.1363367360467609,""endpoint_late_speed_violation"":0.0,""post_speed_violation"":0.0,""final_speed_violation"":0.0,""ip_violation"":0.0,""max_violation"":0.16087111666666676,""sum_violation"":0.29720785271342764,""l2_violation"":0.21087252493737646,""pass"":false},{""endpoint_step"":14,""arrival_time_ms"":140,""window_start_step"":12,""sustained_box_max_error_m"":0.0348261335,""endpoint_velocity_m_per_s"":0.09088971162568488,""endpoint_late_velocity_rms_m_per_s"":0.09571843431611791,""post_arrival_velocity_rms_m_per_s"":0.0752804276533495,""final_velocity_m_per_s"":0.05543776597178333,""sustained_Ip_max_error_A"":672.640000000003,""position_violation"":0.16087111666666676,""endpoint_speed_violation"":0.0,""endpoint_late_speed_violation"":0.0,""post_speed_violation"":0.0,""final_speed_violation"":0.0,""ip_violation"":0.0,""max_violation"":0.16087111666666676,""sum_violation"":0.16087111666666676,""l2_violation"":0.16087111666666676,""pass"":false},{""endpoint_step"":15,""arrival_time_ms"":150,""window_start_step"":13,""sustained_box_max_error_m"":0.0348261335,""endpoint_velocity_m_per_s"":0.05543776597178333,""endpoint_late_velocity_rms_m_per_s"":0.09422184674153694,""post_arrival_velocity_rms_m_per_s"":0.05543776597178333,""final_velocity_m_per_s"":0.05543776597178333,""sustained_Ip_max_error_A"":637.497800000001,""position_violation"":0.16087111666666676,""endpoint_speed_violation"":0.0,""endpoint_late_speed_violation"":0.0,""post_speed_violation"":0.0,""final_speed_violation"":0.0,""ip_violation"":0.0,""max_violation"":0.16087111666666676,""sum_violation"":0.16087111666666676,""l2_violation"":0.16087111666666676,""pass"":false}]",True,False,5.64860042218277,5.64860042218277,1016897.1158504223,0.3812593802939562,0.20867844506067912,0.04807504367787985,241.9300708770752,24
Stage3.0,controller_identification_999_probes,s30r999p_8a70b5b3885837a9,4,nominal_05_s22g000_571ab4a158d29207,s22g000_571ab4a158d29207,gate,center0_v2_m,real_tsc_fd_probe,"[-0.3625934518181101,0.31836250362187624,0.14593042464019693,0.2709999999999997,0.27099999999999996,0.038150000000000024,0.37939999999999935,0.37939999999999996,0.1355,0.43359999999999943,0.43359999999999976,0.06539999999999996,0.4335999999999999,0.11359999999999945,0.16259999999999988,0.4335999999999991,0.11359999999999984,0.16259999999999983]",stage3_0_evaluations/controller_identification_999_probes/s30r999p_8a70b5b3885837a9.json.gz,s30r02s_5c06bc76b59d0d57,2,-1,0.004,-0.0040000000000000036,two_sided,True,,16,-0.027105450999999947,0.0348273424,472.82910000000265,0.044132179331642304,0.0348273424,0.05585171014851959,0.09434856549540706,0.6492383287639514,0.41409999999999997,0,16,False,True,PASS_DAMPED_HOLD_40MM_120_150MS,,,14,140,14,140,0.0348273424,0.07550912911597753,14,140,12,0.0348273424,0.09101562301710892,0.0957776372885298,0.07550912911597753,0.05585171014851959,674.3533000000025,0.16091141333333336,0.0,0.0,0.0,0.0,0.0,0.16091141333333336,0.16091141333333336,0.16091141333333336,"[{""endpoint_step"":12,""arrival_time_ms"":120,""window_start_step"":10,""sustained_box_max_error_m"":0.0348273424,""endpoint_velocity_m_per_s"":0.10614543831877842,""endpoint_late_velocity_rms_m_per_s"":0.07463058026627055,""post_arrival_velocity_rms_m_per_s"":0.09434856549540706,""final_velocity_m_per_s"":0.05585171014851959,""sustained_Ip_max_error_A"":784.9286000000029,""position_violation"":0.16091141333333336,""endpoint_speed_violation"":0.06145438318778407,""endpoint_late_speed_violation"":0.0,""post_speed_violation"":0.0,""final_speed_violation"":0.0,""ip_violation"":0.0,""max_violation"":0.16091141333333336,""sum_violation"":0.22236579652111743,""l2_violation"":0.1722472761872357,""pass"":false},{""endpoint_step"":13,""arrival_time_ms"":130,""window_start_step"":11,""sustained_box_max_error_m"":0.0348273424,""endpoint_velocity_m_per_s"":0.11373871815952621,""endpoint_late_velocity_rms_m_per_s"":0.08442844274175061,""post_arrival_velocity_rms_m_per_s"":0.09007358689478819,""final_velocity_m_per_s"":0.05585171014851959,""sustained_Ip_max_error_A"":733.3501000000033,""position_violation"":0.16091141333333336,""endpoint_speed_violation"":0.1373871815952621,""endpoint_late_speed_violation"":0.0,""post_speed_violation"":0.0,""final_speed_violation"":0.0,""ip_violation"":0.0,""max_violation"":0.16091141333333336,""sum_violation"":0.29829859492859545,""l2_violation"":0.21158383824767993,""pass"":false},{""endpoint_step"":14,""arrival_time_ms"":140,""window_start_step"":12,""sustained_box_max_error_m"":0.0348273424,""endpoint_velocity_m_per_s"":0.09101562301710892,""endpoint_late_velocity_rms_m_per_s"":0.0957776372885298,""post_arrival_velocity_rms_m_per_s"":0.07550912911597753,""final_velocity_m_per_s"":0.05585171014851959,""sustained_Ip_max_error_A"":674.3533000000025,""position_violation"":0.16091141333333336,""endpoint_speed_violation"":0.0,""endpoint_late_speed_violation"":0.0,""post_speed_violation"":0.0,""final_speed_violation"":0.0,""ip_violation"":0.0,""max_violation"":0.16091141333333336,""sum_violation"":0.16091141333333336,""l2_violation"":0.16091141333333336,""pass"":false},{""endpoint_step"":15,""arrival_time_ms"":150,""window_start_step"":13,""sustained_box_max_error_m"":0.0348273424,""endpoint_velocity_m_per_s"":0.05585171014851959,""endpoint_late_velocity_rms_m_per_s"":0.09434856549540706,""post_arrival_velocity_rms_m_per_s"":0.05585171014851959,""final_velocity_m_per_s"":0.05585171014851959,""sustained_Ip_max_error_A"":639.0887000000002,""position_violation"":0.16091141333333336,""endpoint_speed_violation"":0.0,""endpoint_late_speed_violation"":0.0,""post_speed_violation"":0.0,""final_speed_violation"":0.0,""ip_violation"":0.0,""max_violation"":0.16091141333333336,""sum_violation"":0.16091141333333336,""l2_violation"":0.16091141333333336,""pass"":false}]",True,False,5.650864732762212,5.650864732762212,1016901.3492647328,0.38128244448771326,0.20846532015125574,0.04807504367787985,244.5071358680725,25
Stage3.0,controller_identification_999_probes,s30r999p_3ccbac875f567186,17,nominal_05_s22g000_571ab4a158d29207,s22g000_571ab4a158d29207,gate,center0_v8_p,real_tsc_fd_probe,"[-0.3625934518181101,0.31836250362187624,0.14993042464019693,0.2709999999999997,0.27099999999999996,0.038150000000000024,0.37939999999999935,0.37939999999999996,0.14350000000000002,0.43359999999999943,0.43359999999999976,0.06539999999999996,0.4335999999999999,0.11359999999999945,0.16259999999999988,0.4335999999999991,0.11359999999999984,0.16259999999999983]",stage3_0_evaluations/controller_identification_999_probes/s30r999p_3ccbac875f567186.json.gz,s30r02s_5c06bc76b59d0d57,8,1,0.008,0.008000000000000007,two_sided,True,,16,-0.027123530000000007,0.034827486,466.4457000000002,0.04414339883539889,0.034827486,0.05564209708667173,0.09428838615467794,0.6492383287639514,0.41409999999999997,0,16,False,True,PASS_DAMPED_HOLD_40MM_120_150MS,,,14,140,14,140,0.034827486,0.07542065219191255,14,140,12,0.034827486,0.09099728889315487,0.09575430935541163,0.07542065219191255,0.05564209708667173,671.2796000000017,0.16091619999999995,0.0,0.0,0.0,0.0,0.0,0.16091619999999995,0.16091619999999995,0.16091619999999995,"[{""endpoint_step"":12,""arrival_time_ms"":120,""window_start_step"":10,""sustained_box_max_error_m"":0.034827486,""endpoint_velocity_m_per_s"":0.10613668844238361,""endpoint_late_velocity_rms_m_per_s"":0.07463505031093436,""post_arrival_velocity_rms_m_per_s"":0.09428838615467794,""final_velocity_m_per_s"":0.05564209708667173,""sustained_Ip_max_error_A"":782.9552000000003,""position_violation"":0.16091619999999995,""endpoint_speed_violation"":0.06136688442383598,""endpoint_late_speed_violation"":0.0,""post_speed_violation"":0.0,""final_speed_violation"":0.0,""ip_violation"":0.0,""max_violation"":0.16091619999999995,""sum_violation"":0.22228308442383593,""l2_violation"":0.1722205502439486,""pass"":false},{""endpoint_step"":13,""arrival_time_ms"":130,""window_start_step"":11,""sustained_box_max_error_m"":0.034827486,""endpoint_velocity_m_per_s"":0.11366465091219943,""endpoint_late_velocity_rms_m_per_s"":0.08440745454305276,""post_arrival_velocity_rms_m_per_s"":0.08999296717169819,""final_velocity_m_per_s"":0.05564209708667173,""sustained_Ip_max_error_A"":731.4477000000006,""position_violation"":0.16091619999999995,""endpoint_speed_violation"":0.13664650912199416,""endpoint_late_speed_violation"":0.0,""post_speed_violation"":0.0,""final_speed_violation"":0.0,""ip_violation"":0.0,""max_violation"":0.16091619999999995,""sum_violation"":0.2975627091219941,""l2_violation"":0.21110729944193596,""pass"":false},{""endpoint_step"":14,""arrival_time_ms"":140,""window_start_step"":12,""sustained_box_max_error_m"":0.034827486,""endpoint_velocity_m_per_s"":0.09099728889315487,""endpoint_late_velocity_rms_m_per_s"":0.09575430935541163,""post_arrival_velocity_rms_m_per_s"":0.07542065219191255,""final_velocity_m_per_s"":0.05564209708667173,""sustained_Ip_max_error_A"":671.2796000000017,""position_violation"":0.16091619999999995,""endpoint_speed_violation"":0.0,""endpoint_late_speed_violation"":0.0,""post_speed_violation"":0.0,""final_speed_violation"":0.0,""ip_violation"":0.0,""max_violation"":0.16091619999999995,""sum_violation"":0.16091619999999995,""l2_violation"":0.16091619999999995,""pass"":false},{""endpoint_step"":15,""arrival_time_ms"":150,""window_start_step"":13,""sustained_box_max_error_m"":0.034827486,""endpoint_velocity_m_per_s"":0.05564209708667173,""endpoint_late_velocity_rms_m_per_s"":0.09428838615467794,""post_arrival_velocity_rms_m_per_s"":0.05564209708667173,""final_velocity_m_per_s"":0.05564209708667173,""sustained_Ip_max_error_A"":635.8916000000027,""position_violation"":0.16091619999999995,""endpoint_speed_violation"":0.0,""endpoint_late_speed_violation"":0.0,""post_speed_violation"":0.0,""final_speed_violation"":0.0,""ip_violation"":0.0,""max_violation"":0.16091619999999995,""sum_violation"":0.16091619999999995,""l2_violation"":0.16091619999999995,""pass"":false}]",True,False,5.650510869788427,5.650510869788427,1016901.8515108698,0.38130377193348475,0.20851084140630022,0.04807504367787985,239.09807229042053,26
Stage3.0,controller_identification_999_probes,s30r999p_d02c0b3409051870,2,nominal_05_s22g000_571ab4a158d29207,s22g000_571ab4a158d29207,gate,center0_v1_m,real_tsc_fd_probe,"[-0.3625934518181101,0.3083625036218762,0.14993042464019693,0.2709999999999997,0.27099999999999996,0.038150000000000024,0.37939999999999935,0.37939999999999996,0.1355,0.43359999999999943,0.43359999999999976,0.06539999999999996,0.4335999999999999,0.11359999999999945,0.16259999999999988,0.4335999999999991,0.11359999999999984,0.16259999999999983]",stage3_0_evaluations/controller_identification_999_probes/s30r999p_d02c0b3409051870.json.gz,s30r02s_5c06bc76b59d0d57,1,-1,0.01,-0.010000000000000009,two_sided,True,,16,-0.02713270099999998,0.0348277427,468.2497000000003,0.04414923697112786,0.0348277427,0.055465073996309414,0.09426303209045757,0.6492383287639514,0.41409999999999997,0,16,False,True,PASS_DAMPED_HOLD_40MM_120_150MS,,,14,140,14,140,0.0348277427,0.07532683314384647,14,140,12,0.0348277427,0.09094992660549923,0.0957583558077809,0.07532683314384647,0.055465073996309414,672.9161000000022,0.16092475666666672,0.0,0.0,0.0,0.0,0.0,0.16092475666666672,0.16092475666666672,0.16092475666666672,"[{""endpoint_step"":12,""arrival_time_ms"":120,""window_start_step"":10,""sustained_box_max_error_m"":0.0348277427,""endpoint_velocity_m_per_s"":0.10616661464556518,""endpoint_late_velocity_rms_m_per_s"":0.07465005890281834,""post_arrival_velocity_rms_m_per_s"":0.09426303209045757,""final_velocity_m_per_s"":0.055465073996309414,""sustained_Ip_max_error_A"":783.2668000000012,""position_violation"":0.16092475666666672,""endpoint_speed_violation"":0.061666146455651605,""endpoint_late_speed_violation"":0.0,""post_speed_violation"":0.0,""final_speed_violation"":0.0,""ip_violation"":0.0,""max_violation"":0.16092475666666672,""sum_violation"":0.22259090312231833,""l2_violation"":0.1723354024189916,""pass"":false},{""endpoint_step"":13,""arrival_time_ms"":130,""window_start_step"":11,""sustained_box_max_error_m"":0.0348277427,""endpoint_velocity_m_per_s"":0.11367701274789385,""endpoint_late_velocity_rms_m_per_s"":0.0844248869219807,""post_arrival_velocity_rms_m_per_s"":0.08994577405349402,""final_velocity_m_per_s"":0.055465073996309414,""sustained_Ip_max_error_A"":731.9832999999999,""position_violation"":0.16092475666666672,""endpoint_speed_violation"":0.13677012747893835,""endpoint_late_speed_violation"":0.0,""post_speed_violation"":0.0,""final_speed_violation"":0.0,""ip_violation"":0.0,""max_violation"":0.16092475666666672,""sum_violation"":0.2976948841456051,""l2_violation"":0.21119385663136828,""pass"":false},{""endpoint_step"":14,""arrival_time_ms"":140,""window_start_step"":12,""sustained_box_max_error_m"":0.0348277427,""endpoint_velocity_m_per_s"":0.09094992660549923,""endpoint_late_velocity_rms_m_per_s"":0.0957583558077809,""post_arrival_velocity_rms_m_per_s"":0.07532683314384647,""final_velocity_m_per_s"":0.055465073996309414,""sustained_Ip_max_error_A"":672.9161000000022,""position_violation"":0.16092475666666672,""endpoint_speed_violation"":0.0,""endpoint_late_speed_violation"":0.0,""post_speed_violation"":0.0,""final_speed_violation"":0.0,""ip_violation"":0.0,""max_violation"":0.16092475666666672,""sum_violation"":0.16092475666666672,""l2_violation"":0.16092475666666672,""pass"":false},{""endpoint_step"":15,""arrival_time_ms"":150,""window_start_step"":13,""sustained_box_max_error_m"":0.0348277427,""endpoint_velocity_m_per_s"":0.055465073996309414,""endpoint_late_velocity_rms_m_per_s"":0.09426303209045757,""post_arrival_velocity_rms_m_per_s"":0.055465073996309414,""final_velocity_m_per_s"":0.055465073996309414,""sustained_Ip_max_error_A"":638.0101000000031,""position_violation"":0.16092475666666672,""endpoint_speed_violation"":0.0,""endpoint_late_speed_violation"":0.0,""post_speed_violation"":0.0,""final_speed_violation"":0.0,""ip_violation"":0.0,""max_violation"":0.16092475666666672,""sum_violation"":0.16092475666666672,""l2_violation"":0.16092475666666672,""pass"":false}]",True,False,5.650498938308535,5.650498938308535,1016902.7499489383,0.38125069687977015,0.20831500035776068,0.04807504367787985,244.37653827667236,27
Stage3.0,controller_identification_999_probes,s30r999p_1c988663fbc48ac6,8,nominal_05_s22g000_571ab4a158d29207,s22g000_571ab4a158d29207,gate,center0_v4_m,real_tsc_fd_probe,"[-0.3625934518181101,0.31836250362187624,0.14993042464019693,0.2709999999999997,0.25499999999999995,0.038150000000000024,0.37939999999999935,0.37939999999999996,0.1355,0.43359999999999943,0.43359999999999976,0.06539999999999996,0.4335999999999999,0.11359999999999945,0.16259999999999988,0.4335999999999991,0.11359999999999984,0.16259999999999983]",stage3_0_evaluations/controller_identification_999_probes/s30r999p_1c988663fbc48ac6.json.gz,s30r02s_5c06bc76b59d0d57,4,-1,0.016,-0.016000000000000014,two_sided,True,,16,-0.02715010699999998,0.0348278276,467.7382000000034,0.044160003231960586,0.0348278276,0.05513859883885844,0.09417622876307785,0.6492383287639514,0.41409999999999997,0,16,False,True,PASS_DAMPED_HOLD_40MM_120_150MS,,,14,140,14,140,0.0348278276,0.07514692081746355,14,140,12,0.0348278276,0.09085072556000702,0.0957182609628521,0.07514692081746355,0.05513859883885844,671.6209000000017,0.16092758666666662,0.0,0.0,0.0,0.0,0.0,0.16092758666666662,0.16092758666666662,0.16092758666666662,"[{""endpoint_step"":12,""arrival_time_ms"":120,""window_start_step"":10,""sustained_box_max_error_m"":0.0348278276,""endpoint_velocity_m_per_s"":0.10615806292065623,""endpoint_late_velocity_rms_m_per_s"":0.07464459864564664,""post_arrival_velocity_rms_m_per_s"":0.09417622876307785,""final_velocity_m_per_s"":0.05513859883885844,""sustained_Ip_max_error_A"":782.9552000000003,""position_violation"":0.16092758666666662,""endpoint_speed_violation"":0.061580629206562154,""endpoint_late_speed_violation"":0.0,""post_speed_violation"":0.0,""final_speed_violation"":0.0,""ip_violation"":0.0,""max_violation"":0.16092758666666662,""sum_violation"":0.22250821587322878,""l2_violation"":0.17230746369160446,""pass"":false},{""endpoint_step"":13,""arrival_time_ms"":130,""window_start_step"":11,""sustained_box_max_error_m"":0.0348278276,""endpoint_velocity_m_per_s"":0.11363535768581895,""endpoint_late_velocity_rms_m_per_s"":0.08440603750229868,""post_arrival_velocity_rms_m_per_s"":0.08982782407301255,""final_velocity_m_per_s"":0.05513859883885844,""sustained_Ip_max_error_A"":730.1641000000018,""position_violation"":0.16092758666666662,""endpoint_speed_violation"":0.13635357685818938,""endpoint_late_speed_violation"":0.0,""post_speed_violation"":0.0,""final_speed_violation"":0.0,""ip_violation"":0.0,""max_violation"":0.16092758666666662,""sum_violation"":0.297281163524856,""l2_violation"":0.21092649447705628,""pass"":false},{""endpoint_step"":14,""arrival_time_ms"":140,""window_start_step"":12,""sustained_box_max_error_m"":0.0348278276,""endpoint_velocity_m_per_s"":0.09085072556000702,""endpoint_late_velocity_rms_m_per_s"":0.0957182609628521,""post_arrival_velocity_rms_m_per_s"":0.07514692081746355,""final_velocity_m_per_s"":0.05513859883885844,""sustained_Ip_max_error_A"":671.6209000000017,""position_violation"":0.16092758666666662,""endpoint_speed_violation"":0.0,""endpoint_late_speed_violation"":0.0,""post_speed_violation"":0.0,""final_speed_violation"":0.0,""ip_violation"":0.0,""max_violation"":0.16092758666666662,""sum_violation"":0.16092758666666662,""l2_violation"":0.16092758666666662,""pass"":false},{""endpoint_step"":15,""arrival_time_ms"":150,""window_start_step"":13,""sustained_box_max_error_m"":0.0348278276,""endpoint_velocity_m_per_s"":0.05513859883885844,""endpoint_late_velocity_rms_m_per_s"":0.09417622876307785,""post_arrival_velocity_rms_m_per_s"":0.05513859883885844,""final_velocity_m_per_s"":0.05513859883885844,""sustained_Ip_max_error_A"":636.9529000000002,""position_violation"":0.16092758666666662,""endpoint_speed_violation"":0.0,""endpoint_late_speed_violation"":0.0,""post_speed_violation"":0.0,""final_speed_violation"":0.0,""ip_violation"":0.0,""max_violation"":0.16092758666666662,""sum_violation"":0.16092758666666662,""l2_violation"":0.16092758666666662,""pass"":false}]",True,False,5.64902691058666,5.64902691058666,1016903.0456269105,0.3812372774648331,0.20854373975911594,0.04807504367787985,238.5856738090515,28
Stage3.0,controller_identification_999_probes,s30r999p_50d5b7aa74280c6e,24,nominal_05_s22g000_571ab4a158d29207,s22g000_571ab4a158d29207,gate,center0_v12_m,real_tsc_fd_probe,"[-0.3625934518181101,0.31836250362187624,0.14993042464019693,0.2709999999999997,0.27099999999999996,0.038150000000000024,0.37939999999999935,0.37939999999999996,0.1355,0.43359999999999943,0.43359999999999976,0.06539999999999996,0.40959999999999985,0.11359999999999945,0.16259999999999988,0.4335999999999991,0.11359999999999984,0.16259999999999983]",stage3_0_evaluations/controller_identification_999_probes/s30r999p_50d5b7aa74280c6e.json.gz,s30r02s_5c06bc76b59d0d57,12,-1,0.024,-0.02400000000000002,two_sided,True,,16,-0.027120586000000002,0.0348279021,471.0503000000026,0.04414191828263222,0.0348279021,0.05588214491187906,0.09429610111446644,0.6492383287639514,0.41409999999999997,0,16,False,True,PASS_DAMPED_HOLD_40MM_120_150MS,,,14,140,14,140,0.0348279021,0.07546614705733423,14,140,12,0.0348279021,0.09092559916440551,0.09572695489740847,0.07546614705733423,0.05588214491187906,672.640000000003,0.16093007000000004,0.0,0.0,0.0,0.0,0.0,0.16093007000000004,0.16093007000000004,0.16093007000000004,"[{""endpoint_step"":12,""arrival_time_ms"":120,""window_start_step"":10,""sustained_box_max_error_m"":0.0348279021,""endpoint_velocity_m_per_s"":0.10613259754338565,""endpoint_late_velocity_rms_m_per_s"":0.07463359593281949,""post_arrival_velocity_rms_m_per_s"":0.09429610111446644,""final_velocity_m_per_s"":0.05588214491187906,""sustained_Ip_max_error_A"":782.9552000000003,""position_violation"":0.16093007000000004,""endpoint_speed_violation"":0.06132597543385643,""endpoint_late_speed_violation"":0.0,""post_speed_violation"":0.0,""final_speed_violation"":0.0,""ip_violation"":0.0,""max_violation"":0.16093007000000004,""sum_violation"":0.22225604543385646,""l2_violation"":0.17221893825337234,""pass"":false},{""endpoint_step"":13,""arrival_time_ms"":130,""window_start_step"":11,""sustained_box_max_error_m"":0.0348279021,""endpoint_velocity_m_per_s"":0.11363367360467609,""endpoint_late_velocity_rms_m_per_s"":0.08439574051372889,""post_arrival_velocity_rms_m_per_s"":0.09000535258204083,""final_velocity_m_per_s"":0.05588214491187906,""sustained_Ip_max_error_A"":731.4477000000006,""position_violation"":0.16093007000000004,""endpoint_speed_violation"":0.1363367360467609,""endpoint_late_speed_violation"":0.0,""post_speed_violation"":0.0,""final_speed_violation"":0.0,""ip_violation"":0.0,""max_violation"":0.16093007000000004,""sum_violation"":0.2972668060467609,""l2_violation"":0.21091750289174452,""pass"":false},{""endpoint_step"":14,""arrival_time_ms"":140,""window_start_step"":12,""sustained_box_max_error_m"":0.0348279021,""endpoint_velocity_m_per_s"":0.09092559916440551,""endpoint_late_velocity_rms_m_per_s"":0.09572695489740847,""post_arrival_velocity_rms_m_per_s"":0.07546614705733423,""final_velocity_m_per_s"":0.05588214491187906,""sustained_Ip_max_error_A"":672.640000000003,""position_violation"":0.16093007000000004,""endpoint_speed_violation"":0.0,""endpoint_late_speed_violation"":0.0,""post_speed_violation"":0.0,""final_speed_violation"":0.0,""ip_violation"":0.0,""max_violation"":0.16093007000000004,""sum_violation"":0.16093007000000004,""l2_violation"":0.16093007000000004,""pass"":false},{""endpoint_step"":15,""arrival_time_ms"":150,""window_start_step"":13,""sustained_box_max_error_m"":0.0348279021,""endpoint_velocity_m_per_s"":0.05588214491187906,""endpoint_late_velocity_rms_m_per_s"":0.09429610111446644,""post_arrival_velocity_rms_m_per_s"":0.05588214491187906,""final_velocity_m_per_s"":0.05588214491187906,""sustained_Ip_max_error_A"":637.497800000001,""position_violation"":0.16093007000000004,""endpoint_speed_violation"":0.0,""endpoint_late_speed_violation"":0.0,""post_speed_violation"":0.0,""final_speed_violation"":0.0,""ip_violation"":0.0,""max_violation"":0.16093007000000004,""sum_violation"":0.16093007000000004,""l2_violation"":0.16093007000000004,""pass"":false}]",True,False,5.65055146886283,5.65055146886283,1016903.3079014688,0.38116344552565457,0.2084905899219533,0.04807504367787985,236.70123982429504,29
Stage3.0,controller_identification_999_probes,s30r999p_e8933b0a01b82d03,20,nominal_05_s22g000_571ab4a158d29207,s22g000_571ab4a158d29207,gate,center0_v10_m,real_tsc_fd_probe,"[-0.3625934518181101,0.31836250362187624,0.14993042464019693,0.2709999999999997,0.27099999999999996,0.038150000000000024,0.37939999999999935,0.37939999999999996,0.1355,0.43359999999999943,0.40959999999999974,0.06539999999999996,0.4335999999999999,0.11359999999999945,0.16259999999999988,0.4335999999999991,0.11359999999999984,0.16259999999999983]",stage3_0_evaluations/controller_identification_999_probes/s30r999p_e8933b0a01b82d03.json.gz,s30r02s_5c06bc76b59d0d57,10,-1,0.024,-0.02400000000000002,two_sided,True,,16,-0.027138918999999984,0.0348280181,467.38020000000324,0.04415327586105574,0.0348280181,0.0551486110130113,0.09417747641912061,0.6492383287639514,0.41409999999999997,0,16,False,True,PASS_DAMPED_HOLD_40MM_120_150MS,,,14,140,14,140,0.0348280181,0.07516532257439885,14,140,12,0.0348280181,0.0908750908597204,0.09571652667662345,0.07516532257439885,0.0551486110130113,672.640000000003,0.16093393666666667,0.0,0.0,0.0,0.0,0.0,0.16093393666666667,0.16093393666666667,0.16093393666666667,"[{""endpoint_step"":12,""arrival_time_ms"":120,""window_start_step"":10,""sustained_box_max_error_m"":0.0348280181,""endpoint_velocity_m_per_s"":0.10613259754338565,""endpoint_late_velocity_rms_m_per_s"":0.07463359593281949,""post_arrival_velocity_rms_m_per_s"":0.09417747641912061,""final_velocity_m_per_s"":0.0551486110130113,""sustained_Ip_max_error_A"":782.9552000000003,""position_violation"":0.16093393666666667,""endpoint_speed_violation"":0.06132597543385643,""endpoint_late_speed_violation"":0.0,""post_speed_violation"":0.0,""final_speed_violation"":0.0,""ip_violation"":0.0,""max_violation"":0.16093393666666667,""sum_violation"":0.2222599121005231,""l2_violation"":0.17222255146740986,""pass"":false},{""endpoint_step"":13,""arrival_time_ms"":130,""window_start_step"":11,""sustained_box_max_error_m"":0.0348280181,""endpoint_velocity_m_per_s"":0.11363893946162527,""endpoint_late_velocity_rms_m_per_s"":0.08439751307430735,""post_arrival_velocity_rms_m_per_s"":0.08983959779775992,""final_velocity_m_per_s"":0.0551486110130113,""sustained_Ip_max_error_A"":731.4477000000006,""position_violation"":0.16093393666666667,""endpoint_speed_violation"":0.13638939461625266,""endpoint_late_speed_violation"":0.0,""post_speed_violation"":0.0,""final_speed_violation"":0.0,""ip_violation"":0.0,""max_violation"":0.16093393666666667,""sum_violation"":0.2973233312829193,""l2_violation"":0.21095449493864443,""pass"":false},{""endpoint_step"":14,""arrival_time_ms"":140,""window_start_step"":12,""sustained_box_max_error_m"":0.0348280181,""endpoint_velocity_m_per_s"":0.0908750908597204,""endpoint_late_velocity_rms_m_per_s"":0.09571652667662345,""post_arrival_velocity_rms_m_per_s"":0.07516532257439885,""final_velocity_m_per_s"":0.0551486110130113,""sustained_Ip_max_error_A"":672.640000000003,""position_violation"":0.16093393666666667,""endpoint_speed_violation"":0.0,""endpoint_late_speed_violation"":0.0,""post_speed_violation"":0.0,""final_speed_violation"":0.0,""ip_violation"":0.0,""max_violation"":0.16093393666666667,""sum_violation"":0.16093393666666667,""l2_violation"":0.16093393666666667,""pass"":false},{""endpoint_step"":15,""arrival_time_ms"":150,""window_start_step"":13,""sustained_box_max_error_m"":0.0348280181,""endpoint_velocity_m_per_s"":0.0551486110130113,""endpoint_late_velocity_rms_m_per_s"":0.09417747641912061,""post_arrival_velocity_rms_m_per_s"":0.0551486110130113,""final_velocity_m_per_s"":0.0551486110130113,""sustained_Ip_max_error_A"":635.1919000000016,""position_violation"":0.16093393666666667,""endpoint_speed_violation"":0.0,""endpoint_late_speed_violation"":0.0,""post_speed_violation"":0.0,""final_speed_violation"":0.0,""ip_violation"":0.0,""max_violation"":0.16093393666666667,""sum_violation"":0.16093393666666667,""l2_violation"":0.16093393666666667,""pass"":false}]",True,False,5.647933204503005,5.647933204503005,1016903.7112832046,0.38116344552565457,0.2082707018994212,0.04807504367787985,232.24549293518066,30
Stage3.0,controller_identification_999_probes,s30r999p_47126a7c645c4cf0,5,nominal_05_s22g000_571ab4a158d29207,s22g000_571ab4a158d29207,gate,center0_v2_p,real_tsc_fd_probe,"[-0.3625934518181101,0.31836250362187624,0.15393042464019693,0.2709999999999997,0.27099999999999996,0.038150000000000024,0.37939999999999935,0.37939999999999996,0.1355,0.43359999999999943,0.43359999999999976,0.06539999999999996,0.4335999999999999,0.11359999999999945,0.16259999999999988,0.4335999999999991,0.11359999999999984,0.16259999999999983]",stage3_0_evaluations/controller_identification_999_probes/s30r999p_47126a7c645c4cf0.json.gz,s30r02s_5c06bc76b59d0d57,2,1,0.004,0.0040000000000000036,two_sided,True,,16,-0.027110235999999954,0.034829005,470.90070000000196,0.04413643036388102,0.034829005,0.055885206936507136,0.09437831951395924,0.6492383287639514,0.41409999999999997,0,16,False,True,PASS_DAMPED_HOLD_40MM_120_150MS,,,14,140,14,140,0.034829005,0.07554739048410652,14,140,12,0.034829005,0.09105855294029173,0.09580715450448855,0.07554739048410652,0.055885206936507136,671.9086000000025,0.1609668333333334,0.0,0.0,0.0,0.0,0.0,0.1609668333333334,0.1609668333333334,0.1609668333333334,"[{""endpoint_step"":12,""arrival_time_ms"":120,""window_start_step"":10,""sustained_box_max_error_m"":0.034829005,""endpoint_velocity_m_per_s"":0.10617533942374839,""endpoint_late_velocity_rms_m_per_s"":0.07464818354603023,""post_arrival_velocity_rms_m_per_s"":0.09437831951395924,""final_velocity_m_per_s"":0.055885206936507136,""sustained_Ip_max_error_A"":782.5513000000028,""position_violation"":0.1609668333333334,""endpoint_speed_violation"":0.06175339423748394,""endpoint_late_speed_violation"":0.0,""post_speed_violation"":0.0,""final_speed_violation"":0.0,""ip_violation"":0.0,""max_violation"":0.1609668333333334,""sum_violation"":0.22272022757081733,""l2_violation"":0.17240592545852723,""pass"":false},{""endpoint_step"":13,""arrival_time_ms"":130,""window_start_step"":11,""sustained_box_max_error_m"":0.034829005,""endpoint_velocity_m_per_s"":0.11375873442268776,""endpoint_late_velocity_rms_m_per_s"":0.08445074393904707,""post_arrival_velocity_rms_m_per_s"":0.09010339630181863,""final_velocity_m_per_s"":0.055885206936507136,""sustained_Ip_max_error_A"":730.7606000000014,""position_violation"":0.1609668333333334,""endpoint_speed_violation"":0.13758734422687757,""endpoint_late_speed_violation"":0.0,""post_speed_violation"":0.0,""final_speed_violation"":0.0,""ip_violation"":0.0,""max_violation"":0.1609668333333334,""sum_violation"":0.29855417756021096,""l2_violation"":0.21175598863967562,""pass"":false},{""endpoint_step"":14,""arrival_time_ms"":140,""window_start_step"":12,""sustained_box_max_error_m"":0.034829005,""endpoint_velocity_m_per_s"":0.09105855294029173,""endpoint_late_velocity_rms_m_per_s"":0.09580715450448855,""post_arrival_velocity_rms_m_per_s"":0.07554739048410652,""final_velocity_m_per_s"":0.055885206936507136,""sustained_Ip_max_error_A"":671.9086000000025,""position_violation"":0.1609668333333334,""endpoint_speed_violation"":0.0,""endpoint_late_speed_violation"":0.0,""post_speed_violation"":0.0,""final_speed_violation"":0.0,""ip_violation"":0.0,""max_violation"":0.1609668333333334,""sum_violation"":0.1609668333333334,""l2_violation"":0.1609668333333334,""pass"":false},{""endpoint_step"":15,""arrival_time_ms"":150,""window_start_step"":13,""sustained_box_max_error_m"":0.034829005,""endpoint_velocity_m_per_s"":0.055885206936507136,""endpoint_late_velocity_rms_m_per_s"":0.09437831951395924,""post_arrival_velocity_rms_m_per_s"":0.055885206936507136,""final_velocity_m_per_s"":0.055885206936507136,""sustained_Ip_max_error_A"":636.806700000001,""position_violation"":0.1609668333333334,""endpoint_speed_violation"":0.0,""endpoint_late_speed_violation"":0.0,""post_speed_violation"":0.0,""final_speed_violation"":0.0,""ip_violation"":0.0,""max_violation"":0.1609668333333334,""sum_violation"":0.1609668333333334,""l2_violation"":0.1609668333333334,""pass"":false}]",True,False,5.652325395174439,5.652325395174439,1016907.1698253952,0.3812974242569374,0.20848845026718882,0.04807504367787985,237.17471623420715,31
Stage3.0,controller_identification_999_probes,s30r999p_64d07544d440f8f2,14,nominal_05_s22g000_571ab4a158d29207,s22g000_571ab4a158d29207,gate,center0_v7_m,real_tsc_fd_probe,"[-0.3625934518181101,0.31836250362187624,0.14993042464019693,0.2709999999999997,0.27099999999999996,0.038150000000000024,0.37939999999999935,0.35939999999999994,0.1355,0.43359999999999943,0.43359999999999976,0.06539999999999996,0.4335999999999999,0.11359999999999945,0.16259999999999988,0.4335999999999991,0.11359999999999984,0.16259999999999983]",stage3_0_evaluations/controller_identification_999_probes/s30r999p_64d07544d440f8f2.json.gz,s30r02s_5c06bc76b59d0d57,7,-1,0.02,-0.020000000000000018,two_sided,True,,16,-0.02714412300000002,0.0348319586,468.6713000000018,0.04415958280318377,0.0348319586,0.05526123688355628,0.09424943963908572,0.6492383287639514,0.41409999999999997,0,16,False,True,PASS_DAMPED_HOLD_40MM_120_150MS,,,14,140,14,140,0.0348319586,0.07529124025817763,14,140,12,0.0348319586,0.09101503951176824,0.09577110490818926,0.07529124025817763,0.05526123688355628,671.7617000000027,0.16106528666666664,0.0,0.0,0.0,0.0,0.0,0.16106528666666664,0.16106528666666664,0.16106528666666664,"[{""endpoint_step"":12,""arrival_time_ms"":120,""window_start_step"":10,""sustained_box_max_error_m"":0.0348319586,""endpoint_velocity_m_per_s"":0.10614563181338475,""endpoint_late_velocity_rms_m_per_s"":0.07463822991471905,""post_arrival_velocity_rms_m_per_s"":0.09424943963908572,""final_velocity_m_per_s"":0.05526123688355628,""sustained_Ip_max_error_A"":782.9552000000003,""position_violation"":0.16106528666666664,""endpoint_speed_violation"":0.06145631813384744,""endpoint_late_speed_violation"":0.0,""post_speed_violation"":0.0,""final_speed_violation"":0.0,""ip_violation"":0.0,""max_violation"":0.16106528666666664,""sum_violation"":0.22252160480051408,""l2_violation"":0.17239172140095407,""pass"":false},{""endpoint_step"":13,""arrival_time_ms"":130,""window_start_step"":11,""sustained_box_max_error_m"":0.0348319586,""endpoint_velocity_m_per_s"":0.11369868344371785,""endpoint_late_velocity_rms_m_per_s"":0.08442172380249605,""post_arrival_velocity_rms_m_per_s"":0.0899350364356851,""final_velocity_m_per_s"":0.05526123688355628,""sustained_Ip_max_error_A"":731.4477000000006,""position_violation"":0.16106528666666664,""endpoint_speed_violation"":0.13698683443717852,""endpoint_late_speed_violation"":0.0,""post_speed_violation"":0.0,""final_speed_violation"":0.0,""ip_violation"":0.0,""max_violation"":0.16106528666666664,""sum_violation"":0.29805212110384516,""l2_violation"":0.21144129061783193,""pass"":false},{""endpoint_step"":14,""arrival_time_ms"":140,""window_start_step"":12,""sustained_box_max_error_m"":0.0348319586,""endpoint_velocity_m_per_s"":0.09101503951176824,""endpoint_late_velocity_rms_m_per_s"":0.09577110490818926,""post_arrival_velocity_rms_m_per_s"":0.07529124025817763,""final_velocity_m_per_s"":0.05526123688355628,""sustained_Ip_max_error_A"":671.7617000000027,""position_violation"":0.16106528666666664,""endpoint_speed_violation"":0.0,""endpoint_late_speed_violation"":0.0,""post_speed_violation"":0.0,""final_speed_violation"":0.0,""ip_violation"":0.0,""max_violation"":0.16106528666666664,""sum_violation"":0.16106528666666664,""l2_violation"":0.16106528666666664,""pass"":false},{""endpoint_step"":15,""arrival_time_ms"":150,""window_start_step"":13,""sustained_box_max_error_m"":0.0348319586,""endpoint_velocity_m_per_s"":0.05526123688355628,""endpoint_late_velocity_rms_m_per_s"":0.09424943963908572,""post_arrival_velocity_rms_m_per_s"":0.05526123688355628,""final_velocity_m_per_s"":0.05526123688355628,""sustained_Ip_max_error_A"":637.7556000000004,""position_violation"":0.16106528666666664,""endpoint_speed_violation"":0.0,""endpoint_late_speed_violation"":0.0,""post_speed_violation"":0.0,""final_speed_violation"":0.0,""ip_violation"":0.0,""max_violation"":0.16106528666666664,""sum_violation"":0.16106528666666664,""l2_violation"":0.16106528666666664,""pass"":false}]",True,False,5.650678574352567,5.650678574352567,1016917.5057785744,0.38119755510038683,0.20845975377311313,0.04807504367787985,236.2518289089203,32
Stage3.0,controller_identification_999_probes,s30r999p_d80c3c6a7dafb67c,18,nominal_05_s22g000_571ab4a158d29207,s22g000_571ab4a158d29207,gate,center0_v9_m,real_tsc_fd_probe,"[-0.3625934518181101,0.31836250362187624,0.14993042464019693,0.2709999999999997,0.27099999999999996,0.038150000000000024,0.37939999999999935,0.37939999999999996,0.1355,0.4095999999999994,0.43359999999999976,0.06539999999999996,0.4335999999999999,0.11359999999999945,0.16259999999999988,0.4335999999999991,0.11359999999999984,0.16259999999999983]",stage3_0_evaluations/controller_identification_999_probes/s30r999p_d80c3c6a7dafb67c.json.gz,s30r02s_5c06bc76b59d0d57,9,-1,0.024,-0.02400000000000002,two_sided,True,,16,-0.027117504000000014,0.0348351871,471.4302000000025,0.04414577311002745,0.0348351871,0.05640993802558301,0.094435818041117,0.6492383287639514,0.41409999999999997,0,16,False,True,PASS_DAMPED_HOLD_40MM_120_150MS,,,14,140,14,140,0.0348351871,0.07579009053023567,14,140,12,0.0348351871,0.09113832638968374,0.0957872757239253,0.07579009053023567,0.05640993802558301,672.640000000003,0.16117290333333334,0.0,0.0,0.0,0.0,0.0,0.16117290333333334,0.16117290333333334,0.16117290333333334,"[{""endpoint_step"":12,""arrival_time_ms"":120,""window_start_step"":10,""sustained_box_max_error_m"":0.0348351871,""endpoint_velocity_m_per_s"":0.10613259754338565,""endpoint_late_velocity_rms_m_per_s"":0.07463359593281949,""post_arrival_velocity_rms_m_per_s"":0.094435818041117,""final_velocity_m_per_s"":0.05640993802558301,""sustained_Ip_max_error_A"":782.9552000000003,""position_violation"":0.16117290333333334,""endpoint_speed_violation"":0.06132597543385643,""endpoint_late_speed_violation"":0.0,""post_speed_violation"":0.0,""final_speed_violation"":0.0,""ip_violation"":0.0,""max_violation"":0.16117290333333334,""sum_violation"":0.22249887876718977,""l2_violation"":0.172445875659031,""pass"":false},{""endpoint_step"":13,""arrival_time_ms"":130,""window_start_step"":11,""sustained_box_max_error_m"":0.0348351871,""endpoint_velocity_m_per_s"":0.11366657824493062,""endpoint_late_velocity_rms_m_per_s"":0.08440681740899178,""post_arrival_velocity_rms_m_per_s"":0.09020045575471257,""final_velocity_m_per_s"":0.05640993802558301,""sustained_Ip_max_error_A"":731.4477000000006,""position_violation"":0.16117290333333334,""endpoint_speed_violation"":0.13666578244930605,""endpoint_late_speed_violation"":0.0,""post_speed_violation"":0.0,""final_speed_violation"":0.0,""ip_violation"":0.0,""max_violation"":0.16117290333333334,""sum_violation"":0.2978386857826394,""l2_violation"":0.21131550075982847,""pass"":false},{""endpoint_step"":14,""arrival_time_ms"":140,""window_start_step"":12,""sustained_box_max_error_m"":0.0348351871,""endpoint_velocity_m_per_s"":0.09113832638968374,""endpoint_late_velocity_rms_m_per_s"":0.0957872757239253,""post_arrival_velocity_rms_m_per_s"":0.07579009053023567,""final_velocity_m_per_s"":0.05640993802558301,""sustained_Ip_max_error_A"":672.640000000003,""position_violation"":0.16117290333333334,""endpoint_speed_violation"":0.0,""endpoint_late_speed_violation"":0.0,""post_speed_violation"":0.0,""final_speed_violation"":0.0,""ip_violation"":0.0,""max_violation"":0.16117290333333334,""sum_violation"":0.16117290333333334,""l2_violation"":0.16117290333333334,""pass"":false},{""endpoint_step"":15,""arrival_time_ms"":150,""window_start_step"":13,""sustained_box_max_error_m"":0.0348351871,""endpoint_velocity_m_per_s"":0.05640993802558301,""endpoint_late_velocity_rms_m_per_s"":0.094435818041117,""post_arrival_velocity_rms_m_per_s"":0.05640993802558301,""final_velocity_m_per_s"":0.05640993802558301,""sustained_Ip_max_error_A"":637.8669000000009,""position_violation"":0.16117290333333334,""endpoint_speed_violation"":0.0,""endpoint_late_speed_violation"":0.0,""post_speed_violation"":0.0,""final_speed_violation"":0.0,""ip_violation"":0.0,""max_violation"":0.16117290333333334,""sum_violation"":0.16117290333333334,""l2_violation"":0.16117290333333334,""pass"":false}]",True,False,5.654756378657743,5.654756378657743,1016928.8096063785,0.38116344552565457,0.20845875519300297,0.04807504367787985,238.00205087661743,33
Stage3.0,controller_identification_999_probes,s30r999p_7dd473fb55b9564e,12,nominal_05_s22g000_571ab4a158d29207,s22g000_571ab4a158d29207,gate,center0_v6_m,real_tsc_fd_probe,"[-0.3625934518181101,0.31836250362187624,0.14993042464019693,0.2709999999999997,0.27099999999999996,0.038150000000000024,0.35939999999999933,0.37939999999999996,0.1355,0.43359999999999943,0.43359999999999976,0.06539999999999996,0.4335999999999999,0.11359999999999945,0.16259999999999988,0.4335999999999991,0.11359999999999984,0.16259999999999983]",stage3_0_evaluations/controller_identification_999_probes/s30r999p_7dd473fb55b9564e.json.gz,s30r02s_5c06bc76b59d0d57,6,-1,0.02,-0.020000000000000018,two_sided,True,,16,-0.027109343000000008,0.0348444918,471.39350000000195,0.04414810399883461,0.0348444918,0.05687004135608288,0.09468156945078601,0.6492383287639514,0.41409999999999997,0,16,False,True,PASS_DAMPED_HOLD_40MM_120_150MS,,,14,140,14,140,0.0348444918,0.07624756463653477,14,140,12,0.0348444918,0.09161430358935509,0.09596170033524952,0.07624756463653477,0.05687004135608288,673.1002000000008,0.16148306000000012,0.0,0.0,0.0,0.0,0.0,0.16148306000000012,0.16148306000000012,0.16148306000000012,"[{""endpoint_step"":12,""arrival_time_ms"":120,""window_start_step"":10,""sustained_box_max_error_m"":0.0348444918,""endpoint_velocity_m_per_s"":0.10615804018828214,""endpoint_late_velocity_rms_m_per_s"":0.07464264163794736,""post_arrival_velocity_rms_m_per_s"":0.09468156945078601,""final_velocity_m_per_s"":0.05687004135608288,""sustained_Ip_max_error_A"":782.9552000000003,""position_violation"":0.16148306000000012,""endpoint_speed_violation"":0.06158040188282121,""endpoint_late_speed_violation"":0.0,""post_speed_violation"":0.0,""final_speed_violation"":0.0,""ip_violation"":0.0,""max_violation"":0.16148306000000012,""sum_violation"":0.22306346188282133,""l2_violation"":0.17282628435227498,""pass"":false},{""endpoint_step"":13,""arrival_time_ms"":130,""window_start_step"":11,""sustained_box_max_error_m"":0.0348444918,""endpoint_velocity_m_per_s"":0.11384852503231668,""endpoint_late_velocity_rms_m_per_s"":0.08447609155538222,""post_arrival_velocity_rms_m_per_s"":0.09053336195023934,""final_velocity_m_per_s"":0.05687004135608288,""sustained_Ip_max_error_A"":731.4477000000006,""position_violation"":0.16148306000000012,""endpoint_speed_violation"":0.13848525032316683,""endpoint_late_speed_violation"":0.0,""post_speed_violation"":0.0,""final_speed_violation"":0.0,""ip_violation"":0.0,""max_violation"":0.16148306000000012,""sum_violation"":0.29996831032316695,""l2_violation"":0.21273209260483905,""pass"":false},{""endpoint_step"":14,""arrival_time_ms"":140,""window_start_step"":12,""sustained_box_max_error_m"":0.0348444918,""endpoint_velocity_m_per_s"":0.09161430358935509,""endpoint_late_velocity_rms_m_per_s"":0.09596170033524952,""post_arrival_velocity_rms_m_per_s"":0.07624756463653477,""final_velocity_m_per_s"":0.05687004135608288,""sustained_Ip_max_error_A"":673.1002000000008,""position_violation"":0.16148306000000012,""endpoint_speed_violation"":0.0,""endpoint_late_speed_violation"":0.0,""post_speed_violation"":0.0,""final_speed_violation"":0.0,""ip_violation"":0.0,""max_violation"":0.16148306000000012,""sum_violation"":0.16148306000000012,""l2_violation"":0.16148306000000012,""pass"":false},{""endpoint_step"":15,""arrival_time_ms"":150,""window_start_step"":13,""sustained_box_max_error_m"":0.0348444918,""endpoint_velocity_m_per_s"":0.05687004135608288,""endpoint_late_velocity_rms_m_per_s"":0.09468156945078601,""post_arrival_velocity_rms_m_per_s"":0.05687004135608288,""final_velocity_m_per_s"":0.05687004135608288,""sustained_Ip_max_error_A"":637.5389000000032,""position_violation"":0.16148306000000012,""endpoint_speed_violation"":0.0,""endpoint_late_speed_violation"":0.0,""post_speed_violation"":0.0,""final_speed_violation"":0.0,""ip_violation"":0.0,""max_violation"":0.16148306000000012,""sum_violation"":0.16148306000000012,""l2_violation"":0.16148306000000012,""pass"":false}]",True,False,5.661989995663461,5.661989995663461,1016961.3832899956,0.38119755510038683,0.20845975377311313,0.04807504367787985,233.9666464328766,34
Stage3.0,controller_identification_999_probes,s30r999p_96da7db22a3ba584,6,nominal_05_s22g000_571ab4a158d29207,s22g000_571ab4a158d29207,gate,center0_v3_m,real_tsc_fd_probe,"[-0.3625934518181101,0.31836250362187624,0.14993042464019693,0.25499999999999967,0.27099999999999996,0.038150000000000024,0.37939999999999935,0.37939999999999996,0.1355,0.43359999999999943,0.43359999999999976,0.06539999999999996,0.4335999999999999,0.11359999999999945,0.16259999999999988,0.4335999999999991,0.11359999999999984,0.16259999999999983]",stage3_0_evaluations/controller_identification_999_probes/s30r999p_96da7db22a3ba584.json.gz,s30r02s_5c06bc76b59d0d57,3,-1,0.016,-0.016000000000000014,two_sided,True,,16,-0.027112640999999993,0.0348467006,470.57540000000154,0.04415187249371108,0.0348467006,0.056538923560676704,0.09474384826300235,0.6492383287639514,0.41409999999999997,0,16,False,True,PASS_DAMPED_HOLD_40MM_120_150MS,,,14,140,14,140,0.0348467006,0.07617106634281332,14,140,12,0.0348467006,0.09169194521986374,0.09607400690136435,0.07617106634281332,0.056538923560676704,671.3134000000027,0.1615566866666669,0.0,0.0,0.0,0.0,0.0,0.1615566866666669,0.1615566866666669,0.1615566866666669,"[{""endpoint_step"":12,""arrival_time_ms"":120,""window_start_step"":10,""sustained_box_max_error_m"":0.0348467006,""endpoint_velocity_m_per_s"":0.10624029923980102,""endpoint_late_velocity_rms_m_per_s"":0.0746744509280059,""post_arrival_velocity_rms_m_per_s"":0.09474384826300235,""final_velocity_m_per_s"":0.056538923560676704,""sustained_Ip_max_error_A"":782.9552000000003,""position_violation"":0.1615566866666669,""endpoint_speed_violation"":0.06240299239801006,""endpoint_late_speed_violation"":0.0,""post_speed_violation"":0.0,""final_speed_violation"":0.0,""ip_violation"":0.0,""max_violation"":0.1615566866666669,""sum_violation"":0.22395967906467695,""l2_violation"":0.1731897700989804,""pass"":false},{""endpoint_step"":13,""arrival_time_ms"":130,""window_start_step"":11,""sustained_box_max_error_m"":0.0348467006,""endpoint_velocity_m_per_s"":0.11408121342520097,""endpoint_late_velocity_rms_m_per_s"":0.0845826156270572,""post_arrival_velocity_rms_m_per_s"":0.09058805284025923,""final_velocity_m_per_s"":0.056538923560676704,""sustained_Ip_max_error_A"":730.7148000000016,""position_violation"":0.1615566866666669,""endpoint_speed_violation"":0.14081213425200967,""endpoint_late_speed_violation"":0.0,""post_speed_violation"":0.0,""final_speed_violation"":0.0,""ip_violation"":0.0,""max_violation"":0.1615566866666669,""sum_violation"":0.30236882091867656,""l2_violation"":0.21430963617933182,""pass"":false},{""endpoint_step"":14,""arrival_time_ms"":140,""window_start_step"":12,""sustained_box_max_error_m"":0.0348467006,""endpoint_velocity_m_per_s"":0.09169194521986374,""endpoint_late_velocity_rms_m_per_s"":0.09607400690136435,""post_arrival_velocity_rms_m_per_s"":0.07617106634281332,""final_velocity_m_per_s"":0.056538923560676704,""sustained_Ip_max_error_A"":671.3134000000027,""position_violation"":0.1615566866666669,""endpoint_speed_violation"":0.0,""endpoint_late_speed_violation"":0.0,""post_speed_violation"":0.0,""final_speed_violation"":0.0,""ip_violation"":0.0,""max_violation"":0.1615566866666669,""sum_violation"":0.1615566866666669,""l2_violation"":0.1615566866666669,""pass"":false},{""endpoint_step"":15,""arrival_time_ms"":150,""window_start_step"":13,""sustained_box_max_error_m"":0.0348467006,""endpoint_velocity_m_per_s"":0.056538923560676704,""endpoint_late_velocity_rms_m_per_s"":0.09474384826300235,""post_arrival_velocity_rms_m_per_s"":0.056538923560676704,""final_velocity_m_per_s"":0.056538923560676704,""sustained_Ip_max_error_A"":636.4030000000021,""position_violation"":0.1615566866666669,""endpoint_speed_violation"":0.0,""endpoint_late_speed_violation"":0.0,""post_speed_violation"":0.0,""final_speed_violation"":0.0,""ip_violation"":0.0,""max_violation"":0.1615566866666669,""sum_violation"":0.1615566866666669,""l2_violation"":0.1615566866666669,""pass"":false}]",True,False,5.6642417020934905,5.6642417020934905,1016969.1163417022,0.3812372774648331,0.20827701483888483,0.04807504367787985,238.76388382911682,35
Stage3.0,controller_identification_999_probes,s30r999p_d0af7736e29ae2f1,0,nominal_05_s22g000_571ab4a158d29207,s22g000_571ab4a158d29207,gate,center0_v0_m,real_tsc_fd_probe,"[-0.3725934518181101,0.31836250362187624,0.14993042464019693,0.2709999999999997,0.27099999999999996,0.038150000000000024,0.37939999999999935,0.37939999999999996,0.1355,0.43359999999999943,0.43359999999999976,0.06539999999999996,0.4335999999999999,0.11359999999999945,0.16259999999999988,0.4335999999999991,0.11359999999999984,0.16259999999999983]",stage3_0_evaluations/controller_identification_999_probes/s30r999p_d0af7736e29ae2f1.json.gz,s30r02s_5c06bc76b59d0d57,0,-1,0.01,-0.010000000000000009,two_sided,True,,16,-0.027086242999999954,0.034853714,472.4186000000009,0.04414120455366893,0.034853714,0.056801370058776245,0.09499151329592488,0.6492383287639514,0.41409999999999997,0,16,False,True,PASS_DAMPED_HOLD_40MM_120_150MS,,,14,140,14,140,0.034853714,0.07638513145473422,14,140,12,0.034853714,0.09188569515523083,0.09628439378492705,0.07638513145473422,0.056801370058776245,673.8026000000027,0.16179046666666674,0.0,0.0,0.0,0.0,0.0,0.16179046666666674,0.16179046666666674,0.16179046666666674,"[{""endpoint_step"":12,""arrival_time_ms"":120,""window_start_step"":10,""sustained_box_max_error_m"":0.034853714,""endpoint_velocity_m_per_s"":0.10649072120718539,""endpoint_late_velocity_rms_m_per_s"":0.07476853719827874,""post_arrival_velocity_rms_m_per_s"":0.09499151329592488,""final_velocity_m_per_s"":0.056801370058776245,""sustained_Ip_max_error_A"":784.8563000000031,""position_violation"":0.16179046666666674,""endpoint_speed_violation"":0.0649072120718539,""endpoint_late_speed_violation"":0.0,""post_speed_violation"":0.0,""final_speed_violation"":0.0,""ip_violation"":0.0,""max_violation"":0.16179046666666674,""sum_violation"":0.22669767873852065,""l2_violation"":0.1743247007258536,""pass"":false},{""endpoint_step"":13,""arrival_time_ms"":130,""window_start_step"":11,""sustained_box_max_error_m"":0.034853714,""endpoint_velocity_m_per_s"":0.11438487695084062,""endpoint_late_velocity_rms_m_per_s"":0.0847680576886654,""post_arrival_velocity_rms_m_per_s"":0.09083552295178542,""final_velocity_m_per_s"":0.056801370058776245,""sustained_Ip_max_error_A"":733.2996000000021,""position_violation"":0.16179046666666674,""endpoint_speed_violation"":0.14384876950840608,""endpoint_late_speed_violation"":0.0,""post_speed_violation"":0.0,""final_speed_violation"":0.0,""ip_violation"":0.0,""max_violation"":0.16179046666666674,""sum_violation"":0.3056392361750728,""l2_violation"":0.21649162476479394,""pass"":false},{""endpoint_step"":14,""arrival_time_ms"":140,""window_start_step"":12,""sustained_box_max_error_m"":0.034853714,""endpoint_velocity_m_per_s"":0.09188569515523083,""endpoint_late_velocity_rms_m_per_s"":0.09628439378492705,""post_arrival_velocity_rms_m_per_s"":0.07638513145473422,""final_velocity_m_per_s"":0.056801370058776245,""sustained_Ip_max_error_A"":673.8026000000027,""position_violation"":0.16179046666666674,""endpoint_speed_violation"":0.0,""endpoint_late_speed_violation"":0.0,""post_speed_violation"":0.0,""final_speed_violation"":0.0,""ip_violation"":0.0,""max_violation"":0.16179046666666674,""sum_violation"":0.16179046666666674,""l2_violation"":0.16179046666666674,""pass"":false},{""endpoint_step"":15,""arrival_time_ms"":150,""window_start_step"":13,""sustained_box_max_error_m"":0.034853714,""endpoint_velocity_m_per_s"":0.056801370058776245,""endpoint_late_velocity_rms_m_per_s"":0.09499151329592488,""post_arrival_velocity_rms_m_per_s"":0.056801370058776245,""final_velocity_m_per_s"":0.056801370058776245,""sustained_Ip_max_error_A"":638.6032000000014,""position_violation"":0.16179046666666674,""endpoint_speed_violation"":0.0,""endpoint_late_speed_violation"":0.0,""post_speed_violation"":0.0,""final_speed_violation"":0.0,""ip_violation"":0.0,""max_violation"":0.16179046666666674,""sum_violation"":0.16179046666666674,""l2_violation"":0.16179046666666674,""pass"":false}]",True,False,5.670081823992775,5.670081823992775,1016993.6690818239,0.38133574028596834,0.20857653637928014,0.04807504367787985,244.55854392051697,36
