stage,generation,candidate_id,population_index,source_name,source_type,linear_prefilter_score,proposal_rank_score,parameter_vector,validation_id,predicted_final3_box_max_error_m,predicted_terminal_velocity_m_per_s,predicted_late_velocity_rms_m_per_s,predicted_corner_max_violation,predicted_corner_sum_violation,candidate_label,candidate_n_modes,candidate_target_fraction,sequence_scale,success,failure_reason,n_trajectory_steps,terminal_R_error_m,terminal_Z_error_m,terminal_Ip_error_A,terminal_RZ_euclidean_error_m,terminal_RZ_box_max_error_m,terminal_normalized_RZ_distance,min_normalized_RZ_distance,min_normalized_RZ_distance_after_step0,min_RZ_euclidean_error_after_step0_m,closest_step_after_step0,closest_velocity_after_step0_m_per_s,relative_distance_reduction,relative_distance_reduction_after_step0,first_step_within_2x_RZ_only,first_step_within_1x_RZ_only,first_step_within_2x,first_step_within_1x,first_step_after_step0_within_2x,first_step_after_step0_within_1x,terminal_within_2x_RZ_only,terminal_within_1x_RZ_only,terminal_within_2x,terminal_within_1x,gate_ip_tolerance_A,terminal_Ip_safe,late_Ip_safe_fraction,late_fraction_within_2x,late_fraction_within_1x,late_R_rms_m,late_Z_rms_m,late_RZ_euclidean_rms_m,terminal_velocity_m_per_s,max_velocity_m_per_s,late_velocity_mean_m_per_s,late_velocity_rms_m_per_s,max_current_utilization,wall_time_s,first_step_after_step0_within_30mm,ever_after_step0_within_30mm,terminal_within_30mm,late_fraction_within_30mm,longest_streak_after_step0_within_30mm_steps,trailing_streak_within_30mm_steps,first_step_after_step0_within_40mm,ever_after_step0_within_40mm,terminal_within_40mm,late_fraction_within_40mm,longest_streak_after_step0_within_40mm_steps,trailing_streak_within_40mm_steps,first_step_after_step0_within_80mm,ever_after_step0_within_80mm,terminal_within_80mm,late_fraction_within_80mm,longest_streak_after_step0_within_80mm_steps,trailing_streak_within_80mm_steps,gate_tier,gate_label,strict_gate_pass,relaxed_gate_pass,terminal_RZ_reduction_vs_zero_action_fraction,continuous_objective,selection_score,position_excess_objective,velocity_excess_objective,precise_streak_deficit,action_rms,delta_action_rms,repair_excess_rms,stage2_legacy_selection_score,stage2_legacy_continuous_objective,stage2_2_final3_box_errors_m,stage2_2_final3_box_max_error_m,stage2_2_final3_box_mean_error_m,stage2_2_terminal_box_error_m,stage2_2_final3_R_abs_max_error_m,stage2_2_final3_Z_abs_max_error_m,stage2_2_position_violation,stage2_2_terminal_speed_violation,stage2_2_late_speed_violation,stage2_2_ip_violation,stage2_2_max_violation,stage2_2_sum_violation,stage2_2_l2_violation,stage2_2_quality,stage2_2_selection_score,generation_rank,source_stage,source_run,source_generation_group,vector,vector_digest
Stage2.2,4,s22g004_b034e7d0314c08d6,15,probe_c0_h01_p,multi_center_probes,2.9506016191143845,45.489697070363896,"[2.3911854335466187,1.204177336495726,0.471384395947247,1.2708519768972368,1.8064892748969636,0.1193371421788616,-0.3382991520551947,2.2899503817729636,-0.20279158593500526,-1.091143545737754,-1.4385882584692329,0.19401387007822168,-0.5685289086987542,-0.2135335047699112,-0.03454107915377853]",s22g004_b034e7d0314c08d6,0.03128252390498092,0.023625545516144666,0.10249840587041852,0.042750796832697446,0.06773485553688263,,,,,True,,11,-0.02772740699999998,0.0305295905,714.4581000000035,0.04124154452783429,0.0305295905,1.3747181509278095,0.5817437020072838,0.7819332053556993,0.02345799616067098,1,0.6279867362113741,0.0,-0.3441197603990719,0,0,0,0,1,1,True,False,True,False,10000.0,True,1.0,1.0,0.0,0.0278260471449306,0.031081317033860602,0.041717348528774616,0.025239988889105364,0.6492791664455781,0.09247586268802246,0.10292384536629184,0.41465,265.3243944644928,1,True,False,0.0,2,0,1,True,True,1.0,10,10,1,True,True,1.0,10,10,3,POSITION_40MM_SPEED_FAIL,False,False,0.5250315467717124,3809.890905322274,1003809.8909053223,0.0020087617326147813,0.0008548871725986288,1.0,0.4811125546871861,0.2619869085620431,0.07461407105668431,3000038.991620855,38.99162085474234,"[0.0310505996,0.0303035016,0.0305295905]",0.0310505996,0.03062789723333333,0.0305295905,0.027823103000000016,0.0310505996,0.035019986666666725,0.0,0.02923845366291844,0.0,0.035019986666666725,0.06425844032958516,0.04562112053350009,5.237356803780768,1003809.8909053223,1,Stage2.2,/home/yangshen0711/tsc_all/tsc_rzip_rllib/stage2_2_runs/stage2_2_svd3_corner_feasibility_100ms_20260721_085327,2004,"[2.3911854335466187,1.204177336495726,0.471384395947247,1.2708519768972368,1.8064892748969636,0.1193371421788616,-0.3382991520551947,2.2899503817729636,-0.20279158593500526,-1.091143545737754,-1.4385882584692329,0.19401387007822168,-0.5685289086987542,-0.2135335047699112,-0.03454107915377853]",v_b034e7d0314c08d6
Stage2.2,4,s22g004_54c30ebb7f0d4602,48,corner_local_0072,corner_local,2.9541579728869825,45.204968356891214,"[2.3911854335466187,1.204177336495726,0.471384395947247,1.242849787353827,1.7997330678930357,0.1078284617050061,-0.3014638557833348,2.1760601716041026,-0.22562057149904513,-1.058672785812392,-1.4562157175476935,0.21003690441795672,-0.5972722134565953,-0.10576424338602372,0.01680324414797135]",s22g004_54c30ebb7f0d4602,0.031303137310879685,0.022899304931010347,0.09969422637292111,0.043437910362656096,0.043437910362656096,,,,,True,,11,-0.02798601199999995,0.0304463151,701.3745000000017,0.041354503634218956,0.0304463151,1.3784834544739655,0.5817437020072838,0.7819332053556993,0.02345799616067098,1,0.6279867362113741,0.0,-0.3441197603990719,0,0,0,0,1,1,True,False,True,False,10000.0,True,1.0,1.0,0.0,0.02795738349758764,0.031058681114072978,0.041788239548667984,0.02640856926351871,0.649284013555224,0.09328791103076726,0.10349041625853456,0.41465,267.9944717884064,1,True,False,0.0,2,0,1,True,True,1.0,10,10,1,True,True,1.0,10,10,3,POSITION_40MM_SPEED_FAIL,False,False,0.5237306252700609,3845.749864409212,1003845.7498644092,0.0020053972729704573,0.0012183005657842294,1.0,0.47854834008497554,0.26217873295679467,0.05905042667784508,3000039.0914364164,39.091436416437325,"[0.0310532819,0.030273767,0.0304463151]",0.0310532819,0.030591121333333332,0.0304463151,0.02798601199999995,0.0310532819,0.03510939666666668,0.0,0.034904162585345455,0.0,0.03510939666666668,0.07001355925201214,0.04950727522376459,5.248685510657541,1003845.7498644092,2,Stage2.2,/home/yangshen0711/tsc_all/tsc_rzip_rllib/stage2_2_runs/stage2_2_svd3_corner_feasibility_100ms_20260721_085327,2004,"[2.3911854335466187,1.204177336495726,0.471384395947247,1.242849787353827,1.7997330678930357,0.1078284617050061,-0.3014638557833348,2.1760601716041026,-0.22562057149904513,-1.058672785812392,-1.4562157175476935,0.21003690441795672,-0.5972722134565953,-0.10576424338602372,0.01680324414797135]",v_54c30ebb7f0d4602
Stage2.2,4,s22g004_7b0aab303f40c745,33,probe_c2_h12_p,multi_center_probes,2.968785324233707,42.698729152796034,"[2.4156833455235933,1.2134774513649513,0.47907036778035206,1.260005234942497,1.785660286921846,0.13358125403562732,-0.3824613495828374,2.197430148757632,-0.33131052265432653,-0.9135307129819165,-1.4398591074137583,0.18984711051340608,-0.6294257891487809,0.0306486940965105,0.04047750769184573]",s22g004_7b0aab303f40c745,0.03123083772979482,0.025284004585510278,0.09884371233122961,0.041027924326493936,0.041027924326493936,,,,,True,,11,-0.02815669300000001,0.0302854788,741.4470000000001,0.04135226217320522,0.0302854788,1.3784087391068407,0.5817437020072838,0.7819410457617871,0.023458231372853616,1,0.6280101555085302,0.0,-0.3441332378223096,0,0,0,0,1,1,True,False,True,False,10000.0,True,1.0,1.0,0.0,0.028064004746811488,0.031013798584443388,0.041826356105516535,0.025007845509993572,0.6494524714715972,0.09312594589547436,0.10316556217898014,0.4147,259.4963083267212,1,True,False,0.0,2,0,1,True,True,1.0,10,10,1,True,True,1.0,10,10,3,POSITION_40MM_SPEED_FAIL,False,False,0.5237564396104998,3868.519434807822,1003868.5194348078,0.00197253848491401,0.0010020783908989501,1.0,0.4716395599396997,0.25960912938093933,0.0789314972244249,3000039.0671160133,39.06711601319151,"[0.0310641697,0.0302413992,0.0302854788]",0.0310641697,0.030530349233333337,0.0302854788,0.02815669300000001,0.0310641697,0.03547232333333339,0.0,0.031655621789801414,0.0,0.03547232333333339,0.0671279451231348,0.04754328673496921,5.23203424700839,1003868.5194348078,3,Stage2.2,/home/yangshen0711/tsc_all/tsc_rzip_rllib/stage2_2_runs/stage2_2_svd3_corner_feasibility_100ms_20260721_085327,2004,"[2.4156833455235933,1.2134774513649513,0.47907036778035206,1.260005234942497,1.785660286921846,0.13358125403562732,-0.3824613495828374,2.197430148757632,-0.33131052265432653,-0.9135307129819165,-1.4398591074137583,0.18984711051340608,-0.6294257891487809,0.0306486940965105,0.04047750769184573]",v_7b0aab303f40c745
Stage2.2,3,s22g003_da81ee67066f0a3d,13,probe_c0_h12_p,multi_center_probes,2.9445598166250857,47.21037394366272,"[2.3911854335466187,1.204177336495726,0.471384395947247,1.2590421768972369,1.8182990748969636,0.1140883421788616,-0.31533565205519465,2.2669868817729637,-0.19295008593500526,-1.120668045737754,-1.409063758469233,0.18220407007822167,-0.5390044086987542,-0.2430580047699112,-0.022731279153778525]",s22g003_da81ee67066f0a3d,0.031328731250422015,0.024531032239021002,0.1027956124938332,0.044291041680733834,0.07224716661906583,,,,,True,,11,-0.027570151000000043,0.030551238,710.7912000000033,0.041152051826068736,0.030551238,1.371735060868958,0.5817437020072838,0.7819332053556993,0.02345799616067098,1,0.6279867362113741,0.0,-0.3441197603990719,0,0,0,0,1,1,True,False,True,False,10000.0,True,1.0,1.0,0.0,0.027728316743667842,0.031098954082093094,0.04166538724693802,0.024159345489001918,0.649282047084511,0.09256445797489611,0.10319521429818013,0.4146,266.9550278186798,1,True,False,0.0,2,0,1,True,True,1.0,10,10,1,True,True,1.0,10,10,3,POSITION_40MM_SPEED_FAIL,False,False,0.526062211617548,3875.8530568613205,1003875.8530568613,0.002051264444593907,0.001020939441129472,1.0,0.4806748053577073,0.26018758889977656,0.0694325157325768,3000038.968308294,38.96830829424165,"[0.0310658699,0.0303189393,0.030551238]",0.0310658699,0.03064534906666667,0.030551238,0.027749525000000053,0.0310658699,0.03552899666666676,0.0,0.03195214298180127,0.0,0.03552899666666676,0.06748113964846802,0.047783355316150515,5.245476284694018,1003875.8530568613,1,Stage2.2,/home/yangshen0711/tsc_all/tsc_rzip_rllib/stage2_2_runs/stage2_2_svd3_corner_feasibility_100ms_20260721_085327,2003,"[2.3911854335466187,1.204177336495726,0.471384395947247,1.2590421768972369,1.8182990748969636,0.1140883421788616,-0.31533565205519465,2.2669868817729637,-0.19295008593500526,-1.120668045737754,-1.409063758469233,0.18220407007822167,-0.5390044086987542,-0.2430580047699112,-0.022731279153778525]",v_da81ee67066f0a3d
Stage2.2,4,s22g004_55ac80dad456bfb4,45,corner_local_0010,corner_local,2.9514178946253695,44.64239379465368,"[2.3911854335466187,1.204177336495726,0.471384395947247,1.2567016388816485,1.8421382546424367,0.11550245430710485,-0.29751446101718565,2.165267685656124,-0.2228072625939908,-1.0738137630666105,-1.4553222836363389,0.18856786365225925,-0.5899111401552009,-0.18704148122445732,0.028889362001502418]",s22g004_55ac80dad456bfb4,0.031262569479391454,0.025094257911237393,0.10210951082534224,0.04208564931304859,0.0631807575664709,,,,,True,,11,-0.027825867999999976,0.0304926862,693.8873000000021,0.041280538291610165,0.0304926862,1.376017943053672,0.5817437020072838,0.7819332053556993,0.02345799616067098,1,0.6279867362113741,0.0,-0.3441197603990719,0,0,0,0,1,1,True,False,True,False,10000.0,True,1.0,1.0,0.0,0.027828610917019266,0.031081781821931467,0.04171940491901812,0.027151284974887543,0.6493196645953874,0.09322991551656358,0.10330170741855986,0.41455,271.07049202919006,1,True,False,0.0,2,0,1,True,True,1.0,10,10,1,True,True,1.0,10,10,3,POSITION_40MM_SPEED_FAIL,False,False,0.524582465441752,3883.27760760847,1003883.2776076085,0.002043338029054701,0.0010901271877773232,1.0,0.4800818301963391,0.26114955918719646,0.05765123349497787,3000039.047473213,39.04747321328298,"[0.0310665694,0.0302968536,0.0304926862]",0.0310665694,0.03061870306666667,0.0304926862,0.027825867999999976,0.0310665694,0.03555231333333331,0.0,0.03301707418559863,0.0,0.03555231333333331,0.06856938751893193,0.04851900834857234,5.249715850856946,1003883.2776076085,5,Stage2.2,/home/yangshen0711/tsc_all/tsc_rzip_rllib/stage2_2_runs/stage2_2_svd3_corner_feasibility_100ms_20260721_085327,2004,"[2.3911854335466187,1.204177336495726,0.471384395947247,1.2567016388816485,1.8421382546424367,0.11550245430710485,-0.29751446101718565,2.165267685656124,-0.2228072625939908,-1.0738137630666105,-1.4553222836363389,0.18856786365225925,-0.5899111401552009,-0.18704148122445732,0.028889362001502418]",v_55ac80dad456bfb4
Stage2.2,4,s22g004_493c953c60f07abe,25,probe_c1_h07_p,multi_center_probes,2.958919397798331,45.39255073960008,"[2.3911854335466187,1.204177336495726,0.471384395947247,1.2562719768972368,1.8272252748969635,0.1167595421788616,-0.31505215205519466,2.203703381772964,-0.17095858593500526,-1.0619835457377542,-1.4831382584692328,0.23483787007822168,-0.6859789086987541,-0.25152250476991117,-0.025501479153778525]",s22g004_493c953c60f07abe,0.031271790551173025,0.026890474038810376,0.1031855560957265,0.042393018372434144,0.07424857932969897,,,,,True,,11,-0.027842810999999967,0.0305462404,670.8544000000002,0.04133152461446724,0.0305462404,1.377717487148908,0.5817437020072838,0.7819332053556993,0.02345799616067098,1,0.6279867362113741,0.0,-0.3441197603990719,0,0,0,0,1,1,True,False,True,False,10000.0,True,1.0,1.0,0.0,0.02785168116580564,0.0310996294251176,0.04174809090415193,0.029845042636312255,0.6493309015503749,0.09354679616444068,0.10317609939037108,0.4146,274.2146487236023,1,True,False,0.0,2,0,1,True,True,1.0,10,10,1,True,True,1.0,10,10,3,POSITION_40MM_SPEED_FAIL,False,False,0.5239952688374425,3889.7083797679516,1003889.708379768,0.0020631520884895685,0.0010087607337515468,1.0,0.48446989956811015,0.2633667714619575,0.05632727559293367,3000039.0894958186,39.08949581843415,"[0.0310700903,0.0303129098,0.0305462404]",0.0310700903,0.03064308016666667,0.0305462404,0.027842810999999967,0.0310700903,0.03566967666666665,0.0,0.03176099390371068,0.0,0.03566967666666665,0.06743067057037733,0.047760722013555135,5.257308806138167,1003889.708379768,6,Stage2.2,/home/yangshen0711/tsc_all/tsc_rzip_rllib/stage2_2_runs/stage2_2_svd3_corner_feasibility_100ms_20260721_085327,2004,"[2.3911854335466187,1.204177336495726,0.471384395947247,1.2562719768972368,1.8272252748969635,0.1167595421788616,-0.31505215205519466,2.203703381772964,-0.17095858593500526,-1.0619835457377542,-1.4831382584692328,0.23483787007822168,-0.6859789086987541,-0.25152250476991117,-0.025501479153778525]",v_493c953c60f07abe
Stage2.2,4,s22g004_9e6cb2afb7b54664,27,probe_c1_h08_p,multi_center_probes,2.9423180919731577,60.14554433740708,"[2.3911854335466187,1.204177336495726,0.471384395947247,1.2562719768972368,1.8508448748969635,0.1272571421788616,-0.31505215205519466,2.2496303817729637,-0.17095858593500526,-1.0619835457377542,-1.4240892584692328,0.21121827007822166,-0.6859789086987541,-0.25152250476991117,-0.04912107915377853]",s22g004_9e6cb2afb7b54664,0.03126838452972956,0.028605465748546825,0.1056177828637995,0.05617782863799481,0.09845731296231364,,,,,True,,11,-0.02752458400000002,0.0304999533,697.2423000000017,0.04108345014327835,0.0304999533,1.3694483381092786,0.5817437020072838,0.7819332053556993,0.02345799616067098,1,0.6279867362113741,0.0,-0.3441197603990719,0,0,0,0,1,1,True,False,True,False,10000.0,True,1.0,1.0,0.0,0.0276702995522708,0.03108653234071923,0.04161751999198151,0.021622362186469103,0.6493048913946,0.09249031715588606,0.10350839072009671,0.41450000000000004,279.9978666305542,1,True,False,0.0,2,0,1,True,True,1.0,10,10,1,True,True,1.0,10,10,3,POSITION_40MM_SPEED_FAIL,False,False,0.5268522798736439,3912.623189865728,1003912.6231898657,0.0020554360784251907,0.0012308805444860634,1.0,0.48256171884198046,0.2597795087991678,0.06460975820977304,3000038.939417286,38.93941728585752,"[0.0310721999,0.0302980656,0.0304999533]",0.0310721999,0.030623406266666667,0.0304999533,0.02768225099999999,0.0310721999,0.03573999666666672,0.0,0.03508390720096699,0.0,0.03573999666666672,0.07082390386763371,0.050082211474928015,5.245696253659906,1003912.6231898657,7,Stage2.2,/home/yangshen0711/tsc_all/tsc_rzip_rllib/stage2_2_runs/stage2_2_svd3_corner_feasibility_100ms_20260721_085327,2004,"[2.3911854335466187,1.204177336495726,0.471384395947247,1.2562719768972368,1.8508448748969635,0.1272571421788616,-0.31505215205519466,2.2496303817729637,-0.17095858593500526,-1.0619835457377542,-1.4240892584692328,0.21121827007822166,-0.6859789086987541,-0.25152250476991117,-0.04912107915377853]",v_9e6cb2afb7b54664
Stage2.2,4,s22g004_ab52c47b99f5295c,31,probe_c2_h11_p,multi_center_probes,2.963687846452603,42.30860884118522,"[2.4156833455235933,1.2134774513649513,0.47907036778035206,1.260005234942497,1.7620406869218461,0.12308365403562732,-0.3824613495828374,2.243357148757632,-0.33131052265432653,-0.9135307129819165,-1.3808101074137584,0.18984711051340608,-0.570376789148781,0.08969769409651052,0.04047750769184573]",s22g004_ab52c47b99f5295c,0.031219585729693862,0.024085633262178455,0.09929445685004534,0.040652857656462205,0.040652857656462205,,,,,True,,11,-0.028086873999999984,0.0302511295,754.5795000000035,0.04127957518092507,0.0302511295,1.3759858393641693,0.5817437020072838,0.7819410457617871,0.023458231372853616,1,0.6280101555085302,0.0,-0.3441332378223096,0,0,0,0,1,1,True,False,True,False,10000.0,True,1.0,1.0,0.0,0.028078327489747163,0.03102010441958031,0.041840642356722454,0.0166997001488921,0.6494047587756094,0.0914957714908661,0.1030893800840142,0.41479999999999995,255.6192009449005,1,True,False,0.0,2,0,1,True,True,1.0,10,10,1,True,True,1.0,10,10,3,POSITION_40MM_SPEED_FAIL,False,False,0.5245935573442893,3950.740489708842,1003950.7404897088,0.0020151846685176906,0.000954426930350361,1.0,0.46760803501539394,0.2571750692490996,0.08613092806545454,3000038.9894590196,38.989459019577026,"[0.0310887371,0.0302511518,0.0302511295]",0.0310887371,0.030530339466666667,0.0302511295,0.028086873999999984,0.0310887371,0.03629123666666678,0.0,0.03089380084014204,0.0,0.03629123666666678,0.06718503750680882,0.04766005443918817,5.216618575758145,1003950.7404897088,9,Stage2.2,/home/yangshen0711/tsc_all/tsc_rzip_rllib/stage2_2_runs/stage2_2_svd3_corner_feasibility_100ms_20260721_085327,2004,"[2.4156833455235933,1.2134774513649513,0.47907036778035206,1.260005234942497,1.7620406869218461,0.12308365403562732,-0.3824613495828374,2.243357148757632,-0.33131052265432653,-0.9135307129819165,-1.3808101074137584,0.18984711051340608,-0.570376789148781,0.08969769409651052,0.04047750769184573]",v_ab52c47b99f5295c
Stage2.2,4,s22g004_a9a763633fd58796,58,corner_local_0044,corner_local,2.9552189726316067,45.5009581075787,"[2.3911854335466187,1.204177336495726,0.471384395947247,1.2501277021444333,1.8357394861086753,0.11096479789996043,-0.3115092784688397,2.2008772286849925,-0.22743981636329189,-1.048204595031187,-1.4730624452319767,0.21345115375330537,-0.5864658064728068,-0.15057607866948683,0.015993303533179706]",s22g004_a9a763633fd58796,0.03130318748105202,0.024256540175821288,0.10073559977012259,0.04343958270173398,0.05079558040295984,,,,,True,,11,-0.02781503299999999,0.0305076928,694.3919000000024,0.041284323668558026,0.0305076928,1.3761441222852675,0.5817437020072838,0.7819332053556993,0.02345799616067098,1,0.6279867362113741,0.0,-0.3441197603990719,0,0,0,0,1,1,True,False,True,False,10000.0,True,1.0,1.0,0.0,0.027812144325447333,0.03110306737248851,0.04172428755481718,0.026825587061048952,0.6493217886253072,0.09270479234816931,0.10272803488224544,0.41455,272.13842391967773,1,True,False,0.0,2,0,1,True,True,1.0,10,10,1,True,True,1.0,10,10,3,POSITION_40MM_SPEED_FAIL,False,False,0.5245388702113989,3946.0264378780266,1003946.026437878,0.002092674419510277,0.0007442174318747797,1.0,0.47941982917456244,0.26281357194111843,0.06382463554828866,3000039.007538808,39.00753880787204,"[0.0310921657,0.0303227988,0.0305076928]",0.0310921657,0.030640885766666667,0.0305076928,0.02781503299999999,0.0310921657,0.036405523333333356,0.0,0.027280348822454226,0.0,0.036405523333333356,0.06368587215578758,0.045492631942421834,5.237983979189391,1003946.026437878,8,Stage2.2,/home/yangshen0711/tsc_all/tsc_rzip_rllib/stage2_2_runs/stage2_2_svd3_corner_feasibility_100ms_20260721_085327,2004,"[2.3911854335466187,1.204177336495726,0.471384395947247,1.2501277021444333,1.8357394861086753,0.11096479789996043,-0.3115092784688397,2.2008772286849925,-0.22743981636329189,-1.048204595031187,-1.4730624452319767,0.21345115375330537,-0.5864658064728068,-0.15057607866948683,0.015993303533179706]",v_a9a763633fd58796
Stage2.2,3,s22g003_96f3cb5d7f89acac,25,probe_c1_h03_p,multi_center_probes,2.9440294249425887,47.898630671085485,"[2.3911854335466187,1.204177336495726,0.471384395947247,1.2444621768972368,1.8390350748969635,0.11034434217886159,-0.28698565205519466,2.226666881772964,-0.18080008593500527,-1.1571180457377541,-1.3880037584692329,0.22302807007822167,-0.6564544086987542,-0.2876080047699112,-0.011067279153778526]",s22g003_96f3cb5d7f89acac,0.031336696169550454,0.025366382955012323,0.10382597458105088,0.044556538985015104,0.08281628479552383,,,,,True,,11,-0.027431996999999986,0.0306333957,678.7186000000002,0.04112079025895279,0.0306333957,1.37069300863176,0.5817437020072838,0.7819332053556993,0.02345799616067098,1,0.6279867362113741,0.0,-0.3441197603990719,0,0,0,0,1,1,True,False,True,False,10000.0,True,1.0,1.0,0.0,0.02764206481333605,0.03114254084786008,0.04164062436618002,0.027914263746693552,0.6493188393606788,0.09352040939690809,0.10346454725118619,0.41455,261.59624099731445,1,True,False,0.0,2,0,1,True,True,1.0,10,10,1,True,True,1.0,10,10,3,POSITION_40MM_SPEED_FAIL,False,False,0.5264222431912572,3983.8069027165184,1003983.8069027165,0.002141968845148513,0.0012003087655701782,1.0,0.48428014742801284,0.25843926279738977,0.06128959028559166,3000039.0195411798,39.01954117953947,"[0.031093175,0.0303548717,0.0306333957]",0.031093175,0.030693814133333334,0.0306333957,0.027684960999999952,0.031093175,0.0364391666666668,0.0,0.0346454725118619,0.0,0.0364391666666668,0.0710846391785287,0.05028042991991316,5.271249415782205,1003983.8069027165,3,Stage2.2,/home/yangshen0711/tsc_all/tsc_rzip_rllib/stage2_2_runs/stage2_2_svd3_corner_feasibility_100ms_20260721_085327,2003,"[2.3911854335466187,1.204177336495726,0.471384395947247,1.2444621768972368,1.8390350748969635,0.11034434217886159,-0.28698565205519466,2.226666881772964,-0.18080008593500527,-1.1571180457377541,-1.3880037584692329,0.22302807007822167,-0.6564544086987542,-0.2876080047699112,-0.011067279153778526]",v_96f3cb5d7f89acac
Stage2.2,4,s22g004_a56d95239333b086,39,corner_local_0009,corner_local,2.9707316628785607,41.85252769215364,"[2.4156833455235933,1.2134774513649513,0.47907036778035206,1.2500348278826732,1.8041504877252754,0.12121916079851491,-0.33086952750402393,2.2662623573866534,-0.32278159169613047,-0.98841006133099,-1.4726022586016259,0.23901467558450956,-0.5443522547630627,0.02127508313523034,0.05420392265499159]",s22g004_a56d95239333b086,0.03120016548251905,0.023215490529379497,0.10054270912049458,0.040005516083968296,0.04543260728891396,,,,,True,,11,-0.028114238000000014,0.0303828496,700.918700000002,0.04139478141187443,0.0303828496,1.3798260470624812,0.5817437020072838,0.7819410457617871,0.023458231372853616,1,0.6280101555085302,0.0,-0.3441332378223096,0,0,0,0,1,1,True,False,True,False,10000.0,True,1.0,1.0,0.0,0.028023239140166092,0.03106619392451678,0.04183790550281671,0.026343502805433773,0.6494480578853145,0.09302764355512165,0.10293709037763957,0.41465,254.068213224411,1,True,False,0.0,2,0,1,True,True,1.0,10,10,1,True,True,1.0,10,10,3,POSITION_40MM_SPEED_FAIL,False,False,0.5232667562765129,3964.7968553196406,1003964.7968553196,0.0020612688396482075,0.0008626499886422904,1.0,0.4734011228093513,0.26347664375468144,0.08836395723088121,3000039.085473422,39.085473422089315,"[0.0310947768,0.0302917395,0.0303828496]",0.0310947768,0.030589788633333333,0.0303828496,0.028114238000000014,0.0310947768,0.03649256000000012,0.0,0.029370903776395618,0.0,0.03649256000000012,0.06586346377639574,0.04684396358119047,5.243036632923617,1003964.7968553196,10,Stage2.2,/home/yangshen0711/tsc_all/tsc_rzip_rllib/stage2_2_runs/stage2_2_svd3_corner_feasibility_100ms_20260721_085327,2004,"[2.4156833455235933,1.2134774513649513,0.47907036778035206,1.2500348278826732,1.8041504877252754,0.12121916079851491,-0.33086952750402393,2.2662623573866534,-0.32278159169613047,-0.98841006133099,-1.4726022586016259,0.23901467558450956,-0.5443522547630627,0.02127508313523034,0.05420392265499159]",v_a56d95239333b086
Stage2.2,4,s22g004_4d69676a1182d6df,78,trust_mix_0016,trust_mix,2.9490770045410994,42.21845229058294,"[2.4156833455235933,1.2134774513649513,0.47907036778035206,1.241022840543368,1.8171636135815692,0.11955864520207055,-0.31191704540732934,2.203306024804743,-0.2831326122961406,-0.9932935615658078,-1.4371676058459828,0.19730016874486458,-0.5385878684539556,-0.031873569766833726,0.03957960479266798]",s22g004_4d69676a1182d6df,0.03118864354547971,0.02515467183516046,0.1024566298597691,0.03962145151599028,0.06418775011368116,,,,,True,,11,-0.027939883000000054,0.0303599287,719.2543000000005,0.041259693803066155,0.0303599287,1.375323126768872,0.5817437020072838,0.7819410457617871,0.023458231372853616,1,0.6280101555085302,0.0,-0.3441332378223096,0,0,0,0,1,1,True,False,True,False,10000.0,True,1.0,1.0,0.0,0.02791033102098099,0.031062703889926466,0.04175976712882852,0.02163124628355611,0.6494437007552424,0.09248513719590325,0.10328513932139724,0.4146,277.0903334617615,1,True,False,0.0,2,0,1,True,True,1.0,10,10,1,True,True,1.0,10,10,3,POSITION_40MM_SPEED_FAIL,False,False,0.5248225261522669,3996.3576822364703,1003996.3576822365,0.0020736343925032734,0.0010792140360990211,1.0,0.47323572329260744,0.2602754413757595,0.07226466403833148,3000039.0095371855,39.00953718545959,"[0.0310991842,0.0302835201,0.0303599287]",0.0310991842,0.03058087766666667,0.0303599287,0.027939883000000054,0.0310991842,0.036639473333333505,0.0,0.032851393213972235,0.0,0.036639473333333505,0.06949086654730574,0.04921041599339593,5.236466720633596,1003996.3576822365,13,Stage2.2,/home/yangshen0711/tsc_all/tsc_rzip_rllib/stage2_2_runs/stage2_2_svd3_corner_feasibility_100ms_20260721_085327,2004,"[2.4156833455235933,1.2134774513649513,0.47907036778035206,1.241022840543368,1.8171636135815692,0.11955864520207055,-0.31191704540732934,2.203306024804743,-0.2831326122961406,-0.9932935615658078,-1.4371676058459828,0.19730016874486458,-0.5385878684539556,-0.031873569766833726,0.03957960479266798]",v_4d69676a1182d6df
Stage2.2,3,s22g003_9db60076b66743e2,15,probe_c0_h13_p,multi_center_probes,2.9415699003295073,50.11675936651005,"[2.3911854335466187,1.204177336495726,0.471384395947247,1.2590421768972369,1.7920550748969635,0.1140883421788616,-0.36636565205519467,2.2669868817729637,-0.17108008593500526,-1.120668045737754,-1.343453758469233,0.18220407007822167,-0.47339440869875427,-0.2430580047699112,0.0035127208462214735]",s22g003_9db60076b66743e2,0.03144275865757928,0.023749188924123595,0.10017927551189601,0.04809195525264265,0.04988471037160269,,,,,True,,11,-0.02737448499999995,0.030601729,689.7842000000019,0.04105883883897185,0.030601729,1.3686279612990617,0.5817437020072838,0.7819332053556993,0.02345799616067098,1,0.6279867362113741,0.0,-0.3441197603990719,0,0,0,0,1,1,True,False,True,False,10000.0,True,1.0,1.0,0.0,0.027660984097983475,0.03113836830716556,0.04165006629168298,0.023011060897840885,0.6492816416004209,0.09181947596477935,0.10237387484594171,0.4147,271.40384554862976,1,True,False,0.0,2,0,1,True,True,1.0,10,10,1,True,True,1.0,10,10,3,POSITION_40MM_SPEED_FAIL,False,False,0.5271357220500275,3973.7302565883147,1003973.7302565883,0.002120854814102979,0.0005635281784194694,1.0,0.47805422388059093,0.2573619811838045,0.06645849345651833,3000038.8781806133,38.87818061344884,"[0.0311047315,0.0303746511,0.030601729]",0.0311047315,0.030693703866666668,0.030601729,0.02773711000000001,0.0311047315,0.036824383333333266,0.0,0.023738748459416925,0.0,0.036824383333333266,0.06056313179275019,0.04381282216771412,5.226573916149872,1003973.7302565883,2,Stage2.2,/home/yangshen0711/tsc_all/tsc_rzip_rllib/stage2_2_runs/stage2_2_svd3_corner_feasibility_100ms_20260721_085327,2003,"[2.3911854335466187,1.204177336495726,0.471384395947247,1.2590421768972369,1.7920550748969635,0.1140883421788616,-0.36636565205519467,2.2669868817729637,-0.17108008593500526,-1.120668045737754,-1.343453758469233,0.18220407007822167,-0.47339440869875427,-0.2430580047699112,0.0035127208462214735]",v_9db60076b66743e2
Stage2.2,3,s22g003_46cd6335cc266b11,14,probe_c0_h13_m,multi_center_probes,2.9377343734979626,48.932130711163175,"[2.3911854335466187,1.204177336495726,0.471384395947247,1.2327981768972367,1.8182990748969636,0.1024243421788616,-0.31533565205519465,2.3180168817729636,-0.19295008593500526,-1.055058045737754,-1.409063758469233,0.20844807007822166,-0.5390044086987542,-0.1774480047699112,-0.022731279153778525]",s22g003_46cd6335cc266b11,0.031387499952004745,0.023910884812800483,0.10200688757815889,0.04624999840015831,0.06631887418174709,,,,,True,,11,-0.027453342000000047,0.0304498833,705.6190999999999,0.04099855338853538,0.0304498833,1.3666184462845126,0.5817437020072838,0.7819332053556993,0.02345799616067098,1,0.6279867362113741,0.0,-0.3441197603990719,0,0,0,0,1,1,True,False,True,False,10000.0,True,1.0,1.0,0.0,0.02763556217220952,0.031096426350178872,0.041601827223406385,0.014547857219473558,0.6493219885372806,0.0912000824813905,0.10350504978091377,0.4146,265.62890696525574,1,True,False,0.0,2,0,1,True,True,1.0,10,10,1,True,True,1.0,10,10,3,POSITION_40MM_SPEED_FAIL,False,False,0.5278300143582764,4038.85627621389,1004038.8562762139,0.00211576472455429,0.0012285373966683523,1.0,0.4775425264304485,0.2603821029347191,0.07758826324711707,3000038.875116599,38.87511659878135,"[0.0311084098,0.0303132974,0.0304498833]",0.0311084098,0.0306238635,0.0304498833,0.02766228100000001,0.0311084098,0.03694699333333329,0.0,0.03505049780913749,0.0,0.03694699333333329,0.07199749114247078,0.05092757320982148,5.2394051007707345,1004038.8562762139,7,Stage2.2,/home/yangshen0711/tsc_all/tsc_rzip_rllib/stage2_2_runs/stage2_2_svd3_corner_feasibility_100ms_20260721_085327,2003,"[2.3911854335466187,1.204177336495726,0.471384395947247,1.2327981768972367,1.8182990748969636,0.1024243421788616,-0.31533565205519465,2.3180168817729636,-0.19295008593500526,-1.055058045737754,-1.409063758469233,0.20844807007822166,-0.5390044086987542,-0.1774480047699112,-0.022731279153778525]",v_46cd6335cc266b11
Stage2.2,4,s22g004_8ad13b567e6d6f61,47,corner_local_0022,corner_local,2.946141825486013,45.105012924802004,"[2.3911854335466187,1.204177336495726,0.471384395947247,1.2774757116714204,1.8103989538419267,0.10432614785401179,-0.3405552517505636,2.268605134106496,-0.1978976505883289,-1.0624505137806421,-1.4091162942192414,0.19391395360094565,-0.5189866773285604,-0.24155800558707338,-0.01819506281205005]",s22g004_8ad13b567e6d6f61,0.03125856484524147,0.025985895904911707,0.10361325884544066,0.041952161508048924,0.07808474996245551,,,,,True,,11,-0.027752632,0.0304205617,704.929500000002,0.04117789646243396,0.0304205617,1.3725965487477987,0.5817437020072838,0.7819332053556993,0.02345799616067098,1,0.6279867362113741,0.0,-0.3441197603990719,0,0,0,0,1,1,True,False,True,False,10000.0,True,1.0,1.0,0.0,0.027845453038050437,0.031043530400815995,0.04170215863286527,0.019812017629711232,0.6492856520362317,0.09228563671407093,0.10370727894073173,0.4147,272.21994972229004,1,True,False,0.0,2,0,1,True,True,1.0,10,10,1,True,True,1.0,10,10,3,POSITION_40MM_SPEED_FAIL,False,False,0.5257645654673085,4050.719265770749,1004050.7192657707,0.0019749724959853463,0.0013743917144392968,1.0,0.4783576114876902,0.25950621843504024,0.0706590008732286,3000038.9849997507,38.98499975093696,"[0.0310431176,0.0302610457,0.0304205617]",0.0310431176,0.030574908333333334,0.0304205617,0.027841849999999946,0.0310431176,0.03477058666666677,0.0,0.037072789407317286,0.0,0.037072789407317286,0.07184337607398406,0.05082701458460335,5.23980615850975,1004050.7192657707,19,Stage2.2,/home/yangshen0711/tsc_all/tsc_rzip_rllib/stage2_2_runs/stage2_2_svd3_corner_feasibility_100ms_20260721_085327,2004,"[2.3911854335466187,1.204177336495726,0.471384395947247,1.2774757116714204,1.8103989538419267,0.10432614785401179,-0.3405552517505636,2.268605134106496,-0.1978976505883289,-1.0624505137806421,-1.4091162942192414,0.19391395360094565,-0.5189866773285604,-0.24155800558707338,-0.01819506281205005]",v_8ad13b567e6d6f61
Stage2.2,3,s22g003_7c93c6991a938161,16,probe_c0_h14_m,multi_center_probes,2.942106311752989,49.598460046263305,"[2.3911854335466187,1.204177336495726,0.471384395947247,1.2327981768972367,1.7920550748969635,0.1140883421788616,-0.31533565205519465,2.3180168817729636,-0.17108008593500526,-1.120668045737754,-1.409063758469233,0.20844807007822166,-0.47339440869875427,-0.2430580047699112,-0.022731279153778525]",s22g003_7c93c6991a938161,0.03141729492513437,0.021659399634176135,0.10109037061288557,0.04724316417114571,0.05814687030000143,,,,,True,,11,-0.027472695000000047,0.0305842387,685.1163000000015,0.041111368590957965,0.0305842387,1.3703789530319324,0.5817437020072838,0.7819332053556993,0.02345799616067098,1,0.6279867362113741,0.0,-0.3441197603990719,0,0,0,0,1,1,True,False,True,False,10000.0,True,1.0,1.0,0.0,0.02767449986783199,0.03113986550497169,0.041660162824962155,0.02214072691699524,0.6492816150874491,0.09178261608788514,0.10261693982905193,0.4146,264.30247688293457,1,True,False,0.0,2,0,1,True,True,1.0,10,10,1,True,True,1.0,10,10,3,POSITION_40MM_SPEED_FAIL,False,False,0.5265307501622148,4011.878329430241,1004011.8783294302,0.002149287964139669,0.000684837406887825,1.0,0.4798909789516193,0.2616082855664814,0.07426935710447788,3000038.9054853194,38.905485319474224,"[0.0311124749,0.030365901,0.0305842387]",0.0311124749,0.0306875382,0.0305842387,0.027712041999999992,0.0311124749,0.03708249666666674,0.0,0.02616939829051912,0.0,0.03708249666666674,0.06325189495718586,0.045386660660607925,5.234422274157082,1004011.8783294302,4,Stage2.2,/home/yangshen0711/tsc_all/tsc_rzip_rllib/stage2_2_runs/stage2_2_svd3_corner_feasibility_100ms_20260721_085327,2003,"[2.3911854335466187,1.204177336495726,0.471384395947247,1.2327981768972367,1.7920550748969635,0.1140883421788616,-0.31533565205519465,2.3180168817729636,-0.17108008593500526,-1.120668045737754,-1.409063758469233,0.20844807007822166,-0.47339440869875427,-0.2430580047699112,-0.022731279153778525]",v_7c93c6991a938161
Stage2.2,4,s22g004_182cf9de20e501fc,71,bridge_d14_p00_c19_053,boundary_bridge,2.9458473465183865,48.07101482754548,"[2.3911854335466187,1.204177336495726,0.471384395947247,1.2304601190272595,1.8100991260051114,0.11901957397503432,-0.3453094008317462,2.1833839846084686,-0.2906858960331062,-0.9105889641897881,-1.4085511261240555,0.18384504520620484,-0.5526339176271581,-0.03730608982434859,0.0513144890006554]",s22g004_182cf9de20e501fc,0.03138581412559847,0.023547427504507376,0.09707941636292344,0.04619380418661567,0.04619380418661567,,,,,True,,11,-0.02786087599999998,0.0302757724,726.6694000000025,0.041144268202314364,0.0302757724,1.3714756067438123,0.5817437020072838,0.7819332053556993,0.02345799616067098,1,0.6279867362113741,0.0,-0.3441197603990719,0,0,0,0,1,1,True,False,True,False,10000.0,True,1.0,1.0,0.0,0.0278371588205554,0.031045179111761863,0.041697848353148874,0.020504691257319685,0.649316254329782,0.09227317348026622,0.10301293589990106,0.41455,265.26129126548767,1,True,False,0.0,2,0,1,True,True,1.0,10,10,1,True,True,1.0,10,10,3,POSITION_40MM_SPEED_FAIL,False,False,0.5261518536466585,4037.3794428934343,1004037.3794428934,0.0020767328681944803,0.0009077782736912606,1.0,0.46982223246342125,0.25689140606901895,0.07009794187060547,3000038.9339298257,38.93392982543717,"[0.0311145595,0.0302720433,0.0302757724]",0.0311145595,0.030554125066666663,0.0302757724,0.02786087599999998,0.0311145595,0.03715198333333336,0.0,0.03012935899901059,0.0,0.03715198333333336,0.06728134233234395,0.04783354617098277,5.222194059729784,1004037.3794428934,16,Stage2.2,/home/yangshen0711/tsc_all/tsc_rzip_rllib/stage2_2_runs/stage2_2_svd3_corner_feasibility_100ms_20260721_085327,2004,"[2.3911854335466187,1.204177336495726,0.471384395947247,1.2304601190272595,1.8100991260051114,0.11901957397503432,-0.3453094008317462,2.1833839846084686,-0.2906858960331062,-0.9105889641897881,-1.4085511261240555,0.18384504520620484,-0.5526339176271581,-0.03730608982434859,0.0513144890006554]",v_182cf9de20e501fc
Stage2.2,2,s22g002_564cf51c5ccd4c4e,15,probe_c0_h09_p,multi_center_probes,2.939526961850029,50.44925111777912,"[2.3911854335466187,1.204177336495726,0.471384395947247,1.2459201768972368,1.8051770748969636,0.1082563421788616,-0.34085065205519466,2.2925018817729637,-0.18201508593500526,-1.087863045737754,-1.376258758469233,0.19532607007822167,-0.5061994086987542,-0.2102530047699112,-0.009609279153778526]",s22g002_564cf51c5ccd4c4e,0.03144391710712959,0.024628483456332936,0.10091015700250351,0.0481305702376531,0.05723214026268808,,,,,True,,11,-0.02742756099999999,0.0305400152,696.1556000000019,0.04104830850138592,0.0305400152,1.3682769500461973,0.5817437020072838,0.7819332053556993,0.02345799616067098,1,0.6279867362113741,0.0,-0.3441197603990719,0,0,0,0,1,1,True,False,True,False,10000.0,True,1.0,1.0,0.0,0.027658152826923323,0.031130324811443736,0.04164217262179576,0.01821838525801873,0.6492809669928203,0.09116334465939979,0.10265679007494848,0.41465,267.05487275123596,1,True,False,0.0,2,0,1,True,True,1.0,10,10,1,True,True,1.0,10,10,3,POSITION_40MM_SPEED_FAIL,False,False,0.5272569972886836,4038.5137463249266,1004038.5137463249,0.002145860962210581,0.0007058533502344742,1.0,0.47774176389020967,0.258790104601507,0.07200500556693265,3000038.8575268155,38.857526815614754,"[0.0311195788,0.0303580888,0.0305400152]",0.0311195788,0.030672560933333332,0.0305400152,0.027708202000000015,0.0311195788,0.03731929333333328,0.0,0.026567900749484785,0.0,0.03731929333333328,0.06388719408281807,0.0458102936591095,5.225343001336037,1004038.5137463249,1,Stage2.2,/home/yangshen0711/tsc_all/tsc_rzip_rllib/stage2_2_runs/stage2_2_svd3_corner_feasibility_100ms_20260721_085327,2002,"[2.3911854335466187,1.204177336495726,0.471384395947247,1.2459201768972368,1.8051770748969636,0.1082563421788616,-0.34085065205519466,2.2925018817729637,-0.18201508593500526,-1.087863045737754,-1.376258758469233,0.19532607007822167,-0.5061994086987542,-0.2102530047699112,-0.009609279153778526]",v_564cf51c5ccd4c4e
Stage2.2,4,s22g004_d1f086695974424b,17,probe_c0_h02_p,multi_center_probes,2.961622241034464,47.206675100002535,"[2.3911854335466187,1.204177336495726,0.471384395947247,1.2708519768972368,1.8301088748969636,0.1088395421788616,-0.3382991520551947,2.2899503817729636,-0.18310858593500526,-1.150192545737754,-1.4385882584692329,0.19401387007822168,-0.5094799086987543,-0.2725825047699112,-0.03454107915377853]",s22g004_d1f086695974424b,0.031336180214223845,0.022875482421135213,0.1021403619612474,0.04453934047412811,0.06594296008660194,,,,,True,,11,-0.027556248999999977,0.030739962,702.152100000003,0.04128307307736966,0.030739962,1.3761024359123222,0.5817437020072838,0.7819332053556993,0.02345799616067098,1,0.6279867362113741,0.0,-0.3441197603990719,0,0,0,0,1,1,True,False,True,False,10000.0,True,1.0,1.0,0.0,0.02771614364649034,0.031195894275067016,0.04172970690352432,0.03158687137700665,0.6493235325983483,0.0921107094007757,0.10135036067611569,0.41465,274.2295687198639,1,True,False,0.0,2,0,1,True,True,1.0,10,10,1,True,True,1.0,10,10,3,POSITION_40MM_SPEED_FAIL,False,False,0.5245532729542922,4004.0668371324427,1004004.0668371324,0.002219943467954332,0.0001823473955599628,1.0,0.4827050085230685,0.26304004052257046,0.07258947710703613,3000038.987651808,38.98765180802662,"[0.0311264185,0.0304321696,0.030739962]",0.0311264185,0.03076618336666667,0.030739962,0.02773710600000001,0.0311264185,0.03754728333333324,0.0,0.013503606761156917,0.0,0.03754728333333324,0.05105089009449015,0.03990170273651949,5.2332406847184645,1004004.0668371324,14,Stage2.2,/home/yangshen0711/tsc_all/tsc_rzip_rllib/stage2_2_runs/stage2_2_svd3_corner_feasibility_100ms_20260721_085327,2004,"[2.3911854335466187,1.204177336495726,0.471384395947247,1.2708519768972368,1.8301088748969636,0.1088395421788616,-0.3382991520551947,2.2899503817729636,-0.18310858593500526,-1.150192545737754,-1.4385882584692329,0.19401387007822168,-0.5094799086987543,-0.2725825047699112,-0.03454107915377853]",v_d1f086695974424b
Stage2.2,2,s22g002_947d11cac5feee4f,33,probe_c2_h04_p,multi_center_probes,2.9618309867542885,43.151187117621674,"[2.4156833455235933,1.2134774513649513,0.47907036778035206,1.235073434942497,1.8161324869218463,0.12250045403562732,-0.32320984958283744,2.194878648757632,-0.3348340226543265,-0.9168112129819165,-1.4504296074137586,0.21477891051340608,-0.5598062891487809,0.09297819409651051,0.06832530769184574]",s22g002_947d11cac5feee4f,0.031243891407915985,0.028147552797767615,0.09994936078014723,0.04146304693053282,0.04146304693053282,,,,,True,,11,-0.028114795999999997,0.030285467,724.3685000000005,0.0413237373131921,0.030285467,1.3774579104397366,0.5817437020072838,0.7819410457617871,0.023458231372853616,1,0.6280101555085302,0.0,-0.3441332378223096,0,0,0,0,1,1,True,False,True,False,10000.0,True,1.0,1.0,0.0,0.028002245601377602,0.03106038749282988,0.04181953407110862,0.026004917512699767,0.6494430965163749,0.09365364188142587,0.10335964782984194,0.41455,270.36744260787964,1,True,False,0.0,2,0,1,True,True,1.0,10,10,1,True,True,1.0,10,10,3,POSITION_40MM_SPEED_FAIL,False,False,0.524084953219631,4110.641640211805,1004110.6416402118,0.0021189968941586904,0.0011287233540561573,1.0,0.46933216488745877,0.2608485036411678,0.07865825523870638,3000039.0967151327,39.0967151326295,"[0.0311309159,0.0302857688,0.030285467]",0.0311309159,0.030567383899999998,0.030285467,0.028114795999999997,0.0311309159,0.03769719666666682,0.0,0.033596478298419274,0.0,0.03769719666666682,0.0712936749650861,0.050495564068356674,5.251709616372763,1004110.6416402118,2,Stage2.2,/home/yangshen0711/tsc_all/tsc_rzip_rllib/stage2_2_runs/stage2_2_svd3_corner_feasibility_100ms_20260721_085327,2002,"[2.4156833455235933,1.2134774513649513,0.47907036778035206,1.235073434942497,1.8161324869218463,0.12250045403562732,-0.32320984958283744,2.194878648757632,-0.3348340226543265,-0.9168112129819165,-1.4504296074137586,0.21477891051340608,-0.5598062891487809,0.09297819409651051,0.06832530769184574]",v_947d11cac5feee4f
Stage2.2,3,s22g003_fe1d23838cf4de25,27,probe_c1_h04_p,multi_center_probes,2.960097283156109,47.97337206469307,"[2.3911854335466187,1.204177336495726,0.471384395947247,1.2444621768972368,1.8652790748969637,0.1220083421788616,-0.28698565205519466,2.175636881772964,-0.18080008593500527,-1.1571180457377541,-1.4536137584692328,0.22302807007822167,-0.5908444086987542,-0.2219980047699112,-0.011067279153778526]",s22g003_fe1d23838cf4de25,0.031361873058401754,0.024239440329791088,0.10183042933483487,0.045395768613391896,0.0637000619617405,,,,,True,,11,-0.027518151999999962,0.0307509476,675.8110000000015,0.04126583899296181,0.0307509476,1.3755279664320603,0.5817437020072838,0.7819332053556993,0.02345799616067098,1,0.6279867362113741,0.0,-0.3441197603990719,0,0,0,0,1,1,True,False,True,False,10000.0,True,1.0,1.0,0.0,0.02764453341881152,0.03120733438926119,0.04169074174954136,0.03282249163483439,0.6493077304697152,0.09245162685125813,0.10154368148367249,0.4144,265.9550929069519,1,True,False,0.0,2,0,1,True,True,1.0,10,10,1,True,True,1.0,10,10,3,POSITION_40MM_SPEED_FAIL,False,False,0.5247517535521389,4049.315665119211,1004049.3156651192,0.0022596907590713596,0.00023829525230332585,1.0,0.48360691756380914,0.2632157460695079,0.05397776653498546,3000038.9956157794,38.99561577937379,"[0.0311369441,0.0304355243,0.0307509476]",0.0311369441,0.030774471999999997,0.0307509476,0.02764866399999999,0.0311369441,0.03789813666666664,0.0,0.015436814836724766,0.0,0.03789813666666664,0.0533349515033914,0.04092143710952327,5.240755329626379,1004049.3156651192,8,Stage2.2,/home/yangshen0711/tsc_all/tsc_rzip_rllib/stage2_2_runs/stage2_2_svd3_corner_feasibility_100ms_20260721_085327,2003,"[2.3911854335466187,1.204177336495726,0.471384395947247,1.2444621768972368,1.8652790748969637,0.1220083421788616,-0.28698565205519466,2.175636881772964,-0.18080008593500527,-1.1571180457377541,-1.4536137584692328,0.22302807007822167,-0.5908444086987542,-0.2219980047699112,-0.011067279153778526]",v_fe1d23838cf4de25
Stage2.2,3,s22g003_1fa875fe1d71bd0f,22,probe_c1_h02_m,multi_center_probes,2.941247420371019,49.54984405203477,"[2.3911854335466187,1.204177336495726,0.471384395947247,1.2182181768972367,1.8390350748969635,0.1220083421788616,-0.28698565205519466,2.175636881772964,-0.18080008593500527,-1.0915080457377542,-1.3880037584692329,0.19678407007822168,-0.6564544086987542,-0.2219980047699112,-0.011067279153778526]",s22g003_1fa875fe1d71bd0f,0.031412168169830244,0.0257087759290665,0.10141317089262304,0.04707227232767486,0.06120398125390514,,,,,True,,11,-0.02736995200000003,0.0305895142,697.3054000000011,0.041046713041050044,0.0305895142,1.3682237680350013,0.5817437020072838,0.7819332053556993,0.02345799616067098,1,0.6279867362113741,0.0,-0.3441197603990719,0,0,0,0,1,1,True,False,True,False,10000.0,True,1.0,1.0,0.0,0.02757079973676388,0.031157772662294764,0.041604756884279254,0.021526046353497103,0.6493054765315814,0.09175770244124004,0.10264484620556633,0.4144,263.62702441215515,1,True,False,0.0,2,0,1,True,True,1.0,10,10,1,True,True,1.0,10,10,3,POSITION_40MM_SPEED_FAIL,False,False,0.5272753718024559,4100.418258621241,1004100.4182586212,0.002210089194714482,0.0006995211451098503,1.0,0.48039688154801513,0.2573467034442343,0.05283582246101276,3000038.8691890556,38.86918905579347,"[0.0311374509,0.0303762415,0.0305895142]",0.0311374509,0.030701068866666667,0.0305895142,0.027605369999999962,0.0311374509,0.03791502999999996,0.0,0.02644846205566309,0.0,0.03791502999999996,0.06436349205566305,0.046228461417299485,5.23282898138593,1004100.4182586212,9,Stage2.2,/home/yangshen0711/tsc_all/tsc_rzip_rllib/stage2_2_runs/stage2_2_svd3_corner_feasibility_100ms_20260721_085327,2003,"[2.3911854335466187,1.204177336495726,0.471384395947247,1.2182181768972367,1.8390350748969635,0.1220083421788616,-0.28698565205519466,2.175636881772964,-0.18080008593500527,-1.0915080457377542,-1.3880037584692329,0.19678407007822168,-0.6564544086987542,-0.2219980047699112,-0.011067279153778526]",v_1fa875fe1d71bd0f
Stage2.2,3,s22g003_1f0da96595c8e8bf,58,corner_local_0033,corner_local,2.9605223628298245,49.51965338656817,"[2.3911854335466187,1.204177336495726,0.471384395947247,1.2443710083089257,1.805951654035178,0.11283581435021856,-0.32530755387450794,2.2526985014551824,-0.21786844321592802,-1.1463850977510428,-1.449735573259424,0.18457517851753696,-0.5601039749192617,-0.1539483633917712,0.007341001722484794]",s22g003_1f0da96595c8e8bf,0.031427597543161725,0.01908415577034575,0.09779512187111057,0.04758658477205757,0.04758658477205757,,,,,True,,11,-0.027628377999999953,0.0307687104,711.7029000000002,0.041352639705222564,0.0307687104,1.3784213235074187,0.5817437020072838,0.7819332053556993,0.02345799616067098,1,0.6279867362113741,0.0,-0.3441197603990719,0,0,0,0,1,1,True,False,True,False,10000.0,True,1.0,1.0,0.0,0.027753999678214424,0.03121305841873171,0.041767685044654855,0.03270717993838844,0.6492819949469225,0.09155497011283566,0.1006010323691244,0.4146,255.38918709754944,1,True,False,0.0,2,0,1,True,True,1.0,10,10,1,True,True,1.0,10,10,3,POSITION_40MM_SPEED_FAIL,False,False,0.5237520916695976,4018.73605940328,1004018.7360594033,0.0022539431679538553,3.6123990873527454e-05,1.0,0.4819049188096433,0.2636674775923338,0.07031281125369537,3000038.991967773,38.99196777323985,"[0.0311397156,0.0304533465,0.0307687104]",0.0311397156,0.030787257499999998,0.0307687104,0.02776093199999996,0.0311397156,0.03799051999999992,0.0,0.0060103236912438796,0.0,0.03799051999999992,0.044000843691243796,0.03846301601205918,5.217668626187658,1004018.7360594033,5,Stage2.2,/home/yangshen0711/tsc_all/tsc_rzip_rllib/stage2_2_runs/stage2_2_svd3_corner_feasibility_100ms_20260721_085327,2003,"[2.3911854335466187,1.204177336495726,0.471384395947247,1.2443710083089257,1.805951654035178,0.11283581435021856,-0.32530755387450794,2.2526985014551824,-0.21786844321592802,-1.1463850977510428,-1.449735573259424,0.18457517851753696,-0.5601039749192617,-0.1539483633917712,0.007341001722484794]",v_1f0da96595c8e8bf
Stage2.2,3,s22g003_352b303dc34eabd7,90,random_corner_parent_00_0006,random_local,2.925652677499682,50.02586892813499,"[2.3911854335466187,1.204177336495726,0.471384395947247,1.2368164178657084,1.8073409089470909,0.11407833444455065,-0.34545830965338264,2.275609000061455,-0.16615638777690514,-1.0704012908800955,-1.326241546931036,0.20676429076627934,-0.5327946914696665,-0.14336848152723675,-0.00013325987376370738]",s22g003_352b303dc34eabd7,0.031427105884588184,0.024397330506060216,0.10130902100575714,0.04757019615293956,0.06066040621051094,,,,,True,,11,-0.02722265199999996,0.0305203485,692.1532000000007,0.04089699811079725,0.0305203485,1.3632332703599084,0.5817437020072838,0.7819332053556993,0.02345799616067098,1,0.6279867362113741,0.0,-0.3441197603990719,0,0,0,0,1,1,True,False,True,False,10000.0,True,1.0,1.0,0.0,0.02755350270371689,0.03113760001479497,0.04157818714091673,0.017189324222447597,0.649330670656734,0.0915052070558348,0.10305268178610713,0.4146,272.39413714408875,1,True,False,0.0,2,0,1,True,True,1.0,10,10,1,True,True,1.0,10,10,3,POSITION_40MM_SPEED_FAIL,False,False,0.5289996008453173,4127.941887437599,1004127.9418874376,0.002179227423732966,0.0009318866087230121,1.0,0.4755463445762225,0.25629311516477027,0.0671352561086001,3000038.8300845833,38.83008458348012,"[0.0311399585,0.0303677747,0.0305203485]",0.0311399585,0.030676027233333333,0.0305203485,0.027644360000000034,0.0311399585,0.037998616666666596,0.0,0.030526817861071143,0.0,0.037998616666666596,0.06852543452773774,0.04874198885256206,5.236493807235089,1004127.9418874376,13,Stage2.2,/home/yangshen0711/tsc_all/tsc_rzip_rllib/stage2_2_runs/stage2_2_svd3_corner_feasibility_100ms_20260721_085327,2003,"[2.3911854335466187,1.204177336495726,0.471384395947247,1.2368164178657084,1.8073409089470909,0.11407833444455065,-0.34545830965338264,2.275609000061455,-0.16615638777690514,-1.0704012908800955,-1.326241546931036,0.20676429076627934,-0.5327946914696665,-0.14336848152723675,-0.00013325987376370738]",v_352b303dc34eabd7
Stage2.2,3,s22g003_5edeed58a34c724a,52,corner_local_0060,corner_local,2.930895935591319,48.71345176872387,"[2.3911854335466187,1.204177336495726,0.471384395947247,1.2339207339082705,1.83052635593585,0.11440638405479545,-0.3436038595596361,2.247514211947109,-0.25958079566630443,-0.9425961105559459,-1.3745044759311222,0.18449712132182106,-0.490623178021143,-0.1144112789242348,0.027921954813823705]",s22g003_5edeed58a34c724a,0.03140435027334715,0.02510402364377201,0.09969337643345062,0.046811675778238415,0.046811675778238415,,,,,True,,11,-0.027580397000000034,0.0302941597,717.1972000000023,0.0409684562878163,0.0302941597,1.3656152095938767,0.5817437020072838,0.7819332053556993,0.02345799616067098,1,0.6279867362113741,0.0,-0.3441197603990719,0,0,0,0,1,1,True,False,True,False,10000.0,True,1.0,1.0,0.0,0.02768370849462991,0.03106895944806206,0.04161331466250879,0.011317530862010462,0.6493193880562038,0.09070783542721758,0.1034005809215988,0.41450000000000004,268.01895785331726,1,True,False,0.0,2,0,1,True,True,1.0,10,10,1,True,True,1.0,10,10,3,POSITION_40MM_SPEED_FAIL,False,False,0.5281766350665661,4144.392053281306,1004144.3920532813,0.002140456317027242,0.0011563950604341784,1.0,0.4703369823137311,0.2555791783977426,0.07597776476057523,3000038.84978215,38.8497821497837,"[0.0311400424,0.0302926322,0.0302941597]",0.0311400424,0.030575611433333334,0.0302941597,0.02767716099999995,0.0311400424,0.03800141333333351,0.0,0.03400580921598806,0.0,0.03800141333333351,0.07200722254932157,0.05099512207814622,5.226707672532757,1004144.3920532813,17,Stage2.2,/home/yangshen0711/tsc_all/tsc_rzip_rllib/stage2_2_runs/stage2_2_svd3_corner_feasibility_100ms_20260721_085327,2003,"[2.3911854335466187,1.204177336495726,0.471384395947247,1.2339207339082705,1.83052635593585,0.11440638405479545,-0.3436038595596361,2.247514211947109,-0.25958079566630443,-0.9425961105559459,-1.3745044759311222,0.18449712132182106,-0.490623178021143,-0.1144112789242348,0.027921954813823705]",v_5edeed58a34c724a
Stage2.2,3,s22g003_1923d2bf8654b62c,80,trust_mix_0033,trust_mix,2.9344866063604162,43.840049920661876,"[2.4156833455235933,1.2134774513649513,0.47907036778035206,1.2494364354818626,1.8270273798339494,0.12046622386059758,-0.3432807387511692,2.187510115440682,-0.28946606305373973,-0.9737306227653536,-1.3348883068773574,0.2007365120717259,-0.5160815463829004,0.035462912356683154,0.060021075317412645]",s22g003_1923d2bf8654b62c,0.031232319321753646,0.0279955848554408,0.10272575475117937,0.04107731072512166,0.06833485823691521,,,,,True,,11,-0.027648221999999945,0.0303404013,722.3769000000029,0.0410483145915435,0.0303404013,1.3682771530514497,0.5817437020072838,0.7819410457617871,0.023458231372853616,1,0.6280101555085302,0.0,-0.3441332378223096,0,0,0,0,1,1,True,False,True,False,10000.0,True,1.0,1.0,0.0,0.027781514736653447,0.031083646340308378,0.0416893947050357,0.006574465949114712,0.6494451715798636,0.08886357429809483,0.10264575727084772,0.41455,263.1761829853058,1,True,False,0.0,2,0,1,True,True,1.0,10,10,1,True,True,1.0,10,10,3,POSITION_40MM_SPEED_FAIL,False,False,0.5272569271498768,4113.015942149679,1004113.0159421497,0.002141000343740318,0.0007000031536243608,1.0,0.46844103973577744,0.25454464669864246,0.0712653327507679,3000038.815649223,38.81564922296009,"[0.0311410536,0.0303148682,0.0303404013]",0.0311410536,0.030598774366666665,0.0303404013,0.027794125000000003,0.0311410536,0.03803511999999998,0.0,0.02645757270847726,0.0,0.03803511999999998,0.06449269270847724,0.04633220809586738,5.200963220004804,1004113.0159421497,12,Stage2.2,/home/yangshen0711/tsc_all/tsc_rzip_rllib/stage2_2_runs/stage2_2_svd3_corner_feasibility_100ms_20260721_085327,2003,"[2.4156833455235933,1.2134774513649513,0.47907036778035206,1.2494364354818626,1.8270273798339494,0.12046622386059758,-0.3432807387511692,2.187510115440682,-0.28946606305373973,-0.9737306227653536,-1.3348883068773574,0.2007365120717259,-0.5160815463829004,0.035462912356683154,0.060021075317412645]",v_1923d2bf8654b62c
Stage2.2,1,s22g001_e7867931b32c3a50,25,probe_c1_h11_p,multi_center_probes,2.931989674530063,51.72276360006642,"[2.3911854335466187,1.204177336495726,0.471384395947247,1.2313401768972367,1.8197570748969636,0.1017763421788616,-0.31250065205519467,2.2641518817729636,-0.16986508593500527,-1.1243130457377541,-1.3398087584692329,0.20990607007822168,-0.5426494086987542,-0.1738030047699112,-0.024189279153778526]",s22g001_e7867931b32c3a50,0.031471229104557276,0.026012323887996933,0.10172708686333883,0.049040970151909224,0.06631183878529745,,,,,True,,11,-0.027195579999999997,0.0305993209,703.2738000000027,0.040937977613428544,0.0305993209,1.3645992537809515,0.5817437020072838,0.7819332053556993,0.02345799616067098,1,0.6279867362113741,0.0,-0.3441197603990719,0,0,0,0,1,1,True,False,True,False,10000.0,True,1.0,1.0,0.0,0.027526226292183237,0.031163960378957706,0.041579869653351795,0.022308996880408334,0.6493183822112883,0.09240294721537548,0.10303488188646727,0.41455,281.1035053730011,1,True,False,0.0,2,0,1,True,True,1.0,10,10,1,True,True,1.0,10,10,3,POSITION_40MM_SPEED_FAIL,False,False,0.5285276502624356,4134.26152562676,1004134.2615256268,0.0022141411124952212,0.0009210508064807048,1.0,0.4778043992820854,0.2573830546892362,0.06558217933974088,3000038.8796804743,38.8796804745003,"[0.0311419994,0.0303911549,0.0305993209]",0.0311419994,0.03071082506666667,0.0305993209,0.027617522000000005,0.0311419994,0.03806664666666659,0.0,0.030348818864672555,0.0,0.03806664666666659,0.06841546553133915,0.04868388229101643,5.251114543764836,1004134.2615256268,1,Stage2.2,/home/yangshen0711/tsc_all/tsc_rzip_rllib/stage2_2_runs/stage2_2_svd3_corner_feasibility_100ms_20260721_085327,2001,"[2.3911854335466187,1.204177336495726,0.471384395947247,1.2313401768972367,1.8197570748969636,0.1017763421788616,-0.31250065205519467,2.2641518817729636,-0.16986508593500527,-1.1243130457377541,-1.3398087584692329,0.20990607007822168,-0.5426494086987542,-0.1738030047699112,-0.024189279153778526]",v_e7867931b32c3a50
Stage2.2,4,s22g004_f949206d9782b910,40,corner_local_0093,corner_local,2.9424327164710964,42.891839602338514,"[2.4156833455235933,1.2134774513649513,0.47907036778035206,1.2527323640995873,1.8090696135678874,0.11549728802056694,-0.3628293829872594,2.23860558414279,-0.25716531473408893,-0.9228174738423679,-1.417705872189099,0.18671314299189737,-0.5862035952246727,-0.04759338118989147,0.016290644723426367]",s22g004_f949206d9782b910,0.031203072919794943,0.02769976209213782,0.10288971847237278,0.040102430659831434,0.06899961538355925,,,,,True,,11,-0.027865090000000037,0.0303425083,731.1720000000023,0.04119625044398666,0.0303425083,1.3732083481328887,0.5817437020072838,0.7819410457617871,0.023458231372853616,1,0.6280101555085302,0.0,-0.3441332378223096,0,0,0,0,1,1,True,False,True,False,10000.0,True,1.0,1.0,0.0,0.02788013184462042,0.031085258208900946,0.041756377112813096,0.017596411251519065,0.6494573768649672,0.09139908691341478,0.10276730294048889,0.41465,268.6326549053192,1,True,False,0.0,2,0,1,True,True,1.0,10,10,1,True,True,1.0,10,10,3,POSITION_40MM_SPEED_FAIL,False,False,0.5255531872968625,4126.875039908569,1004126.8750399086,0.0021488926822706743,0.0007657965564438405,1.0,0.4724210862263334,0.25885096674975383,0.07459359639921496,3000038.931530042,38.93153004217673,"[0.0311434219,0.0303118968,0.0303425083]",0.0311434219,0.030599275666666665,0.0303425083,0.027865090000000037,0.0311434219,0.03811406333333345,0.0,0.027673029404888805,0.0,0.03811406333333345,0.06578709273822225,0.04710072589908985,5.219609723234973,1004126.8750399086,30,Stage2.2,/home/yangshen0711/tsc_all/tsc_rzip_rllib/stage2_2_runs/stage2_2_svd3_corner_feasibility_100ms_20260721_085327,2004,"[2.4156833455235933,1.2134774513649513,0.47907036778035206,1.2527323640995873,1.8090696135678874,0.11549728802056694,-0.3628293829872594,2.23860558414279,-0.25716531473408893,-0.9228174738423679,-1.417705872189099,0.18671314299189737,-0.5862035952246727,-0.04759338118989147,0.016290644723426367]",v_f949206d9782b910
Stage2.2,3,s22g003_b362e46d0d9da09b,37,corner_local_0049,corner_local,2.9509629470076155,42.051140417773,"[2.4156833455235933,1.2134774513649513,0.47907036778035206,1.2444517957683616,1.8410467362376512,0.11956254894163956,-0.30521796941738155,2.0678133355166914,-0.3496761535970278,-0.9191566127768624,-1.3424375544739897,0.20126218937063908,-0.599932026911273,0.04940772235909177,0.12416795401046073]",s22g003_b362e46d0d9da09b,0.031173296335417034,0.0326143365299879,0.10336839456794757,0.03910987784723452,0.07279382352671004,,,,,True,,11,-0.028046530000000014,0.0302385654,714.5766000000003,0.04124292281702375,0.0302385654,1.3747640939007917,0.5817437020072838,0.7819410457617871,0.023458231372853616,1,0.6280101555085302,0.0,-0.3441332378223096,0,0,0,0,1,1,True,False,True,False,10000.0,True,1.0,1.0,0.0,0.02798408080449212,0.0310527367637373,0.0418016894274658,0.020884670981144896,0.6494328870870514,0.09316878246202187,0.10381610848697213,0.41450000000000004,270.4497458934784,1,True,False,0.0,2,0,1,True,True,1.0,10,10,1,True,True,1.0,10,10,3,POSITION_40MM_SPEED_FAIL,False,False,0.5250156733631891,4180.0057526495075,1004180.0057526495,0.002139406686624637,0.0014562683984340767,1.0,0.466115866897226,0.25148045826352033,0.061212086855398855,3000039.062290315,39.06229031495921,"[0.0311409654,0.0302732406,0.0302385654]",0.0311409654,0.0305509238,0.0302385654,0.028046530000000014,0.0311409654,0.03803218000000008,0.0,0.03816108486972136,0.0,0.03816108486972136,0.07619326486972144,0.053876851374096486,5.24735482449878,1004180.0057526495,22,Stage2.2,/home/yangshen0711/tsc_all/tsc_rzip_rllib/stage2_2_runs/stage2_2_svd3_corner_feasibility_100ms_20260721_085327,2003,"[2.4156833455235933,1.2134774513649513,0.47907036778035206,1.2444517957683616,1.8410467362376512,0.11956254894163956,-0.30521796941738155,2.0678133355166914,-0.3496761535970278,-0.9191566127768624,-1.3424375544739897,0.20126218937063908,-0.599932026911273,0.04940772235909177,0.12416795401046073]",v_b362e46d0d9da09b
Stage2.2,2,s22g002_e33cefea4f73febd,25,probe_c1_h15_p,multi_center_probes,2.948690171856135,47.62388604974742,"[2.3911854335466187,1.204177336495726,0.471384395947247,1.2459201768972368,1.8375770748969635,0.1096963421788616,-0.2841506520551947,2.1728018817729637,-0.15771508593500527,-1.087863045737754,-1.457258758469233,0.19532607007822167,-0.5871994086987542,-0.21835300476991118,-0.03876927915377852]",s22g002_e33cefea4f73febd,0.0313359696845426,0.02856898201017887,0.10320195854304666,0.04453232281808672,0.07655190824855329,,,,,True,,11,-0.02775580700000002,0.030488153,699.613400000002,0.04122999267005343,0.030488153,1.3743330890017809,0.5817437020072838,0.7819332053556993,0.02345799616067098,1,0.6279867362113741,0.0,-0.3441197603990719,0,0,0,0,1,1,True,False,True,False,10000.0,True,1.0,1.0,0.0,0.027804367812758905,0.031078109939534804,0.04170050103872848,0.025086193108163388,0.6493220642118115,0.09330926344780188,0.10382241275407618,0.41455,274.9801859855652,1,True,False,0.0,2,0,1,True,True,1.0,10,10,1,True,True,1.0,10,10,3,POSITION_40MM_SPEED_FAIL,False,False,0.5251645866004798,4174.237675049226,1004174.2376750492,0.0020417954597909747,0.0014610839262524222,1.0,0.48131645019040115,0.2626323317823038,0.049419521032238185,3000039.051625743,39.05162574302738,"[0.0310618229,0.0302881029,0.030488153]",0.0310618229,0.030612692933333335,0.030488153,0.027779336000000043,0.0310618229,0.03539409666666682,0.0,0.038224127540761765,0.0,0.038224127540761765,0.07361822420742858,0.052094395140953285,5.257629002331238,1004174.2376750492,6,Stage2.2,/home/yangshen0711/tsc_all/tsc_rzip_rllib/stage2_2_runs/stage2_2_svd3_corner_feasibility_100ms_20260721_085327,2002,"[2.3911854335466187,1.204177336495726,0.471384395947247,1.2459201768972368,1.8375770748969635,0.1096963421788616,-0.2841506520551947,2.1728018817729637,-0.15771508593500527,-1.087863045737754,-1.457258758469233,0.19532607007822167,-0.5871994086987542,-0.21835300476991118,-0.03876927915377852]",v_e33cefea4f73febd
Stage2.2,3,s22g003_5d593c8ff661ae6b,83,trust_mix_0002,trust_mix,2.9506598377052597,44.603196898395936,"[2.4156833455235933,1.2134774513649513,0.47907036778035206,1.2140768627232945,1.781170733283611,0.12026192861057006,-0.31264245234093063,2.1550546991102735,-0.30906293337794877,-0.9572046427034577,-1.3442684012673891,0.18822891133138217,-0.5818552463689357,0.10134241522104923,0.0759394980281579]",s22g003_5d593c8ff661ae6b,0.03128577952788516,0.025016813113867817,0.0996117638742577,0.04285931759617201,0.04285931759617201,,,,,True,,11,-0.027897330000000053,0.0303059374,734.7143000000033,0.041191150297383315,0.0303059374,1.3730383432461106,0.5817437020072838,0.7819410457617871,0.023458231372853616,1,0.6280101555085302,0.0,-0.3441332378223096,0,0,0,0,1,1,True,False,True,False,10000.0,True,1.0,1.0,0.0,0.02794620370042077,0.03107796778331808,0.0417950999856008,0.011382807973551344,0.6494456125889894,0.09026790450953129,0.10293319114368885,0.4146,271.04766154289246,1,True,False,0.0,2,0,1,True,True,1.0,10,10,1,True,True,1.0,10,10,3,POSITION_40MM_SPEED_FAIL,False,False,0.5256119243973072,4151.4852423664415,1004151.4852423664,0.002157012823284789,0.0008603610285414647,1.0,0.4671395142579013,0.2542902777326487,0.06826992318407349,3000038.9201161913,38.92011619140638,"[0.0311482854,0.0303035009,0.0303059374]",0.0311482854,0.0305859079,0.0303059374,0.027928440000000054,0.0311482854,0.03827617999999999,0.0,0.029331911436888403,0.0,0.03827617999999999,0.0676080914368884,0.048222681218840005,5.212195400080267,1004151.4852423664,18,Stage2.2,/home/yangshen0711/tsc_all/tsc_rzip_rllib/stage2_2_runs/stage2_2_svd3_corner_feasibility_100ms_20260721_085327,2003,"[2.4156833455235933,1.2134774513649513,0.47907036778035206,1.2140768627232945,1.781170733283611,0.12026192861057006,-0.31264245234093063,2.1550546991102735,-0.30906293337794877,-0.9572046427034577,-1.3442684012673891,0.18822891133138217,-0.5818552463689357,0.10134241522104923,0.0759394980281579]",v_5d593c8ff661ae6b
Stage2.2,3,s22g003_24cd24e5fe391b99,17,probe_c0_h14_p,multi_center_probes,2.9383604422643335,49.230367284234745,"[2.3911854335466187,1.204177336495726,0.471384395947247,1.2590421768972369,1.8182990748969636,0.1024243421788616,-0.36636565205519467,2.2669868817729637,-0.19295008593500526,-1.055058045737754,-1.343453758469233,0.18220407007822167,-0.5390044086987542,-0.1774480047699112,0.0035127208462214735]",s22g003_24cd24e5fe391b99,0.031407764529089416,0.02519657048330071,0.10099620001178099,0.04692548430298049,0.05688748442079028,,,,,True,,11,-0.027344373000000033,0.0305646775,713.566700000003,0.041011147819125196,0.0305646775,1.3670382606375067,0.5817437020072838,0.7819332053556993,0.02345799616067098,1,0.6279867362113741,0.0,-0.3441197603990719,0,0,0,0,1,1,True,False,True,False,10000.0,True,1.0,1.0,0.0,0.027609197390099625,0.031157274130927698,0.041629839199728604,0.01711507103842698,0.6493232396611771,0.09024129189597924,0.10176114897261827,0.41465,273.7790219783783,1,True,False,0.0,2,0,1,True,True,1.0,10,10,1,True,True,1.0,10,10,3,POSITION_40MM_SPEED_FAIL,False,False,0.5276849674817585,4108.897813690244,1004108.8978136902,0.0022022247441959735,0.0003101645703754409,1.0,0.47562527132243654,0.25608058529141564,0.06996500389938712,3000038.781888953,38.78188895280392,"[0.0311512575,0.0303948673,0.0305646775]",0.0311512575,0.03070360076666667,0.0305646775,0.02767268700000003,0.0311512575,0.03837525000000008,0.0,0.01761148972618276,0.0,0.03837525000000008,0.055986739726182844,0.042223505100097355,5.202349685414415,1004108.8978136902,10,Stage2.2,/home/yangshen0711/tsc_all/tsc_rzip_rllib/stage2_2_runs/stage2_2_svd3_corner_feasibility_100ms_20260721_085327,2003,"[2.3911854335466187,1.204177336495726,0.471384395947247,1.2590421768972369,1.8182990748969636,0.1024243421788616,-0.36636565205519467,2.2669868817729637,-0.19295008593500526,-1.055058045737754,-1.343453758469233,0.18220407007822167,-0.5390044086987542,-0.1774480047699112,0.0035127208462214735]",v_24cd24e5fe391b99
Stage2.2,4,s22g004_0f1033a6d1d9a69e,84,trust_mix_0009,trust_mix,2.9389190784771615,48.0707431513778,"[2.3911854335466187,1.204177336495726,0.471384395947247,1.2317319838308431,1.8307372747467434,0.11292639179645408,-0.3265711657215648,2.201226064090153,-0.2660364412973931,-0.996287194740011,-1.3835290236792912,0.19747626959592904,-0.5012894564296517,-0.038231197585210916,0.0443700439578949]",s22g004_0f1033a6d1d9a69e,0.0313858082873248,0.022470370767217987,0.09847540530415633,0.0461936095774933,0.0461936095774933,,,,,True,,11,-0.02761352100000003,0.0304183435,715.5202000000027,0.04108262605167098,0.0304183435,1.3694208683890328,0.5817437020072838,0.7819332053556993,0.02345799616067098,1,0.6279867362113741,0.0,-0.3441197603990719,0,0,0,0,1,1,True,False,True,False,10000.0,True,1.0,1.0,0.0,0.027712752600985872,0.03111491238154672,0.041666946483211106,0.012574791487505508,0.6493194997809679,0.08954982826851393,0.10201152009368496,0.41450000000000004,266.3143298625946,1,True,False,0.0,2,0,1,True,True,1.0,10,10,1,True,True,1.0,10,10,3,POSITION_40MM_SPEED_FAIL,False,False,0.5268617707285708,4122.7372013418935,1004122.7372013419,0.0021796577903659665,0.00040462130872983047,1.0,0.47120495168298665,0.2573692078701367,0.06934647389269054,3000038.7955451473,38.79554514722426,"[0.0311520381,0.0303464556,0.0304183435]",0.0311520381,0.030638945733333336,0.0304183435,0.027706651000000027,0.0311520381,0.03840127000000004,0.0,0.020115200936849487,0.0,0.03840127000000004,0.05851647093684953,0.04335064989527532,5.193667699176575,1004122.7372013419,27,Stage2.2,/home/yangshen0711/tsc_all/tsc_rzip_rllib/stage2_2_runs/stage2_2_svd3_corner_feasibility_100ms_20260721_085327,2004,"[2.3911854335466187,1.204177336495726,0.471384395947247,1.2317319838308431,1.8307372747467434,0.11292639179645408,-0.3265711657215648,2.201226064090153,-0.2660364412973931,-0.996287194740011,-1.3835290236792912,0.19747626959592904,-0.5012894564296517,-0.038231197585210916,0.0443700439578949]",v_0f1033a6d1d9a69e
Stage2.2,4,s22g004_00cab01c37d71cf5,87,trust_mix_0021,trust_mix,2.948717081767369,47.977609473774265,"[2.3911854335466187,1.204177336495726,0.471384395947247,1.2290598471939622,1.823055798312794,0.11240172147661691,-0.300632959043711,2.2332579699286152,-0.1797330196489009,-1.1347184416735947,-1.4309627611116262,0.2049207735273277,-0.5546796491079534,-0.14541053208976282,-0.007100340201537013]",s22g004_00cab01c37d71cf5,0.03138311891258529,0.02094736934318271,0.09998250036908665,0.04610396375284287,0.04610396375284287,,,,,True,,11,-0.02748736399999996,0.0307145182,698.5224000000017,0.04121816114198479,0.0307145182,1.3739387047328264,0.5817437020072838,0.7819332053556993,0.02345799616067098,1,0.6279867362113741,0.0,-0.3441197603990719,0,0,0,0,1,1,True,False,True,False,10000.0,True,1.0,1.0,0.0,0.027659264648752114,0.031205796211522033,0.04169936016421297,0.02794458221323943,0.649319268883139,0.09145765955934726,0.10121877532222463,0.41450000000000004,270.73849534988403,1,True,False,0.0,2,0,1,True,True,1.0,10,10,1,True,True,1.0,10,10,3,POSITION_40MM_SPEED_FAIL,False,False,0.525300847321324,4088.334394482663,1004088.3343944827,0.0022696379944921173,0.00014854132860637507,1.0,0.48068483940440315,0.26295206501200685,0.061803011418709516,3000038.9148035822,38.91480358240398,"[0.0311521365,0.0304394557,0.0307145182]",0.0311521365,0.03076870346666667,0.0307145182,0.027683616999999994,0.0311521365,0.03840455000000009,0.0,0.0121877532222463,0.0,0.03840455000000009,0.05059230322224639,0.040292068565772124,5.218113028017611,1004088.3343944827,21,Stage2.2,/home/yangshen0711/tsc_all/tsc_rzip_rllib/stage2_2_runs/stage2_2_svd3_corner_feasibility_100ms_20260721_085327,2004,"[2.3911854335466187,1.204177336495726,0.471384395947247,1.2290598471939622,1.823055798312794,0.11240172147661691,-0.300632959043711,2.2332579699286152,-0.1797330196489009,-1.1347184416735947,-1.4309627611116262,0.2049207735273277,-0.5546796491079534,-0.14541053208976282,-0.007100340201537013]",v_00cab01c37d71cf5
Stage2.2,4,s22g004_ef44918e50e75a15,38,corner_local_0053,corner_local,2.9636106372223154,41.37499013262364,"[2.4156833455235933,1.2134774513649513,0.47907036778035206,1.2431937633103802,1.829002782888701,0.11886824976160779,-0.3176966606817589,2.183406938162346,-0.3544646751381263,-0.9188362989758182,-1.4208676251294028,0.2299767818298222,-0.5848356867423479,0.11899760769604587,0.0800960531693106]",s22g004_ef44918e50e75a15,0.031176031135843385,0.02796803460479245,0.10144068662586832,0.03920103786144624,0.05360790412012939,,,,,True,,11,-0.028137044000000055,0.03030473,723.8339000000014,0.04135299149312948,0.03030473,1.3784330497709827,0.5817437020072838,0.7819410457617871,0.023458231372853616,1,0.6280101555085302,0.0,-0.3441332378223096,0,0,0,0,1,1,True,False,True,False,10000.0,True,1.0,1.0,0.0,0.028029899608961847,0.031080513181668334,0.04185299955468352,0.02461181106409359,0.6494455216576692,0.09310109429488528,0.1030109766109163,0.41455,268.36662554740906,1,True,False,0.0,2,0,1,True,True,1.0,10,10,1,True,True,1.0,10,10,3,POSITION_40MM_SPEED_FAIL,False,False,0.5237480402171137,4170.607024485595,1004170.6070244856,0.002164179039843569,0.0009065980151484971,1.0,0.46813508699132733,0.25886050447907816,0.07999575352560546,3000039.076687869,39.0766878693702,"[0.0311527238,0.0303076321,0.03030473]",0.0311527238,0.030588361966666668,0.03030473,0.028137044000000055,0.0311527238,0.038424126666666725,0.0,0.03010976610916294,0.0,0.038424126666666725,0.06853389277582966,0.04881609903755672,5.242687678072509,1004170.6070244856,38,Stage2.2,/home/yangshen0711/tsc_all/tsc_rzip_rllib/stage2_2_runs/stage2_2_svd3_corner_feasibility_100ms_20260721_085327,2004,"[2.4156833455235933,1.2134774513649513,0.47907036778035206,1.2431937633103802,1.829002782888701,0.11886824976160779,-0.3176966606817589,2.183406938162346,-0.3544646751381263,-0.9188362989758182,-1.4208676251294028,0.2299767818298222,-0.5848356867423479,0.11899760769604587,0.0800960531693106]",v_ef44918e50e75a15
Stage2.2,3,s22g003_4790c49c20ee7b14,78,trust_mix_0031,trust_mix,2.952947026830496,43.298025533136254,"[2.4156833455235933,1.2134774513649513,0.47907036778035206,1.235464745141104,1.814316216296999,0.1128305046887509,-0.32176086877893256,2.1720526858524085,-0.2524365569018808,-0.9357852099918891,-1.4776750334884265,0.2111536657893883,-0.5759083227371664,-0.06197330247577896,0.030607992692069864]",s22g003_4790c49c20ee7b14,0.03122393913816012,0.029074550235313423,0.10209651484995912,0.04079797127200413,0.06176311977159532,,,,,True,,11,-0.028102336999999977,0.0303784005,702.9118000000017,0.0413834334220829,0.0303784005,1.3794477807360968,0.5817437020072838,0.7819410457617871,0.023458231372853616,1,0.6280101555085302,0.0,-0.3441332378223096,0,0,0,0,1,1,True,False,True,False,10000.0,True,1.0,1.0,0.0,0.027980840811081462,0.03110376608001311,0.041837443957001674,0.028848048630812067,0.649459959953946,0.09382838885022142,0.10308637572324417,0.4146,273.7756767272949,1,True,False,0.0,2,0,1,True,True,1.0,10,10,1,True,True,1.0,10,10,3,POSITION_40MM_SPEED_FAIL,False,False,0.5233974482091318,4175.1478712779935,1004175.147871278,0.0021839531779710574,0.0009525715105030852,1.0,0.4741703160912192,0.2619891049616413,0.06304351562626323,3000039.124540247,39.124540247166884,"[0.0311530223,0.0303273471,0.0303784005]",0.0311530223,0.030619589966666666,0.0303784005,0.028102336999999977,0.0311530223,0.03843407666666665,0.0,0.030863757232441502,0.0,0.03843407666666665,0.06929783389910815,0.0492924919203959,5.256377094532421,1004175.147871278,21,Stage2.2,/home/yangshen0711/tsc_all/tsc_rzip_rllib/stage2_2_runs/stage2_2_svd3_corner_feasibility_100ms_20260721_085327,2003,"[2.4156833455235933,1.2134774513649513,0.47907036778035206,1.235464745141104,1.814316216296999,0.1128305046887509,-0.32176086877893256,2.1720526858524085,-0.2524365569018808,-0.9357852099918891,-1.4776750334884265,0.2111536657893883,-0.5759083227371664,-0.06197330247577896,0.030607992692069864]",v_4790c49c20ee7b14
Stage2.2,4,s22g004_c809e3ce9c80fef5,86,trust_mix_0047,trust_mix,2.9433887638320058,49.389682259405376,"[2.3911854335466187,1.204177336495726,0.471384395947247,1.2253519081569615,1.818394212829812,0.11195986685296401,-0.3085715290276982,2.281574445083185,-0.16456546644232606,-1.1431435094645421,-1.4046717957306625,0.1996423554715992,-0.48128231643572045,-0.20644699847467096,-0.013318206017310338]",s22g004_c809e3ce9c80fef5,0.031418161533783365,0.020744141367909735,0.10049328800152589,0.04727205112611221,0.052204931141371036,,,,,True,,11,-0.027345606000000022,0.0306905002,689.3162000000011,0.04110582647306142,0.0306905002,1.3701942157687141,0.5817437020072838,0.7819332053556993,0.02345799616067098,1,0.6279867362113741,0.0,-0.3441197603990719,0,0,0,0,1,1,True,False,True,False,10000.0,True,1.0,1.0,0.0,0.027584927009232943,0.03120123043193633,0.041646668276964234,0.02555478268720754,0.6493197390782974,0.09164403884537584,0.10175547632271564,0.41455,263.9025602340698,1,True,False,0.0,2,0,1,True,True,1.0,10,10,1,True,True,1.0,10,10,3,POSITION_40MM_SPEED_FAIL,False,False,0.5265945773344284,4124.888045072788,1004124.8880450728,0.0022694816297663457,0.00030816971196152376,1.0,0.47987783129587563,0.26185774809636525,0.06768223622569901,3000038.881987577,38.881987577021896,"[0.0311558942,0.030435005,0.0306905002]",0.0311558942,0.030760466466666667,0.0306905002,0.027636534999999962,0.0311558942,0.03852980666666661,0.0,0.017554763227156434,0.0,0.03852980666666661,0.056084569893823044,0.04234047370698905,5.228625123881151,1004124.8880450728,29,Stage2.2,/home/yangshen0711/tsc_all/tsc_rzip_rllib/stage2_2_runs/stage2_2_svd3_corner_feasibility_100ms_20260721_085327,2004,"[2.3911854335466187,1.204177336495726,0.471384395947247,1.2253519081569615,1.818394212829812,0.11195986685296401,-0.3085715290276982,2.281574445083185,-0.16456546644232606,-1.1431435094645421,-1.4046717957306625,0.1996423554715992,-0.48128231643572045,-0.20644699847467096,-0.013318206017310338]",v_c809e3ce9c80fef5
Stage2.2,4,s22g004_1bdcd0d51b9dfe66,75,bridge_d09_p17_c07_009,boundary_bridge,2.9372237701033144,45.90809192756334,"[2.3911854335466187,1.204177336495726,0.471384395947247,1.2471943011918258,1.8536224376543746,0.10950663952619248,-0.3135766322073035,2.122232434935648,-0.2555528381100771,-0.9881898248938499,-1.3640203798139074,0.18685435223434324,-0.5602307760020587,-0.0726150657131824,0.03691428819370149]",s22g004_1bdcd0d51b9dfe66,0.03130666071780961,0.026906006588924777,0.1014528703478226,0.04355535726032045,0.05808406073854644,,,,,True,,11,-0.02766983199999995,0.0304231139,722.2725000000028,0.041124025365722586,0.0304231139,1.370800845524086,0.5817437020072838,0.7819332053556993,0.02345799616067098,1,0.6279867362113741,0.0,-0.3441197603990719,0,0,0,0,1,1,True,False,True,False,10000.0,True,1.0,1.0,0.0,0.02774639756584718,0.031119257071320548,0.04169257414160206,0.013925972295081177,0.6493224426792783,0.08995140168821833,0.10212955603895917,0.41450000000000004,265.4837520122528,1,True,False,0.0,2,0,1,True,True,1.0,10,10,1,True,True,1.0,10,10,3,POSITION_40MM_SPEED_FAIL,False,False,0.5263849852835801,4143.7194982677465,1004143.7194982677,0.0021937940788155476,0.0004535008923067463,1.0,0.4712944668346145,0.254656676637069,0.05610121399113378,3000038.8252797476,38.825279747534985,"[0.0311565285,0.0303471645,0.0304231139]",0.0311565285,0.030642268966666664,0.0304231139,0.027733313000000037,0.0311565285,0.038550950000000084,0.0,0.021295560389591683,0.0,0.038550950000000084,0.05984651038959177,0.04404176016247821,5.196696547011572,1004143.7194982677,35,Stage2.2,/home/yangshen0711/tsc_all/tsc_rzip_rllib/stage2_2_runs/stage2_2_svd3_corner_feasibility_100ms_20260721_085327,2004,"[2.3911854335466187,1.204177336495726,0.471384395947247,1.2471943011918258,1.8536224376543746,0.10950663952619248,-0.3135766322073035,2.122232434935648,-0.2555528381100771,-0.9881898248938499,-1.3640203798139074,0.18685435223434324,-0.5602307760020587,-0.0726150657131824,0.03691428819370149]",v_1bdcd0d51b9dfe66
Stage2.2,4,s22g004_dad218fd49675f95,28,probe_c2_h10_m,multi_center_probes,2.966650188730867,44.66271758536999,"[2.4156833455235933,1.2134774513649513,0.47907036778035206,1.236385634942497,1.7620406869218461,0.13358125403562732,-0.3824613495828374,2.197430148757632,-0.33131052265432653,-0.8544817129819166,-1.3808101074137584,0.2134667105134061,-0.570376789148781,0.0306486940965105,0.04047750769184573]",s22g004_dad218fd49675f95,0.031287491858177384,0.02607254656763064,0.09801229869850588,0.04291639527257951,0.04291639527257951,,,,,True,,11,-0.028146040999999955,0.0302584689,727.4630000000034,0.04132522914813596,0.0302584689,1.3775076382711986,0.5817437020072838,0.7819410457617871,0.023458231372853616,1,0.6280101555085302,0.0,-0.3441332378223096,0,0,0,0,1,1,True,False,True,False,10000.0,True,1.0,1.0,0.0,0.028074938081615985,0.031066982650369102,0.04187313648731017,0.02302929149918293,0.6494520916289721,0.09242006760328794,0.10243865980179903,0.4147,275.9261054992676,1,True,False,0.0,2,0,1,True,True,1.0,10,10,1,True,True,1.0,10,10,3,POSITION_40MM_SPEED_FAIL,False,False,0.524067772133329,4160.554087306955,1004160.554087307,0.0021453766648165886,0.0005947061628910463,1.0,0.4658931515685314,0.2552985440796936,0.07881634215889306,3000039.0197831565,39.01978315655268,"[0.0311573507,0.0303044051,0.0302584689]",0.0311573507,0.030573408233333335,0.0302584689,0.028146040999999955,0.0311573507,0.03857835666666665,0.0,0.024386598017990258,0.0,0.03857835666666665,0.0629649546846569,0.04563984844400329,5.218753457642078,1004160.554087307,36,Stage2.2,/home/yangshen0711/tsc_all/tsc_rzip_rllib/stage2_2_runs/stage2_2_svd3_corner_feasibility_100ms_20260721_085327,2004,"[2.4156833455235933,1.2134774513649513,0.47907036778035206,1.236385634942497,1.7620406869218461,0.13358125403562732,-0.3824613495828374,2.197430148757632,-0.33131052265432653,-0.8544817129819166,-1.3808101074137584,0.2134667105134061,-0.570376789148781,0.0306486940965105,0.04047750769184573]",v_dad218fd49675f95
Stage2.2,3,s22g003_27a5710207f03436,56,corner_local_0048,corner_local,2.963008157937176,48.99448625906646,"[2.3911854335466187,1.204177336495726,0.471384395947247,1.1894671982034937,1.8282802351953595,0.12174720048586421,-0.24191887058670558,2.1061088705981166,-0.24998179955798464,-1.0025381796217963,-1.478334256606173,0.21103943936445535,-0.6339167202338447,-0.11754698382248269,0.011337745707214561]",s22g003_27a5710207f03436,0.03141244777435059,0.025029663709866073,0.09863195188250978,0.047081592478352974,0.047081592478352974,,,,,True,,11,-0.02799087499999997,0.0304757823,704.6393000000025,0.041379492385269986,0.0304757823,1.3793164128423328,0.5817437020072838,0.7819332053556993,0.02345799616067098,1,0.6279867362113741,0.0,-0.3441197603990719,0,0,0,0,1,1,True,False,True,False,10000.0,True,1.0,1.0,0.0,0.02787149851312829,0.031137689465411712,0.04178966540440021,0.030666679850384855,0.6493056826531737,0.0938555305049324,0.10292733498476216,0.41435,269.7670826911926,1,True,False,0.0,2,0,1,True,True,1.0,10,10,1,True,True,1.0,10,10,3,POSITION_40MM_SPEED_FAIL,False,False,0.5234428361348406,4184.97598466964,1004184.9759846696,0.002229765271568389,0.000856929011301237,1.0,0.47612357000669764,0.2606586541342931,0.05109662637914772,3000039.1163623505,39.11636235071884,"[0.0311579361,0.0303524515,0.0304757823]",0.0311579361,0.030662056633333334,0.0304757823,0.02799087499999997,0.0311579361,0.038597870000000034,0.0,0.02927334984762142,0.0,0.038597870000000034,0.06787121984762146,0.048443003414715524,5.261101864531379,1004184.9759846696,23,Stage2.2,/home/yangshen0711/tsc_all/tsc_rzip_rllib/stage2_2_runs/stage2_2_svd3_corner_feasibility_100ms_20260721_085327,2003,"[2.3911854335466187,1.204177336495726,0.471384395947247,1.1894671982034937,1.8282802351953595,0.12174720048586421,-0.24191887058670558,2.1061088705981166,-0.24998179955798464,-1.0025381796217963,-1.478334256606173,0.21103943936445535,-0.6339167202338447,-0.11754698382248269,0.011337745707214561]",v_27a5710207f03436
Stage2.2,4,s22g004_05ee858bcafd48a2,72,bridge_d13_p03_c08_052,boundary_bridge,2.9395012144703476,47.94836004253746,"[2.3911854335466187,1.204177336495726,0.471384395947247,1.2331311616947156,1.8238890377914896,0.11689235989894203,-0.3323015767470388,2.1634243406070333,-0.27351450140570244,-0.9872121512891006,-1.3716349925800422,0.20908307449967767,-0.5715039535959769,0.0026448993328706634,0.04813517075465215]",s22g004_05ee858bcafd48a2,0.03138227783741517,0.023022870347115535,0.09789059952336866,0.04607592791383919,0.04607592791383919,,,,,True,,11,-0.027658274999999954,0.0304500806,718.8015000000014,0.04113620770710541,0.0304500806,1.3712069235701805,0.5817437020072838,0.7819332053556993,0.02345799616067098,1,0.6279867362113741,0.0,-0.3441197603990719,0,0,0,0,1,1,True,False,True,False,10000.0,True,1.0,1.0,0.0,0.02774866674035706,0.03112814662879377,0.041700719639007226,0.013278947093156452,0.6493189486056145,0.08909288654233263,0.10135099730874259,0.41450000000000004,267.7476465702057,1,True,False,0.0,2,0,1,True,True,1.0,10,10,1,True,True,1.0,10,10,3,POSITION_40MM_SPEED_FAIL,False,False,0.5262446843343905,4118.3787150906865,1004118.3787150907,0.002193324492983244,0.00018251937282296783,1.0,0.4714283430794341,0.25644216682445053,0.06446022859962286,3000038.781074058,38.78107405786008,"[0.0311591053,0.0303630429,0.0304500806]",0.0311591053,0.0306574096,0.0304500806,0.02774052699999996,0.0311591053,0.03863684333333328,0.0,0.013509973087425742,0.0,0.03863684333333328,0.05214681642075902,0.04093073460845173,5.176381466025742,1004118.3787150907,26,Stage2.2,/home/yangshen0711/tsc_all/tsc_rzip_rllib/stage2_2_runs/stage2_2_svd3_corner_feasibility_100ms_20260721_085327,2004,"[2.3911854335466187,1.204177336495726,0.471384395947247,1.2331311616947156,1.8238890377914896,0.11689235989894203,-0.3323015767470388,2.1634243406070333,-0.27351450140570244,-0.9872121512891006,-1.3716349925800422,0.20908307449967767,-0.5715039535959769,0.0026448993328706634,0.04813517075465215]",v_05ee858bcafd48a2
Stage2.2,4,s22g004_c09fd822df921342,69,bridge_d00_p06_c04_036,boundary_bridge,2.942136983983272,48.255195972336836,"[2.3911854335466187,1.204177336495726,0.471384395947247,1.247206265263278,1.8171206558743356,0.10994236963423241,-0.3510776075501137,2.270558052158702,-0.19097708289367019,-1.0562617525391207,-1.3798405850911768,0.20875182372275633,-0.614141332071365,-0.19391394263660552,-0.023221671988537498]",s22g004_c09fd822df921342,0.03138072309821666,0.023559635448551455,0.10090176799413154,0.04602410327388884,0.05504178321520414,,,,,True,,11,-0.027409601000000006,0.0306165481,708.8285000000033,0.041093299265680956,0.0306165481,1.3697766421893653,0.5817437020072838,0.7819332053556993,0.02345799616067098,1,0.6279867362113741,0.0,-0.3441197603990719,0,0,0,0,1,1,True,False,True,False,10000.0,True,1.0,1.0,0.0,0.027629445566114234,0.03117903554569958,0.04165955496462807,0.020373428151150893,0.6493211021965112,0.09045622855878631,0.1013715846347133,0.4146,262.719952583313,1,True,False,0.0,2,0,1,True,True,1.0,10,10,1,True,True,1.0,10,10,3,POSITION_40MM_SPEED_FAIL,False,False,0.5267388500182207,4123.317821500939,1004123.3178215009,0.0022412045111089747,0.0001881244410181607,1.0,0.4786425019810376,0.25794714744512137,0.06997262963756724,3000038.812368737,38.81236873707143,"[0.0311602551,0.030413363,0.0306165481]",0.0311602551,0.0307300554,0.0306165481,0.02767308700000004,0.0311602551,0.03867517000000009,0.0,0.013715846347132965,0.0,0.03867517000000009,0.05239101634713306,0.04103526794779178,5.201488164658793,1004123.3178215009,28,Stage2.2,/home/yangshen0711/tsc_all/tsc_rzip_rllib/stage2_2_runs/stage2_2_svd3_corner_feasibility_100ms_20260721_085327,2004,"[2.3911854335466187,1.204177336495726,0.471384395947247,1.247206265263278,1.8171206558743356,0.10994236963423241,-0.3510776075501137,2.270558052158702,-0.19097708289367019,-1.0562617525391207,-1.3798405850911768,0.20875182372275633,-0.614141332071365,-0.19391394263660552,-0.023221671988537498]",v_c09fd822df921342
Stage2.2,4,s22g004_2d5491bde954c3f2,22,probe_c1_h06_m,multi_center_probes,2.9645615798252627,48.24394497871601,"[2.3911854335466187,1.204177336495726,0.471384395947247,1.2326523768972368,1.8272252748969635,0.1272571421788616,-0.31505215205519466,2.2496303817729637,-0.17095858593500526,-1.1210325457377541,-1.4831382584692328,0.21121827007822166,-0.6859789086987541,-0.19247350476991118,-0.025501479153778525]",s22g004_2d5491bde954c3f2,0.0313860522590519,0.022361283463647345,0.1004112192894625,0.04620174196839688,0.050313934863021936,,,,,True,,11,-0.027539545,0.0308046196,694.9513000000006,0.04132010560862265,0.0308046196,1.377336853620755,0.5817437020072838,0.7819332053556993,0.02345799616067098,1,0.6279867362113741,0.0,-0.3441197603990719,0,0,0,0,1,1,True,False,True,False,10000.0,True,1.0,1.0,0.0,0.027668355832689635,0.031237406617389493,0.04172904847542608,0.0344509947022439,0.6493045785657902,0.09188905293593895,0.10059069692960963,0.41450000000000004,265.4934997558594,1,True,False,0.0,2,0,1,True,True,1.0,10,10,1,True,True,1.0,10,10,3,POSITION_40MM_SPEED_FAIL,False,False,0.5241267786440102,4091.812628653366,1004091.8126286534,0.0023178885334765404,3.489228626502374e-05,1.0,0.48552443651226423,0.2651156370952066,0.06367641094032848,3000038.997999617,38.997999616871795,"[0.0311607169,0.0304720367,0.0308046196]",0.0311607169,0.030812457733333336,0.0308046196,0.02767175799999999,0.0311607169,0.03869056333333343,0.0,0.005906969296096243,0.0,0.03869056333333343,0.04459753262942967,0.03913888063442424,5.227284167800838,1004091.8126286534,22,Stage2.2,/home/yangshen0711/tsc_all/tsc_rzip_rllib/stage2_2_runs/stage2_2_svd3_corner_feasibility_100ms_20260721_085327,2004,"[2.3911854335466187,1.204177336495726,0.471384395947247,1.2326523768972368,1.8272252748969635,0.1272571421788616,-0.31505215205519466,2.2496303817729637,-0.17095858593500526,-1.1210325457377541,-1.4831382584692328,0.21121827007822166,-0.6859789086987541,-0.19247350476991118,-0.025501479153778525]",v_2d5491bde954c3f2
Stage2.2,4,s22g004_89d222a7ea5c4cdd,21,probe_c1_h05_p,multi_center_probes,2.962125891261872,48.89693337653697,"[2.3911854335466187,1.204177336495726,0.471384395947247,1.2562719768972368,1.8272252748969635,0.1272571421788616,-0.3609791520551947,2.203703381772964,-0.17095858593500526,-1.1210325457377541,-1.4240892584692328,0.23483787007822168,-0.6859789086987541,-0.19247350476991118,-0.04912107915377853]",s22g004_89d222a7ea5c4cdd,0.03140963400339301,0.02263834765151187,0.0993256309463986,0.04698780011310033,0.04698780011310033,,,,,True,,11,-0.027488545999999947,0.0308583997,693.7359000000033,0.0413262748531618,0.0308583997,1.3775424951053934,0.5817437020072838,0.7819332053556993,0.02345799616067098,1,0.6279867362113741,0.0,-0.3441197603990719,0,0,0,0,1,1,True,False,True,False,10000.0,True,1.0,1.0,0.0,0.02767758323854617,0.03125215193813569,0.04174620479386085,0.03592963817421413,0.6492672440761607,0.0913134114260156,0.09970578733997104,0.41455,283.79715609550476,1,True,False,0.0,2,0,1,True,True,1.0,10,10,1,True,True,1.0,10,10,1,PASS_DAMPED_HOLD_40MM,False,True,0.5240557290126278,4069.422629467328,1004069.4226294673,0.0023211480714649593,0.0,1.0,0.48418912699127076,0.26174896578162554,0.05676015280657911,1000038.9872651307,38.987265130785126,"[0.0311612042,0.0305006417,0.0308583997]",0.0311612042,0.030840081866666664,0.0308583997,0.027709125999999973,0.0311612042,0.038706806666666704,0.0,0.0,0.0,0.038706806666666704,0.038706806666666704,0.038706806666666704,5.207929467306232,1004069.4226294673,20,Stage2.2,/home/yangshen0711/tsc_all/tsc_rzip_rllib/stage2_2_runs/stage2_2_svd3_corner_feasibility_100ms_20260721_085327,2004,"[2.3911854335466187,1.204177336495726,0.471384395947247,1.2562719768972368,1.8272252748969635,0.1272571421788616,-0.3609791520551947,2.203703381772964,-0.17095858593500526,-1.1210325457377541,-1.4240892584692328,0.23483787007822168,-0.6859789086987541,-0.19247350476991118,-0.04912107915377853]",v_89d222a7ea5c4cdd
Stage2.2,4,s22g004_45f8930ca1fd7327,74,bridge_d03_p16_c20_057,boundary_bridge,2.932927736540834,47.12421666748937,"[2.3911854335466187,1.204177336495726,0.471384395947247,1.243876426094144,1.8510288055321586,0.11294863546655359,-0.3274684942013544,2.146932175456838,-0.24855507022786785,-0.9949344440810343,-1.352631954224687,0.19417244463008207,-0.5667992410296513,-0.13632669546160345,0.02276827550431693]",s22g004_45f8930ca1fd7327,0.0313494058738119,0.026067015864636053,0.10078870941161155,0.04498019579373014,0.05286728990984568,,,,,True,,11,-0.027558035999999952,0.0304542664,715.4523000000008,0.04107198181412071,0.0304542664,1.3690660604706906,0.5817437020072838,0.7819332053556993,0.02345799616067098,1,0.6279867362113741,0.0,-0.3441197603990719,0,0,0,0,1,1,True,False,True,False,10000.0,True,1.0,1.0,0.0,0.027676460348854123,0.031134219577955424,0.04165724530222849,0.01281304635299682,0.6493227282327757,0.0895709421990653,0.10196958524194182,0.41450000000000004,274.4526307582855,1,True,False,0.0,2,0,1,True,True,1.0,10,10,1,True,True,1.0,10,10,3,POSITION_40MM_SPEED_FAIL,False,False,0.5269843577243519,4167.436699474463,1004167.4366994745,0.002216913587047564,0.000387926602527501,1.0,0.4727563845874469,0.2538147524530201,0.05885796381256643,3000038.7887541573,38.788754157138165,"[0.0311653574,0.0303630843,0.0304542664]",0.0311653574,0.030660902700000003,0.0304542664,0.02767895099999995,0.0311653574,0.038845246666666666,0.0,0.01969585241941818,0.0,0.038845246666666666,0.05854109908608485,0.04355318347861243,5.194452984846196,1004167.4366994745,37,Stage2.2,/home/yangshen0711/tsc_all/tsc_rzip_rllib/stage2_2_runs/stage2_2_svd3_corner_feasibility_100ms_20260721_085327,2004,"[2.3911854335466187,1.204177336495726,0.471384395947247,1.243876426094144,1.8510288055321586,0.11294863546655359,-0.3274684942013544,2.146932175456838,-0.24855507022786785,-0.9949344440810343,-1.352631954224687,0.19417244463008207,-0.5667992410296513,-0.13632669546160345,0.02276827550431693]",v_45f8930ca1fd7327
Stage2.2,2,s22g002_451695ed87194df1,91,random_corner_parent_10_0016,random_local,2.9716137589243146,50.117075706162645,"[2.3911854335466187,1.204177336495726,0.471384395947247,1.2129012741380463,1.857875911128201,0.12514826012760719,-0.2610117132974373,2.1361005007462848,-0.18717373009821484,-1.0998112039622248,-1.5006008901399766,0.24049537253686656,-0.6978852568629343,-0.29296024383547853,0.005142363450016958]",s22g002_451695ed87194df1,0.03143724475392101,0.026765606632792524,0.10065718691494581,0.047908158464033734,0.0544800276134918,,,,,True,,11,-0.02775176700000004,0.0307303615,651.3685000000005,0.04140671068248447,0.0307303615,1.380223689416149,0.5817437020072838,0.7819332053556993,0.02345799616067098,1,0.6279867362113741,0.0,-0.3441197603990719,0,0,0,0,1,1,True,False,True,False,10000.0,True,1.0,1.0,0.0,0.027731577522527317,0.031220574474850788,0.0417584082841725,0.03626705301909927,0.6493060702971191,0.09325412924557823,0.10169755309262851,0.41435,274.887065410614,1,True,False,0.0,2,0,1,True,True,1.0,10,10,1,True,True,1.0,10,10,3,POSITION_40MM_SPEED_FAIL,False,False,0.5231293698795032,4160.915921518346,1004160.9159215183,0.0023239072663383247,0.0002881686502292626,1.0,0.4858931847107074,0.26321787461895624,0.047822142067667356,3000039.1073324056,39.107332405446996,"[0.0311669175,0.0304393235,0.0307303615]",0.0311669175,0.0307788675,0.0307303615,0.02775176700000004,0.0311669175,0.038897249999999994,0.0,0.01697553092628512,0.0,0.038897249999999994,0.055872780926285115,0.04244013086445143,5.25966694868267,1004160.9159215183,5,Stage2.2,/home/yangshen0711/tsc_all/tsc_rzip_rllib/stage2_2_runs/stage2_2_svd3_corner_feasibility_100ms_20260721_085327,2002,"[2.3911854335466187,1.204177336495726,0.471384395947247,1.2129012741380463,1.857875911128201,0.12514826012760719,-0.2610117132974373,2.1361005007462848,-0.18717373009821484,-1.0998112039622248,-1.5006008901399766,0.24049537253686656,-0.6978852568629343,-0.29296024383547853,0.005142363450016958]",v_451695ed87194df1
Stage2.2,3,s22g003_399762497a7d5377,69,bridge_d18_p10_c11_017,boundary_bridge,2.9315345782725806,47.79033458105335,"[2.3911854335466187,1.204177336495726,0.471384395947247,1.2306153544183116,1.843165426824775,0.10953832802554025,-0.31752308110132416,2.134038010154938,-0.24870803099466096,-0.9583911166231088,-1.3644749239945746,0.1744168087391817,-0.5058630032223895,-0.039412075046363654,0.05457927303056377]",s22g003_399762497a7d5377,0.03137772170870973,0.026805451289238773,0.0998533388256473,0.04592405695699098,0.04592405695699098,,,,,True,,11,-0.027638532999999965,0.0303530469,721.3220000000001,0.041051138382579434,0.0303530469,1.3683712794193146,0.5817437020072838,0.7819332053556993,0.02345799616067098,1,0.6279867362113741,0.0,-0.3441197603990719,0,0,0,0,1,1,True,False,True,False,10000.0,True,1.0,1.0,0.0,0.02771811247208494,0.031105327558218345,0.04166335513996933,0.012010353279493888,0.6493228995489193,0.09007787701515708,0.10258406672619351,0.41450000000000004,270.6533076763153,1,True,False,0.0,2,0,1,True,True,1.0,10,10,1,True,True,1.0,10,10,3,POSITION_40MM_SPEED_FAIL,False,False,0.5272244062616332,4200.8328221028205,1004200.8328221028,0.0022036194489529694,0.0006677400845420457,1.0,0.46915021400690493,0.255045697206285,0.056485011207257796,3000038.823510073,38.82351007333236,"[0.0311669897,0.0303335047,0.0303530469]",0.0311669897,0.0306178471,0.0303530469,0.027704453000000018,0.0311669897,0.03889965666666684,0.0,0.025840667261935124,0.0,0.03889965666666684,0.06474032392860196,0.0467003573147637,5.20550240703075,1004200.8328221028,26,Stage2.2,/home/yangshen0711/tsc_all/tsc_rzip_rllib/stage2_2_runs/stage2_2_svd3_corner_feasibility_100ms_20260721_085327,2003,"[2.3911854335466187,1.204177336495726,0.471384395947247,1.2306153544183116,1.843165426824775,0.10953832802554025,-0.31752308110132416,2.134038010154938,-0.24870803099466096,-0.9583911166231088,-1.3644749239945746,0.1744168087391817,-0.5058630032223895,-0.039412075046363654,0.05457927303056377]",v_399762497a7d5377
Stage2.2,4,s22g004_005936cc97fe79d6,14,probe_c0_h01_m,multi_center_probes,2.9385688127710052,46.89391846769372,"[2.3911854335466187,1.204177336495726,0.471384395947247,1.2472323768972369,1.8301088748969636,0.1088395421788616,-0.2923721520551946,2.244023381772964,-0.18310858593500526,-1.150192545737754,-1.379539258469233,0.17039427007822167,-0.5094799086987543,-0.2725825047699112,-0.010921479153778522]",s22g004_005936cc97fe79d6,0.03131245863554166,0.023983687694873468,0.10341491686863724,0.043748621184722225,0.07789778987109464,,,,,True,,11,-0.027421821999999985,0.0305503659,707.181700000001,0.041052176293389926,0.0305503659,1.368405876446331,0.5817437020072838,0.7819332053556993,0.02345799616067098,1,0.6279867362113741,0.0,-0.3441197603990719,0,0,0,0,1,1,True,False,True,False,10000.0,True,1.0,1.0,0.0,0.027640150767285186,0.03110497136193107,0.041611262632426906,0.023074060010921254,0.6493212129467234,0.09305141840926415,0.10389047344254908,0.41455,268.9921624660492,1,True,False,0.0,2,0,1,True,True,1.0,10,10,1,True,True,1.0,10,10,3,POSITION_40MM_SPEED_FAIL,False,False,0.5272124529049418,4247.3457487782,1004247.3457487782,0.0020762649183908998,0.0015135783607179607,1.0,0.48031403066592127,0.25854173064797903,0.06428059464621841,3000038.978708617,38.97870861680696,"[0.0310734823,0.0303204533,0.0305503659]",0.0310734823,0.0306481005,0.0305503659,0.027686493000000034,0.0310734823,0.03578274333333331,0.0,0.038904734425490695,0.0,0.038904734425490695,0.074687477758824,0.052858141105956144,5.264254087823847,1004247.3457487782,48,Stage2.2,/home/yangshen0711/tsc_all/tsc_rzip_rllib/stage2_2_runs/stage2_2_svd3_corner_feasibility_100ms_20260721_085327,2004,"[2.3911854335466187,1.204177336495726,0.471384395947247,1.2472323768972369,1.8301088748969636,0.1088395421788616,-0.2923721520551946,2.244023381772964,-0.18310858593500526,-1.150192545737754,-1.379539258469233,0.17039427007822167,-0.5094799086987543,-0.2725825047699112,-0.010921479153778522]",v_005936cc97fe79d6
Stage2.2,4,s22g004_00d9c3b5be4ed925,63,bridge_d03_p02_c06_040,boundary_bridge,2.96111183918588,45.0226008990082,"[2.4156833455235933,1.2134774513649513,0.47907036778035206,1.2301591838112993,1.790344966208752,0.12462755070439314,-0.3520412179701483,2.195619167017864,-0.2992835605670293,-0.9624851146112575,-1.412281801697162,0.18355487000686582,-0.6263706082077115,0.00310367240276648,0.05003729433648711]",s22g004_00d9c3b5be4ed925,0.03129787470521009,0.022741647061112664,0.0984765631361244,0.043262490173669566,0.043262490173669566,,,,,True,,11,-0.027908330000000037,0.0304812435,733.2198000000026,0.041327727843364366,0.0304812435,1.3775909281121457,0.5817437020072838,0.7819410457617871,0.023458231372853616,1,0.6280101555085302,0.0,-0.3441332378223096,0,0,0,0,1,1,True,False,True,False,10000.0,True,1.0,1.0,0.0,0.027915341346790697,0.031142263144797885,0.04182232461601912,0.019594646073419448,0.6494452848664273,0.0899973396705489,0.10092910830807146,0.4146,276.63758730888367,1,True,False,0.0,2,0,1,True,True,1.0,10,10,1,True,True,1.0,10,10,3,POSITION_40MM_SPEED_FAIL,False,False,0.5240389952914015,4129.73984665249,1004129.7398466525,0.002212066977596347,8.632422481273865e-05,1.0,0.4724328367660315,0.25815737191772964,0.07361720695381783,3000038.884099778,38.884099777576395,"[0.0311675148,0.030379633,0.0304812435]",0.0311675148,0.030676130433333334,0.0304812435,0.027908330000000037,0.0311675148,0.038917160000000006,0.0,0.009291083080714468,0.0,0.038917160000000006,0.048208243080714475,0.04001086811453032,5.180006215114989,1004129.7398466525,32,Stage2.2,/home/yangshen0711/tsc_all/tsc_rzip_rllib/stage2_2_runs/stage2_2_svd3_corner_feasibility_100ms_20260721_085327,2004,"[2.4156833455235933,1.2134774513649513,0.47907036778035206,1.2301591838112993,1.790344966208752,0.12462755070439314,-0.3520412179701483,2.195619167017864,-0.2992835605670293,-0.9624851146112575,-1.412281801697162,0.18355487000686582,-0.6263706082077115,0.00310367240276648,0.05003729433648711]",v_00d9c3b5be4ed925
Stage2.2,4,s22g004_b65dbd2d777a03f8,35,probe_c2_h13_p,multi_center_probes,2.9714627558218654,45.91595890507574,"[2.4156833455235933,1.2134774513649513,0.47907036778035206,1.260005234942497,1.7620406869218461,0.13358125403562732,-0.42838834958283745,2.197430148757632,-0.3116275226543265,-0.9135307129819165,-1.3808101074137584,0.18984711051340608,-0.570376789148781,0.0306486940965105,0.06409710769184573]",s22g004_b65dbd2d777a03f8,0.03132364166185147,0.02365856262513156,0.09646870186775075,0.04412138872838223,0.04412138872838223,,,,,True,,11,-0.028023835000000052,0.0304691338,724.4620000000032,0.04139690136507237,0.0304691338,1.3798967121690788,0.5817437020072838,0.7819410457617871,0.023458231372853616,1,0.6280101555085302,0.0,-0.3441332378223096,0,0,0,0,1,1,True,False,True,False,10000.0,True,1.0,1.0,0.0,0.0280324681159629,0.03113637510037057,0.04189621848166554,0.01793864403171938,0.6494148319822909,0.08853130584605623,0.09962781619929147,0.41475,269.74894165992737,1,True,False,0.0,2,0,1,True,True,1.0,10,10,1,True,True,1.0,10,10,1,PASS_DAMPED_HOLD_40MM,False,True,0.5232423413109031,4092.770602139877,1004092.7706021399,0.00217877321219607,0.0,1.0,0.46891442954547513,0.25682754942191516,0.07648521372134838,1000038.8525946921,38.852594692199816,"[0.031167895,0.0303929896,0.0304691338]",0.031167895,0.0306766728,0.0304691338,0.028023835000000052,0.031167895,0.03892983333333344,0.0,0.0,0.0,0.03892983333333344,0.03892983333333344,0.03892983333333344,5.138102139837532,1004092.7706021399,23,Stage2.2,/home/yangshen0711/tsc_all/tsc_rzip_rllib/stage2_2_runs/stage2_2_svd3_corner_feasibility_100ms_20260721_085327,2004,"[2.4156833455235933,1.2134774513649513,0.47907036778035206,1.260005234942497,1.7620406869218461,0.13358125403562732,-0.42838834958283745,2.197430148757632,-0.3116275226543265,-0.9135307129819165,-1.3808101074137584,0.18984711051340608,-0.570376789148781,0.0306486940965105,0.06409710769184573]",v_b65dbd2d777a03f8
Stage2.2,4,s22g004_0ec1a0143a763a1b,18,probe_c0_h03_m,multi_center_probes,2.952985943489917,48.440576615540934,"[2.3911854335466187,1.204177336495726,0.471384395947247,1.2472323768972369,1.8301088748969636,0.1193371421788616,-0.3382991520551947,2.244023381772964,-0.18310858593500526,-1.091143545737754,-1.4385882584692329,0.17039427007822167,-0.5094799086987543,-0.2135335047699112,-0.03454107915377853]",s22g004_0ec1a0143a763a1b,0.03139647250257998,0.022809873164706874,0.09989986301623233,0.046549083419332726,0.046549083419332726,,,,,True,,11,-0.027546206000000018,0.030712473,719.0256000000008,0.04125590215678438,0.030712473,1.3751967385594794,0.5817437020072838,0.7819332053556993,0.02345799616067098,1,0.6279867362113741,0.0,-0.3441197603990719,0,0,0,0,1,1,True,False,True,False,10000.0,True,1.0,1.0,0.0,0.027679804980318332,0.03121490270811006,0.041719800512768905,0.0270935980017953,0.6493192329036636,0.09055204815861591,0.10033608943525918,0.41455,272.2699863910675,1,True,False,0.0,2,0,1,True,True,1.0,10,10,1,True,True,1.0,10,10,3,POSITION_40MM_SPEED_FAIL,False,False,0.5248661935849555,4109.889610970276,1004109.8896109703,0.0022887695297519723,1.1295610849283402e-05,1.0,0.4796300794051146,0.26207778022378264,0.0647304384201849,3000038.878376698,38.87837669815208,"[0.0311688882,0.0304582653,0.030712473]",0.0311688882,0.0307798755,0.030712473,0.027686588999999984,0.0311688882,0.03896294,0.0,0.0033608943525917923,0.0,0.03896294,0.042323834352591794,0.039107624631174974,5.192648928719096,1004109.8896109703,25,Stage2.2,/home/yangshen0711/tsc_all/tsc_rzip_rllib/stage2_2_runs/stage2_2_svd3_corner_feasibility_100ms_20260721_085327,2004,"[2.3911854335466187,1.204177336495726,0.471384395947247,1.2472323768972369,1.8301088748969636,0.1193371421788616,-0.3382991520551947,2.244023381772964,-0.18310858593500526,-1.091143545737754,-1.4385882584692329,0.17039427007822167,-0.5094799086987543,-0.2135335047699112,-0.03454107915377853]",v_0ec1a0143a763a1b
Stage2.2,4,s22g004_326300007e2aef70,12,probe_c0_h00_m,multi_center_probes,2.96552694722585,49.64190809199262,"[2.3911854335466187,1.204177336495726,0.471384395947247,1.2472323768972369,1.8064892748969636,0.1088395421788616,-0.3382991520551947,2.244023381772964,-0.20279158593500526,-1.150192545737754,-1.4385882584692329,0.17039427007822167,-0.5685289086987542,-0.2725825047699112,-0.03454107915377853]",s22g004_326300007e2aef70,0.0314311226775727,0.018947535429612312,0.09782697917372467,0.04770408925242342,0.04770408925242342,,,,,True,,11,-0.027606836999999995,0.0308558979,726.857,0.04140318688651627,0.0308558979,1.3801062295505424,0.5817437020072838,0.7819332053556993,0.02345799616067098,1,0.6279867362113741,0.0,-0.3441197603990719,0,0,0,0,1,1,True,False,True,False,10000.0,True,1.0,1.0,0.0,0.027742331712671913,0.03125838047360037,0.04179381914456111,0.036104242492988645,0.649279014273723,0.09143199192305983,0.09986956386785521,0.41465,268.75007033348083,1,True,False,0.0,2,0,1,True,True,1.0,10,10,1,True,True,1.0,10,10,1,PASS_DAMPED_HOLD_40MM,False,True,0.523169952547773,4098.471089272527,1004098.4710892725,0.002345733147067927,0.0,1.0,0.4835459810885972,0.26179314486176014,0.0669735676259408,1000039.0326660328,39.032666032773136,"[0.0311695011,0.0305053674,0.0308558979]",0.0311695011,0.0308435888,0.0308558979,0.027753954000000025,0.0311695011,0.03898336999999996,0.0,0.0,0.0,0.03898336999999996,0.03898336999999996,0.03898336999999996,5.217239272594048,1004098.4710892725,24,Stage2.2,/home/yangshen0711/tsc_all/tsc_rzip_rllib/stage2_2_runs/stage2_2_svd3_corner_feasibility_100ms_20260721_085327,2004,"[2.3911854335466187,1.204177336495726,0.471384395947247,1.2472323768972369,1.8064892748969636,0.1088395421788616,-0.3382991520551947,2.244023381772964,-0.20279158593500526,-1.150192545737754,-1.4385882584692329,0.17039427007822167,-0.5685289086987542,-0.2725825047699112,-0.03454107915377853]",v_326300007e2aef70
Stage2.2,3,s22g003_52cd953cef30f0ad,72,bridge_d10_p08_c06_019,boundary_bridge,2.9483469284796158,67.21703533726286,"[2.4156833455235933,1.2134774513649513,0.47907036778035206,1.2589133882941406,1.8550406168610185,0.10669581847743294,-0.30492709251376254,2.082607806812729,-0.260892593263345,-1.01256235846005,-1.3371201828099577,0.20223205578927803,-0.6437694017216894,-0.1399825057740256,0.019205773767945737]",s22g003_52cd953cef30f0ad,0.03116888013707034,0.032541290407838604,0.1063104850979376,0.0631048509793759,0.102067522215054,,,,,True,,11,-0.027834048999999972,0.0304844614,721.4239000000016,0.04127997905259267,0.0304844614,1.375999301753089,0.5817437020072838,0.7819410457617871,0.023458231372853616,1,0.6280101555085302,0.0,-0.3441332378223096,0,0,0,0,1,1,True,False,True,False,10000.0,True,1.0,1.0,0.0,0.027886053737823657,0.03114707994481445,0.04180637011458243,0.01683118156765573,0.6494483007890555,0.09045089517294302,0.10208727575063425,0.41455,273.9358081817627,1,True,False,0.0,2,0,1,True,True,1.0,10,10,1,True,True,1.0,10,10,3,POSITION_40MM_SPEED_FAIL,False,False,0.5245889060562868,4189.927481578197,1004189.9274815782,0.00224231120962497,0.00043567200591857895,1.0,0.4729305196106156,0.25169418471378985,0.05175919822983591,3000038.914057371,38.9140573712056,"[0.0311702852,0.0303706758,0.0304844614]",0.0311702852,0.0306751408,0.0304844614,0.02786972600000004,0.0311702852,0.03900950666666669,0.0,0.020872757506342543,0.0,0.03900950666666669,0.059882264173009236,0.04424266737319634,5.205090846396713,1004189.9274815782,25,Stage2.2,/home/yangshen0711/tsc_all/tsc_rzip_rllib/stage2_2_runs/stage2_2_svd3_corner_feasibility_100ms_20260721_085327,2003,"[2.4156833455235933,1.2134774513649513,0.47907036778035206,1.2589133882941406,1.8550406168610185,0.10669581847743294,-0.30492709251376254,2.082607806812729,-0.260892593263345,-1.01256235846005,-1.3371201828099577,0.20223205578927803,-0.6437694017216894,-0.1399825057740256,0.019205773767945737]",v_52cd953cef30f0ad
Stage2.2,2,s22g002_4bf65c2306ecd53c,42,corner_local_0042,corner_local,2.9393810021710847,46.77782179180584,"[2.3911854335466187,1.204177336495726,0.471384395947247,1.2259766624156636,1.8395271280914107,0.0921361934331632,-0.2883660344731758,2.085193122754147,-0.2786729106615577,-0.917933107741329,-1.3465078733402684,0.14381649860258183,-0.5611756566600434,0.004026442995995944,0.07873312732028503]",s22g002_4bf65c2306ecd53c,0.03133737732358349,0.02997863091527015,0.10096503524389056,0.04457924411944991,0.054229596558355464,,,,,True,,11,-0.02784915099999996,0.0302542538,750.5994000000028,0.04112049470052146,0.0302542538,1.3706831566840485,0.5817437020072838,0.7819332053556993,0.02345799616067098,1,0.6279867362113741,0.0,-0.3441197603990719,0,0,0,0,1,1,True,False,True,False,10000.0,True,1.0,1.0,0.0,0.027844791751679348,0.031078824949248067,0.041727997650503126,0.01784088354346888,0.6493154129784205,0.09243387026709125,0.10363302741744718,0.41455,255.3384132385254,1,True,False,0.0,2,0,1,True,True,1.0,10,10,1,True,True,1.0,10,10,3,POSITION_40MM_SPEED_FAIL,False,False,0.5264256470630707,4266.5180099172285,1004266.5180099172,0.00220924469556007,0.0013198888215922903,1.0,0.46586104567293557,0.25195470752974797,0.05303038907497133,3000038.976946737,38.976946737138164,"[0.0311719068,0.0302992784,0.0302542538]",0.0311719068,0.03057514633333333,0.0302542538,0.02784915099999996,0.0311719068,0.03906356,0.0,0.036330274174471766,0.0,0.03906356,0.07539383417447176,0.05334651386422443,5.240159355067453,1004266.5180099172,11,Stage2.2,/home/yangshen0711/tsc_all/tsc_rzip_rllib/stage2_2_runs/stage2_2_svd3_corner_feasibility_100ms_20260721_085327,2002,"[2.3911854335466187,1.204177336495726,0.471384395947247,1.2259766624156636,1.8395271280914107,0.0921361934331632,-0.2883660344731758,2.085193122754147,-0.2786729106615577,-0.917933107741329,-1.3465078733402684,0.14381649860258183,-0.5611756566600434,0.004026442995995944,0.07873312732028503]",v_4bf65c2306ecd53c
Stage2.2,3,s22g003_fc29a0a4a8f8207e,35,probe_c2_h09_p,multi_center_probes,2.9709388517547453,45.86982205539864,"[2.4156833455235933,1.2134774513649513,0.47907036778035206,1.248195434942497,1.773850486921846,0.12833245403562732,-0.4054248495828374,2.220393648757632,-0.32146902265432653,-0.8840062129819165,-1.4103346074137584,0.2016569105134061,-0.5999012891487809,0.06017319409651051,0.05228730769184573]",s22g003_fc29a0a4a8f8207e,0.03132231094231388,0.025008669602592577,0.09675817221819119,0.0440770314104626,0.0440770314104626,,,,,True,,11,-0.028066727000000014,0.0303986466,733.6794000000009,0.0413741329770694,0.0303986466,1.3791377659023132,0.5817437020072838,0.7819410457617871,0.023458231372853616,1,0.6280101555085302,0.0,-0.3441332378223096,0,0,0,0,1,1,True,False,True,False,10000.0,True,1.0,1.0,0.0,0.028024845229689517,0.031119261686649354,0.04187840013742423,0.02069177505876031,0.6494544093505583,0.09011839165085718,0.100610243945795,0.4147,266.56987714767456,1,True,False,0.0,2,0,1,True,True,1.0,10,10,1,True,True,1.0,10,10,3,POSITION_40MM_SPEED_FAIL,False,False,0.5235045590856271,4136.575008210959,1004136.575008211,0.0021869149135138473,3.7239767337943376e-05,1.0,0.4688170385268849,0.25844792316448784,0.08131329131199051,3000038.906841708,38.90684170766974,"[0.0311732918,0.0303668751,0.0303986466]",0.0311732918,0.030646271166666666,0.0303986466,0.028066727000000014,0.0311732918,0.03910972666666668,0.0,0.00610243945794986,0.0,0.03910972666666668,0.04521216612461654,0.039582957030511526,5.170720015447061,1004136.575008211,16,Stage2.2,/home/yangshen0711/tsc_all/tsc_rzip_rllib/stage2_2_runs/stage2_2_svd3_corner_feasibility_100ms_20260721_085327,2003,"[2.4156833455235933,1.2134774513649513,0.47907036778035206,1.248195434942497,1.773850486921846,0.12833245403562732,-0.4054248495828374,2.220393648757632,-0.32146902265432653,-0.8840062129819165,-1.4103346074137584,0.2016569105134061,-0.5999012891487809,0.06017319409651051,0.05228730769184573]",v_fc29a0a4a8f8207e
Stage2.2,2,s22g002_09f0c41cdd062f43,37,corner_local_0061,corner_local,2.9412437006871497,44.65817065878984,"[2.4156833455235933,1.2134774513649513,0.47907036778035206,1.2274739633781768,1.8230070059463597,0.11445009368617046,-0.329582835034666,2.128577568685717,-0.3254242695616125,-0.8951940869324934,-1.3233800215033162,0.17911253259486953,-0.5909376008441549,0.011416648271764371,0.1195387353248943]",s22g002_09f0c41cdd062f43,0.0312698916202266,0.0311425219894801,0.10151462180148509,0.04232972067422014,0.05747593868907086,,,,,True,,11,-0.02783086300000004,0.0302503437,720.468200000003,0.04110523359978509,0.0302503437,1.3701744533261697,0.5817437020072838,0.7819410457617871,0.023458231372853616,1,0.6280101555085302,0.0,-0.3441332378223096,0,0,0,0,1,1,True,False,True,False,10000.0,True,1.0,1.0,0.0,0.027858689508804983,0.03107698819510154,0.041735905122885275,0.015441623481838702,0.649433401847587,0.09157478369901935,0.10319415917700772,0.41455,262.56960940361023,1,True,False,0.0,2,0,1,True,True,1.0,10,10,1,True,True,1.0,10,10,3,POSITION_40MM_SPEED_FAIL,False,False,0.5266014053062283,4251.039791024057,1004251.039791024,0.0021987797538671637,0.001020265284806261,1.0,0.4657513272414389,0.2504016405404047,0.06696628757998095,3000038.9274191363,38.92741913620111,"[0.0311733319,0.030302928,0.0302503437]",0.0311733319,0.030575534533333334,0.0302503437,0.02783086300000004,0.0311733319,0.03911106333333336,0.0,0.03194159177007716,0.0,0.03911106333333336,0.07105265510341052,0.050496936143396606,5.225901133684614,1004251.039791024,10,Stage2.2,/home/yangshen0711/tsc_all/tsc_rzip_rllib/stage2_2_runs/stage2_2_svd3_corner_feasibility_100ms_20260721_085327,2002,"[2.4156833455235933,1.2134774513649513,0.47907036778035206,1.2274739633781768,1.8230070059463597,0.11445009368617046,-0.329582835034666,2.128577568685717,-0.3254242695616125,-0.8951940869324934,-1.3233800215033162,0.17911253259486953,-0.5909376008441549,0.011416648271764371,0.1195387353248943]",v_09f0c41cdd062f43
Stage2.2,4,s22g004_ab4f9ec4fea23a6e,68,bridge_d10_p10_c12_054,boundary_bridge,2.94437964221332,45.8211599077233,"[2.4156833455235933,1.2134774513649513,0.47907036778035206,1.2478860374467073,1.8078876665861559,0.12081374455669741,-0.3686361697782934,2.2582784401263134,-0.19483338899780234,-1.0361515856957926,-1.3909675875840575,0.19607931788930955,-0.5188405220595493,-0.16850771111804558,0.003952219007570503]",s22g004_ab4f9ec4fea23a6e,0.031292027165403635,0.025811491839872053,0.10250360260993767,0.04306757218012125,0.06810359827949797,,,,,True,,11,-0.027538346000000047,0.0306042084,694.7603000000017,0.0411701113941455,0.0306042084,1.3723370464715168,0.5817437020072838,0.7819410457617871,0.023458231372853616,1,0.6280101555085302,0.0,-0.3441332378223096,0,0,0,0,1,1,True,False,True,False,10000.0,True,1.0,1.0,0.0,0.027709748173617824,0.031184402675963115,0.04171686845991597,0.018451696908349916,0.649442573570053,0.08938921845435142,0.10063209593447507,0.4146,255.34410905838013,1,True,False,0.0,2,0,1,True,True,1.0,10,10,1,True,True,1.0,10,10,3,POSITION_40MM_SPEED_FAIL,False,False,0.5258542241327533,4139.960077769239,1004139.9600777692,0.0022561291740170507,3.9954527037990335e-05,1.0,0.47628418511099707,0.25895355746065657,0.06894694020675358,3000038.794825418,38.79482541772441,"[0.0311739978,0.030428571,0.0306042084]",0.0311739978,0.0307355924,0.0306042084,0.02773401200000003,0.0311739978,0.03913326000000006,0.0,0.006320959344750632,0.0,0.03913326000000006,0.04545421934475069,0.0396404662594374,5.17673413077775,1004139.9600777692,34,Stage2.2,/home/yangshen0711/tsc_all/tsc_rzip_rllib/stage2_2_runs/stage2_2_svd3_corner_feasibility_100ms_20260721_085327,2004,"[2.4156833455235933,1.2134774513649513,0.47907036778035206,1.2478860374467073,1.8078876665861559,0.12081374455669741,-0.3686361697782934,2.2582784401263134,-0.19483338899780234,-1.0361515856957926,-1.3909675875840575,0.19607931788930955,-0.5188405220595493,-0.16850771111804558,0.003952219007570503]",v_ab4f9ec4fea23a6e
Stage2.2,2,s22g002_fd6390d270aba8bf,61,bridge_d09_p03_c22_061,boundary_bridge,2.9348596857331004,44.53857441240875,"[2.415683345523593,1.2134774513649513,0.47907036778035206,1.2108901095803615,1.832764589101613,0.11152368360079286,-0.2928269989637383,2.125129954171974,-0.29179750045288266,-0.9123744464281048,-1.382424012345993,0.17747097397137432,-0.5571445558726417,0.10427164738018116,0.08422257537484434]",s22g002_fd6390d270aba8bf,0.03126262507396376,0.030177472130436186,0.1018455581286857,0.04208750246545878,0.06054308375231576,,,,,True,,11,-0.027824454,0.030260542,734.957400000003,0.041108401118650675,0.030260542,1.370280037288356,0.5817437020072838,0.7819410457617871,0.023458231372853616,1,0.6280101555085302,0.0,-0.3441332378223096,0,0,0,0,1,1,True,False,True,False,10000.0,True,1.0,1.0,0.0,0.027821715701251363,0.031083555765397095,0.04171612761968454,0.01765820029005554,0.6494354233070391,0.09224653125195158,0.10348700135237367,0.41445,271.7249529361725,1,True,False,0.0,2,0,1,True,True,1.0,10,10,1,True,True,1.0,10,10,3,POSITION_40MM_SPEED_FAIL,False,False,0.5265649257913754,4272.3047909479355,1004272.3047909479,0.0022173672450566343,0.0012159178431455685,1.0,0.46699365996547204,0.2562133427866707,0.061186499413379496,3000038.959347846,38.95934784613403,"[0.0311755193,0.0303058214,0.030260542]",0.0311755193,0.030580627566666668,0.030260542,0.027824454,0.0311755193,0.03918397666666662,0.0,0.03487001352373653,0.0,0.03918397666666662,0.07405399019040315,0.05245285378851605,5.238309731166943,1004272.3047909479,13,Stage2.2,/home/yangshen0711/tsc_all/tsc_rzip_rllib/stage2_2_runs/stage2_2_svd3_corner_feasibility_100ms_20260721_085327,2002,"[2.415683345523593,1.2134774513649513,0.47907036778035206,1.2108901095803615,1.832764589101613,0.11152368360079286,-0.2928269989637383,2.125129954171974,-0.29179750045288266,-0.9123744464281048,-1.382424012345993,0.17747097397137432,-0.5571445558726417,0.10427164738018116,0.08422257537484434]",v_fd6390d270aba8bf
Stage2.2,4,s22g004_bd6d56eb01a41052,93,random_corner_parent_07_0016,random_local,2.94801233200576,48.88180971763064,"[2.3911854335466187,1.204177336495726,0.471384395947247,1.236192083413237,1.8679140435645192,0.12350928267318649,-0.24066174155587172,2.164731202189925,-0.1853462024334748,-1.1469259719052154,-1.4471226139492812,0.24545547930450703,-0.5325214239456214,-0.22756085874993182,-0.02729962599325038]",s22g004_bd6d56eb01a41052,0.03125176054594681,0.024942658771929544,0.10453685726279309,0.045368572627930925,0.08709392415949146,,,,,True,,11,-0.02761943499999997,0.0305438251,669.0709000000024,0.04117958767956053,0.0305438251,1.3726529226520177,0.5817437020072838,0.7819332053556993,0.02345799616067098,1,0.6279867362113741,0.0,-0.3441197603990719,0,0,0,0,1,1,True,False,True,False,10000.0,True,1.0,1.0,0.0,0.027699601257917393,0.031105493519677573,0.041651166093523984,0.026296734981519444,0.6493084778463913,0.09354691599115282,0.10391942133991204,0.4144,280.0649027824402,1,True,False,0.0,2,0,1,True,True,1.0,10,10,1,True,True,1.0,10,10,3,POSITION_40MM_SPEED_FAIL,False,False,0.5257450881467601,4277.896396783995,1004277.896396784,0.0020928912252260617,0.0015361863639757833,1.0,0.48153146065321767,0.26270206362998255,0.05246899117235731,3000039.049768542,39.049768541865866,"[0.0310749297,0.0303125979,0.0305438251]",0.0310749297,0.030643784233333332,0.0305438251,0.027686545000000007,0.0310749297,0.03583099000000001,0.0,0.039194213399120326,0.0,0.039194213399120326,0.07502520339912033,0.053104107264465746,5.2701360110639115,1004277.896396784,54,Stage2.2,/home/yangshen0711/tsc_all/tsc_rzip_rllib/stage2_2_runs/stage2_2_svd3_corner_feasibility_100ms_20260721_085327,2004,"[2.3911854335466187,1.204177336495726,0.471384395947247,1.236192083413237,1.8679140435645192,0.12350928267318649,-0.24066174155587172,2.164731202189925,-0.1853462024334748,-1.1469259719052154,-1.4471226139492812,0.24545547930450703,-0.5325214239456214,-0.22756085874993182,-0.02729962599325038]",v_bd6d56eb01a41052
Stage2.2,3,s22g003_1510fab5260eb641,84,trust_mix_0012,trust_mix,2.93720583893849,46.9775226046388,"[2.3911854335466187,1.204177336495726,0.471384395947247,1.2450909988820462,1.841521624385982,0.10649435856981719,-0.33416790472668273,2.1840111782401253,-0.29081844926810746,-0.977367057196672,-1.3156594316811152,0.16474228249870185,-0.6305406261849877,0.011144775217400482,0.09632038854207842]",s22g003_1510fab5260eb641,0.03135041960895621,0.02600425705410549,0.10033401025608511,0.04501398696520709,0.04835408952605813,,,,,True,,11,-0.027527387000000014,0.0304172992,734.4032000000007,0.04102400669937166,0.0304172992,1.3674668899790552,0.5817437020072838,0.7819332053556993,0.02345799616067098,1,0.6279867362113741,0.0,-0.3441197603990719,0,0,0,0,1,1,True,False,True,False,10000.0,True,1.0,1.0,0.0,0.02769771659096967,0.031129988104011123,0.04166820926929247,0.006280970882123155,0.6493210559433619,0.08812474381197259,0.10185927209126915,0.41455,271.23299074172974,1,True,False,0.0,2,0,1,True,True,1.0,10,10,1,True,True,1.0,10,10,3,POSITION_40MM_SPEED_FAIL,False,False,0.5275368750053289,4204.260342719033,1004204.260342719,0.002226518173193344,0.0003456892709372353,1.0,0.4697127004143186,0.25194413984559755,0.07079974400759897,3000038.7558834995,38.755883499290704,"[0.0311772915,0.0303621003,0.0304172992]",0.0311772915,0.030652230333333332,0.0304172992,0.027725073000000044,0.0311772915,0.03924305000000006,0.0,0.018592720912691485,0.0,0.03924305000000006,0.05783577091269154,0.04342471927646441,5.187539791732035,1004204.260342719,27,Stage2.2,/home/yangshen0711/tsc_all/tsc_rzip_rllib/stage2_2_runs/stage2_2_svd3_corner_feasibility_100ms_20260721_085327,2003,"[2.3911854335466187,1.204177336495726,0.471384395947247,1.2450909988820462,1.841521624385982,0.10649435856981719,-0.33416790472668273,2.1840111782401253,-0.29081844926810746,-0.977367057196672,-1.3156594316811152,0.16474228249870185,-0.6305406261849877,0.011144775217400482,0.09632038854207842]",v_1510fab5260eb641
Stage2.2,3,s22g003_c102765468b3b691,21,probe_c1_h01_p,multi_center_probes,2.9601389780400553,49.52465625808356,"[2.3911854335466187,1.204177336495726,0.471384395947247,1.2444621768972368,1.8390350748969635,0.1220083421788616,-0.3380156520551947,2.226666881772964,-0.18080008593500527,-1.0915080457377542,-1.4536137584692328,0.22302807007822167,-0.6564544086987542,-0.2219980047699112,-0.03731127915377853]",s22g003_c102765468b3b691,0.0314277419673549,0.023926293094379002,0.09988187861547926,0.04759139891182995,0.04759139891182995,,,,,True,,11,-0.02753214599999998,0.0308041446,694.1676000000007,0.04131482043895415,0.0308041446,1.3771606812984718,0.5817437020072838,0.7819332053556993,0.02345799616067098,1,0.6279867362113741,0.0,-0.3441197603990719,0,0,0,0,1,1,True,False,True,False,10000.0,True,1.0,1.0,0.0,0.027658664773231832,0.031247430535856043,0.04173012882955388,0.032717034420764055,0.6493068888016089,0.09089964197175797,0.09973839456974262,0.41450000000000004,269.2946479320526,1,True,False,0.0,2,0,1,True,True,1.0,10,10,1,True,True,1.0,10,10,1,PASS_DAMPED_HOLD_40MM,False,True,0.5241876466083708,4128.270405342104,1004128.2704053421,0.002340418436831946,0.0,1.0,0.4834565479300444,0.2624785905265248,0.061771204376954505,1000038.9391223221,38.939122322084316,"[0.0311780206,0.0304909282,0.0308041446]",0.0311780206,0.030824364466666667,0.0308041446,0.02766087100000003,0.0311780206,0.03926735333333342,0.0,0.0,0.0,0.03926735333333342,0.03926735333333342,0.03926735333333342,5.198305342136287,1004128.2704053421,14,Stage2.2,/home/yangshen0711/tsc_all/tsc_rzip_rllib/stage2_2_runs/stage2_2_svd3_corner_feasibility_100ms_20260721_085327,2003,"[2.3911854335466187,1.204177336495726,0.471384395947247,1.2444621768972368,1.8390350748969635,0.1220083421788616,-0.3380156520551947,2.226666881772964,-0.18080008593500527,-1.0915080457377542,-1.4536137584692328,0.22302807007822167,-0.6564544086987542,-0.2219980047699112,-0.03731127915377853]",v_c102765468b3b691
Stage2.2,4,s22g004_8e000baeb87da235,52,corner_local_0008,corner_local,2.9315594074649005,48.780754440391306,"[2.3911854335466187,1.204177336495726,0.471384395947247,1.2323902241422706,1.8308480328970207,0.11358076795398407,-0.3544392162841275,2.214721750483489,-0.24056615747344703,-0.9445342544801196,-1.3767771205502835,0.19547396258256186,-0.5426046843151721,-0.11151450085104268,0.04525613271614832]",s22g004_8e000baeb87da235,0.03140629150518221,0.024734588917965605,0.09890438839860852,0.046876383506073704,0.046876383506073704,,,,,True,,11,-0.027536039000000012,0.0304199797,701.499200000002,0.041031799969754354,0.0304199797,1.3677266656584786,0.5817437020072838,0.7819332053556993,0.02345799616067098,1,0.6279867362113741,0.0,-0.3441197603990719,0,0,0,0,1,1,True,False,True,False,10000.0,True,1.0,1.0,0.0,0.027651104555602504,0.03113174316498371,0.04163855203576815,0.011656632399390514,0.6493194476427427,0.0891697968039063,0.10168377629647303,0.41450000000000004,278.3097529411316,1,True,False,0.0,2,0,1,True,True,1.0,10,10,1,True,True,1.0,10,10,3,POSITION_40MM_SPEED_FAIL,False,False,0.5274471218784361,4201.687193770427,1004201.6871937704,0.0022272011005666087,0.00028351026165644245,1.0,0.4719037167321881,0.2558887576666602,0.06803491205440507,3000038.7540953495,38.754095349556344,"[0.0311787696,0.0303664685,0.0304199797]",0.0311787696,0.0306550726,0.0304199797,0.02764766299999999,0.0311787696,0.039292319999999936,0.0,0.016837762964730274,0.0,0.039292319999999936,0.05613008296473021,0.042748060454701774,5.186801456807505,1004201.6871937704,39,Stage2.2,/home/yangshen0711/tsc_all/tsc_rzip_rllib/stage2_2_runs/stage2_2_svd3_corner_feasibility_100ms_20260721_085327,2004,"[2.3911854335466187,1.204177336495726,0.471384395947247,1.2323902241422706,1.8308480328970207,0.11358076795398407,-0.3544392162841275,2.214721750483489,-0.24056615747344703,-0.9445342544801196,-1.3767771205502835,0.19547396258256186,-0.5426046843151721,-0.11151450085104268,0.04525613271614832]",v_8e000baeb87da235
Stage2.2,4,s22g004_3db2dc914cc6fd83,56,corner_local_0030,corner_local,2.9478862416298037,46.13327182913544,"[2.3911854335466187,1.204177336495726,0.471384395947247,1.247485860797051,1.8550124492408844,0.0915889411382087,-0.30726186092163077,2.1821077032476883,-0.23272762574887346,-1.0211570513068506,-1.419801084516232,0.16910740483657122,-0.578475085502414,-0.12689780546560575,0.004459682080953466]",s22g004_3db2dc914cc6fd83,0.031310885562154306,0.02538125678884501,0.10164940036342442,0.04369618540514364,0.060190189039387665,,,,,True,,11,-0.027676663000000046,0.030536661,739.7521000000015,0.04121268421062249,0.030536661,1.3737561403540832,0.5817437020072838,0.7819332053556993,0.02345799616067098,1,0.6279867362113741,0.0,-0.3441197603990719,0,0,0,0,1,1,True,False,True,False,10000.0,True,1.0,1.0,0.0,0.027733234256016422,0.031170670140685343,0.04172221182198393,0.01989929892982743,0.6493173805399365,0.09054491204550316,0.1015449047938746,0.41455,270.3608407974243,1,True,False,0.0,2,0,1,True,True,1.0,10,10,1,True,True,1.0,10,10,3,POSITION_40MM_SPEED_FAIL,False,False,0.5253639237566847,4205.133667409304,1004205.1336674093,0.0022768222437920572,0.00023867308221366918,1.0,0.4753731724793686,0.2587193717566768,0.062293225450039194,3000038.8644885095,38.86448850964383,"[0.0311814896,0.0303986232,0.030536661]",0.0311814896,0.030705591266666665,0.030536661,0.027709304000000046,0.0311814896,0.03938298666666684,0.0,0.015449047938745908,0.0,0.03938298666666684,0.05483203460541275,0.04230476002769106,5.202102293272357,1004205.1336674093,40,Stage2.2,/home/yangshen0711/tsc_all/tsc_rzip_rllib/stage2_2_runs/stage2_2_svd3_corner_feasibility_100ms_20260721_085327,2004,"[2.3911854335466187,1.204177336495726,0.471384395947247,1.247485860797051,1.8550124492408844,0.0915889411382087,-0.30726186092163077,2.1821077032476883,-0.23272762574887346,-1.0211570513068506,-1.419801084516232,0.16910740483657122,-0.578475085502414,-0.12689780546560575,0.004459682080953466]",v_3db2dc914cc6fd83
Stage2.2,4,s22g004_163a8e8d4dfd7b99,73,bridge_d07_p17_c18_030,boundary_bridge,2.963319721211874,52.63074928034963,"[2.4156833455235933,1.2134774513649513,0.47907036778035206,1.2560238113262998,1.8462475199903166,0.10451810343120438,-0.31047805373756077,2.0947264908339105,-0.2526105108449318,-0.9918028337506362,-1.4164600864994348,0.21783699076957608,-0.6497166984347081,-0.1441348584669122,0.010220758524880285]",s22g004_163a8e8d4dfd7b99,0.03116051974530704,0.031121472427281298,0.10490901504064694,0.04909015040646936,0.08777414191670396,,,,,True,,11,-0.028051509999999946,0.0305337237,708.4561000000031,0.04146318241847867,0.0305337237,1.3821060806159557,0.5817437020072838,0.7819410457617871,0.023458231372853616,1,0.6280101555085302,0.0,-0.3441332378223096,0,0,0,0,1,1,True,False,True,False,10000.0,True,1.0,1.0,0.0,0.027982591592890665,0.031169717398738174,0.04188766781490366,0.02662078621799496,0.6494481355172338,0.09183097728347951,0.10154443616398891,0.4146,276.11546087265015,1,True,False,0.0,2,0,1,True,True,1.0,10,10,1,True,True,1.0,10,10,3,POSITION_40MM_SPEED_FAIL,False,False,0.5224789991573743,4208.580401663785,1004208.5804016638,0.002274335241334661,0.0002385283064636729,1.0,0.47514249273848075,0.25672390006147494,0.052171255808838454,3000039.031896526,39.03189652611234,"[0.0311824771,0.0303983325,0.0305337237]",0.0311824771,0.030704844433333333,0.0305337237,0.028051509999999946,0.0311824771,0.039415903333333446,0.0,0.015444361639888937,0.0,0.039415903333333446,0.054860264973222383,0.04233369511448722,5.21531332309888,1004208.5804016638,41,Stage2.2,/home/yangshen0711/tsc_all/tsc_rzip_rllib/stage2_2_runs/stage2_2_svd3_corner_feasibility_100ms_20260721_085327,2004,"[2.4156833455235933,1.2134774513649513,0.47907036778035206,1.2560238113262998,1.8462475199903166,0.10451810343120438,-0.31047805373756077,2.0947264908339105,-0.2526105108449318,-0.9918028337506362,-1.4164600864994348,0.21783699076957608,-0.6497166984347081,-0.1441348584669122,0.010220758524880285]",v_163a8e8d4dfd7b99
