stage,phase,candidate_id,population_index,nominal_id,source_candidate_id,nominal_category,source_name,source_type,tail_vector,result_relpath,success,failure_reason,n_trajectory_steps,terminal_R_error_m,terminal_Z_error_m,terminal_Ip_error_A,terminal_RZ_euclidean_error_m,terminal_RZ_box_max_error_m,terminal_velocity_m_per_s,late_velocity_rms_m_per_s,max_velocity_m_per_s,max_current_utilization,trailing_streak_within_30mm_steps,trailing_streak_within_40mm_steps,strict_gate_pass,relaxed_gate_pass,gate_label,stage3_0_earliest_strict_arrival_step,stage3_0_earliest_strict_arrival_ms,stage3_0_earliest_relaxed_arrival_step,stage3_0_earliest_relaxed_arrival_ms,stage3_0_gate_endpoint_step,stage3_0_gate_endpoint_ms,stage3_0_gate_sustained_box_max_error_m,stage3_0_gate_post_arrival_velocity_rms_m_per_s,stage3_0_best_endpoint_step,stage3_0_best_endpoint_ms,stage3_0_window_start_step,stage3_0_sustained_box_max_error_m,stage3_0_endpoint_velocity_m_per_s,stage3_0_endpoint_late_velocity_rms_m_per_s,stage3_0_post_arrival_velocity_rms_m_per_s,stage3_0_final_velocity_m_per_s,stage3_0_sustained_Ip_max_error_A,stage3_0_position_violation,stage3_0_endpoint_speed_violation,stage3_0_endpoint_late_speed_violation,stage3_0_post_speed_violation,stage3_0_final_speed_violation,stage3_0_ip_violation,stage3_0_max_violation,stage3_0_sum_violation,stage3_0_l2_violation,stage3_0_endpoint_evaluations,stage3_0_speed_safe_at_best_endpoint,stage3_0_position_safe_at_best_endpoint,stage3_0_quality,continuous_objective,selection_score,action_rms,delta_action_rms,repair_excess_rms,wall_time_s,phase_rank
Stage3.0,screen,s30screen_d3ce6bdbf6bfd41d,61,nominal_05_s22g000_571ab4a158d29207,s22g000_571ab4a158d29207,gate,zero_after_100,screen_template,"[-0.49809345181810927,0.18286250362187767,0.16955042464019665,0.0,0.0,0.0,0.0,0.0,0.0,0.0,0.0,0.0,0.0,0.0,0.0,0.0,0.0,0.0]",stage3_0_evaluations/screen/s30screen_d3ce6bdbf6bfd41d.json.gz,True,,16,-0.027893166999999996,0.0373907972,596.8051000000014,0.04664869216324737,0.0373907972,0.16931891952082634,0.15354063686674332,0.6492383287639514,0.41409999999999997,0,16,False,False,NEAR_FEASIBLE_120_150MS,,,,,,,,,12,120,10,0.0373907972,0.12105200702280867,0.08083088640336046,0.15354063686674332,0.16931891952082634,773.8056000000033,0.24635990666666663,0.21052007022808672,0.0,0.5354063686674331,0.6931891952082634,0.0,0.6931891952082634,1.6854755407704498,0.9339074598399857,"[{""endpoint_step"":12,""arrival_time_ms"":120,""window_start_step"":10,""sustained_box_max_error_m"":0.0373907972,""endpoint_velocity_m_per_s"":0.12105200702280867,""endpoint_late_velocity_rms_m_per_s"":0.08083088640336046,""post_arrival_velocity_rms_m_per_s"":0.15354063686674332,""final_velocity_m_per_s"":0.16931891952082634,""sustained_Ip_max_error_A"":773.8056000000033,""position_violation"":0.24635990666666663,""endpoint_speed_violation"":0.21052007022808672,""endpoint_late_speed_violation"":0.0,""post_speed_violation"":0.5354063686674331,""final_speed_violation"":0.6931891952082634,""ip_violation"":0.0,""max_violation"":0.6931891952082634,""sum_violation"":1.6854755407704498,""l2_violation"":0.9339074598399857,""pass"":false},{""endpoint_step"":13,""arrival_time_ms"":130,""window_start_step"":11,""sustained_box_max_error_m"":0.0373907972,""endpoint_velocity_m_per_s"":0.1524185556292015,""endpoint_late_velocity_rms_m_per_s"":0.10327536324094792,""post_arrival_velocity_rms_m_per_s"":0.16293692058946252,""final_velocity_m_per_s"":0.16931891952082634,""sustained_Ip_max_error_A"":719.2159000000029,""position_violation"":0.24635990666666663,""endpoint_speed_violation"":0.524185556292015,""endpoint_late_speed_violation"":0.03275363240947926,""post_speed_violation"":0.6293692058946252,""final_speed_violation"":0.6931891952082634,""ip_violation"":0.0,""max_violation"":0.6931891952082634,""sum_violation"":2.1258574964710495,""l2_violation"":1.1014324124320585,""pass"":false},{""endpoint_step"":14,""arrival_time_ms"":140,""window_start_step"":12,""sustained_box_max_error_m"":0.0373907972,""endpoint_velocity_m_per_s"":0.1665683273186664,""endpoint_late_velocity_rms_m_per_s"":0.13257693982233978,""post_arrival_velocity_rms_m_per_s"":0.1679492544988492,""final_velocity_m_per_s"":0.16931891952082634,""sustained_Ip_max_error_A"":680.8918000000012,""position_violation"":0.24635990666666663,""endpoint_speed_violation"":0.6656832731866638,""endpoint_late_speed_violation"":0.3257693982233978,""post_speed_violation"":0.6794925449884919,""final_speed_violation"":0.6931891952082634,""ip_violation"":0.0,""max_violation"":0.6931891952082634,""sum_violation"":2.610494318273483,""l2_violation"":1.2458629554170761,""pass"":false},{""endpoint_step"":15,""arrival_time_ms"":150,""window_start_step"":13,""sustained_box_max_error_m"":0.0373907972,""endpoint_velocity_m_per_s"":0.16931891952082634,""endpoint_late_velocity_rms_m_per_s"":0.15354063686674332,""post_arrival_velocity_rms_m_per_s"":0.16931891952082634,""final_velocity_m_per_s"":0.16931891952082634,""sustained_Ip_max_error_A"":649.0669000000016,""position_violation"":0.24635990666666663,""endpoint_speed_violation"":0.6931891952082634,""endpoint_late_speed_violation"":0.5354063686674331,""post_speed_violation"":0.6931891952082634,""final_speed_violation"":0.6931891952082634,""ip_violation"":0.0,""max_violation"":0.6931891952082634,""sum_violation"":2.86133386095889,""l2_violation"":1.337492790366698,""pass"":false}]",False,False,6.715748027968657,6.715748027968657,1077001.444891776,0.3735007836529784,0.20281493210941043,0.04807504367787985,383.8839864730835,1
Stage3.0,screen,s30screen_162a405a0ff20960,63,nominal_05_s22g000_571ab4a158d29207,s22g000_571ab4a158d29207,gate,fast_ramp_zero,screen_template,"[-0.49809345181810927,0.18286250362187767,0.16955042464019665,-0.24904672590905463,0.09143125181093884,0.08477521232009833,-0.0,0.0,0.0,-0.0,0.0,0.0,-0.0,0.0,0.0,-0.0,0.0,0.0]",stage3_0_evaluations/screen/s30screen_162a405a0ff20960.json.gz,True,,16,-0.02751668500000004,0.0378627816,593.9397000000026,0.04680553582514066,0.0378627816,0.1869097240268471,0.16598663266420255,0.6492383287639514,0.41409999999999997,0,16,False,False,NEAR_FEASIBLE_120_150MS,,,,,,,,,12,120,10,0.0378627816,0.12343661497740015,0.08178214995348536,0.16598663266420255,0.1869097240268471,773.8056000000033,0.26209272000000006,0.2343661497740015,0.0,0.6598663266420255,0.8690972402684709,0.0,0.8690972402684709,2.025422436684498,1.1464613679122384,"[{""endpoint_step"":12,""arrival_time_ms"":120,""window_start_step"":10,""sustained_box_max_error_m"":0.0378627816,""endpoint_velocity_m_per_s"":0.12343661497740015,""endpoint_late_velocity_rms_m_per_s"":0.08178214995348536,""post_arrival_velocity_rms_m_per_s"":0.16598663266420255,""final_velocity_m_per_s"":0.1869097240268471,""sustained_Ip_max_error_A"":773.8056000000033,""position_violation"":0.26209272000000006,""endpoint_speed_violation"":0.2343661497740015,""endpoint_late_speed_violation"":0.0,""post_speed_violation"":0.6598663266420255,""final_speed_violation"":0.8690972402684709,""ip_violation"":0.0,""max_violation"":0.8690972402684709,""sum_violation"":2.025422436684498,""l2_violation"":1.1464613679122384,""pass"":false},{""endpoint_step"":13,""arrival_time_ms"":130,""window_start_step"":11,""sustained_box_max_error_m"":0.0378627816,""endpoint_velocity_m_per_s"":0.16280053121857388,""endpoint_late_velocity_rms_m_per_s"":0.10788251815308449,""post_arrival_velocity_rms_m_per_s"":0.17792287746448338,""final_velocity_m_per_s"":0.1869097240268471,""sustained_Ip_max_error_A"":715.7661000000007,""position_violation"":0.26209272000000006,""endpoint_speed_violation"":0.6280053121857387,""endpoint_late_speed_violation"":0.07882518153084472,""post_speed_violation"":0.7792287746448336,""final_speed_violation"":0.8690972402684709,""ip_violation"":0.0,""max_violation"":0.8690972402684709,""sum_violation"":2.617249228629888,""l2_violation"":1.353448991107769,""pass"":false},{""endpoint_step"":14,""arrival_time_ms"":140,""window_start_step"":12,""sustained_box_max_error_m"":0.0378627816,""endpoint_velocity_m_per_s"":0.18311306090741514,""endpoint_late_velocity_rms_m_per_s"":0.14140660661879717,""post_arrival_velocity_rms_m_per_s"":0.18502113124002198,""final_velocity_m_per_s"":0.1869097240268471,""sustained_Ip_max_error_A"":665.6647000000012,""position_violation"":0.26209272000000006,""endpoint_speed_violation"":0.8311306090741513,""endpoint_late_speed_violation"":0.4140660661879716,""post_speed_violation"":0.8502113124002197,""final_speed_violation"":0.8690972402684709,""ip_violation"":0.0,""max_violation"":0.8690972402684709,""sum_violation"":3.226597947930814,""l2_violation"":1.5521310122412109,""pass"":false},{""endpoint_step"":15,""arrival_time_ms"":150,""window_start_step"":13,""sustained_box_max_error_m"":0.0378627816,""endpoint_velocity_m_per_s"":0.1869097240268471,""endpoint_late_velocity_rms_m_per_s"":0.16598663266420255,""post_arrival_velocity_rms_m_per_s"":0.1869097240268471,""final_velocity_m_per_s"":0.1869097240268471,""sustained_Ip_max_error_A"":638.6028000000006,""position_violation"":0.26209272000000006,""endpoint_speed_violation"":0.8690972402684709,""endpoint_late_speed_violation"":0.6598663266420255,""post_speed_violation"":0.8690972402684709,""final_speed_violation"":0.8690972402684709,""ip_violation"":0.0,""max_violation"":0.8690972402684709,""sum_violation"":3.5292507674474383,""l2_violation"":1.6643636027142192,""pass"":false}]",False,False,7.124944198858495,7.124944198858495,1096165.000085696,0.37399494657834575,0.20085407163786223,0.04807504367787985,404.3898866176605,2
Stage3.0,screen,s30screen_1cc8979c23a17515,66,nominal_05_s22g000_571ab4a158d29207,s22g000_571ab4a158d29207,gate,mode1_plus_pulse,screen_template,"[-0.49809345181810927,0.18286250362187767,0.16955042464019665,-0.31847476145448744,0.14629000289750213,0.13564033971215733,-0.21885607109086552,0.1097175021731266,0.10173025478411798,-0.14323738072724373,0.07314500144875107,0.06782016985607867,-0.07561869036362187,0.03657250072437553,0.03391008492803933,0.0,0.0,0.0]",stage3_0_evaluations/screen/s30screen_1cc8979c23a17515.json.gz,True,,16,-0.026973958999999992,0.0382386922,545.7102000000014,0.046795213914459476,0.0382386922,0.2114298580254177,0.17789880698641827,0.6492383287639514,0.41409999999999997,0,16,False,False,NEAR_FEASIBLE_120_150MS,,,,,,,,,12,120,10,0.0382386922,0.12502270097566331,0.0823877842830772,0.17789880698641827,0.2114298580254177,773.8056000000033,0.27462307333333347,0.25022700975663303,0.0,0.7789880698641827,1.114298580254177,0.0,1.114298580254177,2.418136733208326,1.409437876518859,"[{""endpoint_step"":12,""arrival_time_ms"":120,""window_start_step"":10,""sustained_box_max_error_m"":0.0382386922,""endpoint_velocity_m_per_s"":0.12502270097566331,""endpoint_late_velocity_rms_m_per_s"":0.0823877842830772,""post_arrival_velocity_rms_m_per_s"":0.17789880698641827,""final_velocity_m_per_s"":0.2114298580254177,""sustained_Ip_max_error_A"":773.8056000000033,""position_violation"":0.27462307333333347,""endpoint_speed_violation"":0.25022700975663303,""endpoint_late_speed_violation"":0.0,""post_speed_violation"":0.7789880698641827,""final_speed_violation"":1.114298580254177,""ip_violation"":0.0,""max_violation"":1.114298580254177,""sum_violation"":2.418136733208326,""l2_violation"":1.409437876518859,""pass"":false},{""endpoint_step"":13,""arrival_time_ms"":130,""window_start_step"":11,""sustained_box_max_error_m"":0.0382386922,""endpoint_velocity_m_per_s"":0.1662678338041155,""endpoint_late_velocity_rms_m_per_s"":0.10965085302598827,""post_arrival_velocity_rms_m_per_s"":0.1923202765783451,""final_velocity_m_per_s"":0.2114298580254177,""sustained_Ip_max_error_A"":710.5765000000029,""position_violation"":0.27462307333333347,""endpoint_speed_violation"":0.662678338041155,""endpoint_late_speed_violation"":0.09650853025988271,""post_speed_violation"":0.923202765783451,""final_speed_violation"":1.114298580254177,""ip_violation"":0.0,""max_violation"":1.114298580254177,""sum_violation"":3.071311287671999,""l2_violation"":1.6179737269917713,""pass"":false},{""endpoint_step"":14,""arrival_time_ms"":140,""window_start_step"":12,""sustained_box_max_error_m"":0.0382386922,""endpoint_velocity_m_per_s"":0.19650366135762515,""endpoint_late_velocity_rms_m_per_s"":0.14714388945769005,""post_arrival_velocity_rms_m_per_s"":0.20410325057627146,""final_velocity_m_per_s"":0.2114298580254177,""sustained_Ip_max_error_A"":652.7968000000001,""position_violation"":0.27462307333333347,""endpoint_speed_violation"":0.9650366135762514,""endpoint_late_speed_violation"":0.47143889457690036,""post_speed_violation"":1.0410325057627143,""final_speed_violation"":1.114298580254177,""ip_violation"":0.0,""max_violation"":1.114298580254177,""sum_violation"":3.8664296675033762,""l2_violation"":1.8853058460845882,""pass"":false},{""endpoint_step"":15,""arrival_time_ms"":150,""window_start_step"":13,""sustained_box_max_error_m"":0.0382386922,""endpoint_velocity_m_per_s"":0.2114298580254177,""endpoint_late_velocity_rms_m_per_s"":0.17789880698641827,""post_arrival_velocity_rms_m_per_s"":0.2114298580254177,""final_velocity_m_per_s"":0.2114298580254177,""sustained_Ip_max_error_A"":603.9562000000005,""position_violation"":0.27462307333333347,""endpoint_speed_violation"":1.114298580254177,""endpoint_late_speed_violation"":0.7789880698641827,""post_speed_violation"":1.114298580254177,""final_speed_violation"":1.114298580254177,""ip_violation"":0.0,""max_violation"":1.114298580254177,""sum_violation"":4.396506883960047,""l2_violation"":2.09933899674807,""pass"":false}]",False,False,7.533717607032838,7.533717607032838,1122519.376552377,0.37509222973093564,0.19977785172467427,0.04807504367787985,398.7370493412018,3
Stage3.0,screen,s30screen_181b10926ff7dca6,70,nominal_05_s22g000_571ab4a158d29207,s22g000_571ab4a158d29207,gate,coupled_cross_pulse,screen_template,"[-0.49809345181810927,0.18286250362187767,0.16955042464019665,-0.31847476145448744,0.06629000289750213,0.15064033971215735,-0.21885607109086552,0.029717502173126603,0.11673025478411798,-0.14323738072724373,0.01714500144875107,0.07832016985607866,-0.07561869036362187,0.012572500724375532,0.03841008492803933,0.0,0.0,0.0]",stage3_0_evaluations/screen/s30screen_181b10926ff7dca6.json.gz,True,,16,-0.027299669999999998,0.0383714546,531.6802000000025,0.04709183061029547,0.0383714546,0.21475809381139332,0.18047151687864385,0.6492383287639514,0.41409999999999997,0,16,False,False,NEAR_FEASIBLE_120_150MS,,,,,,,,,12,120,10,0.0383714546,0.1254027066013192,0.08255698807249488,0.18047151687864385,0.21475809381139332,773.8056000000033,0.2790484866666667,0.2540270660131918,0.0,0.8047151687864385,1.1475809381139332,0.0,1.1475809381139332,2.48537165958023,1.451518625638565,"[{""endpoint_step"":12,""arrival_time_ms"":120,""window_start_step"":10,""sustained_box_max_error_m"":0.0383714546,""endpoint_velocity_m_per_s"":0.1254027066013192,""endpoint_late_velocity_rms_m_per_s"":0.08255698807249488,""post_arrival_velocity_rms_m_per_s"":0.18047151687864385,""final_velocity_m_per_s"":0.21475809381139332,""sustained_Ip_max_error_A"":773.8056000000033,""position_violation"":0.2790484866666667,""endpoint_speed_violation"":0.2540270660131918,""endpoint_late_speed_violation"":0.0,""post_speed_violation"":0.8047151687864385,""final_speed_violation"":1.1475809381139332,""ip_violation"":0.0,""max_violation"":1.1475809381139332,""sum_violation"":2.48537165958023,""l2_violation"":1.451518625638565,""pass"":false},{""endpoint_step"":13,""arrival_time_ms"":130,""window_start_step"":11,""sustained_box_max_error_m"":0.0383714546,""endpoint_velocity_m_per_s"":0.16868979214911056,""endpoint_late_velocity_rms_m_per_s"":0.11069793224899627,""post_arrival_velocity_rms_m_per_s"":0.19540900251777724,""final_velocity_m_per_s"":0.21475809381139332,""sustained_Ip_max_error_A"":700.4544000000024,""position_violation"":0.2790484866666667,""endpoint_speed_violation"":0.6868979214911055,""endpoint_late_speed_violation"":0.10697932248996267,""post_speed_violation"":0.9540900251777722,""final_speed_violation"":1.1475809381139332,""ip_violation"":0.0,""max_violation"":1.1475809381139332,""sum_violation"":3.1745966939394403,""l2_violation"":1.6698416612261016,""pass"":false},{""endpoint_step"":14,""arrival_time_ms"":140,""window_start_step"":12,""sustained_box_max_error_m"":0.0383714546,""endpoint_velocity_m_per_s"":0.1999418664566395,""endpoint_late_velocity_rms_m_per_s"":0.14907317699175968,""post_arrival_velocity_rms_m_per_s"":0.2074822749292911,""final_velocity_m_per_s"":0.21475809381139332,""sustained_Ip_max_error_A"":634.7282000000014,""position_violation"":0.2790484866666667,""endpoint_speed_violation"":0.9994186645663949,""endpoint_late_speed_violation"":0.4907317699175966,""post_speed_violation"":1.074822749292911,""final_speed_violation"":1.1475809381139332,""ip_violation"":0.0,""max_violation"":1.1475809381139332,""sum_violation"":3.9916026085575025,""l2_violation"":1.9467175827328207,""pass"":false},{""endpoint_step"":15,""arrival_time_ms"":150,""window_start_step"":13,""sustained_box_max_error_m"":0.0383714546,""endpoint_velocity_m_per_s"":0.21475809381139332,""endpoint_late_velocity_rms_m_per_s"":0.18047151687864385,""post_arrival_velocity_rms_m_per_s"":0.21475809381139332,""final_velocity_m_per_s"":0.21475809381139332,""sustained_Ip_max_error_A"":585.2748000000029,""position_violation"":0.2790484866666667,""endpoint_speed_violation"":1.1475809381139332,""endpoint_late_speed_violation"":0.8047151687864385,""post_speed_violation"":1.1475809381139332,""final_speed_violation"":1.1475809381139332,""ip_violation"":0.0,""max_violation"":1.1475809381139332,""sum_violation"":4.526506469794905,""l2_violation"":2.162466320975499,""pass"":false}]",False,False,7.644993538089802,7.644993538089802,1126158.7440688908,0.3749337216356547,0.19989117891260955,0.04807504367787985,412.05841422080994,4
Stage3.0,screen,s30screen_0cfa5ae9e2fcebab,49,nominal_04_s22g004_b65dbd2d777a03f8,s22g004_b65dbd2d777a03f8,speed_safe,zero_after_100,screen_template,"[-0.570376789148781,0.0306486940965105,0.06409710769184573,0.0,0.0,0.0,0.0,0.0,0.0,0.0,0.0,0.0,0.0,0.0,0.0,0.0,0.0,0.0]",stage3_0_evaluations/screen/s30screen_0cfa5ae9e2fcebab.json.gz,True,,16,-0.029275799999999963,0.0392096,581.4004000000023,0.04893327291117975,0.0392096,0.21261434324204567,0.19804519532048806,0.6494148319822909,0.41475,0,16,False,False,NEAR_FEASIBLE_120_150MS,,,,,,,,,12,120,10,0.0392096,0.16166442544434545,0.10259894492693877,0.19804519532048806,0.21261434324204567,724.4620000000032,0.3069866666666665,0.6166442544434545,0.025989449269387732,0.9804519532048805,1.1261434324204567,0.0,1.1261434324204567,3.056215756004846,1.6445824589997162,"[{""endpoint_step"":12,""arrival_time_ms"":120,""window_start_step"":10,""sustained_box_max_error_m"":0.0392096,""endpoint_velocity_m_per_s"":0.16166442544434545,""endpoint_late_velocity_rms_m_per_s"":0.10259894492693877,""post_arrival_velocity_rms_m_per_s"":0.19804519532048806,""final_velocity_m_per_s"":0.21261434324204567,""sustained_Ip_max_error_A"":724.4620000000032,""position_violation"":0.3069866666666665,""endpoint_speed_violation"":0.6166442544434545,""endpoint_late_speed_violation"":0.025989449269387732,""post_speed_violation"":0.9804519532048805,""final_speed_violation"":1.1261434324204567,""ip_violation"":0.0,""max_violation"":1.1261434324204567,""sum_violation"":3.056215756004846,""l2_violation"":1.6445824589997162,""pass"":false},{""endpoint_step"":13,""arrival_time_ms"":130,""window_start_step"":11,""sustained_box_max_error_m"":0.0392096,""endpoint_velocity_m_per_s"":0.2000857525845762,""endpoint_late_velocity_rms_m_per_s"":0.13780135471525531,""post_arrival_velocity_rms_m_per_s"":0.2087679821427532,""final_velocity_m_per_s"":0.21261434324204567,""sustained_Ip_max_error_A"":685.4122000000025,""position_violation"":0.3069866666666665,""endpoint_speed_violation"":1.000857525845762,""endpoint_late_speed_violation"":0.378013547152553,""post_speed_violation"":1.0876798214275318,""final_speed_violation"":1.1261434324204567,""ip_violation"":0.0,""max_violation"":1.1261434324204567,""sum_violation"":3.8996809935129697,""l2_violation"":1.9209625885759518,""pass"":false},{""endpoint_step"":14,""arrival_time_ms"":140,""window_start_step"":12,""sustained_box_max_error_m"":0.0392096,""endpoint_velocity_m_per_s"":0.21333786294112933,""endpoint_late_velocity_rms_m_per_s"":0.1740316797741361,""post_arrival_velocity_rms_m_per_s"":0.21297641033285175,""final_velocity_m_per_s"":0.21261434324204567,""sustained_Ip_max_error_A"":651.6523000000016,""position_violation"":0.3069866666666665,""endpoint_speed_violation"":1.1333786294112933,""endpoint_late_speed_violation"":0.7403167977413609,""post_speed_violation"":1.1297641033285175,""final_speed_violation"":1.1261434324204567,""ip_violation"":0.0,""max_violation"":1.1333786294112933,""sum_violation"":4.436589629568295,""l2_violation"":2.1145739172913234,""pass"":false},{""endpoint_step"":15,""arrival_time_ms"":150,""window_start_step"":13,""sustained_box_max_error_m"":0.0392096,""endpoint_velocity_m_per_s"":0.21261434324204567,""endpoint_late_velocity_rms_m_per_s"":0.19804519532048806,""post_arrival_velocity_rms_m_per_s"":0.21261434324204567,""final_velocity_m_per_s"":0.21261434324204567,""sustained_Ip_max_error_A"":624.5834000000032,""position_violation"":0.3069866666666665,""endpoint_speed_violation"":1.1261434324204567,""endpoint_late_speed_violation"":0.9804519532048805,""post_speed_violation"":1.1261434324204567,""final_speed_violation"":1.1261434324204567,""ip_violation"":0.0,""max_violation"":1.1261434324204567,""sum_violation"":4.665868917132917,""l2_violation"":2.2045688778547063,""pass"":false}]",False,False,8.653338742089277,8.653338742089277,1126492.4420638068,0.38286702847155557,0.20997311078049563,0.062449915495007356,405.0140771865845,5
Stage3.0,screen,s30screen_93f35ba32f6b69a1,68,nominal_05_s22g000_571ab4a158d29207,s22g000_571ab4a158d29207,gate,mode2_plus_pulse,screen_template,"[-0.49809345181810927,0.18286250362187767,0.16955042464019665,-0.39847476145448746,0.22629000289750212,0.13564033971215733,-0.29885607109086554,0.1897175021731266,0.10173025478411798,-0.19923738072724373,0.12914500144875107,0.06782016985607867,-0.09961869036362186,0.06057250072437553,0.03391008492803933,-0.0,0.0,0.0]",stage3_0_evaluations/screen/s30screen_93f35ba32f6b69a1.json.gz,True,,16,-0.02654618799999997,0.038446523,558.2275000000009,0.0467208222115244,0.038446523,0.22616711686826013,0.18562850009918236,0.6492383287639514,0.41409999999999997,0,16,False,False,NEAR_FEASIBLE_120_150MS,,,,,,,,,12,120,10,0.038446523,0.1256885082647696,0.08264345265400981,0.18562850009918236,0.22616711686826013,773.8056000000033,0.2815507666666668,0.25688508264769583,0.0,0.8562850009918235,1.261671168682601,0.0,1.261671168682601,2.656392018988787,1.5717184610183812,"[{""endpoint_step"":12,""arrival_time_ms"":120,""window_start_step"":10,""sustained_box_max_error_m"":0.038446523,""endpoint_velocity_m_per_s"":0.1256885082647696,""endpoint_late_velocity_rms_m_per_s"":0.08264345265400981,""post_arrival_velocity_rms_m_per_s"":0.18562850009918236,""final_velocity_m_per_s"":0.22616711686826013,""sustained_Ip_max_error_A"":773.8056000000033,""position_violation"":0.2815507666666668,""endpoint_speed_violation"":0.25688508264769583,""endpoint_late_speed_violation"":0.0,""post_speed_violation"":0.8562850009918235,""final_speed_violation"":1.261671168682601,""ip_violation"":0.0,""max_violation"":1.261671168682601,""sum_violation"":2.656392018988787,""l2_violation"":1.5717184610183812,""pass"":false},{""endpoint_step"":13,""arrival_time_ms"":130,""window_start_step"":11,""sustained_box_max_error_m"":0.038446523,""endpoint_velocity_m_per_s"":0.16934395901762692,""endpoint_late_velocity_rms_m_per_s"":0.11101170573993656,""post_arrival_velocity_rms_m_per_s"":0.20168800913495535,""final_velocity_m_per_s"":0.22616711686826013,""sustained_Ip_max_error_A"":719.7912000000033,""position_violation"":0.2815507666666668,""endpoint_speed_violation"":0.6934395901762691,""endpoint_late_speed_violation"":0.1101170573993655,""post_speed_violation"":1.0168800913495533,""final_speed_violation"":1.261671168682601,""ip_violation"":0.0,""max_violation"":1.261671168682601,""sum_violation"":3.363658674274456,""l2_violation"":1.7883272418192122,""pass"":false},{""endpoint_step"":14,""arrival_time_ms"":140,""window_start_step"":12,""sustained_box_max_error_m"":0.038446523,""endpoint_velocity_m_per_s"":0.2054390855660153,""endpoint_late_velocity_rms_m_per_s"":0.15116049644173696,""post_arrival_velocity_rms_m_per_s"":0.21605182553116947,""final_velocity_m_per_s"":0.22616711686826013,""sustained_Ip_max_error_A"":666.5001000000011,""position_violation"":0.2815507666666668,""endpoint_speed_violation"":1.0543908556601531,""endpoint_late_speed_violation"":0.5116049644173695,""post_speed_violation"":1.1605182553116946,""final_speed_violation"":1.261671168682601,""ip_violation"":0.0,""max_violation"":1.261671168682601,""sum_violation"":4.269736010738485,""l2_violation"":2.095558949092928,""pass"":false},{""endpoint_step"":15,""arrival_time_ms"":150,""window_start_step"":13,""sustained_box_max_error_m"":0.038446523,""endpoint_velocity_m_per_s"":0.22616711686826013,""endpoint_late_velocity_rms_m_per_s"":0.18562850009918236,""post_arrival_velocity_rms_m_per_s"":0.22616711686826013,""final_velocity_m_per_s"":0.22616711686826013,""sustained_Ip_max_error_A"":619.5966000000008,""position_violation"":0.2815507666666668,""endpoint_speed_violation"":1.261671168682601,""endpoint_late_speed_violation"":0.8562850009918235,""post_speed_violation"":1.261671168682601,""final_speed_violation"":1.261671168682601,""ip_violation"":0.0,""max_violation"":1.261671168682601,""sum_violation"":4.922849273706293,""l2_violation"":2.363881818278764,""pass"":false}]",False,False,7.808649606517642,7.808649606517642,1138372.21205484,0.37629368031179317,0.19977785172467427,0.04807504367787985,390.36723256111145,6
Stage3.0,screen,s30screen_58e561dbe6fd395d,62,nominal_05_s22g000_571ab4a158d29207,s22g000_571ab4a158d29207,gate,linear_ramp_zero,screen_template,"[-0.49809345181810927,0.18286250362187767,0.16955042464019665,-0.39847476145448746,0.14629000289750213,0.13564033971215733,-0.29885607109086554,0.1097175021731266,0.10173025478411798,-0.19923738072724373,0.07314500144875107,0.06782016985607867,-0.09961869036362186,0.03657250072437553,0.03391008492803933,-0.0,0.0,0.0]",stage3_0_evaluations/screen/s30screen_58e561dbe6fd395d.json.gz,True,,16,-0.02684181600000002,0.0385651733,549.7712000000029,0.04698676066549906,0.0385651733,0.22750913007532111,0.18732929933915998,0.6492383287639514,0.41409999999999997,0,16,False,False,NEAR_FEASIBLE_120_150MS,,,,,,,,,12,120,10,0.0385651733,0.12631895713937383,0.08290695919254934,0.18732929933915998,0.22750913007532111,773.8056000000033,0.28550577666666666,0.2631895713937382,0.0,0.8732929933915998,1.275091300753211,0.0,1.275091300753211,2.6970796422052157,1.5935120886155312,"[{""endpoint_step"":12,""arrival_time_ms"":120,""window_start_step"":10,""sustained_box_max_error_m"":0.0385651733,""endpoint_velocity_m_per_s"":0.12631895713937383,""endpoint_late_velocity_rms_m_per_s"":0.08290695919254934,""post_arrival_velocity_rms_m_per_s"":0.18732929933915998,""final_velocity_m_per_s"":0.22750913007532111,""sustained_Ip_max_error_A"":773.8056000000033,""position_violation"":0.28550577666666666,""endpoint_speed_violation"":0.2631895713937382,""endpoint_late_speed_violation"":0.0,""post_speed_violation"":0.8732929933915998,""final_speed_violation"":1.275091300753211,""ip_violation"":0.0,""max_violation"":1.275091300753211,""sum_violation"":2.6970796422052157,""l2_violation"":1.5935120886155312,""pass"":false},{""endpoint_step"":13,""arrival_time_ms"":130,""window_start_step"":11,""sustained_box_max_error_m"":0.0385651733,""endpoint_velocity_m_per_s"":0.17128832122974527,""endpoint_late_velocity_rms_m_per_s"":0.11194999133878894,""post_arrival_velocity_rms_m_per_s"":0.20364395942495936,""final_velocity_m_per_s"":0.22750913007532111,""sustained_Ip_max_error_A"":713.5636000000013,""position_violation"":0.28550577666666666,""endpoint_speed_violation"":0.7128832122974527,""endpoint_late_speed_violation"":0.11949991338788934,""post_speed_violation"":1.0364395942495936,""final_speed_violation"":1.275091300753211,""ip_violation"":0.0,""max_violation"":1.275091300753211,""sum_violation"":3.429419797354813,""l2_violation"":1.8177076525035765,""pass"":false},{""endpoint_step"":14,""arrival_time_ms"":140,""window_start_step"":12,""sustained_box_max_error_m"":0.0385651733,""endpoint_velocity_m_per_s"":0.20811653796248314,""endpoint_late_velocity_rms_m_per_s"":0.1527596684593133,""post_arrival_velocity_rms_m_per_s"":0.21802855047117,""final_velocity_m_per_s"":0.22750913007532111,""sustained_Ip_max_error_A"":657.6632000000027,""position_violation"":0.28550577666666666,""endpoint_speed_violation"":1.081165379624831,""endpoint_late_speed_violation"":0.5275966845931328,""post_speed_violation"":1.1802855047117,""final_speed_violation"":1.275091300753211,""ip_violation"":0.0,""max_violation"":1.275091300753211,""sum_violation"":4.3496446463495415,""l2_violation"":2.1325388826682796,""pass"":false},{""endpoint_step"":15,""arrival_time_ms"":150,""window_start_step"":13,""sustained_box_max_error_m"":0.0385651733,""endpoint_velocity_m_per_s"":0.22750913007532111,""endpoint_late_velocity_rms_m_per_s"":0.18732929933915998,""post_arrival_velocity_rms_m_per_s"":0.22750913007532111,""final_velocity_m_per_s"":0.22750913007532111,""sustained_Ip_max_error_A"":610.9913000000015,""position_violation"":0.28550577666666666,""endpoint_speed_violation"":1.275091300753211,""endpoint_late_speed_violation"":0.8732929933915998,""post_speed_violation"":1.275091300753211,""final_speed_violation"":1.275091300753211,""ip_violation"":0.0,""max_violation"":1.275091300753211,""sum_violation"":4.984072672317899,""l2_violation"":2.3920133102862207,""pass"":false}]",False,False,7.8898805324604036,7.8898805324604036,1139898.8506132897,0.3758668405669652,0.19966831230239096,0.04807504367787985,394.7482125759125,7
Stage3.0,screen,s30screen_1b31439e5aea7523,69,nominal_05_s22g000_571ab4a158d29207,s22g000_571ab4a158d29207,gate,mode2_minus_pulse,screen_template,"[-0.49809345181810927,0.18286250362187767,0.16955042464019665,-0.39847476145448746,0.06629000289750213,0.13564033971215733,-0.29885607109086554,0.029717502173126603,0.10173025478411798,-0.19923738072724373,0.01714500144875107,0.06782016985607867,-0.09961869036362186,0.012572500724375532,0.03391008492803933,-0.0,0.0,0.0]",stage3_0_evaluations/screen/s30screen_1b31439e5aea7523.json.gz,True,,16,-0.027132991999999967,0.0386705738,543.0460000000021,0.04723994636844234,0.0386705738,0.2296516126401959,0.1891250702943853,0.6492383287639514,0.41409999999999997,0,16,False,False,NEAR_FEASIBLE_120_150MS,,,,,,,,,12,120,10,0.0386705738,0.12673934714529803,0.08308789173942295,0.1891250702943853,0.2296516126401959,773.8056000000033,0.2890191266666666,0.2673934714529802,0.0,0.891250702943853,1.2965161264019587,0.0,1.2965161264019587,2.7441794274654585,1.6218240365937022,"[{""endpoint_step"":12,""arrival_time_ms"":120,""window_start_step"":10,""sustained_box_max_error_m"":0.0386705738,""endpoint_velocity_m_per_s"":0.12673934714529803,""endpoint_late_velocity_rms_m_per_s"":0.08308789173942295,""post_arrival_velocity_rms_m_per_s"":0.1891250702943853,""final_velocity_m_per_s"":0.2296516126401959,""sustained_Ip_max_error_A"":773.8056000000033,""position_violation"":0.2890191266666666,""endpoint_speed_violation"":0.2673934714529802,""endpoint_late_speed_violation"":0.0,""post_speed_violation"":0.891250702943853,""final_speed_violation"":1.2965161264019587,""ip_violation"":0.0,""max_violation"":1.2965161264019587,""sum_violation"":2.7441794274654585,""l2_violation"":1.6218240365937022,""pass"":false},{""endpoint_step"":13,""arrival_time_ms"":130,""window_start_step"":11,""sustained_box_max_error_m"":0.0386705738,""endpoint_velocity_m_per_s"":0.17305487173386858,""endpoint_late_velocity_rms_m_per_s"":0.1127604068021319,""post_arrival_velocity_rms_m_per_s"":0.20575900688314017,""final_velocity_m_per_s"":0.2296516126401959,""sustained_Ip_max_error_A"":706.0430000000015,""position_violation"":0.2890191266666666,""endpoint_speed_violation"":0.7305487173386858,""endpoint_late_speed_violation"":0.12760406802131885,""post_speed_violation"":1.0575900688314017,""final_speed_violation"":1.2965161264019587,""ip_violation"":0.0,""max_violation"":1.2965161264019587,""sum_violation"":3.5012781072600316,""l2_violation"":1.8528267867966233,""pass"":false},{""endpoint_step"":14,""arrival_time_ms"":140,""window_start_step"":12,""sustained_box_max_error_m"":0.0386705738,""endpoint_velocity_m_per_s"":0.21052898831643133,""endpoint_late_velocity_rms_m_per_s"":0.15417559948396264,""post_arrival_velocity_rms_m_per_s"":0.22029788708676107,""final_velocity_m_per_s"":0.2296516126401959,""sustained_Ip_max_error_A"":645.4724999999999,""position_violation"":0.2890191266666666,""endpoint_speed_violation"":1.1052898831643132,""endpoint_late_speed_violation"":0.5417559948396264,""post_speed_violation"":1.2029788708676104,""final_speed_violation"":1.2965161264019587,""ip_violation"":0.0,""max_violation"":1.2965161264019587,""sum_violation"":4.435560001940175,""l2_violation"":2.1741227125264726,""pass"":false},{""endpoint_step"":15,""arrival_time_ms"":150,""window_start_step"":13,""sustained_box_max_error_m"":0.0386705738,""endpoint_velocity_m_per_s"":0.2296516126401959,""endpoint_late_velocity_rms_m_per_s"":0.1891250702943853,""post_arrival_velocity_rms_m_per_s"":0.2296516126401959,""final_velocity_m_per_s"":0.2296516126401959,""sustained_Ip_max_error_A"":598.8895000000011,""position_violation"":0.2890191266666666,""endpoint_speed_violation"":1.2965161264019587,""endpoint_late_speed_violation"":0.891250702943853,""post_speed_violation"":1.2965161264019587,""final_speed_violation"":1.2965161264019587,""ip_violation"":0.0,""max_violation"":1.2965161264019587,""sum_violation"":5.069818208816396,""l2_violation"":2.4332533918887473,""pass"":false}]",False,False,7.973889228539473,7.973889228539473,1142258.1282758801,0.3756488878937991,0.19977785172467427,0.04807504367787985,398.15610933303833,8
Stage3.0,screen,s30screen_0803181b62756a85,85,nominal_07_s22g005_a2acc95ca222cec3,s22g005_a2acc95ca222cec3,position_front,zero_after_100,screen_template,"[-0.49077844169390217,-0.20688584005420638,-0.030122634663424044,0.0,0.0,0.0,0.0,0.0,0.0,0.0,0.0,0.0,0.0,0.0,0.0,0.0,0.0,0.0]",stage3_0_evaluations/screen/s30screen_0803181b62756a85.json.gz,True,,16,-0.029787341000000023,0.0393032436,586.9825000000019,0.0493156226902918,0.0393032436,0.22770344485416796,0.21356410759636785,0.6492838018270403,0.41475,0,16,False,False,NEAR_FEASIBLE_120_150MS,,,,,,,,,12,120,10,0.0393032436,0.17478535595675615,0.11128843176666336,0.21356410759636785,0.22770344485416796,709.4993000000031,0.3101081200000002,0.7478535595675615,0.11288431766663365,1.1356410759636781,1.2770344485416794,0.0,1.2770344485416794,3.5835215217395526,1.8943844641468532,"[{""endpoint_step"":12,""arrival_time_ms"":120,""window_start_step"":10,""sustained_box_max_error_m"":0.0393032436,""endpoint_velocity_m_per_s"":0.17478535595675615,""endpoint_late_velocity_rms_m_per_s"":0.11128843176666336,""post_arrival_velocity_rms_m_per_s"":0.21356410759636785,""final_velocity_m_per_s"":0.22770344485416796,""sustained_Ip_max_error_A"":709.4993000000031,""position_violation"":0.3101081200000002,""endpoint_speed_violation"":0.7478535595675615,""endpoint_late_speed_violation"":0.11288431766663365,""post_speed_violation"":1.1356410759636781,""final_speed_violation"":1.2770344485416794,""ip_violation"":0.0,""max_violation"":1.2770344485416794,""sum_violation"":3.5835215217395526,""l2_violation"":1.8943844641468532,""pass"":false},{""endpoint_step"":13,""arrival_time_ms"":130,""window_start_step"":11,""sustained_box_max_error_m"":0.0393032436,""endpoint_velocity_m_per_s"":0.21675093677749352,""endpoint_late_velocity_rms_m_per_s"":0.14844070900913098,""post_arrival_velocity_rms_m_per_s"":0.22501006759461673,""final_velocity_m_per_s"":0.22770344485416796,""sustained_Ip_max_error_A"":689.0341000000008,""position_violation"":0.3101081200000002,""endpoint_speed_violation"":1.1675093677749349,""endpoint_late_speed_violation"":0.4844070900913098,""post_speed_violation"":1.2501006759461673,""final_speed_violation"":1.2770344485416794,""ip_violation"":0.0,""max_violation"":1.2770344485416794,""sum_violation"":4.489159702354092,""l2_violation"":2.2107609734265954,""pass"":false},{""endpoint_step"":14,""arrival_time_ms"":140,""window_start_step"":12,""sustained_box_max_error_m"":0.0393032436,""endpoint_velocity_m_per_s"":0.23034488091647679,""endpoint_late_velocity_rms_m_per_s"":0.1878149264934693,""post_arrival_velocity_rms_m_per_s"":0.2290279709586593,""final_velocity_m_per_s"":0.22770344485416796,""sustained_Ip_max_error_A"":661.5198000000019,""position_violation"":0.3101081200000002,""endpoint_speed_violation"":1.3034488091647676,""endpoint_late_speed_violation"":0.8781492649346927,""post_speed_violation"":1.2902797095865925,""final_speed_violation"":1.2770344485416794,""ip_violation"":0.0,""max_violation"":1.3034488091647676,""sum_violation"":5.059020352227733,""l2_violation"":2.4211424343564216,""pass"":false},{""endpoint_step"":15,""arrival_time_ms"":150,""window_start_step"":13,""sustained_box_max_error_m"":0.0393032436,""endpoint_velocity_m_per_s"":0.22770344485416796,""endpoint_late_velocity_rms_m_per_s"":0.21356410759636785,""post_arrival_velocity_rms_m_per_s"":0.22770344485416796,""final_velocity_m_per_s"":0.22770344485416796,""sustained_Ip_max_error_A"":634.3956000000035,""position_violation"":0.3101081200000002,""endpoint_speed_violation"":1.2770344485416794,""endpoint_late_speed_violation"":1.1356410759636781,""post_speed_violation"":1.2770344485416794,""final_speed_violation"":1.2770344485416794,""ip_violation"":0.0,""max_violation"":1.2770344485416794,""sum_violation"":5.276852541588717,""l2_violation"":2.5056533375134573,""pass"":false}]",False,False,9.288757673038942,9.288757673038942,1143941.204162946,0.3899529657995212,0.21135898967717462,0.06147467148340888,406.76477551460266,9
Stage3.0,screen,s30screen_26788caf646ec2df,73,nominal_06_s22g002_e66fb8b248b46533,s22g002_e66fb8b248b46533,gate,zero_after_100,screen_template,"[-0.6123570383020945,-0.06513165996609745,0.04384139339374735,0.0,0.0,0.0,0.0,0.0,0.0,0.0,0.0,0.0,0.0,0.0,0.0,0.0,0.0,0.0]",stage3_0_evaluations/screen/s30screen_26788caf646ec2df.json.gz,True,,16,-0.028262951999999952,0.0402064025,603.3001000000004,0.04914620288228082,0.0402064025,0.23170742102634503,0.2118320307525966,0.649314019602587,0.4144,0,0,False,False,NEAR_FEASIBLE_120_150MS,,,,,,,,,12,120,10,0.0402064025,0.17135108059617263,0.10688596869959008,0.2118320307525966,0.23170742102634503,740.9024000000027,0.3402134166666668,0.7135108059617261,0.06885968699590062,1.1183203075259658,1.31707421026345,0.0,1.31707421026345,3.557978427413709,1.9012914771710816,"[{""endpoint_step"":12,""arrival_time_ms"":120,""window_start_step"":10,""sustained_box_max_error_m"":0.0402064025,""endpoint_velocity_m_per_s"":0.17135108059617263,""endpoint_late_velocity_rms_m_per_s"":0.10688596869959008,""post_arrival_velocity_rms_m_per_s"":0.2118320307525966,""final_velocity_m_per_s"":0.23170742102634503,""sustained_Ip_max_error_A"":740.9024000000027,""position_violation"":0.3402134166666668,""endpoint_speed_violation"":0.7135108059617261,""endpoint_late_speed_violation"":0.06885968699590062,""post_speed_violation"":1.1183203075259658,""final_speed_violation"":1.31707421026345,""ip_violation"":0.0,""max_violation"":1.31707421026345,""sum_violation"":3.557978427413709,""l2_violation"":1.9012914771710816,""pass"":false},{""endpoint_step"":13,""arrival_time_ms"":130,""window_start_step"":11,""sustained_box_max_error_m"":0.0402064025,""endpoint_velocity_m_per_s"":0.21344066017302685,""endpoint_late_velocity_rms_m_per_s"":0.14602233059942707,""post_arrival_velocity_rms_m_per_s"":0.2237037059666201,""final_velocity_m_per_s"":0.23170742102634503,""sustained_Ip_max_error_A"":704.1811000000016,""position_violation"":0.3402134166666668,""endpoint_speed_violation"":1.1344066017302685,""endpoint_late_speed_violation"":0.46022330599427064,""post_speed_violation"":1.2370370596662008,""final_speed_violation"":1.31707421026345,""ip_violation"":0.0,""max_violation"":1.31707421026345,""sum_violation"":4.488954594320857,""l2_violation"":2.208930546811785,""pass"":false},{""endpoint_step"":14,""arrival_time_ms"":140,""window_start_step"":12,""sustained_box_max_error_m"":0.0402064025,""endpoint_velocity_m_per_s"":0.2255765941223128,""endpoint_late_velocity_rms_m_per_s"":0.18440526683750522,""post_arrival_velocity_rms_m_per_s"":0.22866255571748356,""final_velocity_m_per_s"":0.23170742102634503,""sustained_Ip_max_error_A"":671.9785000000011,""position_violation"":0.3402134166666668,""endpoint_speed_violation"":1.2557659412231277,""endpoint_late_speed_violation"":0.844052668375052,""post_speed_violation"":1.2866255571748355,""final_speed_violation"":1.31707421026345,""ip_violation"":0.0,""max_violation"":1.31707421026345,""sum_violation"":5.043731793703133,""l2_violation"":2.407323820079801,""pass"":false},{""endpoint_step"":15,""arrival_time_ms"":150,""window_start_step"":13,""sustained_box_max_error_m"":0.0402064025,""endpoint_velocity_m_per_s"":0.23170742102634503,""endpoint_late_velocity_rms_m_per_s"":0.2118320307525966,""post_arrival_velocity_rms_m_per_s"":0.23170742102634503,""final_velocity_m_per_s"":0.23170742102634503,""sustained_Ip_max_error_A"":644.8806000000004,""position_violation"":0.3402134166666668,""endpoint_speed_violation"":1.31707421026345,""endpoint_late_speed_violation"":1.1183203075259658,""post_speed_violation"":1.31707421026345,""final_speed_violation"":1.31707421026345,""ip_violation"":0.0,""max_violation"":1.31707421026345,""sum_violation"":5.409756354982982,""l2_violation"":2.5632867387649494,""pass"":false}]",False,False,9.222304873478254,9.222304873478254,1147849.8485180442,0.3816775180026265,0.2052080748345765,0.05253984056323568,407.3701648712158,10
Stage3.0,screen,s30screen_7fa215a1298e0b41,51,nominal_04_s22g004_b65dbd2d777a03f8,s22g004_b65dbd2d777a03f8,speed_safe,fast_ramp_zero,screen_template,"[-0.570376789148781,0.0306486940965105,0.06409710769184573,-0.2851883945743905,0.01532434704825525,0.03204855384592287,-0.0,0.0,0.0,-0.0,0.0,0.0,-0.0,0.0,0.0,-0.0,0.0,0.0]",stage3_0_evaluations/screen/s30screen_7fa215a1298e0b41.json.gz,True,,16,-0.02896217999999995,0.0398279571,579.4458000000013,0.04924504073621868,0.0398279571,0.2375372667138533,0.2134774332791186,0.6494148319822909,0.41475,0,16,False,False,NEAR_FEASIBLE_120_150MS,,,,,,,,,12,120,10,0.0398279571,0.16486234794537208,0.10395589672422581,0.2134774332791186,0.2375372667138533,724.4620000000032,0.3275985699999999,0.6486234794537207,0.03955896724225805,1.134774332791186,1.375372667138533,0.0,1.375372667138533,3.525928016625697,1.9258662759722993,"[{""endpoint_step"":12,""arrival_time_ms"":120,""window_start_step"":10,""sustained_box_max_error_m"":0.0398279571,""endpoint_velocity_m_per_s"":0.16486234794537208,""endpoint_late_velocity_rms_m_per_s"":0.10395589672422581,""post_arrival_velocity_rms_m_per_s"":0.2134774332791186,""final_velocity_m_per_s"":0.2375372667138533,""sustained_Ip_max_error_A"":724.4620000000032,""position_violation"":0.3275985699999999,""endpoint_speed_violation"":0.6486234794537207,""endpoint_late_speed_violation"":0.03955896724225805,""post_speed_violation"":1.134774332791186,""final_speed_violation"":1.375372667138533,""ip_violation"":0.0,""max_violation"":1.375372667138533,""sum_violation"":3.525928016625697,""l2_violation"":1.9258662759722993,""pass"":false},{""endpoint_step"":13,""arrival_time_ms"":130,""window_start_step"":11,""sustained_box_max_error_m"":0.0398279571,""endpoint_velocity_m_per_s"":0.2119271200500785,""endpoint_late_velocity_rms_m_per_s"":0.14314048093157486,""post_arrival_velocity_rms_m_per_s"":0.2273843034070303,""final_velocity_m_per_s"":0.2375372667138533,""sustained_Ip_max_error_A"":687.0536000000029,""position_violation"":0.3275985699999999,""endpoint_speed_violation"":1.1192712005007848,""endpoint_late_speed_violation"":0.43140480931574854,""post_speed_violation"":1.2738430340703029,""final_speed_violation"":1.375372667138533,""ip_violation"":0.0,""max_violation"":1.375372667138533,""sum_violation"":4.5274902810253685,""l2_violation"":2.249561068697284,""pass"":false},{""endpoint_step"":14,""arrival_time_ms"":140,""window_start_step"":12,""sustained_box_max_error_m"":0.0398279571,""endpoint_velocity_m_per_s"":0.23189180023686168,""endpoint_late_velocity_rms_m_per_s"":0.18398967443357112,""post_arrival_velocity_rms_m_per_s"":0.2347315062949378,""final_velocity_m_per_s"":0.2375372667138533,""sustained_Ip_max_error_A"":646.2494000000006,""position_violation"":0.3275985699999999,""endpoint_speed_violation"":1.3189180023686164,""endpoint_late_speed_violation"":0.839896744335711,""post_speed_violation"":1.3473150629493778,""final_speed_violation"":1.375372667138533,""ip_violation"":0.0,""max_violation"":1.375372667138533,""sum_violation"":5.209101046792238,""l2_violation"":2.5018393060997823,""pass"":false},{""endpoint_step"":15,""arrival_time_ms"":150,""window_start_step"":13,""sustained_box_max_error_m"":0.0398279571,""endpoint_velocity_m_per_s"":0.2375372667138533,""endpoint_late_velocity_rms_m_per_s"":0.2134774332791186,""post_arrival_velocity_rms_m_per_s"":0.2375372667138533,""final_velocity_m_per_s"":0.2375372667138533,""sustained_Ip_max_error_A"":619.397100000002,""position_violation"":0.3275985699999999,""endpoint_speed_violation"":1.375372667138533,""endpoint_late_speed_violation"":1.134774332791186,""post_speed_violation"":1.375372667138533,""final_speed_violation"":1.375372667138533,""ip_violation"":0.0,""max_violation"":1.375372667138533,""sum_violation"":5.588490904206784,""l2_violation"":2.658944062962403,""pass"":false}]",False,False,9.310458422079684,9.310458422079684,1153576.1555147504,0.38338031769318126,0.2079565041051968,0.062449915495007356,382.37664437294006,11
Stage3.0,screen,s30screen_604cece040fe6765,1,nominal_00_s22g005_adf586ba25597d7e,s22g005_adf586ba25597d7e,corner,zero_after_100,screen_template,"[-0.46646280409257196,-0.12819906619391455,-0.0001051071873125458,0.0,0.0,0.0,0.0,0.0,0.0,0.0,0.0,0.0,0.0,0.0,0.0,0.0,0.0,0.0]",stage3_0_evaluations/screen/s30screen_604cece040fe6765.json.gz,True,,16,-0.030082823999999952,0.0403144479,577.1580000000031,0.05030140166334123,0.0403144479,0.23727249834070532,0.22303509149354966,0.6492793452001951,0.41465,0,0,False,False,NEAR_FEASIBLE_120_150MS,,,,,,,,,12,120,10,0.0403144479,0.1891588337970833,0.11907637382937711,0.22303509149354966,0.23727249834070532,696.449700000001,0.3438149300000002,0.8915883379708327,0.19076373829377102,1.2303509149354963,1.372724983407053,0.0,1.372724983407053,4.029242904607154,2.0851058793972115,"[{""endpoint_step"":12,""arrival_time_ms"":120,""window_start_step"":10,""sustained_box_max_error_m"":0.0403144479,""endpoint_velocity_m_per_s"":0.1891588337970833,""endpoint_late_velocity_rms_m_per_s"":0.11907637382937711,""post_arrival_velocity_rms_m_per_s"":0.22303509149354966,""final_velocity_m_per_s"":0.23727249834070532,""sustained_Ip_max_error_A"":696.449700000001,""position_violation"":0.3438149300000002,""endpoint_speed_violation"":0.8915883379708327,""endpoint_late_speed_violation"":0.19076373829377102,""post_speed_violation"":1.2303509149354963,""final_speed_violation"":1.372724983407053,""ip_violation"":0.0,""max_violation"":1.372724983407053,""sum_violation"":4.029242904607154,""l2_violation"":2.0851058793972115,""pass"":false},{""endpoint_step"":13,""arrival_time_ms"":130,""window_start_step"":11,""sustained_box_max_error_m"":0.0403144479,""endpoint_velocity_m_per_s"":0.22795893378128987,""endpoint_late_velocity_rms_m_per_s"":0.16027601982408535,""post_arrival_velocity_rms_m_per_s"":0.2332363206039972,""final_velocity_m_per_s"":0.23727249834070532,""sustained_Ip_max_error_A"":672.7394000000022,""position_violation"":0.3438149300000002,""endpoint_speed_violation"":1.2795893378128986,""endpoint_late_speed_violation"":0.6027601982408535,""post_speed_violation"":1.3323632060399722,""final_speed_violation"":1.372724983407053,""ip_violation"":0.0,""max_violation"":1.372724983407053,""sum_violation"":4.931252655500778,""l2_violation"":2.403839226944622,""pass"":false},{""endpoint_step"":14,""arrival_time_ms"":140,""window_start_step"":12,""sustained_box_max_error_m"":0.0403144479,""endpoint_velocity_m_per_s"":0.23438009682379005,""endpoint_late_velocity_rms_m_per_s"":0.1981021997475554,""post_arrival_velocity_rms_m_per_s"":0.23583073194133247,""final_velocity_m_per_s"":0.23727249834070532,""sustained_Ip_max_error_A"":646.0389000000032,""position_violation"":0.3438149300000002,""endpoint_speed_violation"":1.3438009682379004,""endpoint_late_speed_violation"":0.9810219974755541,""post_speed_violation"":1.3583073194133246,""final_speed_violation"":1.372724983407053,""ip_violation"":0.0,""max_violation"":1.372724983407053,""sum_violation"":5.399670198533833,""l2_violation"":2.5721171361158217,""pass"":false},{""endpoint_step"":15,""arrival_time_ms"":150,""window_start_step"":13,""sustained_box_max_error_m"":0.0403144479,""endpoint_velocity_m_per_s"":0.23727249834070532,""endpoint_late_velocity_rms_m_per_s"":0.22303509149354966,""post_arrival_velocity_rms_m_per_s"":0.23727249834070532,""final_velocity_m_per_s"":0.23727249834070532,""sustained_Ip_max_error_A"":621.2859000000026,""position_violation"":0.3438149300000002,""endpoint_speed_violation"":1.372724983407053,""endpoint_late_speed_violation"":1.2303509149354963,""post_speed_violation"":1.372724983407053,""final_speed_violation"":1.372724983407053,""ip_violation"":0.0,""max_violation"":1.372724983407053,""sum_violation"":5.692340795156655,""l2_violation"":2.699091276741711,""pass"":false}]",False,False,9.964386003344039,9.964386003344039,1155484.5402245345,0.39122462798723,0.21601877208274917,0.06082249957316407,403.4221239089966,12
Stage3.0,screen,s30screen_48c8667e0bc5265b,71,nominal_05_s22g000_571ab4a158d29207,s22g000_571ab4a158d29207,gate,opposite_cross_pulse,screen_template,"[-0.49809345181810927,0.18286250362187767,0.16955042464019665,-0.4784747614544875,0.22629000289750212,0.12064033971215733,-0.37885607109086555,0.1897175021731266,0.08673025478411799,-0.2552373807272437,0.12914500144875107,0.05732016985607867,-0.12361869036362186,0.06057250072437553,0.029410084928039332,-0.0,0.0,0.0]",stage3_0_evaluations/screen/s30screen_48c8667e0bc5265b.json.gz,True,,16,-0.02640973000000002,0.0387616082,567.7505000000019,0.046903476512122295,0.0387616082,0.2420916891828434,0.19494752519616612,0.6492383287639514,0.41409999999999997,0,16,False,False,NEAR_FEASIBLE_120_150MS,,,,,,,,,12,120,10,0.0387616082,0.1268407057161553,0.0831055064370615,0.19494752519616612,0.2420916891828434,773.8056000000033,0.2920536066666666,0.2684070571615529,0.0,0.9494752519616612,1.4209168918284338,0.0,1.4209168918284338,2.9308528076183142,1.7543790140879394,"[{""endpoint_step"":12,""arrival_time_ms"":120,""window_start_step"":10,""sustained_box_max_error_m"":0.0387616082,""endpoint_velocity_m_per_s"":0.1268407057161553,""endpoint_late_velocity_rms_m_per_s"":0.0831055064370615,""post_arrival_velocity_rms_m_per_s"":0.19494752519616612,""final_velocity_m_per_s"":0.2420916891828434,""sustained_Ip_max_error_A"":773.8056000000033,""position_violation"":0.2920536066666666,""endpoint_speed_violation"":0.2684070571615529,""endpoint_late_speed_violation"":0.0,""post_speed_violation"":0.9494752519616612,""final_speed_violation"":1.4209168918284338,""ip_violation"":0.0,""max_violation"":1.4209168918284338,""sum_violation"":2.9308528076183142,""l2_violation"":1.7543790140879394,""pass"":false},{""endpoint_step"":13,""arrival_time_ms"":130,""window_start_step"":11,""sustained_box_max_error_m"":0.0387616082,""endpoint_velocity_m_per_s"":0.17415105144544762,""endpoint_late_velocity_rms_m_per_s"":0.11319446457677594,""post_arrival_velocity_rms_m_per_s"":0.2128611328964395,""final_velocity_m_per_s"":0.2420916891828434,""sustained_Ip_max_error_A"":724.5845000000008,""position_violation"":0.2920536066666666,""endpoint_speed_violation"":0.7415105144544762,""endpoint_late_speed_violation"":0.13194464576775933,""post_speed_violation"":1.1286113289643946,""final_speed_violation"":1.4209168918284338,""ip_violation"":0.0,""max_violation"":1.4209168918284338,""sum_violation"":3.7150369876817306,""l2_violation"":1.9862806667514246,""pass"":false},{""endpoint_step"":14,""arrival_time_ms"":140,""window_start_step"":12,""sustained_box_max_error_m"":0.0387616082,""endpoint_velocity_m_per_s"":0.2167777917659224,""endpoint_late_velocity_rms_m_per_s"":0.15663885841394004,""post_arrival_velocity_rms_m_per_s"":0.2297835905524066,""final_velocity_m_per_s"":0.2420916891828434,""sustained_Ip_max_error_A"":676.056700000001,""position_violation"":0.2920536066666666,""endpoint_speed_violation"":1.1677779176592238,""endpoint_late_speed_violation"":0.5663885841394003,""post_speed_violation"":1.297835905524066,""final_speed_violation"":1.4209168918284338,""ip_violation"":0.0,""max_violation"":1.4209168918284338,""sum_violation"":4.74497290581779,""l2_violation"":2.3394827320443734,""pass"":false},{""endpoint_step"":15,""arrival_time_ms"":150,""window_start_step"":13,""sustained_box_max_error_m"":0.0387616082,""endpoint_velocity_m_per_s"":0.2420916891828434,""endpoint_late_velocity_rms_m_per_s"":0.19494752519616612,""post_arrival_velocity_rms_m_per_s"":0.2420916891828434,""final_velocity_m_per_s"":0.2420916891828434,""sustained_Ip_max_error_A"":632.8110000000015,""position_violation"":0.2920536066666666,""endpoint_speed_violation"":1.4209168918284338,""endpoint_late_speed_violation"":0.9494752519616612,""post_speed_violation"":1.4209168918284338,""final_speed_violation"":1.4209168918284338,""ip_violation"":0.0,""max_violation"":1.4209168918284338,""sum_violation"":5.504279534113628,""l2_violation"":2.6540182749379855,""pass"":false}]",False,False,8.173778213823434,8.173778213823434,1155577.6532056183,0.37722209759393094,0.19989117891260955,0.04807504367787985,393.1691129207611,13
Stage3.0,screen,s30screen_12214acd1900520e,64,nominal_05_s22g000_571ab4a158d29207,s22g000_571ab4a158d29207,gate,slow_ramp_zero,screen_template,"[-0.49809345181810927,0.18286250362187767,0.16955042464019665,-0.44828410663629836,0.16457625325968991,0.152595382176177,-0.37357008886358195,0.13714687771640827,0.1271628184801475,-0.27395139849996014,0.10057437699203273,0.09325273355210817,-0.17433270813633822,0.06400187626765719,0.05934264862406882,-0.07471401777271638,0.02742937554328165,0.025432563696029496]",stage3_0_evaluations/screen/s30screen_12214acd1900520e.json.gz,True,,16,-0.02665625699999996,0.0388030616,534.1562000000013,0.04707689058108492,0.0388030616,0.2421989139867576,0.19486608775866796,0.6492383287639514,0.41409999999999997,0,16,False,False,NEAR_FEASIBLE_120_150MS,,,,,,,,,12,120,10,0.0388030616,0.12693136532120117,0.08315133181671118,0.19486608775866796,0.2421989139867576,773.8056000000033,0.2934353866666668,0.2693136532120115,0.0,0.9486608775866794,1.4219891398675761,0.0,1.4219891398675761,2.9333990573329336,1.7551765565091944,"[{""endpoint_step"":12,""arrival_time_ms"":120,""window_start_step"":10,""sustained_box_max_error_m"":0.0388030616,""endpoint_velocity_m_per_s"":0.12693136532120117,""endpoint_late_velocity_rms_m_per_s"":0.08315133181671118,""post_arrival_velocity_rms_m_per_s"":0.19486608775866796,""final_velocity_m_per_s"":0.2421989139867576,""sustained_Ip_max_error_A"":773.8056000000033,""position_violation"":0.2934353866666668,""endpoint_speed_violation"":0.2693136532120115,""endpoint_late_speed_violation"":0.0,""post_speed_violation"":0.9486608775866794,""final_speed_violation"":1.4219891398675761,""ip_violation"":0.0,""max_violation"":1.4219891398675761,""sum_violation"":2.9333990573329336,""l2_violation"":1.7551765565091944,""pass"":false},{""endpoint_step"":13,""arrival_time_ms"":130,""window_start_step"":11,""sustained_box_max_error_m"":0.0388030616,""endpoint_velocity_m_per_s"":0.17426786096788843,""endpoint_late_velocity_rms_m_per_s"":0.11327303410453612,""post_arrival_velocity_rms_m_per_s"":0.21274366197466482,""final_velocity_m_per_s"":0.2421989139867576,""sustained_Ip_max_error_A"":712.805900000003,""position_violation"":0.2934353866666668,""endpoint_speed_violation"":0.7426786096788842,""endpoint_late_speed_violation"":0.13273034104536108,""post_speed_violation"":1.127436619746648,""final_speed_violation"":1.4219891398675761,""ip_violation"":0.0,""max_violation"":1.4219891398675761,""sum_violation"":3.7182700970051363,""l2_violation"":1.987073132097526,""pass"":false},{""endpoint_step"":14,""arrival_time_ms"":140,""window_start_step"":12,""sustained_box_max_error_m"":0.0388030616,""endpoint_velocity_m_per_s"":0.21621747345782028,""endpoint_late_velocity_rms_m_per_s"":0.15650198598113757,""post_arrival_velocity_rms_m_per_s"":0.22957603290070158,""final_velocity_m_per_s"":0.2421989139867576,""sustained_Ip_max_error_A"":653.2265000000007,""position_violation"":0.2934353866666668,""endpoint_speed_violation"":1.1621747345782025,""endpoint_late_speed_violation"":0.5650198598113756,""post_speed_violation"":1.2957603290070159,""final_speed_violation"":1.4219891398675761,""ip_violation"":0.0,""max_violation"":1.4219891398675761,""sum_violation"":4.738379449930837,""l2_violation"":2.336032924843119,""pass"":false},{""endpoint_step"":15,""arrival_time_ms"":150,""window_start_step"":13,""sustained_box_max_error_m"":0.0388030616,""endpoint_velocity_m_per_s"":0.2421989139867576,""endpoint_late_velocity_rms_m_per_s"":0.19486608775866796,""post_arrival_velocity_rms_m_per_s"":0.2421989139867576,""final_velocity_m_per_s"":0.2421989139867576,""sustained_Ip_max_error_A"":601.9069000000018,""position_violation"":0.2934353866666668,""endpoint_speed_violation"":1.4219891398675761,""endpoint_late_speed_violation"":0.9486608775866794,""post_speed_violation"":1.4219891398675761,""final_speed_violation"":1.4219891398675761,""ip_violation"":0.0,""max_violation"":1.4219891398675761,""sum_violation"":5.508063683856075,""l2_violation"":2.6556018392288654,""pass"":false}]",False,False,8.182408394726547,8.182408394726547,1155695.8691809934,0.37708348655985224,0.19947992072222853,0.04807504367787985,387.4146180152893,14
Stage3.0,screen,s30screen_73d2cc0ff10d4af1,67,nominal_05_s22g000_571ab4a158d29207,s22g000_571ab4a158d29207,gate,mode1_minus_pulse,screen_template,"[-0.49809345181810927,0.18286250362187767,0.16955042464019665,-0.4784747614544875,0.14629000289750213,0.13564033971215733,-0.37885607109086555,0.1097175021731266,0.10173025478411798,-0.2552373807272437,0.07314500144875107,0.06782016985607867,-0.12361869036362186,0.03657250072437553,0.03391008492803933,-0.0,0.0,0.0]",stage3_0_evaluations/screen/s30screen_73d2cc0ff10d4af1.json.gz,True,,16,-0.026692827999999946,0.0388786827,553.4868999999999,0.04715993039779491,0.0388786827,0.24425574731795155,0.1966257485681885,0.6492383287639514,0.41409999999999997,0,16,False,False,NEAR_FEASIBLE_120_150MS,,,,,,,,,12,120,10,0.0388786827,0.12740308912013276,0.08334232594621928,0.1966257485681885,0.24425574731795155,773.8056000000033,0.29595609,0.2740308912013276,0.0,0.9662574856818851,1.4425574731795154,0.0,1.4425574731795154,2.978801940062728,1.7825006391592204,"[{""endpoint_step"":12,""arrival_time_ms"":120,""window_start_step"":10,""sustained_box_max_error_m"":0.0388786827,""endpoint_velocity_m_per_s"":0.12740308912013276,""endpoint_late_velocity_rms_m_per_s"":0.08334232594621928,""post_arrival_velocity_rms_m_per_s"":0.1966257485681885,""final_velocity_m_per_s"":0.24425574731795155,""sustained_Ip_max_error_A"":773.8056000000033,""position_violation"":0.29595609,""endpoint_speed_violation"":0.2740308912013276,""endpoint_late_speed_violation"":0.0,""post_speed_violation"":0.9662574856818851,""final_speed_violation"":1.4425574731795154,""ip_violation"":0.0,""max_violation"":1.4425574731795154,""sum_violation"":2.978801940062728,""l2_violation"":1.7825006391592204,""pass"":false},{""endpoint_step"":13,""arrival_time_ms"":130,""window_start_step"":11,""sustained_box_max_error_m"":0.0388786827,""endpoint_velocity_m_per_s"":0.1758250667841533,""endpoint_late_velocity_rms_m_per_s"":0.11401259251640858,""post_arrival_velocity_rms_m_per_s"":0.21479850471441794,""final_velocity_m_per_s"":0.24425574731795155,""sustained_Ip_max_error_A"":716.446100000001,""position_violation"":0.29595609,""endpoint_speed_violation"":0.7582506678415328,""endpoint_late_speed_violation"":0.14012592516408562,""post_speed_violation"":1.1479850471441795,""final_speed_violation"":1.4425574731795154,""ip_violation"":0.0,""max_violation"":1.4425574731795154,""sum_violation"":3.7848752033293134,""l2_violation"":2.0201512540614384,""pass"":false},{""endpoint_step"":14,""arrival_time_ms"":140,""window_start_step"":12,""sustained_box_max_error_m"":0.0388786827,""endpoint_velocity_m_per_s"":0.2187232696243052,""endpoint_late_velocity_rms_m_per_s"":0.15790323247093843,""post_arrival_velocity_rms_m_per_s"":0.2318412590254348,""final_velocity_m_per_s"":0.24425574731795155,""sustained_Ip_max_error_A"":661.0590000000011,""position_violation"":0.29595609,""endpoint_speed_violation"":1.187232696243052,""endpoint_late_speed_violation"":0.5790323247093843,""post_speed_violation"":1.3184125902543475,""final_speed_violation"":1.4425574731795154,""ip_violation"":0.0,""max_violation"":1.4425574731795154,""sum_violation"":4.823191174386299,""l2_violation"":2.377303879789505,""pass"":false},{""endpoint_step"":15,""arrival_time_ms"":150,""window_start_step"":13,""sustained_box_max_error_m"":0.0388786827,""endpoint_velocity_m_per_s"":0.24425574731795155,""endpoint_late_velocity_rms_m_per_s"":0.1966257485681885,""post_arrival_velocity_rms_m_per_s"":0.24425574731795155,""final_velocity_m_per_s"":0.24425574731795155,""sustained_Ip_max_error_A"":614.2580000000016,""position_violation"":0.29595609,""endpoint_speed_violation"":1.4425574731795154,""endpoint_late_speed_violation"":0.9662574856818851,""post_speed_violation"":1.4425574731795154,""final_speed_violation"":1.4425574731795154,""ip_violation"":0.0,""max_violation"":1.4425574731795154,""sum_violation"":5.589885995220431,""l2_violation"":2.695210516104924,""pass"":false}]",False,False,8.256463096119774,8.256463096119774,1157961.7121804578,0.3768485637678841,0.19977785172467427,0.04807504367787985,397.16622376441956,15
Stage3.0,screen,s30screen_8588c215969448d8,87,nominal_07_s22g005_a2acc95ca222cec3,s22g005_a2acc95ca222cec3,position_front,fast_ramp_zero,screen_template,"[-0.49077844169390217,-0.20688584005420638,-0.030122634663424044,-0.24538922084695108,-0.10344292002710319,-0.015061317331712022,-0.0,-0.0,-0.0,-0.0,-0.0,-0.0,-0.0,-0.0,-0.0,-0.0,-0.0,-0.0]",stage3_0_evaluations/screen/s30screen_8588c215969448d8.json.gz,True,,16,-0.029748595000000044,0.039912541,596.0534000000007,0.049779411743719,0.039912541,0.25158924072297467,0.22895762741128706,0.6492838018270403,0.41475,0,16,False,False,NEAR_FEASIBLE_120_150MS,,,,,,,,,12,120,10,0.039912541,0.178386491504626,0.11281830610498511,0.22895762741128706,0.25158924072297467,709.4993000000031,0.3304180333333335,0.7838649150462598,0.1281830610498511,1.2895762741128705,1.5158924072297464,0.0,1.5158924072297464,4.0479346907720615,2.1681761773398596,"[{""endpoint_step"":12,""arrival_time_ms"":120,""window_start_step"":10,""sustained_box_max_error_m"":0.039912541,""endpoint_velocity_m_per_s"":0.178386491504626,""endpoint_late_velocity_rms_m_per_s"":0.11281830610498511,""post_arrival_velocity_rms_m_per_s"":0.22895762741128706,""final_velocity_m_per_s"":0.25158924072297467,""sustained_Ip_max_error_A"":709.4993000000031,""position_violation"":0.3304180333333335,""endpoint_speed_violation"":0.7838649150462598,""endpoint_late_speed_violation"":0.1281830610498511,""post_speed_violation"":1.2895762741128705,""final_speed_violation"":1.5158924072297464,""ip_violation"":0.0,""max_violation"":1.5158924072297464,""sum_violation"":4.0479346907720615,""l2_violation"":2.1681761773398596,""pass"":false},{""endpoint_step"":13,""arrival_time_ms"":130,""window_start_step"":11,""sustained_box_max_error_m"":0.039912541,""endpoint_velocity_m_per_s"":0.22931165023427025,""endpoint_late_velocity_rms_m_per_s"":0.1542018654986351,""post_arrival_velocity_rms_m_per_s"":0.24349171118533858,""final_velocity_m_per_s"":0.25158924072297467,""sustained_Ip_max_error_A"":691.3680000000022,""position_violation"":0.3304180333333335,""endpoint_speed_violation"":1.2931165023427025,""endpoint_late_speed_violation"":0.5420186549863508,""post_speed_violation"":1.4349171118533857,""final_speed_violation"":1.5158924072297464,""ip_violation"":0.0,""max_violation"":1.5158924072297464,""sum_violation"":5.116362709745519,""l2_violation"":2.5361442182814766,""pass"":false},{""endpoint_step"":14,""arrival_time_ms"":140,""window_start_step"":12,""sustained_box_max_error_m"":0.039912541,""endpoint_velocity_m_per_s"":0.24896518083291447,""endpoint_late_velocity_rms_m_per_s"":0.19811421483971792,""post_arrival_velocity_rms_m_per_s"":0.2502806497861238,""final_velocity_m_per_s"":0.25158924072297467,""sustained_Ip_max_error_A"":665.1205000000009,""position_violation"":0.3304180333333335,""endpoint_speed_violation"":1.4896518083291443,""endpoint_late_speed_violation"":0.9811421483971792,""post_speed_violation"":1.5028064978612377,""final_speed_violation"":1.5158924072297464,""ip_violation"":0.0,""max_violation"":1.5158924072297464,""sum_violation"":5.81991089515064,""l2_violation"":2.8012917846026575,""pass"":false},{""endpoint_step"":15,""arrival_time_ms"":150,""window_start_step"":13,""sustained_box_max_error_m"":0.039912541,""endpoint_velocity_m_per_s"":0.25158924072297467,""endpoint_late_velocity_rms_m_per_s"":0.22895762741128706,""post_arrival_velocity_rms_m_per_s"":0.25158924072297467,""final_velocity_m_per_s"":0.25158924072297467,""sustained_Ip_max_error_A"":639.7687000000005,""position_violation"":0.3304180333333335,""endpoint_speed_violation"":1.5158924072297464,""endpoint_late_speed_violation"":1.2895762741128705,""post_speed_violation"":1.5158924072297464,""final_speed_violation"":1.5158924072297464,""ip_violation"":0.0,""max_violation"":1.5158924072297464,""sum_violation"":6.167671529135443,""l2_violation"":2.943802373529359,""pass"":false}]",False,False,10.004374419356497,10.004374419356497,1169959.1600378223,0.39038710588836917,0.20963461546246862,0.06147467148340888,414.75996232032776,16
Stage3.0,screen,s30screen_d7d3ae953924f030,65,nominal_05_s22g000_571ab4a158d29207,s22g000_571ab4a158d29207,gate,continue_slope_decay,screen_template,"[-0.49809345181810927,0.18286250362187767,0.16955042464019665,-0.44848939157709905,0.426246140367281,0.18254087024233306,-0.4236873614565939,0.5479379587399826,0.18903609304340127,-0.4112863463963414,0.6087838679263334,0.1922837044439354,-0.4050858388662151,0.6392068225195089,0.19390751014420243,-0.40198558510115195,0.6544182998160966,0.19471941299433596]",stage3_0_evaluations/screen/s30screen_d7d3ae953924f030.json.gz,True,,16,-0.025078351,0.0383795609,542.5888000000014,0.04584663983059183,0.0383795609,0.2589067804918043,0.19873835757910807,0.6492383287639514,0.41409999999999997,0,16,False,False,NEAR_FEASIBLE_120_150MS,,,,,,,,,12,120,10,0.0383795609,0.12490795716418569,0.08230801294653432,0.19873835757910807,0.2589067804918043,773.8056000000033,0.27931869666666675,0.2490795716418568,0.0,0.9873835757910807,1.589067804918043,0.0,1.589067804918043,3.1048496490176474,1.907910475280715,"[{""endpoint_step"":12,""arrival_time_ms"":120,""window_start_step"":10,""sustained_box_max_error_m"":0.0383795609,""endpoint_velocity_m_per_s"":0.12490795716418569,""endpoint_late_velocity_rms_m_per_s"":0.08230801294653432,""post_arrival_velocity_rms_m_per_s"":0.19873835757910807,""final_velocity_m_per_s"":0.2589067804918043,""sustained_Ip_max_error_A"":773.8056000000033,""position_violation"":0.27931869666666675,""endpoint_speed_violation"":0.2490795716418568,""endpoint_late_speed_violation"":0.0,""post_speed_violation"":0.9873835757910807,""final_speed_violation"":1.589067804918043,""ip_violation"":0.0,""max_violation"":1.589067804918043,""sum_violation"":3.1048496490176474,""l2_violation"":1.907910475280715,""pass"":false},{""endpoint_step"":13,""arrival_time_ms"":130,""window_start_step"":11,""sustained_box_max_error_m"":0.0383795609,""endpoint_velocity_m_per_s"":0.16983605343296093,""endpoint_late_velocity_rms_m_per_s"":0.11095041544492534,""post_arrival_velocity_rms_m_per_s"":0.21785755386646238,""final_velocity_m_per_s"":0.2589067804918043,""sustained_Ip_max_error_A"":728.0585000000028,""position_violation"":0.27931869666666675,""endpoint_speed_violation"":0.6983605343296093,""endpoint_late_speed_violation"":0.10950415444925343,""post_speed_violation"":1.1785755386646235,""final_speed_violation"":1.589067804918043,""ip_violation"":0.0,""max_violation"":1.589067804918043,""sum_violation"":3.8548267290281957,""l2_violation"":2.1194089551155537,""pass"":false},{""endpoint_step"":14,""arrival_time_ms"":140,""window_start_step"":12,""sustained_box_max_error_m"":0.0383795609,""endpoint_velocity_m_per_s"":0.2156588400685693,""endpoint_late_velocity_rms_m_per_s"":0.15463431351418638,""post_arrival_velocity_rms_m_per_s"":0.23826608684866601,""final_velocity_m_per_s"":0.2589067804918043,""sustained_Ip_max_error_A"":677.6303000000007,""position_violation"":0.27931869666666675,""endpoint_speed_violation"":1.1565884006856928,""endpoint_late_speed_violation"":0.5463431351418637,""post_speed_violation"":1.38266086848666,""final_speed_violation"":1.589067804918043,""ip_violation"":0.0,""max_violation"":1.589067804918043,""sum_violation"":4.953978905898927,""l2_violation"":2.4801399255074754,""pass"":false},{""endpoint_step"":15,""arrival_time_ms"":150,""window_start_step"":13,""sustained_box_max_error_m"":0.0383795609,""endpoint_velocity_m_per_s"":0.2589067804918043,""endpoint_late_velocity_rms_m_per_s"":0.19873835757910807,""post_arrival_velocity_rms_m_per_s"":0.2589067804918043,""final_velocity_m_per_s"":0.2589067804918043,""sustained_Ip_max_error_A"":630.697500000002,""position_violation"":0.27931869666666675,""endpoint_speed_violation"":1.589067804918043,""endpoint_late_speed_violation"":0.9873835757910807,""post_speed_violation"":1.589067804918043,""final_speed_violation"":1.589067804918043,""ip_violation"":0.0,""max_violation"":1.589067804918043,""sum_violation"":6.033905687211876,""l2_violation"":2.9374061220625736,""pass"":false}]",False,False,8.26168705957252,8.26168705957252,1173242.351250215,0.3906162738387162,0.1999281326782572,0.04807504367787985,402.11064887046814,17
Stage3.0,screen,s30screen_f0db7a7270ddc6f2,75,nominal_06_s22g002_e66fb8b248b46533,s22g002_e66fb8b248b46533,gate,fast_ramp_zero,screen_template,"[-0.6123570383020945,-0.06513165996609745,0.04384139339374735,-0.30617851915104727,-0.03256582998304872,0.021920696696873673,-0.0,-0.0,0.0,-0.0,-0.0,0.0,-0.0,-0.0,0.0,-0.0,-0.0,0.0]",stage3_0_evaluations/screen/s30screen_f0db7a7270ddc6f2.json.gz,True,,16,-0.028085291000000012,0.0409204562,606.3823000000011,0.04963131376631894,0.0409204562,0.2592609099442772,0.23018084012918083,0.649314019602587,0.4144,0,0,False,False,NEAR_FEASIBLE_120_150MS,,,,,,,,,12,120,10,0.0409204562,0.17530941487882296,0.10859996756785668,0.23018084012918083,0.2592609099442772,740.9024000000027,0.36401520666666665,0.7530941487882294,0.08599967567856681,1.301808401291808,1.5926090994427717,0.0,1.5926090994427717,4.097526531868043,2.2221977115329574,"[{""endpoint_step"":12,""arrival_time_ms"":120,""window_start_step"":10,""sustained_box_max_error_m"":0.0409204562,""endpoint_velocity_m_per_s"":0.17530941487882296,""endpoint_late_velocity_rms_m_per_s"":0.10859996756785668,""post_arrival_velocity_rms_m_per_s"":0.23018084012918083,""final_velocity_m_per_s"":0.2592609099442772,""sustained_Ip_max_error_A"":740.9024000000027,""position_violation"":0.36401520666666665,""endpoint_speed_violation"":0.7530941487882294,""endpoint_late_speed_violation"":0.08599967567856681,""post_speed_violation"":1.301808401291808,""final_speed_violation"":1.5926090994427717,""ip_violation"":0.0,""max_violation"":1.5926090994427717,""sum_violation"":4.097526531868043,""l2_violation"":2.2221977115329574,""pass"":false},{""endpoint_step"":13,""arrival_time_ms"":130,""window_start_step"":11,""sustained_box_max_error_m"":0.0409204562,""endpoint_velocity_m_per_s"":0.22957524613990876,""endpoint_late_velocity_rms_m_per_s"":0.1532280432585814,""post_arrival_velocity_rms_m_per_s"":0.24576376577596268,""final_velocity_m_per_s"":0.2592609099442772,""sustained_Ip_max_error_A"":705.8647000000019,""position_violation"":0.36401520666666665,""endpoint_speed_violation"":1.2957524613990876,""endpoint_late_speed_violation"":0.5322804325858137,""post_speed_violation"":1.4576376577596268,""final_speed_violation"":1.5926090994427717,""ip_violation"":0.0,""max_violation"":1.5926090994427717,""sum_violation"":5.242294857853967,""l2_violation"":2.599214353562822,""pass"":false},{""endpoint_step"":14,""arrival_time_ms"":140,""window_start_step"":12,""sustained_box_max_error_m"":0.0409204562,""endpoint_velocity_m_per_s"":0.24754489015088238,""endpoint_late_velocity_rms_m_per_s"":0.19687567866695535,""post_arrival_velocity_rms_m_per_s"":0.2534706019097156,""final_velocity_m_per_s"":0.2592609099442772,""sustained_Ip_max_error_A"":669.4069000000018,""position_violation"":0.36401520666666665,""endpoint_speed_violation"":1.4754489015088237,""endpoint_late_speed_violation"":0.9687567866695534,""post_speed_violation"":1.5347060190971558,""final_speed_violation"":1.5926090994427717,""ip_violation"":0.0,""max_violation"":1.5926090994427717,""sum_violation"":5.935536013384971,""l2_violation"":2.853011137736312,""pass"":false},{""endpoint_step"":15,""arrival_time_ms"":150,""window_start_step"":13,""sustained_box_max_error_m"":0.0409204562,""endpoint_velocity_m_per_s"":0.2592609099442772,""endpoint_late_velocity_rms_m_per_s"":0.23018084012918083,""post_arrival_velocity_rms_m_per_s"":0.2592609099442772,""final_velocity_m_per_s"":0.2592609099442772,""sustained_Ip_max_error_A"":651.1186000000016,""position_violation"":0.36401520666666665,""endpoint_speed_violation"":1.5926090994427717,""endpoint_late_speed_violation"":1.301808401291808,""post_speed_violation"":1.5926090994427717,""final_speed_violation"":1.5926090994427717,""ip_violation"":0.0,""max_violation"":1.5926090994427717,""sum_violation"":6.4436509062867895,""l2_violation"":3.07187620441356,""pass"":false}]",False,False,10.069564951775815,10.069564951775815,1177883.2833482341,0.38227146402119855,0.2028251572862042,0.05253984056323568,381.1962504386902,18
Stage3.0,screen,s30screen_e2e7d1aa68596604,3,nominal_00_s22g005_adf586ba25597d7e,s22g005_adf586ba25597d7e,corner,fast_ramp_zero,screen_template,"[-0.46646280409257196,-0.12819906619391455,-0.0001051071873125458,-0.23323140204628598,-0.06409953309695728,-5.25535936562729e-05,-0.0,-0.0,-0.0,-0.0,-0.0,-0.0,-0.0,-0.0,-0.0,-0.0,-0.0,-0.0]",stage3_0_evaluations/screen/s30screen_e2e7d1aa68596604.json.gz,True,,16,-0.029992094000000025,0.0408719079,583.9901000000027,0.05069554771270273,0.0408719079,0.25923955004898924,0.23678483088707114,0.6492793452001951,0.41465,0,0,False,False,NEAR_FEASIBLE_120_150MS,,,,,,,,,12,120,10,0.0408719079,0.19228139389615942,0.12042234903007365,0.23678483088707114,0.25923955004898924,696.449700000001,0.36239693000000006,0.9228139389615941,0.2042234903007365,1.3678483088707112,1.5923955004898924,0.0,1.5923955004898924,4.449678168622935,2.33052714227206,"[{""endpoint_step"":12,""arrival_time_ms"":120,""window_start_step"":10,""sustained_box_max_error_m"":0.0408719079,""endpoint_velocity_m_per_s"":0.19228139389615942,""endpoint_late_velocity_rms_m_per_s"":0.12042234903007365,""post_arrival_velocity_rms_m_per_s"":0.23678483088707114,""final_velocity_m_per_s"":0.25923955004898924,""sustained_Ip_max_error_A"":696.449700000001,""position_violation"":0.36239693000000006,""endpoint_speed_violation"":0.9228139389615941,""endpoint_late_speed_violation"":0.2042234903007365,""post_speed_violation"":1.3678483088707112,""final_speed_violation"":1.5923955004898924,""ip_violation"":0.0,""max_violation"":1.5923955004898924,""sum_violation"":4.449678168622935,""l2_violation"":2.33052714227206,""pass"":false},{""endpoint_step"":13,""arrival_time_ms"":130,""window_start_step"":11,""sustained_box_max_error_m"":0.0408719079,""endpoint_velocity_m_per_s"":0.23908837698038132,""endpoint_late_velocity_rms_m_per_s"":0.16525814957611173,""post_arrival_velocity_rms_m_per_s"":0.2498640230967139,""final_velocity_m_per_s"":0.25923955004898924,""sustained_Ip_max_error_A"":673.5250000000015,""position_violation"":0.36239693000000006,""endpoint_speed_violation"":1.3908837698038132,""endpoint_late_speed_violation"":0.6525814957611173,""post_speed_violation"":1.4986402309671387,""final_speed_violation"":1.5923955004898924,""ip_violation"":0.0,""max_violation"":1.5923955004898924,""sum_violation"":5.496897927021962,""l2_violation"":2.6969237617034345,""pass"":false},{""endpoint_step"":14,""arrival_time_ms"":140,""window_start_step"":12,""sustained_box_max_error_m"":0.0408719079,""endpoint_velocity_m_per_s"":0.2508539292048466,""endpoint_late_velocity_rms_m_per_s"":0.20703804244168636,""post_arrival_velocity_rms_m_per_s"":0.2550812009019016,""final_velocity_m_per_s"":0.25923955004898924,""sustained_Ip_max_error_A"":646.487000000001,""position_violation"":0.36239693000000006,""endpoint_speed_violation"":1.5085392920484662,""endpoint_late_speed_violation"":1.0703804244168635,""post_speed_violation"":1.5508120090190158,""final_speed_violation"":1.5923955004898924,""ip_violation"":0.0,""max_violation"":1.5923955004898924,""sum_violation"":6.084524155974238,""l2_violation"":2.914357201991614,""pass"":false},{""endpoint_step"":15,""arrival_time_ms"":150,""window_start_step"":13,""sustained_box_max_error_m"":0.0408719079,""endpoint_velocity_m_per_s"":0.25923955004898924,""endpoint_late_velocity_rms_m_per_s"":0.23678483088707114,""post_arrival_velocity_rms_m_per_s"":0.25923955004898924,""final_velocity_m_per_s"":0.25923955004898924,""sustained_Ip_max_error_A"":622.7347000000009,""position_violation"":0.36239693000000006,""endpoint_speed_violation"":1.5923955004898924,""endpoint_late_speed_violation"":1.3678483088707112,""post_speed_violation"":1.5923955004898924,""final_speed_violation"":1.5923955004898924,""ip_violation"":0.0,""max_violation"":1.5923955004898924,""sum_violation"":6.5074317403403885,""l2_violation"":3.099921099140308,""pass"":false}]",False,False,10.626365332893435,10.626365332893435,1179379.416231086,0.3915805253438111,0.2146325081798928,0.06082249957316407,380.06663370132446,19
Stage3.0,screen,s30screen_2f6b25bf687cf13d,13,nominal_01_s22g004_b034e7d0314c08d6,s22g004_b034e7d0314c08d6,corner,zero_after_100,screen_template,"[-0.5685289086987542,-0.2135335047699112,-0.03454107915377853,0.0,0.0,0.0,0.0,0.0,0.0,0.0,0.0,0.0,0.0,0.0,0.0,0.0,0.0,0.0]",stage3_0_evaluations/screen/s30screen_2f6b25bf687cf13d.json.gz,True,,16,-0.02977861599999998,0.0412494033,601.3926000000029,0.050875133842394026,0.0412494033,0.2622715771588498,0.2427942297092748,0.6492791664455781,0.41465,0,0,False,False,NEAR_FEASIBLE_120_150MS,,,,,,,,,12,120,10,0.0412494033,0.20303894289840246,0.12604941422666496,0.2427942297092748,0.2622715771588498,714.4581000000035,0.3749801100000001,1.0303894289840243,0.2604941422666496,1.427942297092748,1.622715771588498,0.0,1.622715771588498,4.716521749931919,2.4377028809109285,"[{""endpoint_step"":12,""arrival_time_ms"":120,""window_start_step"":10,""sustained_box_max_error_m"":0.0412494033,""endpoint_velocity_m_per_s"":0.20303894289840246,""endpoint_late_velocity_rms_m_per_s"":0.12604941422666496,""post_arrival_velocity_rms_m_per_s"":0.2427942297092748,""final_velocity_m_per_s"":0.2622715771588498,""sustained_Ip_max_error_A"":714.4581000000035,""position_violation"":0.3749801100000001,""endpoint_speed_violation"":1.0303894289840243,""endpoint_late_speed_violation"":0.2604941422666496,""post_speed_violation"":1.427942297092748,""final_speed_violation"":1.622715771588498,""ip_violation"":0.0,""max_violation"":1.622715771588498,""sum_violation"":4.716521749931919,""l2_violation"":2.4377028809109285,""pass"":false},{""endpoint_step"":13,""arrival_time_ms"":130,""window_start_step"":11,""sustained_box_max_error_m"":0.0412494033,""endpoint_velocity_m_per_s"":0.24822415895253377,""endpoint_late_velocity_rms_m_per_s"":0.17259437870132385,""post_arrival_velocity_rms_m_per_s"":0.25467059743073317,""final_velocity_m_per_s"":0.2622715771588498,""sustained_Ip_max_error_A"":691.6676000000007,""position_violation"":0.3749801100000001,""endpoint_speed_violation"":1.4822415895253376,""endpoint_late_speed_violation"":0.7259437870132384,""post_speed_violation"":1.5467059743073315,""final_speed_violation"":1.622715771588498,""ip_violation"":0.0,""max_violation"":1.622715771588498,""sum_violation"":5.752587232434404,""l2_violation"":2.808941160088153,""pass"":false},{""endpoint_step"":14,""arrival_time_ms"":140,""window_start_step"":12,""sustained_box_max_error_m"":0.0412494033,""endpoint_velocity_m_per_s"":0.25331744178815724,""endpoint_late_velocity_rms_m_per_s"":0.21371005329193,""post_arrival_velocity_rms_m_per_s"":0.25783338272951284,""final_velocity_m_per_s"":0.2622715771588498,""sustained_Ip_max_error_A"":666.0320000000029,""position_violation"":0.3749801100000001,""endpoint_speed_violation"":1.5331744178815723,""endpoint_late_speed_violation"":1.1371005329192996,""post_speed_violation"":1.5783338272951282,""final_speed_violation"":1.622715771588498,""ip_violation"":0.0,""max_violation"":1.622715771588498,""sum_violation"":6.2463046596844976,""l2_violation"":2.9847237135543394,""pass"":false},{""endpoint_step"":15,""arrival_time_ms"":150,""window_start_step"":13,""sustained_box_max_error_m"":0.0412494033,""endpoint_velocity_m_per_s"":0.2622715771588498,""endpoint_late_velocity_rms_m_per_s"":0.2427942297092748,""post_arrival_velocity_rms_m_per_s"":0.2622715771588498,""final_velocity_m_per_s"":0.2622715771588498,""sustained_Ip_max_error_A"":640.9130000000005,""position_violation"":0.3749801100000001,""endpoint_speed_violation"":1.622715771588498,""endpoint_late_speed_violation"":1.427942297092748,""post_speed_violation"":1.622715771588498,""final_speed_violation"":1.622715771588498,""ip_violation"":0.0,""max_violation"":1.622715771588498,""sum_violation"":6.671069721858242,""l2_violation"":3.1747832544613637,""pass"":false}]",False,False,10.957562533671576,10.957562533671576,1183586.3246020218,0.39282675594349103,0.21450339463002419,0.06092213390688114,386.1271357536316,20
Stage3.0,screen,s30screen_44a722421f1adb20,60,nominal_05_s22g000_571ab4a158d29207,s22g000_571ab4a158d29207,gate,hold_last,screen_template,"[-0.49809345181810927,0.18286250362187767,0.16955042464019665,-0.49809345181810927,0.18286250362187767,0.16955042464019665,-0.49809345181810927,0.18286250362187767,0.16955042464019665,-0.49809345181810927,0.18286250362187767,0.16955042464019665,-0.49809345181810927,0.18286250362187767,0.16955042464019665,-0.49809345181810927,0.18286250362187767,0.16955042464019665]",stage3_0_evaluations/screen/s30screen_44a722421f1adb20.json.gz,True,,16,-0.02629616800000001,0.0391851193,483.71650000000227,0.04719069851188322,0.0391851193,0.26989504648531504,0.2081217401594137,0.6492383287639514,0.41409999999999997,0,16,False,False,NEAR_FEASIBLE_120_150MS,,,,,,,,,12,120,10,0.0391851193,0.12761477990713216,0.08342261804668574,0.2081217401594137,0.26989504648531504,773.8056000000033,0.3061706433333333,0.2761477990713215,0.0,1.0812174015941367,1.6989504648531502,0.0,1.6989504648531502,3.362486308851942,2.055592815055013,"[{""endpoint_step"":12,""arrival_time_ms"":120,""window_start_step"":10,""sustained_box_max_error_m"":0.0391851193,""endpoint_velocity_m_per_s"":0.12761477990713216,""endpoint_late_velocity_rms_m_per_s"":0.08342261804668574,""post_arrival_velocity_rms_m_per_s"":0.2081217401594137,""final_velocity_m_per_s"":0.26989504648531504,""sustained_Ip_max_error_A"":773.8056000000033,""position_violation"":0.3061706433333333,""endpoint_speed_violation"":0.2761477990713215,""endpoint_late_speed_violation"":0.0,""post_speed_violation"":1.0812174015941367,""final_speed_violation"":1.6989504648531502,""ip_violation"":0.0,""max_violation"":1.6989504648531502,""sum_violation"":3.362486308851942,""l2_violation"":2.055592815055013,""pass"":false},{""endpoint_step"":13,""arrival_time_ms"":130,""window_start_step"":11,""sustained_box_max_error_m"":0.0391851193,""endpoint_velocity_m_per_s"":0.17795638735129207,""endpoint_late_velocity_rms_m_per_s"":0.11489458900365052,""post_arrival_velocity_rms_m_per_s"":0.2287452023957255,""final_velocity_m_per_s"":0.26989504648531504,""sustained_Ip_max_error_A"":712.6186000000016,""position_violation"":0.3061706433333333,""endpoint_speed_violation"":0.7795638735129207,""endpoint_late_speed_violation"":0.14894589003650505,""post_speed_violation"":1.2874520239572549,""final_speed_violation"":1.6989504648531502,""ip_violation"":0.0,""max_violation"":1.6989504648531502,""sum_violation"":4.221082895693164,""l2_violation"":2.2951275715961303,""pass"":false},{""endpoint_step"":14,""arrival_time_ms"":140,""window_start_step"":12,""sustained_box_max_error_m"":0.0391851193,""endpoint_velocity_m_per_s"":0.22904429907935017,""endpoint_late_velocity_rms_m_per_s"":0.1621440153726848,""post_arrival_velocity_rms_m_per_s"":0.2503044416885777,""final_velocity_m_per_s"":0.26989504648531504,""sustained_Ip_max_error_A"":650.0161000000007,""position_violation"":0.3061706433333333,""endpoint_speed_violation"":1.2904429907935016,""endpoint_late_speed_violation"":0.6214401537268479,""post_speed_violation"":1.5030444168857766,""final_speed_violation"":1.6989504648531502,""ip_violation"":0.0,""max_violation"":1.6989504648531502,""sum_violation"":5.42004866959261,""l2_violation"":2.70013826333903,""pass"":false},{""endpoint_step"":15,""arrival_time_ms"":150,""window_start_step"":13,""sustained_box_max_error_m"":0.0391851193,""endpoint_velocity_m_per_s"":0.26989504648531504,""endpoint_late_velocity_rms_m_per_s"":0.2081217401594137,""post_arrival_velocity_rms_m_per_s"":0.26989504648531504,""final_velocity_m_per_s"":0.26989504648531504,""sustained_Ip_max_error_A"":590.4722000000002,""position_violation"":0.3061706433333333,""endpoint_speed_violation"":1.6989504648531502,""endpoint_late_speed_violation"":1.0812174015941367,""post_speed_violation"":1.6989504648531502,""final_speed_violation"":1.6989504648531502,""ip_violation"":0.0,""max_violation"":1.6989504648531502,""sum_violation"":6.48423943948692,""l2_violation"":3.1499316783738864,""pass"":false}]",False,False,8.722310091921509,8.722310091921509,1185409.3068458696,0.3832630022900769,0.1988738783763977,0.04807504367787985,386.718469619751,21
Stage3.0,screen,s30screen_3269e5e4c51e0e4f,54,nominal_04_s22g004_b65dbd2d777a03f8,s22g004_b65dbd2d777a03f8,speed_safe,mode1_plus_pulse,screen_template,"[-0.570376789148781,0.0306486940965105,0.06409710769184573,-0.37630143131902477,0.024518955277208404,0.05127768615347659,-0.2622260734892686,0.0183892164579063,0.038458264615107436,-0.1721507156595124,0.012259477638604202,0.025638843076738294,-0.0900753578297562,0.006129738819302101,0.012819421538369147,0.0,0.0,0.0]",stage3_0_evaluations/screen/s30screen_3269e5e4c51e0e4f.json.gz,True,,16,-0.028661862999999954,0.0404786293,570.8674000000028,0.04959860704331912,0.0404786293,0.2732969222954067,0.231133408364471,0.6494148319822909,0.41475,0,0,False,False,NEAR_FEASIBLE_120_150MS,,,,,,,,,12,120,10,0.0404786293,0.16615581765229973,0.1044941874752647,0.231133408364471,0.2732969222954067,724.4620000000032,0.3492876433333334,0.6615581765229972,0.04494187475264688,1.3113340836447098,1.732969222954067,0.0,1.732969222954067,4.100091001207755,2.298795392689485,"[{""endpoint_step"":12,""arrival_time_ms"":120,""window_start_step"":10,""sustained_box_max_error_m"":0.0404786293,""endpoint_velocity_m_per_s"":0.16615581765229973,""endpoint_late_velocity_rms_m_per_s"":0.1044941874752647,""post_arrival_velocity_rms_m_per_s"":0.231133408364471,""final_velocity_m_per_s"":0.2732969222954067,""sustained_Ip_max_error_A"":724.4620000000032,""position_violation"":0.3492876433333334,""endpoint_speed_violation"":0.6615581765229972,""endpoint_late_speed_violation"":0.04494187475264688,""post_speed_violation"":1.3113340836447098,""final_speed_violation"":1.732969222954067,""ip_violation"":0.0,""max_violation"":1.732969222954067,""sum_violation"":4.100091001207755,""l2_violation"":2.298795392689485,""pass"":false},{""endpoint_step"":13,""arrival_time_ms"":130,""window_start_step"":11,""sustained_box_max_error_m"":0.0404786293,""endpoint_velocity_m_per_s"":0.21889293668407014,""endpoint_late_velocity_rms_m_per_s"":0.14612206340270587,""post_arrival_velocity_rms_m_per_s"":0.24905344413666516,""final_velocity_m_per_s"":0.2732969222954067,""sustained_Ip_max_error_A"":686.4224000000031,""position_violation"":0.3492876433333334,""endpoint_speed_violation"":1.1889293668407013,""endpoint_late_speed_violation"":0.4612206340270586,""post_speed_violation"":1.4905344413666515,""final_speed_violation"":1.732969222954067,""ip_violation"":0.0,""max_violation"":1.732969222954067,""sum_violation"":5.222941308521811,""l2_violation"":2.6406731374746335,""pass"":false},{""endpoint_step"":14,""arrival_time_ms"":140,""window_start_step"":12,""sustained_box_max_error_m"":0.0404786293,""endpoint_velocity_m_per_s"":0.2519474719910622,""endpoint_late_velocity_rms_m_per_s"":0.19271894259857275,""post_arrival_velocity_rms_m_per_s"":0.26283905377514644,""final_velocity_m_per_s"":0.2732969222954067,""sustained_Ip_max_error_A"":644.3015000000014,""position_violation"":0.3492876433333334,""endpoint_speed_violation"":1.519474719910622,""endpoint_late_speed_violation"":0.9271894259857274,""post_speed_violation"":1.6283905377514643,""final_speed_violation"":1.732969222954067,""ip_violation"":0.0,""max_violation"":1.732969222954067,""sum_violation"":6.157311549935214,""l2_violation"":2.9908733816457502,""pass"":false},{""endpoint_step"":15,""arrival_time_ms"":150,""window_start_step"":13,""sustained_box_max_error_m"":0.0404786293,""endpoint_velocity_m_per_s"":0.2732969222954067,""endpoint_late_velocity_rms_m_per_s"":0.231133408364471,""post_arrival_velocity_rms_m_per_s"":0.2732969222954067,""final_velocity_m_per_s"":0.2732969222954067,""sustained_Ip_max_error_A"":611.4020000000019,""position_violation"":0.3492876433333334,""endpoint_speed_violation"":1.732969222954067,""endpoint_late_speed_violation"":1.3113340836447098,""post_speed_violation"":1.732969222954067,""final_speed_violation"":1.732969222954067,""ip_violation"":0.0,""max_violation"":1.732969222954067,""sum_violation"":6.859529395840244,""l2_violation"":3.294107757774741,""pass"":false}]",False,False,10.115194700498513,10.115194700498513,1192006.1968876277,0.38444441031585347,0.20684289427240524,0.062449915495007356,412.4092538356781,22
Stage3.0,screen,s30screen_dc4b4c2978d3d40a,25,nominal_02_s22g005_fe6e232ce2c851ad,s22g005_fe6e232ce2c851ad,corner,zero_after_100,screen_template,"[-0.5951009586987541,-0.1869614547699112,-0.04516989915377853,0.0,0.0,0.0,0.0,0.0,0.0,0.0,0.0,0.0,0.0,0.0,0.0,0.0,0.0,0.0]",stage3_0_evaluations/screen/s30screen_dc4b4c2978d3d40a.json.gz,True,,16,-0.029145065999999997,0.0418153313,602.0435000000034,0.05097015601185772,0.0418153313,0.2741622181445933,0.25149513192082573,0.6492932120464047,0.4147,0,0,False,False,NEAR_FEASIBLE_120_150MS,,,,,,,,,12,120,10,0.0418153313,0.20941843444340402,0.1295721524096798,0.25149513192082573,0.2741622181445933,717.0074000000022,0.39384437666666683,1.0941843444340402,0.2957215240967981,1.514951319208257,1.741622181445933,0.0,1.741622181445933,5.040323745851696,2.6015628600758367,"[{""endpoint_step"":12,""arrival_time_ms"":120,""window_start_step"":10,""sustained_box_max_error_m"":0.0418153313,""endpoint_velocity_m_per_s"":0.20941843444340402,""endpoint_late_velocity_rms_m_per_s"":0.1295721524096798,""post_arrival_velocity_rms_m_per_s"":0.25149513192082573,""final_velocity_m_per_s"":0.2741622181445933,""sustained_Ip_max_error_A"":717.0074000000022,""position_violation"":0.39384437666666683,""endpoint_speed_violation"":1.0941843444340402,""endpoint_late_speed_violation"":0.2957215240967981,""post_speed_violation"":1.514951319208257,""final_speed_violation"":1.741622181445933,""ip_violation"":0.0,""max_violation"":1.741622181445933,""sum_violation"":5.040323745851696,""l2_violation"":2.6015628600758367,""pass"":false},{""endpoint_step"":13,""arrival_time_ms"":130,""window_start_step"":11,""sustained_box_max_error_m"":0.0418153313,""endpoint_velocity_m_per_s"":0.25627205295927924,""endpoint_late_velocity_rms_m_per_s"":0.17826169879920928,""post_arrival_velocity_rms_m_per_s"":0.2640347987385803,""final_velocity_m_per_s"":0.2741622181445933,""sustained_Ip_max_error_A"":692.3610000000008,""position_violation"":0.39384437666666683,""endpoint_speed_violation"":1.5627205295927924,""endpoint_late_speed_violation"":0.7826169879920928,""post_speed_violation"":1.6403479873858031,""final_speed_violation"":1.741622181445933,""ip_violation"":0.0,""max_violation"":1.741622181445933,""sum_violation"":6.121152063083288,""l2_violation"":2.988927489779853,""pass"":false},{""endpoint_step"":14,""arrival_time_ms"":140,""window_start_step"":12,""sustained_box_max_error_m"":0.0418153313,""endpoint_velocity_m_per_s"":0.2613481162144481,""endpoint_late_velocity_rms_m_per_s"":0.22058971544692887,""post_arrival_velocity_rms_m_per_s"":0.2678318126238967,""final_velocity_m_per_s"":0.2741622181445933,""sustained_Ip_max_error_A"":665.6275000000023,""position_violation"":0.39384437666666683,""endpoint_speed_violation"":1.6134811621444807,""endpoint_late_speed_violation"":1.2058971544692887,""post_speed_violation"":1.6783181262389668,""final_speed_violation"":1.741622181445933,""ip_violation"":0.0,""max_violation"":1.741622181445933,""sum_violation"":6.633163000965336,""l2_violation"":3.172163671147968,""pass"":false},{""endpoint_step"":15,""arrival_time_ms"":150,""window_start_step"":13,""sustained_box_max_error_m"":0.0418153313,""endpoint_velocity_m_per_s"":0.2741622181445933,""endpoint_late_velocity_rms_m_per_s"":0.25149513192082573,""post_arrival_velocity_rms_m_per_s"":0.2741622181445933,""final_velocity_m_per_s"":0.2741622181445933,""sustained_Ip_max_error_A"":644.1959000000024,""position_violation"":0.39384437666666683,""endpoint_speed_violation"":1.741622181445933,""endpoint_late_speed_violation"":1.514951319208257,""post_speed_violation"":1.741622181445933,""final_speed_violation"":1.741622181445933,""ip_violation"":0.0,""max_violation"":1.741622181445933,""sum_violation"":7.133662240212724,""l2_violation"":3.398519436654183,""pass"":false}]",False,False,11.425786434761173,11.425786434761173,1196936.5017745106,0.39331251742569917,0.2142177632779518,0.0572525731595202,405.281818151474,23
Stage3.0,screen,s30screen_8e5befd9550a69f3,58,nominal_04_s22g004_b65dbd2d777a03f8,s22g004_b65dbd2d777a03f8,speed_safe,coupled_cross_pulse,screen_template,"[-0.570376789148781,0.0306486940965105,0.06409710769184573,-0.37630143131902477,-0.0554810447227916,0.0662776861534766,-0.2622260734892686,-0.061610783542093706,0.053458264615107436,-0.1721507156595124,-0.04374052236139579,0.03613884307673829,-0.0900753578297562,-0.0178702611806979,0.017319421538369146,0.0,0.0,0.0]",stage3_0_evaluations/screen/s30screen_8e5befd9550a69f3.json.gz,True,,16,-0.028936992999999966,0.040589046,555.9005000000034,0.049847971062743995,0.040589046,0.2792776717949793,0.23431276508361024,0.6494148319822909,0.41475,0,0,False,False,NEAR_FEASIBLE_120_150MS,,,,,,,,,12,120,10,0.040589046,0.16698519162080128,0.10485215452307589,0.23431276508361024,0.2792776717949793,724.4620000000032,0.35296819999999984,0.6698519162080128,0.0485215452307588,1.3431276508361023,1.7927767179497929,0.0,1.7927767179497929,4.207246030224667,2.3650967690717657,"[{""endpoint_step"":12,""arrival_time_ms"":120,""window_start_step"":10,""sustained_box_max_error_m"":0.040589046,""endpoint_velocity_m_per_s"":0.16698519162080128,""endpoint_late_velocity_rms_m_per_s"":0.10485215452307589,""post_arrival_velocity_rms_m_per_s"":0.23431276508361024,""final_velocity_m_per_s"":0.2792776717949793,""sustained_Ip_max_error_A"":724.4620000000032,""position_violation"":0.35296819999999984,""endpoint_speed_violation"":0.6698519162080128,""endpoint_late_speed_violation"":0.0485215452307588,""post_speed_violation"":1.3431276508361023,""final_speed_violation"":1.7927767179497929,""ip_violation"":0.0,""max_violation"":1.7927767179497929,""sum_violation"":4.207246030224667,""l2_violation"":2.3650967690717657,""pass"":false},{""endpoint_step"":13,""arrival_time_ms"":130,""window_start_step"":11,""sustained_box_max_error_m"":0.040589046,""endpoint_velocity_m_per_s"":0.22148644637010198,""endpoint_late_velocity_rms_m_per_s"":0.14735035987044462,""post_arrival_velocity_rms_m_per_s"":0.2528015251166237,""final_velocity_m_per_s"":0.2792776717949793,""sustained_Ip_max_error_A"":677.6022000000012,""position_violation"":0.35296819999999984,""endpoint_speed_violation"":1.2148644637010197,""endpoint_late_speed_violation"":0.473503598704446,""post_speed_violation"":1.5280152511662366,""final_speed_violation"":1.7927767179497929,""ip_violation"":0.0,""max_violation"":1.7927767179497929,""sum_violation"":5.3621282315214955,""l2_violation"":2.7154312441268544,""pass"":false},{""endpoint_step"":14,""arrival_time_ms"":140,""window_start_step"":12,""sustained_box_max_error_m"":0.040589046,""endpoint_velocity_m_per_s"":0.25430998685657724,""endpoint_late_velocity_rms_m_per_s"":0.19442240655406332,""post_arrival_velocity_rms_m_per_s"":0.2670857422048364,""final_velocity_m_per_s"":0.2792776717949793,""sustained_Ip_max_error_A"":627.4966000000022,""position_violation"":0.35296819999999984,""endpoint_speed_violation"":1.5430998685657724,""endpoint_late_speed_violation"":0.9442240655406331,""post_speed_violation"":1.6708574220483636,""final_speed_violation"":1.7927767179497929,""ip_violation"":0.0,""max_violation"":1.7927767179497929,""sum_violation"":6.303926274104562,""l2_violation"":3.0664500200984786,""pass"":false},{""endpoint_step"":15,""arrival_time_ms"":150,""window_start_step"":13,""sustained_box_max_error_m"":0.040589046,""endpoint_velocity_m_per_s"":0.2792776717949793,""endpoint_late_velocity_rms_m_per_s"":0.23431276508361024,""post_arrival_velocity_rms_m_per_s"":0.2792776717949793,""final_velocity_m_per_s"":0.2792776717949793,""sustained_Ip_max_error_A"":591.1746000000021,""position_violation"":0.35296819999999984,""endpoint_speed_violation"":1.7927767179497929,""endpoint_late_speed_violation"":1.3431276508361023,""post_speed_violation"":1.7927767179497929,""final_speed_violation"":1.7927767179497929,""ip_violation"":0.0,""max_violation"":1.7927767179497929,""sum_violation"":7.07442600468548,""l2_violation"":3.4015766223797224,""pass"":false}]",False,False,10.280455035843778,10.280455035843778,1198482.0331399855,0.38451813842557697,0.2069523526764853,0.062449915495007356,365.18128538131714,24
Stage3.0,screen,s30screen_bd6185bba65732be,56,nominal_04_s22g004_b65dbd2d777a03f8,s22g004_b65dbd2d777a03f8,speed_safe,mode2_plus_pulse,screen_template,"[-0.570376789148781,0.0306486940965105,0.06409710769184573,-0.4563014313190248,0.1045189552772084,0.05127768615347659,-0.3422260734892686,0.0983892164579063,0.038458264615107436,-0.2281507156595124,0.0682594776386042,0.025638843076738294,-0.1140753578297562,0.0301297388193021,0.012819421538369147,-0.0,0.0,0.0]",stage3_0_evaluations/screen/s30screen_bd6185bba65732be.json.gz,True,,16,-0.02818430999999999,0.0406565856,579.1694000000025,0.049470327296534305,0.0406565856,0.2829628517709746,0.23638162590966255,0.6494148319822909,0.41475,0,0,False,False,NEAR_FEASIBLE_120_150MS,,,,,,,,,12,120,10,0.0406565856,0.16647423988094415,0.10462146424735676,0.23638162590966255,0.2829628517709746,724.4620000000032,0.3552195200000001,0.6647423988094414,0.046214642473567435,1.3638162590966254,1.8296285177097458,0.0,1.8296285177097458,4.25962133808938,2.40369183938707,"[{""endpoint_step"":12,""arrival_time_ms"":120,""window_start_step"":10,""sustained_box_max_error_m"":0.0406565856,""endpoint_velocity_m_per_s"":0.16647423988094415,""endpoint_late_velocity_rms_m_per_s"":0.10462146424735676,""post_arrival_velocity_rms_m_per_s"":0.23638162590966255,""final_velocity_m_per_s"":0.2829628517709746,""sustained_Ip_max_error_A"":724.4620000000032,""position_violation"":0.3552195200000001,""endpoint_speed_violation"":0.6647423988094414,""endpoint_late_speed_violation"":0.046214642473567435,""post_speed_violation"":1.3638162590966254,""final_speed_violation"":1.8296285177097458,""ip_violation"":0.0,""max_violation"":1.8296285177097458,""sum_violation"":4.25962133808938,""l2_violation"":2.40369183938707,""pass"":false},{""endpoint_step"":13,""arrival_time_ms"":130,""window_start_step"":11,""sustained_box_max_error_m"":0.0406565856,""endpoint_velocity_m_per_s"":0.22259862672862446,""endpoint_late_velocity_rms_m_per_s"":0.1476051513363706,""post_arrival_velocity_rms_m_per_s"":0.25546781906066923,""final_velocity_m_per_s"":0.2829628517709746,""sustained_Ip_max_error_A"":696.8190000000031,""position_violation"":0.3552195200000001,""endpoint_speed_violation"":1.2259862672862445,""endpoint_late_speed_violation"":0.47605151336370577,""post_speed_violation"":1.5546781906066922,""final_speed_violation"":1.8296285177097458,""ip_violation"":0.0,""max_violation"":1.8296285177097458,""sum_violation"":5.441564008966388,""l2_violation"":2.7605095666387798,""pass"":false},{""endpoint_step"":14,""arrival_time_ms"":140,""window_start_step"":12,""sustained_box_max_error_m"":0.0406565856,""endpoint_velocity_m_per_s"":0.25724170661658363,""endpoint_late_velocity_rms_m_per_s"":0.1955764706434846,""post_arrival_velocity_rms_m_per_s"":0.2704082756734481,""final_velocity_m_per_s"":0.2829628517709746,""sustained_Ip_max_error_A"":658.6815000000024,""position_violation"":0.3552195200000001,""endpoint_speed_violation"":1.572417066165836,""endpoint_late_speed_violation"":0.955764706434846,""post_speed_violation"":1.704082756734481,""final_speed_violation"":1.8296285177097458,""ip_violation"":0.0,""max_violation"":1.8296285177097458,""sum_violation"":6.417112567044909,""l2_violation"":3.1246761537864436,""pass"":false},{""endpoint_step"":15,""arrival_time_ms"":150,""window_start_step"":13,""sustained_box_max_error_m"":0.0406565856,""endpoint_velocity_m_per_s"":0.2829628517709746,""endpoint_late_velocity_rms_m_per_s"":0.23638162590966255,""post_arrival_velocity_rms_m_per_s"":0.2829628517709746,""final_velocity_m_per_s"":0.2829628517709746,""sustained_Ip_max_error_A"":634.3383000000031,""position_violation"":0.3552195200000001,""endpoint_speed_violation"":1.8296285177097458,""endpoint_late_speed_violation"":1.3638162590966254,""post_speed_violation"":1.8296285177097458,""final_speed_violation"":1.8296285177097458,""ip_violation"":0.0,""max_violation"":1.8296285177097458,""sum_violation"":7.207921332225863,""l2_violation"":3.4682556472116683,""pass"":false}]",False,False,10.352542288140762,10.352542288140762,1202415.3815050076,0.38547930254725854,0.20684289427240524,0.062449915495007356,396.23338317871094,25
Stage3.0,screen,s30screen_f59402e097932342,90,nominal_07_s22g005_a2acc95ca222cec3,s22g005_a2acc95ca222cec3,position_front,mode1_plus_pulse,screen_template,"[-0.49077844169390217,-0.20688584005420638,-0.030122634663424044,-0.31262275335512174,-0.1655086720433651,-0.024098107730739237,-0.21446706501634127,-0.12413150403252382,-0.018073580798054427,-0.14031137667756088,-0.08275433602168256,-0.012049053865369619,-0.07415568833878045,-0.04137716801084128,-0.006024526932684809,0.0,-0.0,-0.0]",stage3_0_evaluations/screen/s30screen_f59402e097932342.json.gz,True,,16,-0.029850143999999967,0.0405664669,603.2597000000023,0.05036535846759685,0.0405664669,0.28738182744967955,0.2469421693087304,0.6492838018270403,0.41475,0,0,False,False,NEAR_FEASIBLE_120_150MS,,,,,,,,,12,120,10,0.0405664669,0.1802074216985705,0.11358114064061038,0.2469421693087304,0.28738182744967955,709.4993000000031,0.3522155633333335,0.8020742169857051,0.13581140640610379,1.4694216930873036,1.8738182744967955,0.0,1.8738182744967955,4.6333411543092415,2.540909016212733,"[{""endpoint_step"":12,""arrival_time_ms"":120,""window_start_step"":10,""sustained_box_max_error_m"":0.0405664669,""endpoint_velocity_m_per_s"":0.1802074216985705,""endpoint_late_velocity_rms_m_per_s"":0.11358114064061038,""post_arrival_velocity_rms_m_per_s"":0.2469421693087304,""final_velocity_m_per_s"":0.28738182744967955,""sustained_Ip_max_error_A"":709.4993000000031,""position_violation"":0.3522155633333335,""endpoint_speed_violation"":0.8020742169857051,""endpoint_late_speed_violation"":0.13581140640610379,""post_speed_violation"":1.4694216930873036,""final_speed_violation"":1.8738182744967955,""ip_violation"":0.0,""max_violation"":1.8738182744967955,""sum_violation"":4.6333411543092415,""l2_violation"":2.540909016212733,""pass"":false},{""endpoint_step"":13,""arrival_time_ms"":130,""window_start_step"":11,""sustained_box_max_error_m"":0.0405664669,""endpoint_velocity_m_per_s"":0.23772346845208545,""endpoint_late_velocity_rms_m_per_s"":0.1579021034375872,""post_arrival_velocity_rms_m_per_s"":0.26548510635963507,""final_velocity_m_per_s"":0.28738182744967955,""sustained_Ip_max_error_A"":688.6898000000001,""position_violation"":0.3522155633333335,""endpoint_speed_violation"":1.3772346845208543,""endpoint_late_speed_violation"":0.5790210343758719,""post_speed_violation"":1.6548510635963507,""final_speed_violation"":1.8738182744967955,""ip_violation"":0.0,""max_violation"":1.8738182744967955,""sum_violation"":5.837140620323206,""l2_violation"":2.933568391238783,""pass"":false},{""endpoint_step"":14,""arrival_time_ms"":140,""window_start_step"":12,""sustained_box_max_error_m"":0.0405664669,""endpoint_velocity_m_per_s"":0.2689726062169774,""endpoint_late_velocity_rms_m_per_s"":0.20735175783028725,""post_arrival_velocity_rms_m_per_s"":0.27832946093027106,""final_velocity_m_per_s"":0.28738182744967955,""sustained_Ip_max_error_A"":663.2623000000021,""position_violation"":0.3522155633333335,""endpoint_speed_violation"":1.6897260621697736,""endpoint_late_speed_violation"":1.0735175783028725,""post_speed_violation"":1.7832946093027102,""final_speed_violation"":1.8738182744967955,""ip_violation"":0.0,""max_violation"":1.8738182744967955,""sum_violation"":6.772572087605486,""l2_violation"":3.2898335138060566,""pass"":false},{""endpoint_step"":15,""arrival_time_ms"":150,""window_start_step"":13,""sustained_box_max_error_m"":0.0405664669,""endpoint_velocity_m_per_s"":0.28738182744967955,""endpoint_late_velocity_rms_m_per_s"":0.2469421693087304,""post_arrival_velocity_rms_m_per_s"":0.28738182744967955,""final_velocity_m_per_s"":0.28738182744967955,""sustained_Ip_max_error_A"":639.4697000000015,""position_violation"":0.3522155633333335,""endpoint_speed_violation"":1.8738182744967955,""endpoint_late_speed_violation"":1.4694216930873036,""post_speed_violation"":1.8738182744967955,""final_speed_violation"":1.8738182744967955,""ip_violation"":0.0,""max_violation"":1.8738182744967955,""sum_violation"":7.443092079911024,""l2_violation"":3.580061548728488,""pass"":false}]",False,False,10.896401465677858,10.896401465677858,1208466.9974845948,0.39130223775830486,0.20869800380401954,0.06147467148340888,414.4374725818634,26
Stage3.0,screen,s30screen_75e9237b23563358,50,nominal_04_s22g004_b65dbd2d777a03f8,s22g004_b65dbd2d777a03f8,speed_safe,linear_ramp_zero,screen_template,"[-0.570376789148781,0.0306486940965105,0.06409710769184573,-0.4563014313190248,0.024518955277208404,0.05127768615347659,-0.3422260734892686,0.0183892164579063,0.038458264615107436,-0.2281507156595124,0.012259477638604202,0.025638843076738294,-0.1140753578297562,0.006129738819302101,0.012819421538369147,-0.0,0.0,0.0]",stage3_0_evaluations/screen/s30screen_75e9237b23563358.json.gz,True,,16,-0.028515115000000035,0.0408059322,574.6433000000034,0.04978188311197382,0.0408059322,0.28929452793158356,0.2401379130304893,0.6494148319822909,0.41475,0,0,False,False,NEAR_FEASIBLE_120_150MS,,,,,,,,,12,120,10,0.0408059322,0.1672935924450734,0.10497524351192425,0.2401379130304893,0.28929452793158356,724.4620000000032,0.36019774000000004,0.672935924450734,0.04975243511924243,1.4013791303048926,1.8929452793158354,0.0,1.8929452793158354,4.3772105091907045,2.476321015631045,"[{""endpoint_step"":12,""arrival_time_ms"":120,""window_start_step"":10,""sustained_box_max_error_m"":0.0408059322,""endpoint_velocity_m_per_s"":0.1672935924450734,""endpoint_late_velocity_rms_m_per_s"":0.10497524351192425,""post_arrival_velocity_rms_m_per_s"":0.2401379130304893,""final_velocity_m_per_s"":0.28929452793158356,""sustained_Ip_max_error_A"":724.4620000000032,""position_violation"":0.36019774000000004,""endpoint_speed_violation"":0.672935924450734,""endpoint_late_speed_violation"":0.04975243511924243,""post_speed_violation"":1.4013791303048926,""final_speed_violation"":1.8929452793158354,""ip_violation"":0.0,""max_violation"":1.8929452793158354,""sum_violation"":4.3772105091907045,""l2_violation"":2.476321015631045,""pass"":false},{""endpoint_step"":13,""arrival_time_ms"":130,""window_start_step"":11,""sustained_box_max_error_m"":0.0408059322,""endpoint_velocity_m_per_s"":0.22384760328390071,""endpoint_late_velocity_rms_m_per_s"":0.14832677401190583,""post_arrival_velocity_rms_m_per_s"":0.25992160550531196,""final_velocity_m_per_s"":0.28929452793158356,""sustained_Ip_max_error_A"":689.6383000000023,""position_violation"":0.36019774000000004,""endpoint_speed_violation"":1.238476032839007,""endpoint_late_speed_violation"":0.48326774011905815,""post_speed_violation"":1.5992160550531196,""final_speed_violation"":1.8929452793158354,""ip_violation"":0.0,""max_violation"":1.8929452793158354,""sum_violation"":5.57410284732702,""l2_violation"":2.835109667311179,""pass"":false},{""endpoint_step"":14,""arrival_time_ms"":140,""window_start_step"":12,""sustained_box_max_error_m"":0.0408059322,""endpoint_velocity_m_per_s"":0.26244742261693604,""endpoint_late_velocity_rms_m_per_s"":0.19783843297226897,""post_arrival_velocity_rms_m_per_s"":0.276197369221206,""final_velocity_m_per_s"":0.28929452793158356,""sustained_Ip_max_error_A"":648.4925000000003,""position_violation"":0.36019774000000004,""endpoint_speed_violation"":1.6244742261693603,""endpoint_late_speed_violation"":0.9783843297226895,""post_speed_violation"":1.76197369221206,""final_speed_violation"":1.8929452793158354,""ip_violation"":0.0,""max_violation"":1.8929452793158354,""sum_violation"":6.617975267419945,""l2_violation"":3.227024626892096,""pass"":false},{""endpoint_step"":15,""arrival_time_ms"":150,""window_start_step"":13,""sustained_box_max_error_m"":0.0408059322,""endpoint_velocity_m_per_s"":0.28929452793158356,""endpoint_late_velocity_rms_m_per_s"":0.2401379130304893,""post_arrival_velocity_rms_m_per_s"":0.28929452793158356,""final_velocity_m_per_s"":0.28929452793158356,""sustained_Ip_max_error_A"":617.3111000000026,""position_violation"":0.36019774000000004,""endpoint_speed_violation"":1.8929452793158354,""endpoint_late_speed_violation"":1.4013791303048926,""post_speed_violation"":1.8929452793158354,""final_speed_violation"":1.8929452793158354,""ip_violation"":0.0,""max_violation"":1.8929452793158354,""sum_violation"":7.440412708252399,""l2_violation"":3.5837593906688996,""pass"":false}]",False,False,10.551365734824557,10.551365734824557,1209290.2423497122,0.38532458098243627,0.20673709828897327,0.062449915495007356,394.06372022628784,27
Stage3.0,screen,s30screen_cb50076ac2b6fd7d,6,nominal_00_s22g005_adf586ba25597d7e,s22g005_adf586ba25597d7e,corner,mode1_plus_pulse,screen_template,"[-0.46646280409257196,-0.12819906619391455,-0.0001051071873125458,-0.29317024327405755,-0.10255925295513164,-8.408574985003664e-05,-0.19987768245554316,-0.07691943971634872,-6.306431238752747e-05,-0.1305851216370288,-0.05127962647756582,-4.204287492501832e-05,-0.0692925608185144,-0.02563981323878291,-2.102143746250916e-05,0.0,-0.0,-0.0]",stage3_0_evaluations/screen/s30screen_cb50076ac2b6fd7d.json.gz,True,,16,-0.02996136100000002,0.0414397885,585.6567000000032,0.05113647645171746,0.0414397885,0.29003712341901855,0.2517779425419415,0.6492793452001951,0.41465,0,0,False,False,NEAR_FEASIBLE_120_150MS,,,,,,,,,12,120,10,0.0414397885,0.19368340025806524,0.12101685009765492,0.2517779425419415,0.29003712341901855,696.449700000001,0.3813262833333333,0.9368340025806523,0.21016850097654904,1.5177794254194152,1.9003712341901853,0.0,1.9003712341901853,4.946479446500135,2.642404907185658,"[{""endpoint_step"":12,""arrival_time_ms"":120,""window_start_step"":10,""sustained_box_max_error_m"":0.0414397885,""endpoint_velocity_m_per_s"":0.19368340025806524,""endpoint_late_velocity_rms_m_per_s"":0.12101685009765492,""post_arrival_velocity_rms_m_per_s"":0.2517779425419415,""final_velocity_m_per_s"":0.29003712341901855,""sustained_Ip_max_error_A"":696.449700000001,""position_violation"":0.3813262833333333,""endpoint_speed_violation"":0.9368340025806523,""endpoint_late_speed_violation"":0.21016850097654904,""post_speed_violation"":1.5177794254194152,""final_speed_violation"":1.9003712341901853,""ip_violation"":0.0,""max_violation"":1.9003712341901853,""sum_violation"":4.946479446500135,""l2_violation"":2.642404907185658,""pass"":false},{""endpoint_step"":13,""arrival_time_ms"":130,""window_start_step"":11,""sustained_box_max_error_m"":0.0414397885,""endpoint_velocity_m_per_s"":0.2459583998191202,""endpoint_late_velocity_rms_m_per_s"":0.16818698662968914,""post_arrival_velocity_rms_m_per_s"":0.26836248487638686,""final_velocity_m_per_s"":0.29003712341901855,""sustained_Ip_max_error_A"":672.7651000000005,""position_violation"":0.3813262833333333,""endpoint_speed_violation"":1.459583998191202,""endpoint_late_speed_violation"":0.6818698662968914,""post_speed_violation"":1.6836248487638685,""final_speed_violation"":1.9003712341901853,""ip_violation"":0.0,""max_violation"":1.9003712341901853,""sum_violation"":6.1067762307754805,""l2_violation"":3.030964393689417,""pass"":false},{""endpoint_step"":14,""arrival_time_ms"":140,""window_start_step"":12,""sustained_box_max_error_m"":0.0414397885,""endpoint_velocity_m_per_s"":0.2672792593231389,""endpoint_late_velocity_rms_m_per_s"":0.2144037888075771,""post_arrival_velocity_rms_m_per_s"":0.27889042241129824,""final_velocity_m_per_s"":0.29003712341901855,""sustained_Ip_max_error_A"":645.7029000000002,""position_violation"":0.3813262833333333,""endpoint_speed_violation"":1.6727925932313887,""endpoint_late_speed_violation"":1.1440378880757707,""post_speed_violation"":1.7889042241129824,""final_speed_violation"":1.9003712341901853,""ip_violation"":0.0,""max_violation"":1.9003712341901853,""sum_violation"":6.88743222294366,""l2_violation"":3.3262676733044616,""pass"":false},{""endpoint_step"":15,""arrival_time_ms"":150,""window_start_step"":13,""sustained_box_max_error_m"":0.0414397885,""endpoint_velocity_m_per_s"":0.29003712341901855,""endpoint_late_velocity_rms_m_per_s"":0.2517779425419415,""post_arrival_velocity_rms_m_per_s"":0.29003712341901855,""final_velocity_m_per_s"":0.29003712341901855,""sustained_Ip_max_error_A"":622.3665000000001,""position_violation"":0.3813262833333333,""endpoint_speed_violation"":1.9003712341901853,""endpoint_late_speed_violation"":1.5177794254194152,""post_speed_violation"":1.9003712341901853,""final_speed_violation"":1.9003712341901853,""ip_violation"":0.0,""max_violation"":1.9003712341901853,""sum_violation"":7.600219411323304,""l2_violation"":3.6446257149122854,""pass"":false}]",False,False,11.386054715504502,11.386054715504502,1212476.8321669202,0.3922425441981281,0.21389873976932255,0.06082249957316407,400.67891359329224,28
Stage3.0,screen,s30screen_0fe8b5654aa4a7a0,57,nominal_04_s22g004_b65dbd2d777a03f8,s22g004_b65dbd2d777a03f8,speed_safe,mode2_minus_pulse,screen_template,"[-0.570376789148781,0.0306486940965105,0.06409710769184573,-0.4563014313190248,-0.0554810447227916,0.05127768615347659,-0.3422260734892686,-0.061610783542093706,0.038458264615107436,-0.2281507156595124,-0.04374052236139579,0.025638843076738294,-0.1140753578297562,-0.0178702611806979,0.012819421538369147,-0.0,0.0,0.0]",stage3_0_evaluations/screen/s30screen_0fe8b5654aa4a7a0.json.gz,True,,16,-0.028819381000000033,0.040908474,567.9406000000017,0.05004058319236336,0.040908474,0.2944395574195367,0.2429973403848614,0.6494148319822909,0.41475,0,0,False,False,NEAR_FEASIBLE_120_150MS,,,,,,,,,12,120,10,0.040908474,0.16797383495974283,0.10527037180698255,0.2429973403848614,0.2944395574195367,724.4620000000032,0.36361580000000004,0.6797383495974283,0.052703718069825545,1.429973403848614,1.944395574195367,0.0,1.944395574195367,4.470426845711235,2.534272369041335,"[{""endpoint_step"":12,""arrival_time_ms"":120,""window_start_step"":10,""sustained_box_max_error_m"":0.040908474,""endpoint_velocity_m_per_s"":0.16797383495974283,""endpoint_late_velocity_rms_m_per_s"":0.10527037180698255,""post_arrival_velocity_rms_m_per_s"":0.2429973403848614,""final_velocity_m_per_s"":0.2944395574195367,""sustained_Ip_max_error_A"":724.4620000000032,""position_violation"":0.36361580000000004,""endpoint_speed_violation"":0.6797383495974283,""endpoint_late_speed_violation"":0.052703718069825545,""post_speed_violation"":1.429973403848614,""final_speed_violation"":1.944395574195367,""ip_violation"":0.0,""max_violation"":1.944395574195367,""sum_violation"":4.470426845711235,""l2_violation"":2.534272369041335,""pass"":false},{""endpoint_step"":13,""arrival_time_ms"":130,""window_start_step"":11,""sustained_box_max_error_m"":0.040908474,""endpoint_velocity_m_per_s"":0.22591077247211486,""endpoint_late_velocity_rms_m_per_s"":0.14931464504368552,""post_arrival_velocity_rms_m_per_s"":0.2632968036933363,""final_velocity_m_per_s"":0.2944395574195367,""sustained_Ip_max_error_A"":681.7325000000019,""position_violation"":0.36361580000000004,""endpoint_speed_violation"":1.2591077247211486,""endpoint_late_speed_violation"":0.49314645043685523,""post_speed_violation"":1.632968036933363,""final_speed_violation"":1.944395574195367,""ip_violation"":0.0,""max_violation"":1.944395574195367,""sum_violation"":5.693233586286734,""l2_violation"":2.8996587545152805,""pass"":false},{""endpoint_step"":14,""arrival_time_ms"":140,""window_start_step"":12,""sustained_box_max_error_m"":0.040908474,""endpoint_velocity_m_per_s"":0.2650382810331774,""endpoint_late_velocity_rms_m_per_s"":0.19943855467374655,""post_arrival_velocity_rms_m_per_s"":0.2801249215853832,""final_velocity_m_per_s"":0.2944395574195367,""sustained_Ip_max_error_A"":636.6774000000005,""position_violation"":0.36361580000000004,""endpoint_speed_violation"":1.6503828103317737,""endpoint_late_speed_violation"":0.9943855467374654,""post_speed_violation"":1.801249215853832,""final_speed_violation"":1.944395574195367,""ip_violation"":0.0,""max_violation"":1.944395574195367,""sum_violation"":6.754028947118438,""l2_violation"":3.296961536441271,""pass"":false},{""endpoint_step"":15,""arrival_time_ms"":150,""window_start_step"":13,""sustained_box_max_error_m"":0.040908474,""endpoint_velocity_m_per_s"":0.2944395574195367,""endpoint_late_velocity_rms_m_per_s"":0.2429973403848614,""post_arrival_velocity_rms_m_per_s"":0.2944395574195367,""final_velocity_m_per_s"":0.2944395574195367,""sustained_Ip_max_error_A"":604.9652000000024,""position_violation"":0.36361580000000004,""endpoint_speed_violation"":1.944395574195367,""endpoint_late_speed_violation"":1.429973403848614,""post_speed_violation"":1.944395574195367,""final_speed_violation"":1.944395574195367,""ip_violation"":0.0,""max_violation"":1.944395574195367,""sum_violation"":7.626775926434714,""l2_violation"":3.6768278219921617,""pass"":false}]",False,False,10.706905914208006,10.706905914208006,1214866.2440773372,0.3853738832213678,0.20684289427240524,0.062449915495007356,403.86330223083496,29
Stage3.0,screen,s30screen_b169d52024b30379,15,nominal_01_s22g004_b034e7d0314c08d6,s22g004_b034e7d0314c08d6,corner,fast_ramp_zero,screen_template,"[-0.5685289086987542,-0.2135335047699112,-0.03454107915377853,-0.2842644543493771,-0.1067667523849556,-0.017270539576889263,-0.0,-0.0,-0.0,-0.0,-0.0,-0.0,-0.0,-0.0,-0.0,-0.0,-0.0,-0.0]",stage3_0_evaluations/screen/s30screen_b169d52024b30379.json.gz,True,,16,-0.029705674999999987,0.0419657882,604.0148000000008,0.051415508423557216,0.0419657882,0.29102233160971364,0.26087056336798664,0.6492791664455781,0.41465,0,0,False,False,NEAR_FEASIBLE_120_150MS,,,,,,,,,12,120,10,0.0419657882,0.20717885811037823,0.12785897608734634,0.26087056336798664,0.29102233160971364,714.4581000000035,0.39885960666666676,1.0717885811037822,0.2785897608734633,1.6087056336798664,1.9102233160971362,0.0,1.9102233160971362,5.268166898420915,2.760854747441951,"[{""endpoint_step"":12,""arrival_time_ms"":120,""window_start_step"":10,""sustained_box_max_error_m"":0.0419657882,""endpoint_velocity_m_per_s"":0.20717885811037823,""endpoint_late_velocity_rms_m_per_s"":0.12785897608734634,""post_arrival_velocity_rms_m_per_s"":0.26087056336798664,""final_velocity_m_per_s"":0.29102233160971364,""sustained_Ip_max_error_A"":714.4581000000035,""position_violation"":0.39885960666666676,""endpoint_speed_violation"":1.0717885811037822,""endpoint_late_speed_violation"":0.2785897608734633,""post_speed_violation"":1.6087056336798664,""final_speed_violation"":1.9102233160971362,""ip_violation"":0.0,""max_violation"":1.9102233160971362,""sum_violation"":5.268166898420915,""l2_violation"":2.760854747441951,""pass"":false},{""endpoint_step"":13,""arrival_time_ms"":130,""window_start_step"":11,""sustained_box_max_error_m"":0.0419657882,""endpoint_velocity_m_per_s"":0.26297065227129823,""endpoint_late_velocity_rms_m_per_s"":0.1792564230804298,""post_arrival_velocity_rms_m_per_s"":0.27646019850953996,""final_velocity_m_per_s"":0.29102233160971364,""sustained_Ip_max_error_A"":694.058100000002,""position_violation"":0.39885960666666676,""endpoint_speed_violation"":1.6297065227129823,""endpoint_late_speed_violation"":0.7925642308042979,""post_speed_violation"":1.7646019850953993,""final_speed_violation"":1.9102233160971362,""ip_violation"":0.0,""max_violation"":1.9102233160971362,""sum_violation"":6.495955661376483,""l2_violation"":3.1946773982857333,""pass"":false},{""endpoint_step"":14,""arrival_time_ms"":140,""window_start_step"":12,""sustained_box_max_error_m"":0.0419657882,""endpoint_velocity_m_per_s"":0.2746691876207751,""endpoint_late_velocity_rms_m_per_s"":0.22546483453717042,""post_arrival_velocity_rms_m_per_s"":0.2829639200709259,""final_velocity_m_per_s"":0.29102233160971364,""sustained_Ip_max_error_A"":668.7386000000006,""position_violation"":0.39885960666666676,""endpoint_speed_violation"":1.7466918762077506,""endpoint_late_speed_violation"":1.254648345371704,""post_speed_violation"":1.8296392007092588,""final_speed_violation"":1.9102233160971362,""ip_violation"":0.0,""max_violation"":1.9102233160971362,""sum_violation"":7.140062345052517,""l2_violation"":3.432301951885578,""pass"":false},{""endpoint_step"":15,""arrival_time_ms"":150,""window_start_step"":13,""sustained_box_max_error_m"":0.0419657882,""endpoint_velocity_m_per_s"":0.29102233160971364,""endpoint_late_velocity_rms_m_per_s"":0.26087056336798664,""post_arrival_velocity_rms_m_per_s"":0.29102233160971364,""final_velocity_m_per_s"":0.29102233160971364,""sustained_Ip_max_error_A"":646.0406000000003,""position_violation"":0.39885960666666676,""endpoint_speed_violation"":1.9102233160971362,""endpoint_late_speed_violation"":1.6087056336798664,""post_speed_violation"":1.9102233160971362,""final_speed_violation"":1.9102233160971362,""ip_violation"":0.0,""max_violation"":1.9102233160971362,""sum_violation"":7.738235188637942,""l2_violation"":3.7005245781844294,""pass"":false}]",False,False,11.909415379272385,11.909415379272385,1214867.7633662184,0.3933870281943177,0.2122917593641827,0.06092213390688114,357.3873734474182,30
Stage3.0,screen,s30screen_604de94956a4fad3,5,nominal_00_s22g005_adf586ba25597d7e,s22g005_adf586ba25597d7e,corner,continue_slope_decay,screen_template,"[-0.46646280409257196,-0.12819906619391455,-0.0001051071873125458,-0.3628844912357111,0.09745119660617527,-0.03437591274993582,-0.3110953348072807,0.21027632800622018,-0.051511315531247465,-0.2852007565930655,0.2666888937062426,-0.06007901692190328,-0.27225346748595786,0.29489517655625386,-0.06436286761723119,-0.26577982293240404,0.3089983179812595,-0.06650479296489514]",stage3_0_evaluations/screen/s30screen_604de94956a4fad3.json.gz,True,,16,-0.02870468599999998,0.0414947808,724.2844000000005,0.050455681860407386,0.0414947808,0.2932729513305784,0.2513389663987497,0.6492793452001951,0.41465,0,0,False,False,NEAR_FEASIBLE_120_150MS,,,,,,,,,12,120,10,0.0414947808,0.192235888326427,0.12038607876060142,0.2513389663987497,0.2932729513305784,724.2844000000005,0.38315936000000006,0.9223588832642697,0.20386078760601412,1.5133896639874966,1.9327295133057838,0.0,1.9327295133057838,4.955498208163564,2.6579894416800953,"[{""endpoint_step"":12,""arrival_time_ms"":120,""window_start_step"":10,""sustained_box_max_error_m"":0.0414947808,""endpoint_velocity_m_per_s"":0.192235888326427,""endpoint_late_velocity_rms_m_per_s"":0.12038607876060142,""post_arrival_velocity_rms_m_per_s"":0.2513389663987497,""final_velocity_m_per_s"":0.2932729513305784,""sustained_Ip_max_error_A"":724.2844000000005,""position_violation"":0.38315936000000006,""endpoint_speed_violation"":0.9223588832642697,""endpoint_late_speed_violation"":0.20386078760601412,""post_speed_violation"":1.5133896639874966,""final_speed_violation"":1.9327295133057838,""ip_violation"":0.0,""max_violation"":1.9327295133057838,""sum_violation"":4.955498208163564,""l2_violation"":2.6579894416800953,""pass"":false},{""endpoint_step"":13,""arrival_time_ms"":130,""window_start_step"":11,""sustained_box_max_error_m"":0.0414947808,""endpoint_velocity_m_per_s"":0.24231971610452227,""endpoint_late_velocity_rms_m_per_s"":0.16640438701013624,""post_arrival_velocity_rms_m_per_s"":0.2681606902343672,""final_velocity_m_per_s"":0.2932729513305784,""sustained_Ip_max_error_A"":724.2844000000005,""position_violation"":0.38315936000000006,""endpoint_speed_violation"":1.4231971610452225,""endpoint_late_speed_violation"":0.6640438701013622,""post_speed_violation"":1.6816069023436722,""final_speed_violation"":1.9327295133057838,""ip_violation"":0.0,""max_violation"":1.9327295133057838,""sum_violation"":6.084736806796041,""l2_violation"":3.029273949545514,""pass"":false},{""endpoint_step"":14,""arrival_time_ms"":140,""window_start_step"":12,""sustained_box_max_error_m"":0.0414947808,""endpoint_velocity_m_per_s"":0.26646312796669014,""endpoint_late_velocity_rms_m_per_s"":0.21275253517891352,""post_arrival_velocity_rms_m_per_s"":0.280188884993624,""final_velocity_m_per_s"":0.2932729513305784,""sustained_Ip_max_error_A"":724.2844000000005,""position_violation"":0.38315936000000006,""endpoint_speed_violation"":1.6646312796669012,""endpoint_late_speed_violation"":1.127525351789135,""post_speed_violation"":1.8018888499362395,""final_speed_violation"":1.9327295133057838,""ip_violation"":0.0,""max_violation"":1.9327295133057838,""sum_violation"":6.909934354698059,""l2_violation"":3.342359736841031,""pass"":false},{""endpoint_step"":15,""arrival_time_ms"":150,""window_start_step"":13,""sustained_box_max_error_m"":0.0414947808,""endpoint_velocity_m_per_s"":0.2932729513305784,""endpoint_late_velocity_rms_m_per_s"":0.2513389663987497,""post_arrival_velocity_rms_m_per_s"":0.2932729513305784,""final_velocity_m_per_s"":0.2932729513305784,""sustained_Ip_max_error_A"":724.2844000000005,""position_violation"":0.38315936000000006,""endpoint_speed_violation"":1.9327295133057838,""endpoint_late_speed_violation"":1.5133896639874966,""post_speed_violation"":1.9327295133057838,""final_speed_violation"":1.9327295133057838,""ip_violation"":0.0,""max_violation"":1.9327295133057838,""sum_violation"":7.694737563904848,""l2_violation"":3.693709447835527,""pass"":false}]",False,False,11.317432975423001,11.317432975423001,1215764.251037888,0.39593027186094065,0.21423597648496384,0.06082249957316407,401.7026398181915,31
Stage3.0,screen,s30screen_55123041e93bc1cc,92,nominal_07_s22g005_a2acc95ca222cec3,s22g005_a2acc95ca222cec3,position_front,mode2_plus_pulse,screen_template,"[-0.49077844169390217,-0.20688584005420638,-0.030122634663424044,-0.39262275335512176,-0.08550867204336511,-0.024098107730739237,-0.2944670650163413,-0.04413150403252382,-0.018073580798054427,-0.19631137667756088,-0.026754336021682562,-0.012049053865369619,-0.09815568833878044,-0.017377168010841278,-0.006024526932684809,-0.0,0.0,-0.0]",stage3_0_evaluations/screen/s30screen_55123041e93bc1cc.json.gz,True,,16,-0.02937738000000001,0.0407775636,614.5012999999999,0.05025773720350375,0.0407775636,0.29599314948471367,0.2509378515042868,0.6492838018270403,0.41475,0,0,False,False,NEAR_FEASIBLE_120_150MS,,,,,,,,,12,120,10,0.0407775636,0.18035285353913608,0.11363888621105059,0.2509378515042868,0.29599314948471367,709.4993000000031,0.35925211999999984,0.8035285353913606,0.13638886211050583,1.5093785150428682,1.9599314948471367,0.0,1.9599314948471367,4.768479527391872,2.629235075223823,"[{""endpoint_step"":12,""arrival_time_ms"":120,""window_start_step"":10,""sustained_box_max_error_m"":0.0407775636,""endpoint_velocity_m_per_s"":0.18035285353913608,""endpoint_late_velocity_rms_m_per_s"":0.11363888621105059,""post_arrival_velocity_rms_m_per_s"":0.2509378515042868,""final_velocity_m_per_s"":0.29599314948471367,""sustained_Ip_max_error_A"":709.4993000000031,""position_violation"":0.35925211999999984,""endpoint_speed_violation"":0.8035285353913606,""endpoint_late_speed_violation"":0.13638886211050583,""post_speed_violation"":1.5093785150428682,""final_speed_violation"":1.9599314948471367,""ip_violation"":0.0,""max_violation"":1.9599314948471367,""sum_violation"":4.768479527391872,""l2_violation"":2.629235075223823,""pass"":false},{""endpoint_step"":13,""arrival_time_ms"":130,""window_start_step"":11,""sustained_box_max_error_m"":0.0407775636,""endpoint_velocity_m_per_s"":0.23922606120663154,""endpoint_late_velocity_rms_m_per_s"":0.15850981183184787,""post_arrival_velocity_rms_m_per_s"":0.2704022124481979,""final_velocity_m_per_s"":0.29599314948471367,""sustained_Ip_max_error_A"":700.5853999999999,""position_violation"":0.35925211999999984,""endpoint_speed_violation"":1.3922606120663152,""endpoint_late_speed_violation"":0.5850981183184787,""post_speed_violation"":1.7040221244819787,""final_speed_violation"":1.9599314948471367,""ip_violation"":0.0,""max_violation"":1.9599314948471367,""sum_violation"":6.000564469713909,""l2_violation"":3.02569237876447,""pass"":false},{""endpoint_step"":14,""arrival_time_ms"":140,""window_start_step"":12,""sustained_box_max_error_m"":0.0407775636,""endpoint_velocity_m_per_s"":0.2729670613614799,""endpoint_late_velocity_rms_m_per_s"":0.20911295052089818,""post_arrival_velocity_rms_m_per_s"":0.2847129792705296,""final_velocity_m_per_s"":0.29599314948471367,""sustained_Ip_max_error_A"":679.4469000000026,""position_violation"":0.35925211999999984,""endpoint_speed_violation"":1.729670613614799,""endpoint_late_speed_violation"":1.0911295052089818,""post_speed_violation"":1.8471297927052954,""final_speed_violation"":1.9599314948471367,""ip_violation"":0.0,""max_violation"":1.9599314948471367,""sum_violation"":6.987113526376213,""l2_violation"":3.40067729284299,""pass"":false},{""endpoint_step"":15,""arrival_time_ms"":150,""window_start_step"":13,""sustained_box_max_error_m"":0.0407775636,""endpoint_velocity_m_per_s"":0.29599314948471367,""endpoint_late_velocity_rms_m_per_s"":0.2509378515042868,""post_arrival_velocity_rms_m_per_s"":0.29599314948471367,""final_velocity_m_per_s"":0.29599314948471367,""sustained_Ip_max_error_A"":656.7502000000022,""position_violation"":0.35925211999999984,""endpoint_speed_violation"":1.9599314948471367,""endpoint_late_speed_violation"":1.5093785150428682,""post_speed_violation"":1.9599314948471367,""final_speed_violation"":1.9599314948471367,""ip_violation"":0.0,""max_violation"":1.9599314948471367,""sum_violation"":7.748425119584278,""l2_violation"":3.732462991226933,""pass"":false}]",False,False,11.086864629766563,11.086864629766563,1217707.3895341344,0.3917828502528655,0.20869800380401954,0.06147467148340888,401.224978685379,32
Stage3.0,screen,s30screen_b1c537be53300990,94,nominal_07_s22g005_a2acc95ca222cec3,s22g005_a2acc95ca222cec3,position_front,coupled_cross_pulse,screen_template,"[-0.49077844169390217,-0.20688584005420638,-0.030122634663424044,-0.31262275335512174,-0.24550867204336513,-0.009098107730739238,-0.21446706501634127,-0.20413150403252384,-0.0030735807980544275,-0.14031137667756088,-0.13875433602168255,-0.0015490538653696196,-0.07415568833878045,-0.06537716801084129,-0.0015245269326848096,0.0,-0.0,0.0]",stage3_0_evaluations/screen/s30screen_b1c537be53300990.json.gz,True,,16,-0.030177977999999994,0.0407006904,590.3942999999999,0.0506681019498968,0.0407006904,0.2962541838046008,0.25217047687205424,0.6492838018270403,0.41475,0,0,False,False,NEAR_FEASIBLE_120_150MS,,,,,,,,,12,120,10,0.0407006904,0.18115071553669818,0.11398295653500673,0.25217047687205424,0.2962541838046008,709.4993000000031,0.3566896800000001,0.8115071553669817,0.1398295653500672,1.521704768720542,1.9625418380460076,0.0,1.9625418380460076,4.792273007483598,2.6405453163322425,"[{""endpoint_step"":12,""arrival_time_ms"":120,""window_start_step"":10,""sustained_box_max_error_m"":0.0407006904,""endpoint_velocity_m_per_s"":0.18115071553669818,""endpoint_late_velocity_rms_m_per_s"":0.11398295653500673,""post_arrival_velocity_rms_m_per_s"":0.25217047687205424,""final_velocity_m_per_s"":0.2962541838046008,""sustained_Ip_max_error_A"":709.4993000000031,""position_violation"":0.3566896800000001,""endpoint_speed_violation"":0.8115071553669817,""endpoint_late_speed_violation"":0.1398295653500672,""post_speed_violation"":1.521704768720542,""final_speed_violation"":1.9625418380460076,""ip_violation"":0.0,""max_violation"":1.9625418380460076,""sum_violation"":4.792273007483598,""l2_violation"":2.6405453163322425,""pass"":false},{""endpoint_step"":13,""arrival_time_ms"":130,""window_start_step"":11,""sustained_box_max_error_m"":0.0407006904,""endpoint_velocity_m_per_s"":0.24108568868151556,""endpoint_late_velocity_rms_m_per_s"":0.1594583914373632,""post_arrival_velocity_rms_m_per_s"":0.27175001740819277,""final_velocity_m_per_s"":0.2962541838046008,""sustained_Ip_max_error_A"":679.7380000000012,""position_violation"":0.3566896800000001,""endpoint_speed_violation"":1.4108568868151554,""endpoint_late_speed_violation"":0.594583914373632,""post_speed_violation"":1.7175001740819273,""final_speed_violation"":1.9625418380460076,""ip_violation"":0.0,""max_violation"":1.9625418380460076,""sum_violation"":6.0421724933167225,""l2_violation"":3.045102958551086,""pass"":false},{""endpoint_step"":14,""arrival_time_ms"":140,""window_start_step"":12,""sustained_box_max_error_m"":0.0407006904,""endpoint_velocity_m_per_s"":0.275055203868766,""endpoint_late_velocity_rms_m_per_s"":0.2105134945202344,""post_arrival_velocity_rms_m_per_s"":0.28585127828734525,""final_velocity_m_per_s"":0.2962541838046008,""sustained_Ip_max_error_A"":647.9638000000014,""position_violation"":0.3566896800000001,""endpoint_speed_violation"":1.7505520386876596,""endpoint_late_speed_violation"":1.105134945202344,""post_speed_violation"":1.8585127828734525,""final_speed_violation"":1.9625418380460076,""ip_violation"":0.0,""max_violation"":1.9625418380460076,""sum_violation"":7.033431284809463,""l2_violation"":3.423247499855136,""pass"":false},{""endpoint_step"":15,""arrival_time_ms"":150,""window_start_step"":13,""sustained_box_max_error_m"":0.0407006904,""endpoint_velocity_m_per_s"":0.2962541838046008,""endpoint_late_velocity_rms_m_per_s"":0.25217047687205424,""post_arrival_velocity_rms_m_per_s"":0.2962541838046008,""final_velocity_m_per_s"":0.2962541838046008,""sustained_Ip_max_error_A"":623.5134000000035,""position_violation"":0.3566896800000001,""endpoint_speed_violation"":1.9625418380460076,""endpoint_late_speed_violation"":1.521704768720542,""post_speed_violation"":1.9625418380460076,""final_speed_violation"":1.9625418380460076,""ip_violation"":0.0,""max_violation"":1.9625418380460076,""sum_violation"":7.766019962858564,""l2_violation"":3.7413265467222114,""pass"":false}]",False,False,11.178166733520948,11.178166733520948,1218074.9993176009,0.3917468800375327,0.2088064897438044,0.06147467148340888,381.95549035072327,33
Stage3.0,screen,s30screen_64582bc034679122,89,nominal_07_s22g005_a2acc95ca222cec3,s22g005_a2acc95ca222cec3,position_front,continue_slope_decay,screen_template,"[-0.49077844169390217,-0.20688584005420638,-0.030122634663424044,-0.39120639489894676,-0.009473829385928029,-0.06726019062161794,-0.3414203715014691,0.08923217594821115,-0.08582896860071489,-0.3165273598027302,0.13858517861528075,-0.09511335759026336,-0.3040808539533608,0.16326167994881555,-0.0997555520850376,-0.2978576010286761,0.17559993061558293,-0.10207664933242472]",stage3_0_evaluations/screen/s30screen_64582bc034679122.json.gz,True,,16,-0.028816689000000006,0.0407777568,757.5758000000023,0.04993222421004964,0.0407777568,0.29760358027693345,0.25020538561560696,0.6492838018270403,0.41475,0,0,False,False,NEAR_FEASIBLE_120_150MS,,,,,,,,,12,120,10,0.0407777568,0.17936145003658913,0.11321541270032708,0.25020538561560696,0.29760358027693345,757.5758000000023,0.3592585600000002,0.7936145003658912,0.13215412700327067,1.5020538561560692,1.9760358027693345,0.0,1.9760358027693345,4.763116846294565,2.633863831337497,"[{""endpoint_step"":12,""arrival_time_ms"":120,""window_start_step"":10,""sustained_box_max_error_m"":0.0407777568,""endpoint_velocity_m_per_s"":0.17936145003658913,""endpoint_late_velocity_rms_m_per_s"":0.11321541270032708,""post_arrival_velocity_rms_m_per_s"":0.25020538561560696,""final_velocity_m_per_s"":0.29760358027693345,""sustained_Ip_max_error_A"":757.5758000000023,""position_violation"":0.3592585600000002,""endpoint_speed_violation"":0.7936145003658912,""endpoint_late_speed_violation"":0.13215412700327067,""post_speed_violation"":1.5020538561560692,""final_speed_violation"":1.9760358027693345,""ip_violation"":0.0,""max_violation"":1.9760358027693345,""sum_violation"":4.763116846294565,""l2_violation"":2.633863831337497,""pass"":false},{""endpoint_step"":13,""arrival_time_ms"":130,""window_start_step"":11,""sustained_box_max_error_m"":0.0407777568,""endpoint_velocity_m_per_s"":0.23618572398031668,""endpoint_late_velocity_rms_m_per_s"":0.1570603088736996,""post_arrival_velocity_rms_m_per_s"":0.26971615339401434,""final_velocity_m_per_s"":0.29760358027693345,""sustained_Ip_max_error_A"":757.5758000000023,""position_violation"":0.3592585600000002,""endpoint_speed_violation"":1.3618572398031668,""endpoint_late_speed_violation"":0.570603088736996,""post_speed_violation"":1.6971615339401431,""final_speed_violation"":1.9760358027693345,""ip_violation"":0.0,""max_violation"":1.9760358027693345,""sum_violation"":5.96491622524964,""l2_violation"":3.0156897230196082,""pass"":false},{""endpoint_step"":14,""arrival_time_ms"":140,""window_start_step"":12,""sustained_box_max_error_m"":0.0407777568,""endpoint_velocity_m_per_s"":0.2718249859730244,""endpoint_late_velocity_rms_m_per_s"":0.2076421389189053,""post_arrival_velocity_rms_m_per_s"":0.2850058894065911,""final_velocity_m_per_s"":0.29760358027693345,""sustained_Ip_max_error_A"":757.5758000000023,""position_violation"":0.3592585600000002,""endpoint_speed_violation"":1.718249859730244,""endpoint_late_speed_violation"":1.0764213891890528,""post_speed_violation"":1.8500588940659108,""final_speed_violation"":1.9760358027693345,""ip_violation"":0.0,""max_violation"":1.9760358027693345,""sum_violation"":6.9800245057545425,""l2_violation"":3.401112715838538,""pass"":false},{""endpoint_step"":15,""arrival_time_ms"":150,""window_start_step"":13,""sustained_box_max_error_m"":0.0407777568,""endpoint_velocity_m_per_s"":0.29760358027693345,""endpoint_late_velocity_rms_m_per_s"":0.25020538561560696,""post_arrival_velocity_rms_m_per_s"":0.29760358027693345,""final_velocity_m_per_s"":0.29760358027693345,""sustained_Ip_max_error_A"":757.5758000000023,""position_violation"":0.3592585600000002,""endpoint_speed_violation"":1.9760358027693345,""endpoint_late_speed_violation"":1.5020538561560692,""post_speed_violation"":1.9760358027693345,""final_speed_violation"":1.9760358027693345,""ip_violation"":0.0,""max_violation"":1.9760358027693345,""sum_violation"":7.789419824464073,""l2_violation"":3.7549147768232154,""pass"":false}]",False,False,11.027777493225162,11.027777493225162,1219300.9392709425,0.3940651146841452,0.20871590337528742,0.06147467148340888,394.86767411231995,34
Stage3.0,screen,s30screen_d345f28c0c8b9f91,59,nominal_04_s22g004_b65dbd2d777a03f8,s22g004_b65dbd2d777a03f8,speed_safe,opposite_cross_pulse,screen_template,"[-0.570376789148781,0.0306486940965105,0.06409710769184573,-0.5363014313190247,0.1045189552772084,0.03627768615347659,-0.4222260734892686,0.0983892164579063,0.023458264615107437,-0.2841507156595124,0.0682594776386042,0.015138843076738295,-0.1380753578297562,0.0301297388193021,0.008319421538369148,-0.0,0.0,0.0]",stage3_0_evaluations/screen/s30screen_d345f28c0c8b9f91.json.gz,True,,16,-0.028020344999999947,0.0409617716,590.8245999999999,0.049628685923864525,0.0409617716,0.2990762637260575,0.24509061837471968,0.6494148319822909,0.41475,0,0,False,False,NEAR_FEASIBLE_120_150MS,,,,,,,,,12,120,10,0.0409617716,0.16744254357988814,0.1050306648321801,0.24509061837471968,0.2990762637260575,724.4620000000032,0.36539238666666685,0.6744254357988813,0.05030664832180087,1.4509061837471968,1.9907626372605747,0.0,1.9907626372605747,4.53179329179512,2.5805341802619823,"[{""endpoint_step"":12,""arrival_time_ms"":120,""window_start_step"":10,""sustained_box_max_error_m"":0.0409617716,""endpoint_velocity_m_per_s"":0.16744254357988814,""endpoint_late_velocity_rms_m_per_s"":0.1050306648321801,""post_arrival_velocity_rms_m_per_s"":0.24509061837471968,""final_velocity_m_per_s"":0.2990762637260575,""sustained_Ip_max_error_A"":724.4620000000032,""position_violation"":0.36539238666666685,""endpoint_speed_violation"":0.6744254357988813,""endpoint_late_speed_violation"":0.05030664832180087,""post_speed_violation"":1.4509061837471968,""final_speed_violation"":1.9907626372605747,""ip_violation"":0.0,""max_violation"":1.9907626372605747,""sum_violation"":4.53179329179512,""l2_violation"":2.5805341802619823,""pass"":false},{""endpoint_step"":13,""arrival_time_ms"":130,""window_start_step"":11,""sustained_box_max_error_m"":0.0409617716,""endpoint_velocity_m_per_s"":0.2274211703273522,""endpoint_late_velocity_rms_m_per_s"":0.14971850419290172,""post_arrival_velocity_rms_m_per_s"":0.2659828562524956,""final_velocity_m_per_s"":0.2990762637260575,""sustained_Ip_max_error_A"":702.0795000000035,""position_violation"":0.36539238666666685,""endpoint_speed_violation"":1.2742117032735218,""endpoint_late_speed_violation"":0.49718504192901714,""post_speed_violation"":1.659828562524956,""final_speed_violation"":1.9907626372605747,""ip_violation"":0.0,""max_violation"":1.9907626372605747,""sum_violation"":5.787380331654736,""l2_violation"":2.9533856439343427,""pass"":false},{""endpoint_step"":14,""arrival_time_ms"":140,""window_start_step"":12,""sustained_box_max_error_m"":0.0409617716,""endpoint_velocity_m_per_s"":0.26659639761877196,""endpoint_late_velocity_rms_m_per_s"":0.20025881145698018,""post_arrival_velocity_rms_m_per_s"":0.28330218031957033,""final_velocity_m_per_s"":0.2990762637260575,""sustained_Ip_max_error_A"":668.6566000000021,""position_violation"":0.36539238666666685,""endpoint_speed_violation"":1.6659639761877196,""endpoint_late_speed_violation"":1.002588114569802,""post_speed_violation"":1.8330218031957033,""final_speed_violation"":1.9907626372605747,""ip_violation"":0.0,""max_violation"":1.9907626372605747,""sum_violation"":6.857728917880467,""l2_violation"":3.3521985774367984,""pass"":false},{""endpoint_step"":15,""arrival_time_ms"":150,""window_start_step"":13,""sustained_box_max_error_m"":0.0409617716,""endpoint_velocity_m_per_s"":0.2990762637260575,""endpoint_late_velocity_rms_m_per_s"":0.24509061837471968,""post_arrival_velocity_rms_m_per_s"":0.2990762637260575,""final_velocity_m_per_s"":0.2990762637260575,""sustained_Ip_max_error_A"":648.3278000000028,""position_violation"":0.36539238666666685,""endpoint_speed_violation"":1.9907626372605747,""endpoint_late_speed_violation"":1.4509061837471968,""post_speed_violation"":1.9907626372605747,""final_speed_violation"":1.9907626372605747,""ip_violation"":0.0,""max_violation"":1.9907626372605747,""sum_violation"":7.788586482195589,""l2_violation"":3.7587295704809427,""pass"":false}]",False,False,10.781488254993423,10.781488254993423,1219794.7525617548,0.3865435415285733,0.2069523526764853,0.062449915495007356,391.39537286758423,35
Stage3.0,screen,s30screen_b1e8e8a323cc161b,10,nominal_00_s22g005_adf586ba25597d7e,s22g005_adf586ba25597d7e,corner,coupled_cross_pulse,screen_template,"[-0.46646280409257196,-0.12819906619391455,-0.0001051071873125458,-0.29317024327405755,-0.18255925295513165,0.014915914250149962,-0.19987768245554316,-0.15691943971634872,0.014936935687612472,-0.1305851216370288,-0.10727962647756581,0.01045795712507498,-0.0692925608185144,-0.049639813238782915,0.00447897856253749,0.0,-0.0,0.0]",stage3_0_evaluations/screen/s30screen_b1e8e8a323cc161b.json.gz,True,,16,-0.03029427600000001,0.0415456774,567.7102000000014,0.051417764138369994,0.0415456774,0.2970333524322146,0.25607222425544257,0.6492793452001951,0.41465,0,0,False,False,NEAR_FEASIBLE_120_150MS,,,,,,,,,12,120,10,0.0415456774,0.19458508379109957,0.12140718835313678,0.25607222425544257,0.2970333524322146,696.449700000001,0.38485591333333335,0.9458508379109956,0.21407188353136775,1.5607222425544256,1.9703335243221463,0.0,1.9703335243221463,5.075834401652269,2.7215147929774477,"[{""endpoint_step"":12,""arrival_time_ms"":120,""window_start_step"":10,""sustained_box_max_error_m"":0.0415456774,""endpoint_velocity_m_per_s"":0.19458508379109957,""endpoint_late_velocity_rms_m_per_s"":0.12140718835313678,""post_arrival_velocity_rms_m_per_s"":0.25607222425544257,""final_velocity_m_per_s"":0.2970333524322146,""sustained_Ip_max_error_A"":696.449700000001,""position_violation"":0.38485591333333335,""endpoint_speed_violation"":0.9458508379109956,""endpoint_late_speed_violation"":0.21407188353136775,""post_speed_violation"":1.5607222425544256,""final_speed_violation"":1.9703335243221463,""ip_violation"":0.0,""max_violation"":1.9703335243221463,""sum_violation"":5.075834401652269,""l2_violation"":2.7215147929774477,""pass"":false},{""endpoint_step"":13,""arrival_time_ms"":130,""window_start_step"":11,""sustained_box_max_error_m"":0.0415456774,""endpoint_velocity_m_per_s"":0.248926278087186,""endpoint_late_velocity_rms_m_per_s"":0.16955435475982386,""post_arrival_velocity_rms_m_per_s"":0.27351330333674173,""final_velocity_m_per_s"":0.2970333524322146,""sustained_Ip_max_error_A"":662.1592000000019,""position_violation"":0.38485591333333335,""endpoint_speed_violation"":1.4892627808718601,""endpoint_late_speed_violation"":0.6955435475982386,""post_speed_violation"":1.735133033367417,""final_speed_violation"":1.9703335243221463,""ip_violation"":0.0,""max_violation"":1.9703335243221463,""sum_violation"":6.275128799492995,""l2_violation"":3.1213297441433365,""pass"":false},{""endpoint_step"":14,""arrival_time_ms"":140,""window_start_step"":12,""sustained_box_max_error_m"":0.0415456774,""endpoint_velocity_m_per_s"":0.2724618816037762,""endpoint_late_velocity_rms_m_per_s"":0.2170947259082431,""post_arrival_velocity_rms_m_per_s"":0.2850125342719074,""final_velocity_m_per_s"":0.2970333524322146,""sustained_Ip_max_error_A"":627.8602000000028,""position_violation"":0.38485591333333335,""endpoint_speed_violation"":1.7246188160377618,""endpoint_late_speed_violation"":1.170947259082431,""post_speed_violation"":1.8501253427190743,""final_speed_violation"":1.9703335243221463,""ip_violation"":0.0,""max_violation"":1.9703335243221463,""sum_violation"":7.100880855494747,""l2_violation"":3.4349264328440694,""pass"":false},{""endpoint_step"":15,""arrival_time_ms"":150,""window_start_step"":13,""sustained_box_max_error_m"":0.0415456774,""endpoint_velocity_m_per_s"":0.2970333524322146,""endpoint_late_velocity_rms_m_per_s"":0.25607222425544257,""post_arrival_velocity_rms_m_per_s"":0.2970333524322146,""final_velocity_m_per_s"":0.2970333524322146,""sustained_Ip_max_error_A"":600.3830000000016,""position_violation"":0.38485591333333335,""endpoint_speed_violation"":1.9703335243221463,""endpoint_late_speed_violation"":1.5607222425544256,""post_speed_violation"":1.9703335243221463,""final_speed_violation"":1.9703335243221463,""ip_violation"":0.0,""max_violation"":1.9703335243221463,""sum_violation"":7.856578728854197,""l2_violation"":3.772348152495331,""pass"":false}]",False,False,11.62413752742844,11.62413752742844,1220069.8289693287,0.3925627791105368,0.2140045893018449,0.06082249957316407,408.8767080307007,36
Stage3.0,screen,s30screen_13496d1a514d4aef,78,nominal_06_s22g002_e66fb8b248b46533,s22g002_e66fb8b248b46533,gate,mode1_plus_pulse,screen_template,"[-0.6123570383020945,-0.06513165996609745,0.04384139339374735,-0.40988563064167566,-0.05210532797287796,0.035073114714997876,-0.2874142229812567,-0.039078995979658464,0.02630483603624841,-0.18894281532083784,-0.02605266398643898,0.017536557357498938,-0.09847140766041892,-0.01302633199321949,0.008768278678749469,0.0,-0.0,0.0]",stage3_0_evaluations/screen/s30screen_13496d1a514d4aef.json.gz,True,,16,-0.02783493299999995,0.0416605146,596.781500000001,0.05010371215639914,0.0416605146,0.29970623627159326,0.2503161466939432,0.649314019602587,0.4144,0,0,False,False,NEAR_FEASIBLE_120_150MS,,,,,,,,,12,120,10,0.0416605146,0.17841212016595775,0.10989914634937775,0.2503161466939432,0.29970623627159326,740.9024000000027,0.38868382,0.7841212016595775,0.09899146349377741,1.503161466939432,1.9970623627159325,0.0,1.9970623627159325,4.772020314808719,2.65018357042197,"[{""endpoint_step"":12,""arrival_time_ms"":120,""window_start_step"":10,""sustained_box_max_error_m"":0.0416605146,""endpoint_velocity_m_per_s"":0.17841212016595775,""endpoint_late_velocity_rms_m_per_s"":0.10989914634937775,""post_arrival_velocity_rms_m_per_s"":0.2503161466939432,""final_velocity_m_per_s"":0.29970623627159326,""sustained_Ip_max_error_A"":740.9024000000027,""position_violation"":0.38868382,""endpoint_speed_violation"":0.7841212016595775,""endpoint_late_speed_violation"":0.09899146349377741,""post_speed_violation"":1.503161466939432,""final_speed_violation"":1.9970623627159325,""ip_violation"":0.0,""max_violation"":1.9970623627159325,""sum_violation"":4.772020314808719,""l2_violation"":2.65018357042197,""pass"":false},{""endpoint_step"":13,""arrival_time_ms"":130,""window_start_step"":11,""sustained_box_max_error_m"":0.0416605146,""endpoint_velocity_m_per_s"":0.2383263805328501,""endpoint_late_velocity_rms_m_per_s"":0.15743687674067472,""post_arrival_velocity_rms_m_per_s"":0.27006283747842996,""final_velocity_m_per_s"":0.29970623627159326,""sustained_Ip_max_error_A"":704.7844000000005,""position_violation"":0.38868382,""endpoint_speed_violation"":1.3832638053285007,""endpoint_late_speed_violation"":0.574368767406747,""post_speed_violation"":1.7006283747842996,""final_speed_violation"":1.9970623627159325,""ip_violation"":0.0,""max_violation"":1.9970623627159325,""sum_violation"":6.04400713023548,""l2_violation"":3.0454537096682417,""pass"":false},{""endpoint_step"":14,""arrival_time_ms"":140,""window_start_step"":12,""sustained_box_max_error_m"":0.0416605146,""endpoint_velocity_m_per_s"":0.26866059786044105,""endpoint_late_velocity_rms_m_per_s"":0.20686367689449078,""post_arrival_velocity_rms_m_per_s"":0.28460704919486246,""final_velocity_m_per_s"":0.29970623627159326,""sustained_Ip_max_error_A"":673.9321000000018,""position_violation"":0.38868382,""endpoint_speed_violation"":1.6866059786044105,""endpoint_late_speed_violation"":1.0686367689449079,""post_speed_violation"":1.8460704919486246,""final_speed_violation"":1.9970623627159325,""ip_violation"":0.0,""max_violation"":1.9970623627159325,""sum_violation"":6.987059422213876,""l2_violation"":3.3961645609061595,""pass"":false},{""endpoint_step"":15,""arrival_time_ms"":150,""window_start_step"":13,""sustained_box_max_error_m"":0.0416605146,""endpoint_velocity_m_per_s"":0.29970623627159326,""endpoint_late_velocity_rms_m_per_s"":0.2503161466939432,""post_arrival_velocity_rms_m_per_s"":0.29970623627159326,""final_velocity_m_per_s"":0.29970623627159326,""sustained_Ip_max_error_A"":644.8094000000019,""position_violation"":0.38868382,""endpoint_speed_violation"":1.9970623627159325,""endpoint_late_speed_violation"":1.503161466939432,""post_speed_violation"":1.9970623627159325,""final_speed_violation"":1.9970623627159325,""ip_violation"":0.0,""max_violation"":1.9970623627159325,""sum_violation"":7.88303237508723,""l2_violation"":3.791483054076719,""pass"":false}]",False,False,11.066504018893212,11.066504018893212,1221455.567605269,0.38356553447424335,0.20149048067025518,0.05253984056323568,393.2140350341797,37
Stage3.0,screen,s30screen_b2d0416c1372b211,8,nominal_00_s22g005_adf586ba25597d7e,s22g005_adf586ba25597d7e,corner,mode2_plus_pulse,screen_template,"[-0.46646280409257196,-0.12819906619391455,-0.0001051071873125458,-0.37317024327405757,-0.022559252955131642,-8.408574985003664e-05,-0.2798776824555432,0.003080560283651279,-6.306431238752747e-05,-0.18658512163702878,0.004720373522434172,-4.204287492501832e-05,-0.09329256081851439,-0.0016398132387829105,-2.102143746250916e-05,-0.0,0.0,-0.0]",stage3_0_evaluations/screen/s30screen_b2d0416c1372b211.json.gz,True,,16,-0.029498417,0.0416369546,590.917300000001,0.05102737102642414,0.0416369546,0.2985166831219292,0.25562798956479804,0.6492793452001951,0.41465,0,0,False,False,NEAR_FEASIBLE_120_150MS,,,,,,,,,12,120,10,0.0416369546,0.19379434395399076,0.12106026837921102,0.25562798956479804,0.2985166831219292,696.449700000001,0.3878984866666666,0.9379434395399076,0.21060268379211022,1.5562798956479802,1.9851668312192916,0.0,1.9851668312192916,5.077891336865957,2.7271690603125456,"[{""endpoint_step"":12,""arrival_time_ms"":120,""window_start_step"":10,""sustained_box_max_error_m"":0.0416369546,""endpoint_velocity_m_per_s"":0.19379434395399076,""endpoint_late_velocity_rms_m_per_s"":0.12106026837921102,""post_arrival_velocity_rms_m_per_s"":0.25562798956479804,""final_velocity_m_per_s"":0.2985166831219292,""sustained_Ip_max_error_A"":696.449700000001,""position_violation"":0.3878984866666666,""endpoint_speed_violation"":0.9379434395399076,""endpoint_late_speed_violation"":0.21060268379211022,""post_speed_violation"":1.5562798956479802,""final_speed_violation"":1.9851668312192916,""ip_violation"":0.0,""max_violation"":1.9851668312192916,""sum_violation"":5.077891336865957,""l2_violation"":2.7271690603125456,""pass"":false},{""endpoint_step"":13,""arrival_time_ms"":130,""window_start_step"":11,""sustained_box_max_error_m"":0.0416369546,""endpoint_velocity_m_per_s"":0.24736386632871799,""endpoint_late_velocity_rms_m_per_s"":0.16873265844210766,""post_arrival_velocity_rms_m_per_s"":0.27314613210221633,""final_velocity_m_per_s"":0.2985166831219292,""sustained_Ip_max_error_A"":681.4421000000002,""position_violation"":0.3878984866666666,""endpoint_speed_violation"":1.4736386632871796,""endpoint_late_speed_violation"":0.6873265844210765,""post_speed_violation"":1.731461321022163,""final_speed_violation"":1.9851668312192916,""ip_violation"":0.0,""max_violation"":1.9851668312192916,""sum_violation"":6.265491886616378,""l2_violation"":3.1198300648455386,""pass"":false},{""endpoint_step"":14,""arrival_time_ms"":140,""window_start_step"":12,""sustained_box_max_error_m"":0.0416369546,""endpoint_velocity_m_per_s"":0.271155556793502,""endpoint_late_velocity_rms_m_per_s"":0.21604308733983354,""post_arrival_velocity_rms_m_per_s"":0.2851644666522395,""final_velocity_m_per_s"":0.2985166831219292,""sustained_Ip_max_error_A"":657.9804000000004,""position_violation"":0.3878984866666666,""endpoint_speed_violation"":1.71155556793502,""endpoint_late_speed_violation"":1.1604308733983353,""post_speed_violation"":1.851644666522395,""final_speed_violation"":1.9851668312192916,""ip_violation"":0.0,""max_violation"":1.9851668312192916,""sum_violation"":7.096696425741708,""l2_violation"":3.4345251242140824,""pass"":false},{""endpoint_step"":15,""arrival_time_ms"":150,""window_start_step"":13,""sustained_box_max_error_m"":0.0416369546,""endpoint_velocity_m_per_s"":0.2985166831219292,""endpoint_late_velocity_rms_m_per_s"":0.25562798956479804,""post_arrival_velocity_rms_m_per_s"":0.2985166831219292,""final_velocity_m_per_s"":0.2985166831219292,""sustained_Ip_max_error_A"":636.0018000000018,""position_violation"":0.3878984866666666,""endpoint_speed_violation"":1.9851668312192916,""endpoint_late_speed_violation"":1.5562798956479802,""post_speed_violation"":1.9851668312192916,""final_speed_violation"":1.9851668312192916,""ip_violation"":0.0,""max_violation"":1.9851668312192916,""sum_violation"":7.899678875972521,""l2_violation"":3.794092038008054,""pass"":false}]",False,False,11.572883711318603,11.572883711318603,1221566.9904134169,0.3928137657321747,0.21389873976932255,0.06082249957316407,381.40562295913696,38
Stage3.0,screen,s30screen_bdb286ef17a448f8,86,nominal_07_s22g005_a2acc95ca222cec3,s22g005_a2acc95ca222cec3,position_front,linear_ramp_zero,screen_template,"[-0.49077844169390217,-0.20688584005420638,-0.030122634663424044,-0.39262275335512176,-0.1655086720433651,-0.024098107730739237,-0.2944670650163413,-0.12413150403252382,-0.018073580798054427,-0.19631137667756088,-0.08275433602168256,-0.012049053865369619,-0.09815568833878044,-0.04137716801084128,-0.006024526932684809,-0.0,-0.0,-0.0]",stage3_0_evaluations/screen/s30screen_bdb286ef17a448f8.json.gz,True,,16,-0.029690353000000003,0.0408750192,608.9879000000001,0.05052013713228595,0.0408750192,0.30199825663547447,0.2546143262991135,0.6492838018270403,0.41475,0,0,False,False,NEAR_FEASIBLE_120_150MS,,,,,,,,,12,120,10,0.0408750192,0.1811289639062782,0.11397066710420001,0.2546143262991135,0.30199825663547447,709.4993000000031,0.36250064000000015,0.811289639062782,0.13970667104200007,1.546143262991135,2.0199825663547446,0.0,2.0199825663547446,4.879622779450662,2.6981482732523503,"[{""endpoint_step"":12,""arrival_time_ms"":120,""window_start_step"":10,""sustained_box_max_error_m"":0.0408750192,""endpoint_velocity_m_per_s"":0.1811289639062782,""endpoint_late_velocity_rms_m_per_s"":0.11397066710420001,""post_arrival_velocity_rms_m_per_s"":0.2546143262991135,""final_velocity_m_per_s"":0.30199825663547447,""sustained_Ip_max_error_A"":709.4993000000031,""position_violation"":0.36250064000000015,""endpoint_speed_violation"":0.811289639062782,""endpoint_late_speed_violation"":0.13970667104200007,""post_speed_violation"":1.546143262991135,""final_speed_violation"":2.0199825663547446,""ip_violation"":0.0,""max_violation"":2.0199825663547446,""sum_violation"":4.879622779450662,""l2_violation"":2.6981482732523503,""pass"":false},{""endpoint_step"":13,""arrival_time_ms"":130,""window_start_step"":11,""sustained_box_max_error_m"":0.0408750192,""endpoint_velocity_m_per_s"":0.24180827798008442,""endpoint_late_velocity_rms_m_per_s"":0.15972291846403816,""post_arrival_velocity_rms_m_per_s"":0.2747763448462791,""final_velocity_m_per_s"":0.30199825663547447,""sustained_Ip_max_error_A"":692.1406000000025,""position_violation"":0.36250064000000015,""endpoint_speed_violation"":1.418082779800844,""endpoint_late_speed_violation"":0.5972291846403814,""post_speed_violation"":1.7477634484627909,""final_speed_violation"":2.0199825663547446,""ip_violation"":0.0,""max_violation"":2.0199825663547446,""sum_violation"":6.145558619258761,""l2_violation"":3.1038773853865362,""pass"":false},{""endpoint_step"":14,""arrival_time_ms"":140,""window_start_step"":12,""sustained_box_max_error_m"":0.0408750192,""endpoint_velocity_m_per_s"":0.27718572970245825,""endpoint_late_velocity_rms_m_per_s"":0.21141074795726011,""post_arrival_velocity_rms_m_per_s"":0.28985761656505604,""final_velocity_m_per_s"":0.30199825663547447,""sustained_Ip_max_error_A"":667.0457999999999,""position_violation"":0.36250064000000015,""endpoint_speed_violation"":1.7718572970245825,""endpoint_late_speed_violation"":1.114107479572601,""post_speed_violation"":1.8985761656505602,""final_speed_violation"":2.0199825663547446,""ip_violation"":0.0,""max_violation"":2.0199825663547446,""sum_violation"":7.167024148602488,""l2_violation"":3.492426305051084,""pass"":false},{""endpoint_step"":15,""arrival_time_ms"":150,""window_start_step"":13,""sustained_box_max_error_m"":0.0408750192,""endpoint_velocity_m_per_s"":0.30199825663547447,""endpoint_late_velocity_rms_m_per_s"":0.2546143262991135,""post_arrival_velocity_rms_m_per_s"":0.30199825663547447,""final_velocity_m_per_s"":0.30199825663547447,""sustained_Ip_max_error_A"":645.206900000001,""position_violation"":0.36250064000000015,""endpoint_speed_violation"":2.0199825663547446,""endpoint_late_speed_violation"":1.546143262991135,""post_speed_violation"":2.0199825663547446,""final_speed_violation"":2.0199825663547446,""ip_violation"":0.0,""max_violation"":2.0199825663547446,""sum_violation"":7.968591602055369,""l2_violation"":3.8422590241711427,""pass"":false}]",False,False,11.290812819607504,11.290812819607504,1224226.186839349,0.3920324536240623,0.208593148712372,0.06147467148340888,391.02418327331543,39
Stage3.0,screen,s30screen_6294ed42f57af59d,52,nominal_04_s22g004_b65dbd2d777a03f8,s22g004_b65dbd2d777a03f8,speed_safe,slow_ramp_zero,screen_template,"[-0.570376789148781,0.0306486940965105,0.06409710769184573,-0.5133391102339029,0.02758382468685945,0.057687396922661165,-0.42778259186158574,0.022986520572382877,0.0480728307688843,-0.31370723403182954,0.016856781753080776,0.035253409230515155,-0.19963187620207334,0.010727042933778675,0.022433987692146006,-0.08555651837231715,0.004597304114476575,0.009614566153776859]",stage3_0_evaluations/screen/s30screen_6294ed42f57af59d.json.gz,True,,16,-0.02835125500000002,0.041076992,568.3132000000005,0.04991105019775771,0.041076992,0.30407907984701654,0.24784738875405038,0.6494148319822909,0.41475,0,0,False,False,NEAR_FEASIBLE_120_150MS,,,,,,,,,12,120,10,0.041076992,0.16802988648915057,0.10528592754650298,0.24784738875405038,0.30407907984701654,724.4620000000032,0.3692330666666668,0.6802988648915056,0.052859275465029665,1.4784738875405035,2.0407907984701654,0.0,2.0407907984701654,4.621655893033871,2.6367870269240656,"[{""endpoint_step"":12,""arrival_time_ms"":120,""window_start_step"":10,""sustained_box_max_error_m"":0.041076992,""endpoint_velocity_m_per_s"":0.16802988648915057,""endpoint_late_velocity_rms_m_per_s"":0.10528592754650298,""post_arrival_velocity_rms_m_per_s"":0.24784738875405038,""final_velocity_m_per_s"":0.30407907984701654,""sustained_Ip_max_error_A"":724.4620000000032,""position_violation"":0.3692330666666668,""endpoint_speed_violation"":0.6802988648915056,""endpoint_late_speed_violation"":0.052859275465029665,""post_speed_violation"":1.4784738875405035,""final_speed_violation"":2.0407907984701654,""ip_violation"":0.0,""max_violation"":2.0407907984701654,""sum_violation"":4.621655893033871,""l2_violation"":2.6367870269240656,""pass"":false},{""endpoint_step"":13,""arrival_time_ms"":130,""window_start_step"":11,""sustained_box_max_error_m"":0.041076992,""endpoint_velocity_m_per_s"":0.22848784254802298,""endpoint_late_velocity_rms_m_per_s"":0.15030267080725662,""post_arrival_velocity_rms_m_per_s"":0.2692454083144525,""final_velocity_m_per_s"":0.30407907984701654,""sustained_Ip_max_error_A"":690.3330000000024,""position_violation"":0.3692330666666668,""endpoint_speed_violation"":1.2848784254802297,""endpoint_late_speed_violation"":0.5030267080725661,""post_speed_violation"":1.6924540831445247,""final_speed_violation"":2.0407907984701654,""ip_violation"":0.0,""max_violation"":2.0407907984701654,""sum_violation"":5.890383081834153,""l2_violation"":3.011562617893245,""pass"":false},{""endpoint_step"":14,""arrival_time_ms"":140,""window_start_step"":12,""sustained_box_max_error_m"":0.041076992,""endpoint_velocity_m_per_s"":0.2698304814182235,""endpoint_late_velocity_rms_m_per_s"":0.2017735520081062,""post_arrival_velocity_rms_m_per_s"":0.2874652809497162,""final_velocity_m_per_s"":0.30407907984701654,""sustained_Ip_max_error_A"":648.0161000000007,""position_violation"":0.3692330666666668,""endpoint_speed_violation"":1.6983048141822352,""endpoint_late_speed_violation"":1.0177355200810618,""post_speed_violation"":1.8746528094971615,""final_speed_violation"":2.0407907984701654,""ip_violation"":0.0,""max_violation"":2.0407907984701654,""sum_violation"":7.000717008897292,""l2_violation"":3.425712791158271,""pass"":false},{""endpoint_step"":15,""arrival_time_ms"":150,""window_start_step"":13,""sustained_box_max_error_m"":0.041076992,""endpoint_velocity_m_per_s"":0.30407907984701654,""endpoint_late_velocity_rms_m_per_s"":0.24784738875405038,""post_arrival_velocity_rms_m_per_s"":0.30407907984701654,""final_velocity_m_per_s"":0.30407907984701654,""sustained_Ip_max_error_A"":620.2100000000028,""position_violation"":0.3692330666666668,""endpoint_speed_violation"":2.0407907984701654,""endpoint_late_speed_violation"":1.4784738875405035,""post_speed_violation"":2.0407907984701654,""final_speed_violation"":2.0407907984701654,""ip_violation"":0.0,""max_violation"":2.0407907984701654,""sum_violation"":7.9700793496176665,""l2_violation"":3.849246594207844,""pass"":false}]",False,False,10.93615881562885,10.93615881562885,1225213.426604892,0.3865881954210792,0.20654336552424568,0.062449915495007356,396.9167306423187,40
Stage3.0,screen,s30screen_2e8862660552a94b,55,nominal_04_s22g004_b65dbd2d777a03f8,s22g004_b65dbd2d777a03f8,speed_safe,mode1_minus_pulse,screen_template,"[-0.570376789148781,0.0306486940965105,0.06409710769184573,-0.5363014313190247,0.024518955277208404,0.05127768615347659,-0.4222260734892686,0.0183892164579063,0.038458264615107436,-0.2841507156595124,0.012259477638604202,0.025638843076738294,-0.1380753578297562,0.006129738819302101,0.012819421538369147,-0.0,0.0,0.0]",stage3_0_evaluations/screen/s30screen_2e8862660552a94b.json.gz,True,,16,-0.02835868500000005,0.0411106309,578.0428000000029,0.049942957340602716,0.0411106309,0.3043689063625916,0.24864769931540684,0.6494148319822909,0.41475,0,0,False,False,NEAR_FEASIBLE_120_150MS,,,,,,,,,12,120,10,0.0411106309,0.16832803269233032,0.10541302919690611,0.24864769931540684,0.3043689063625916,724.4620000000032,0.3703543633333335,0.6832803269233032,0.05413029196906094,1.4864769931540684,2.043689063625916,0.0,2.043689063625916,4.637931039005682,2.6444741042539337,"[{""endpoint_step"":12,""arrival_time_ms"":120,""window_start_step"":10,""sustained_box_max_error_m"":0.0411106309,""endpoint_velocity_m_per_s"":0.16832803269233032,""endpoint_late_velocity_rms_m_per_s"":0.10541302919690611,""post_arrival_velocity_rms_m_per_s"":0.24864769931540684,""final_velocity_m_per_s"":0.3043689063625916,""sustained_Ip_max_error_A"":724.4620000000032,""position_violation"":0.3703543633333335,""endpoint_speed_violation"":0.6832803269233032,""endpoint_late_speed_violation"":0.05413029196906094,""post_speed_violation"":1.4864769931540684,""final_speed_violation"":2.043689063625916,""ip_violation"":0.0,""max_violation"":2.043689063625916,""sum_violation"":4.637931039005682,""l2_violation"":2.6444741042539337,""pass"":false},{""endpoint_step"":13,""arrival_time_ms"":130,""window_start_step"":11,""sustained_box_max_error_m"":0.0411106309,""endpoint_velocity_m_per_s"":0.2297195860541924,""endpoint_late_velocity_rms_m_per_s"":0.15086010586997378,""post_arrival_velocity_rms_m_per_s"":0.2701656201353222,""final_velocity_m_per_s"":0.3043689063625916,""sustained_Ip_max_error_A"":691.8407000000007,""position_violation"":0.3703543633333335,""endpoint_speed_violation"":1.2971958605419238,""endpoint_late_speed_violation"":0.5086010586997378,""post_speed_violation"":1.701656201353222,""final_speed_violation"":2.043689063625916,""ip_violation"":0.0,""max_violation"":2.043689063625916,""sum_violation"":5.921496547554133,""l2_violation"":3.025037736681261,""pass"":false},{""endpoint_step"":14,""arrival_time_ms"":140,""window_start_step"":12,""sustained_box_max_error_m"":0.0411106309,""endpoint_velocity_m_per_s"":0.2712136934818005,""endpoint_late_velocity_rms_m_per_s"":0.20265127605984998,""post_arrival_velocity_rms_m_per_s"":0.288268363415412,""final_velocity_m_per_s"":0.3043689063625916,""sustained_Ip_max_error_A"":651.9332000000031,""position_violation"":0.3703543633333335,""endpoint_speed_violation"":1.7121369348180049,""endpoint_late_speed_violation"":1.0265127605984996,""post_speed_violation"":1.88268363415412,""final_speed_violation"":2.043689063625916,""ip_violation"":0.0,""max_violation"":2.043689063625916,""sum_violation"":7.035376756529875,""l2_violation"":3.44143376236933,""pass"":false},{""endpoint_step"":15,""arrival_time_ms"":150,""window_start_step"":13,""sustained_box_max_error_m"":0.0411106309,""endpoint_velocity_m_per_s"":0.3043689063625916,""endpoint_late_velocity_rms_m_per_s"":0.24864769931540684,""post_arrival_velocity_rms_m_per_s"":0.3043689063625916,""final_velocity_m_per_s"":0.3043689063625916,""sustained_Ip_max_error_A"":628.2802000000011,""position_violation"":0.3703543633333335,""endpoint_speed_violation"":2.043689063625916,""endpoint_late_speed_violation"":1.4864769931540684,""post_speed_violation"":2.043689063625916,""final_speed_violation"":2.043689063625916,""ip_violation"":0.0,""max_violation"":2.043689063625916,""sum_violation"":7.98789854736515,""l2_violation"":3.8570417643537285,""pass"":false}]",False,False,10.978430133404654,10.978430133404654,1225576.0830530017,0.38640628610095495,0.20684289427240524,0.062449915495007356,391.9448788166046,41
Stage3.0,screen,s30screen_96759b551bd5f257,82,nominal_06_s22g002_e66fb8b248b46533,s22g002_e66fb8b248b46533,gate,coupled_cross_pulse,screen_template,"[-0.6123570383020945,-0.06513165996609745,0.04384139339374735,-0.40988563064167566,-0.13210532797287797,0.050073114714997875,-0.2874142229812567,-0.11907899597965846,0.041304836036248405,-0.18894281532083784,-0.08205266398643897,0.028036557357498937,-0.09847140766041892,-0.03702633199321949,0.013268278678749468,0.0,-0.0,0.0]",stage3_0_evaluations/screen/s30screen_96759b551bd5f257.json.gz,True,,16,-0.028179425000000036,0.0418007657,580.4599000000017,0.05041214145855068,0.0418007657,0.30610334660189603,0.25444043198610483,0.649314019602587,0.4144,0,0,False,False,NEAR_FEASIBLE_120_150MS,,,,,,,,,12,120,10,0.0418007657,0.17794338333922283,0.10973245272063936,0.25444043198610483,0.30610334660189603,740.9024000000027,0.3933588566666666,0.7794338333922282,0.09732452720639362,1.544404319861048,2.06103346601896,0.0,2.06103346601896,4.875555003145296,2.721169602506641,"[{""endpoint_step"":12,""arrival_time_ms"":120,""window_start_step"":10,""sustained_box_max_error_m"":0.0418007657,""endpoint_velocity_m_per_s"":0.17794338333922283,""endpoint_late_velocity_rms_m_per_s"":0.10973245272063936,""post_arrival_velocity_rms_m_per_s"":0.25444043198610483,""final_velocity_m_per_s"":0.30610334660189603,""sustained_Ip_max_error_A"":740.9024000000027,""position_violation"":0.3933588566666666,""endpoint_speed_violation"":0.7794338333922282,""endpoint_late_speed_violation"":0.09732452720639362,""post_speed_violation"":1.544404319861048,""final_speed_violation"":2.06103346601896,""ip_violation"":0.0,""max_violation"":2.06103346601896,""sum_violation"":4.875555003145296,""l2_violation"":2.721169602506641,""pass"":false},{""endpoint_step"":13,""arrival_time_ms"":130,""window_start_step"":11,""sustained_box_max_error_m"":0.0418007657,""endpoint_velocity_m_per_s"":0.24161751713481514,""endpoint_late_velocity_rms_m_per_s"":0.15857064419920153,""post_arrival_velocity_rms_m_per_s"":0.27525496425610746,""final_velocity_m_per_s"":0.30610334660189603,""sustained_Ip_max_error_A"":693.6454000000012,""position_violation"":0.3933588566666666,""endpoint_speed_violation"":1.4161751713481512,""endpoint_late_speed_violation"":0.5857064419920153,""post_speed_violation"":1.7525496425610743,""final_speed_violation"":2.06103346601896,""ip_violation"":0.0,""max_violation"":2.06103346601896,""sum_violation"":6.208823578586868,""l2_violation"":3.1341066573974627,""pass"":false},{""endpoint_step"":14,""arrival_time_ms"":140,""window_start_step"":12,""sustained_box_max_error_m"":0.0418007657,""endpoint_velocity_m_per_s"":0.2742582772782251,""endpoint_late_velocity_rms_m_per_s"":0.20954863711182228,""post_arrival_velocity_rms_m_per_s"":0.2906173269580638,""final_velocity_m_per_s"":0.30610334660189603,""sustained_Ip_max_error_A"":647.5156000000025,""position_violation"":0.3933588566666666,""endpoint_speed_violation"":1.7425827727822507,""endpoint_late_speed_violation"":1.0954863711182226,""post_speed_violation"":1.9061732695806377,""final_speed_violation"":2.06103346601896,""ip_violation"":0.0,""max_violation"":2.06103346601896,""sum_violation"":7.198634736166738,""l2_violation"":3.5032516011750032,""pass"":false},{""endpoint_step"":15,""arrival_time_ms"":150,""window_start_step"":13,""sustained_box_max_error_m"":0.0418007657,""endpoint_velocity_m_per_s"":0.30610334660189603,""endpoint_late_velocity_rms_m_per_s"":0.25444043198610483,""post_arrival_velocity_rms_m_per_s"":0.30610334660189603,""final_velocity_m_per_s"":0.30610334660189603,""sustained_Ip_max_error_A"":621.0599000000002,""position_violation"":0.3933588566666666,""endpoint_speed_violation"":2.06103346601896,""endpoint_late_speed_violation"":1.544404319861048,""post_speed_violation"":2.06103346601896,""final_speed_violation"":2.06103346601896,""ip_violation"":0.0,""max_violation"":2.06103346601896,""sum_violation"":8.120863574584595,""l2_violation"":3.9094107915994134,""pass"":false}]",False,False,11.294833961268042,11.294833961268042,1228338.031050945,0.38379832696809746,0.20160284513884574,0.05253984056323568,394.688223361969,42
Stage3.0,screen,s30screen_a84ab8e503c688d2,2,nominal_00_s22g005_adf586ba25597d7e,s22g005_adf586ba25597d7e,corner,linear_ramp_zero,screen_template,"[-0.46646280409257196,-0.12819906619391455,-0.0001051071873125458,-0.37317024327405757,-0.10255925295513164,-8.408574985003664e-05,-0.2798776824555432,-0.07691943971634872,-6.306431238752747e-05,-0.18658512163702878,-0.05127962647756582,-4.204287492501832e-05,-0.09329256081851439,-0.02563981323878291,-2.102143746250916e-05,-0.0,-0.0,-0.0]",stage3_0_evaluations/screen/s30screen_a84ab8e503c688d2.json.gz,True,,16,-0.02981979400000001,0.0417522708,588.2700000000004,0.051307623518917427,0.0417522708,0.305025557010821,0.2596417360525456,0.6492793452001951,0.41465,0,0,False,False,NEAR_FEASIBLE_120_150MS,,,,,,,,,12,120,10,0.0417522708,0.19464889412098618,0.1214296413421175,0.2596417360525456,0.305025557010821,696.449700000001,0.39174236000000007,0.9464889412098618,0.2142964134211749,1.596417360525456,2.05025557010821,0.0,2.05025557010821,5.199200645264703,2.8013073085620075,"[{""endpoint_step"":12,""arrival_time_ms"":120,""window_start_step"":10,""sustained_box_max_error_m"":0.0417522708,""endpoint_velocity_m_per_s"":0.19464889412098618,""endpoint_late_velocity_rms_m_per_s"":0.1214296413421175,""post_arrival_velocity_rms_m_per_s"":0.2596417360525456,""final_velocity_m_per_s"":0.305025557010821,""sustained_Ip_max_error_A"":696.449700000001,""position_violation"":0.39174236000000007,""endpoint_speed_violation"":0.9464889412098618,""endpoint_late_speed_violation"":0.2142964134211749,""post_speed_violation"":1.596417360525456,""final_speed_violation"":2.05025557010821,""ip_violation"":0.0,""max_violation"":2.05025557010821,""sum_violation"":5.199200645264703,""l2_violation"":2.8013073085620075,""pass"":false},{""endpoint_step"":13,""arrival_time_ms"":130,""window_start_step"":11,""sustained_box_max_error_m"":0.0417522708,""endpoint_velocity_m_per_s"":0.2502251654920469,""endpoint_late_velocity_rms_m_per_s"":0.17004769040324325,""post_arrival_velocity_rms_m_per_s"":0.2779491154983804,""final_velocity_m_per_s"":0.305025557010821,""sustained_Ip_max_error_A"":675.1526000000013,""position_violation"":0.39174236000000007,""endpoint_speed_violation"":1.5022516549204687,""endpoint_late_speed_violation"":0.7004769040324323,""post_speed_violation"":1.7794911549838042,""final_speed_violation"":2.05025557010821,""ip_violation"":0.0,""max_violation"":2.05025557010821,""sum_violation"":6.424217644044916,""l2_violation"":3.2048442517286,""pass"":false},{""endpoint_step"":14,""arrival_time_ms"":140,""window_start_step"":12,""sustained_box_max_error_m"":0.0417522708,""endpoint_velocity_m_per_s"":0.2758874925467122,""endpoint_late_velocity_rms_m_per_s"":0.21855723670195126,""post_arrival_velocity_rms_m_per_s"":0.29082167987744123,""final_velocity_m_per_s"":0.305025557010821,""sustained_Ip_max_error_A"":649.4416000000019,""position_violation"":0.39174236000000007,""endpoint_speed_violation"":1.7588749254671217,""endpoint_late_speed_violation"":1.1855723670195126,""post_speed_violation"":1.9082167987744123,""final_speed_violation"":2.05025557010821,""ip_violation"":0.0,""max_violation"":2.05025557010821,""sum_violation"":7.2946620213692555,""l2_violation"":3.53518375355231,""pass"":false},{""endpoint_step"":15,""arrival_time_ms"":150,""window_start_step"":13,""sustained_box_max_error_m"":0.0417522708,""endpoint_velocity_m_per_s"":0.305025557010821,""endpoint_late_velocity_rms_m_per_s"":0.2596417360525456,""post_arrival_velocity_rms_m_per_s"":0.305025557010821,""final_velocity_m_per_s"":0.305025557010821,""sustained_Ip_max_error_A"":626.1240000000034,""position_violation"":0.39174236000000007,""endpoint_speed_violation"":2.05025557010821,""endpoint_late_speed_violation"":1.596417360525456,""post_speed_violation"":2.05025557010821,""final_speed_violation"":2.05025557010821,""ip_violation"":0.0,""max_violation"":2.05025557010821,""sum_violation"":8.138926430850084,""l2_violation"":3.913138660191414,""pass"":false}]",False,False,11.79928408456049,11.79928408456049,1228635.4661845264,0.3929299954326874,0.2137964353605166,0.06082249957316407,390.3387773036957,43
Stage3.0,screen,s30screen_4ab8906cfa62d081,27,nominal_02_s22g005_fe6e232ce2c851ad,s22g005_fe6e232ce2c851ad,corner,fast_ramp_zero,screen_template,"[-0.5951009586987541,-0.1869614547699112,-0.04516989915377853,-0.29755047934937706,-0.0934807273849556,-0.022584949576889266,-0.0,-0.0,-0.0,-0.0,-0.0,-0.0,-0.0,-0.0,-0.0,-0.0,-0.0,-0.0]",stage3_0_evaluations/screen/s30screen_4ab8906cfa62d081.json.gz,True,,16,-0.029029285999999987,0.0425482659,609.7509000000027,0.05150780889114677,0.0425482659,0.30378173473896003,0.270165121449272,0.6492932120464047,0.4147,0,0,False,False,NEAR_FEASIBLE_120_150MS,,,,,,,,,12,120,10,0.0425482659,0.21366915012649074,0.1314371751584157,0.270165121449272,0.30378173473896003,717.0074000000022,0.41827553000000006,1.1366915012649073,0.31437175158415687,1.70165121449272,2.0378173473896,0.0,2.0378173473896,5.608807344731384,2.934990286754843,"[{""endpoint_step"":12,""arrival_time_ms"":120,""window_start_step"":10,""sustained_box_max_error_m"":0.0425482659,""endpoint_velocity_m_per_s"":0.21366915012649074,""endpoint_late_velocity_rms_m_per_s"":0.1314371751584157,""post_arrival_velocity_rms_m_per_s"":0.270165121449272,""final_velocity_m_per_s"":0.30378173473896003,""sustained_Ip_max_error_A"":717.0074000000022,""position_violation"":0.41827553000000006,""endpoint_speed_violation"":1.1366915012649073,""endpoint_late_speed_violation"":0.31437175158415687,""post_speed_violation"":1.70165121449272,""final_speed_violation"":2.0378173473896,""ip_violation"":0.0,""max_violation"":2.0378173473896,""sum_violation"":5.608807344731384,""l2_violation"":2.934990286754843,""pass"":false},{""endpoint_step"":13,""arrival_time_ms"":130,""window_start_step"":11,""sustained_box_max_error_m"":0.0425482659,""endpoint_velocity_m_per_s"":0.2701881790017986,""endpoint_late_velocity_rms_m_per_s"":0.18464992100841215,""post_arrival_velocity_rms_m_per_s"":0.2865322935115824,""final_velocity_m_per_s"":0.30378173473896003,""sustained_Ip_max_error_A"":698.2501000000011,""position_violation"":0.41827553000000006,""endpoint_speed_violation"":1.701881790017986,""endpoint_late_speed_violation"":0.8464992100841215,""post_speed_violation"":1.8653229351158238,""final_speed_violation"":2.0378173473896,""ip_violation"":0.0,""max_violation"":2.0378173473896,""sum_violation"":6.8697968126075315,""l2_violation"":3.3793558783377264,""pass"":false},{""endpoint_step"":14,""arrival_time_ms"":140,""window_start_step"":12,""sustained_box_max_error_m"":0.0425482659,""endpoint_velocity_m_per_s"":0.2846353302766593,""endpoint_late_velocity_rms_m_per_s"":0.23271611671477643,""post_arrival_velocity_rms_m_per_s"":0.29436424171654646,""final_velocity_m_per_s"":0.30378173473896003,""sustained_Ip_max_error_A"":670.9622000000018,""position_violation"":0.41827553000000006,""endpoint_speed_violation"":1.8463533027665933,""endpoint_late_speed_violation"":1.3271611671477643,""post_speed_violation"":1.9436424171654645,""final_speed_violation"":2.0378173473896,""ip_violation"":0.0,""max_violation"":2.0378173473896,""sum_violation"":7.5732497644694226,""l2_violation"":3.6435939796231,""pass"":false},{""endpoint_step"":15,""arrival_time_ms"":150,""window_start_step"":13,""sustained_box_max_error_m"":0.0425482659,""endpoint_velocity_m_per_s"":0.30378173473896003,""endpoint_late_velocity_rms_m_per_s"":0.270165121449272,""post_arrival_velocity_rms_m_per_s"":0.30378173473896003,""final_velocity_m_per_s"":0.30378173473896003,""sustained_Ip_max_error_A"":650.8447000000015,""position_violation"":0.41827553000000006,""endpoint_speed_violation"":2.0378173473896,""endpoint_late_speed_violation"":1.70165121449272,""post_speed_violation"":2.0378173473896,""final_speed_violation"":2.0378173473896,""ip_violation"":0.0,""max_violation"":2.0378173473896,""sum_violation"":8.23337878666152,""l2_violation"":3.940643335642962,""pass"":false}]",False,False,12.440549545552798,12.440549545552798,1229164.394954186,0.39390402293963783,0.21187601052850072,0.0572525731595202,399.1444354057312,44
Stage3.0,screen,s30screen_df2c17612984e882,53,nominal_04_s22g004_b65dbd2d777a03f8,s22g004_b65dbd2d777a03f8,speed_safe,continue_slope_decay,screen_template,"[-0.570376789148781,0.0306486940965105,0.06409710769184573,-0.513184468509925,0.26589182768155534,0.04313877388825234,-0.4845883081904971,0.38351339447407773,0.03265960698645564,-0.47029022803078313,0.44232417787033895,0.02742002353555729,-0.4631411879509261,0.47172956956846956,0.02480023181010812,-0.45956666791099765,0.48643226541753487,0.02349033594738353]",stage3_0_evaluations/screen/s30screen_df2c17612984e882.json.gz,True,,16,-0.026900778999999986,0.0407973322,684.6876000000011,0.048867926346879066,0.0407973322,0.309311058096066,0.24642166461402107,0.6494148319822909,0.41475,0,0,False,False,NEAR_FEASIBLE_120_150MS,,,,,,,,,12,120,10,0.0407973322,0.1661920193907416,0.10447323229051188,0.24642166461402107,0.309311058096066,724.4620000000032,0.3599110733333335,0.661920193907416,0.04473232290511864,1.4642166461402106,2.09311058096066,0.0,2.09311058096066,4.623890817246739,2.6635911089141344,"[{""endpoint_step"":12,""arrival_time_ms"":120,""window_start_step"":10,""sustained_box_max_error_m"":0.0407973322,""endpoint_velocity_m_per_s"":0.1661920193907416,""endpoint_late_velocity_rms_m_per_s"":0.10447323229051188,""post_arrival_velocity_rms_m_per_s"":0.24642166461402107,""final_velocity_m_per_s"":0.309311058096066,""sustained_Ip_max_error_A"":724.4620000000032,""position_violation"":0.3599110733333335,""endpoint_speed_violation"":0.661920193907416,""endpoint_late_speed_violation"":0.04473232290511864,""post_speed_violation"":1.4642166461402106,""final_speed_violation"":2.09311058096066,""ip_violation"":0.0,""max_violation"":2.09311058096066,""sum_violation"":4.623890817246739,""l2_violation"":2.6635911089141344,""pass"":false},{""endpoint_step"":13,""arrival_time_ms"":130,""window_start_step"":11,""sustained_box_max_error_m"":0.0407973322,""endpoint_velocity_m_per_s"":0.22252917916212733,""endpoint_late_velocity_rms_m_per_s"":0.14747392286188885,""post_arrival_velocity_rms_m_per_s"":0.2678773101349495,""final_velocity_m_per_s"":0.309311058096066,""sustained_Ip_max_error_A"":715.3919000000024,""position_violation"":0.3599110733333335,""endpoint_speed_violation"":1.2252917916212733,""endpoint_late_speed_violation"":0.4747392286188883,""post_speed_violation"":1.6787731013494946,""final_speed_violation"":2.09311058096066,""ip_violation"":0.0,""max_violation"":2.09311058096066,""sum_violation"":5.831825775883649,""l2_violation"":3.0092597628746094,""pass"":false},{""endpoint_step"":14,""arrival_time_ms"":140,""window_start_step"":12,""sustained_box_max_error_m"":0.0407973322,""endpoint_velocity_m_per_s"":0.26473041687031285,""endpoint_late_velocity_rms_m_per_s"":0.19796125275147294,""post_arrival_velocity_rms_m_per_s"":0.28788498074477376,""final_velocity_m_per_s"":0.309311058096066,""sustained_Ip_max_error_A"":707.4714000000022,""position_violation"":0.3599110733333335,""endpoint_speed_violation"":1.6473041687031285,""endpoint_late_speed_violation"":0.9796125275147294,""post_speed_violation"":1.8788498074477373,""final_speed_violation"":2.09311058096066,""ip_violation"":0.0,""max_violation"":2.09311058096066,""sum_violation"":6.958788157959589,""l2_violation"":3.4225686570285663,""pass"":false},{""endpoint_step"":15,""arrival_time_ms"":150,""window_start_step"":13,""sustained_box_max_error_m"":0.0407973322,""endpoint_velocity_m_per_s"":0.309311058096066,""endpoint_late_velocity_rms_m_per_s"":0.24642166461402107,""post_arrival_velocity_rms_m_per_s"":0.309311058096066,""final_velocity_m_per_s"":0.309311058096066,""sustained_Ip_max_error_A"":698.7071000000033,""position_violation"":0.3599110733333335,""endpoint_speed_violation"":2.09311058096066,""endpoint_late_speed_violation"":1.4642166461402106,""post_speed_violation"":2.09311058096066,""final_speed_violation"":2.09311058096066,""ip_violation"":0.0,""max_violation"":2.09311058096066,""sum_violation"":8.103459462355524,""l2_violation"":3.9264235736775075,""pass"":false}]",False,False,10.798046264540133,10.798046264540133,1230481.0105202317,0.3952442604116631,0.20689227451026568,0.062449915495007356,407.9170255661011,45
Stage3.0,screen,s30screen_1b52b5b70df44e16,37,nominal_03_s22g004_89d222a7ea5c4cdd,s22g004_89d222a7ea5c4cdd,speed_safe,zero_after_100,screen_template,"[-0.6859789086987541,-0.19247350476991118,-0.04912107915377853,0.0,0.0,0.0,0.0,0.0,0.0,0.0,0.0,0.0,0.0,0.0,0.0,0.0,0.0,0.0]",stage3_0_evaluations/screen/s30screen_1b52b5b70df44e16.json.gz,True,,16,-0.02864095,0.0431641789,594.5544000000009,0.051802030433311254,0.0431641789,0.3049067457908898,0.27503784823471733,0.6492672440761607,0.41455,0,0,False,False,NEAR_FEASIBLE_120_150MS,,,,,,,,,12,120,10,0.0431641789,0.22796937160960495,0.14004703877481262,0.27503784823471733,0.3049067457908898,693.7359000000033,0.43880596333333344,1.2796937160960495,0.40047038774812616,1.7503784823471733,2.0490674579088974,0.0,2.0490674579088974,5.91841600743358,3.041881899492643,"[{""endpoint_step"":12,""arrival_time_ms"":120,""window_start_step"":10,""sustained_box_max_error_m"":0.0431641789,""endpoint_velocity_m_per_s"":0.22796937160960495,""endpoint_late_velocity_rms_m_per_s"":0.14004703877481262,""post_arrival_velocity_rms_m_per_s"":0.27503784823471733,""final_velocity_m_per_s"":0.3049067457908898,""sustained_Ip_max_error_A"":693.7359000000033,""position_violation"":0.43880596333333344,""endpoint_speed_violation"":1.2796937160960495,""endpoint_late_speed_violation"":0.40047038774812616,""post_speed_violation"":1.7503784823471733,""final_speed_violation"":2.0490674579088974,""ip_violation"":0.0,""max_violation"":2.0490674579088974,""sum_violation"":5.91841600743358,""l2_violation"":3.041881899492643,""pass"":false},{""endpoint_step"":13,""arrival_time_ms"":130,""window_start_step"":11,""sustained_box_max_error_m"":0.0431641789,""endpoint_velocity_m_per_s"":0.27475077380253693,""endpoint_late_velocity_rms_m_per_s"":0.19295928518143152,""post_arrival_velocity_rms_m_per_s"":0.28902897055154375,""final_velocity_m_per_s"":0.3049067457908898,""sustained_Ip_max_error_A"":669.7093000000023,""position_violation"":0.43880596333333344,""endpoint_speed_violation"":1.747507738025369,""endpoint_late_speed_violation"":0.9295928518143151,""post_speed_violation"":1.8902897055154373,""final_speed_violation"":2.0490674579088974,""ip_violation"":0.0,""max_violation"":2.0490674579088974,""sum_violation"":7.055263716597352,""l2_violation"":3.447078394220035,""pass"":false},{""endpoint_step"":14,""arrival_time_ms"":140,""window_start_step"":12,""sustained_box_max_error_m"":0.0431641789,""endpoint_velocity_m_per_s"":0.28663064407067906,""endpoint_late_velocity_rms_m_per_s"":0.2396869469599661,""post_arrival_velocity_rms_m_per_s"":0.29590982557965406,""final_velocity_m_per_s"":0.3049067457908898,""sustained_Ip_max_error_A"":646.6857000000018,""position_violation"":0.43880596333333344,""endpoint_speed_violation"":1.8663064407067904,""endpoint_late_speed_violation"":1.3968694695996606,""post_speed_violation"":1.9590982557965404,""final_speed_violation"":2.0490674579088974,""ip_violation"":0.0,""max_violation"":2.0490674579088974,""sum_violation"":7.710147587345222,""l2_violation"":3.696435870146601,""pass"":false},{""endpoint_step"":15,""arrival_time_ms"":150,""window_start_step"":13,""sustained_box_max_error_m"":0.0431641789,""endpoint_velocity_m_per_s"":0.3049067457908898,""endpoint_late_velocity_rms_m_per_s"":0.27503784823471733,""post_arrival_velocity_rms_m_per_s"":0.3049067457908898,""final_velocity_m_per_s"":0.3049067457908898,""sustained_Ip_max_error_A"":629.1189000000013,""position_violation"":0.43880596333333344,""endpoint_speed_violation"":2.0490674579088974,""endpoint_late_speed_violation"":1.7503784823471733,""post_speed_violation"":2.0490674579088974,""final_speed_violation"":2.0490674579088974,""ip_violation"":0.0,""max_violation"":2.0490674579088974,""sum_violation"":8.336386819407199,""l2_violation"":3.981508237603507,""pass"":false}]",False,False,12.842158713091028,12.842158713091028,1231635.1338788297,0.3953387667107531,0.2159767047468899,0.04634447069950712,400.82363653182983,46
Stage3.0,screen,s30screen_c0e50478c8e9f2e6,93,nominal_07_s22g005_a2acc95ca222cec3,s22g005_a2acc95ca222cec3,position_front,mode2_minus_pulse,screen_template,"[-0.49077844169390217,-0.20688584005420638,-0.030122634663424044,-0.39262275335512176,-0.24550867204336513,-0.024098107730739237,-0.2944670650163413,-0.20413150403252384,-0.018073580798054427,-0.19631137667756088,-0.13875433602168255,-0.012049053865369619,-0.09815568833878044,-0.06537716801084129,-0.006024526932684809,-0.0,-0.0,-0.0]",stage3_0_evaluations/screen/s30screen_c0e50478c8e9f2e6.json.gz,True,,16,-0.030011721000000047,0.0409906141,603.6081000000013,0.05080289206016684,0.0409906141,0.3092699029012265,0.25911069075587506,0.6492838018270403,0.41475,0,0,False,False,NEAR_FEASIBLE_120_150MS,,,,,,,,,12,120,10,0.0409906141,0.18201806449252894,0.11435016177258252,0.25911069075587506,0.3092699029012265,709.4993000000031,0.36635380333333356,0.8201806449252893,0.14350161772582504,1.5911069075587503,2.092699029012265,0.0,2.092699029012265,5.013842002555464,2.781818565458006,"[{""endpoint_step"":12,""arrival_time_ms"":120,""window_start_step"":10,""sustained_box_max_error_m"":0.0409906141,""endpoint_velocity_m_per_s"":0.18201806449252894,""endpoint_late_velocity_rms_m_per_s"":0.11435016177258252,""post_arrival_velocity_rms_m_per_s"":0.25911069075587506,""final_velocity_m_per_s"":0.3092699029012265,""sustained_Ip_max_error_A"":709.4993000000031,""position_violation"":0.36635380333333356,""endpoint_speed_violation"":0.8201806449252893,""endpoint_late_speed_violation"":0.14350161772582504,""post_speed_violation"":1.5911069075587503,""final_speed_violation"":2.092699029012265,""ip_violation"":0.0,""max_violation"":2.092699029012265,""sum_violation"":5.013842002555464,""l2_violation"":2.781818565458006,""pass"":false},{""endpoint_step"":13,""arrival_time_ms"":130,""window_start_step"":11,""sustained_box_max_error_m"":0.0409906141,""endpoint_velocity_m_per_s"":0.24489741664601022,""endpoint_late_velocity_rms_m_per_s"":0.16116430301080364,""post_arrival_velocity_rms_m_per_s"":0.2801326022049441,""final_velocity_m_per_s"":0.3092699029012265,""sustained_Ip_max_error_A"":684.5290000000023,""position_violation"":0.36635380333333356,""endpoint_speed_violation"":1.448974166460102,""endpoint_late_speed_violation"":0.6116430301080364,""post_speed_violation"":1.801326022049441,""final_speed_violation"":2.092699029012265,""ip_violation"":0.0,""max_violation"":2.092699029012265,""sum_violation"":6.320996050963178,""l2_violation"":3.198751804111508,""pass"":false},{""endpoint_step"":14,""arrival_time_ms"":140,""window_start_step"":12,""sustained_box_max_error_m"":0.0409906141,""endpoint_velocity_m_per_s"":0.2824893041053356,""endpoint_late_velocity_rms_m_per_s"":0.2142407425770006,""post_arrival_velocity_rms_m_per_s"":0.2961824435837233,""final_velocity_m_per_s"":0.3092699029012265,""sustained_Ip_max_error_A"":657.9837000000007,""position_violation"":0.36635380333333356,""endpoint_speed_violation"":1.8248930410533561,""endpoint_late_speed_violation"":1.1424074257700059,""post_speed_violation"":1.961824435837233,""final_speed_violation"":2.092699029012265,""ip_violation"":0.0,""max_violation"":2.092699029012265,""sum_violation"":7.388177735006194,""l2_violation"":3.6052307540618216,""pass"":false},{""endpoint_step"":15,""arrival_time_ms"":150,""window_start_step"":13,""sustained_box_max_error_m"":0.0409906141,""endpoint_velocity_m_per_s"":0.3092699029012265,""endpoint_late_velocity_rms_m_per_s"":0.25911069075587506,""post_arrival_velocity_rms_m_per_s"":0.3092699029012265,""final_velocity_m_per_s"":0.3092699029012265,""sustained_Ip_max_error_A"":635.6729000000014,""position_violation"":0.36635380333333356,""endpoint_speed_violation"":2.092699029012265,""endpoint_late_speed_violation"":1.5911069075587503,""post_speed_violation"":2.092699029012265,""final_speed_violation"":2.092699029012265,""ip_violation"":0.0,""max_violation"":2.092699029012265,""sum_violation"":8.235557797928879,""l2_violation"":3.975425006032009,""pass"":false}]",False,False,11.541464372164198,11.541464372164198,1232118.6309412783,0.39248228594371365,0.20869800380401954,0.06147467148340888,405.3346393108368,47
Stage3.0,screen,s30screen_15761b3161f17a73,80,nominal_06_s22g002_e66fb8b248b46533,s22g002_e66fb8b248b46533,gate,mode2_plus_pulse,screen_template,"[-0.6123570383020945,-0.06513165996609745,0.04384139339374735,-0.4898856306416757,0.027894672027122043,0.035073114714997876,-0.3674142229812567,0.04092100402034154,0.02630483603624841,-0.24494281532083784,0.029947336013561015,0.017536557357498938,-0.12247140766041892,0.01097366800678051,0.008768278678749469,-0.0,0.0,0.0]",stage3_0_evaluations/screen/s30screen_15761b3161f17a73.json.gz,True,,16,-0.027390969000000043,0.0418584329,601.7437000000027,0.0500239301495071,0.0418584329,0.3109972396381202,0.2560732156383995,0.649314019602587,0.4144,0,0,False,False,NEAR_FEASIBLE_120_150MS,,,,,,,,,12,120,10,0.0418584329,0.17926316881219534,0.11025185471908917,0.2560732156383995,0.3109972396381202,740.9024000000027,0.39528109666666666,0.7926316881219533,0.1025185471908916,1.5607321563839949,2.109972396381202,0.0,2.109972396381202,4.961135884744708,2.7718027650568606,"[{""endpoint_step"":12,""arrival_time_ms"":120,""window_start_step"":10,""sustained_box_max_error_m"":0.0418584329,""endpoint_velocity_m_per_s"":0.17926316881219534,""endpoint_late_velocity_rms_m_per_s"":0.11025185471908917,""post_arrival_velocity_rms_m_per_s"":0.2560732156383995,""final_velocity_m_per_s"":0.3109972396381202,""sustained_Ip_max_error_A"":740.9024000000027,""position_violation"":0.39528109666666666,""endpoint_speed_violation"":0.7926316881219533,""endpoint_late_speed_violation"":0.1025185471908916,""post_speed_violation"":1.5607321563839949,""final_speed_violation"":2.109972396381202,""ip_violation"":0.0,""max_violation"":2.109972396381202,""sum_violation"":4.961135884744708,""l2_violation"":2.7718027650568606,""pass"":false},{""endpoint_step"":13,""arrival_time_ms"":130,""window_start_step"":11,""sustained_box_max_error_m"":0.0418584329,""endpoint_velocity_m_per_s"":0.2406705290540258,""endpoint_late_velocity_rms_m_per_s"":0.15857089655056364,""post_arrival_velocity_rms_m_per_s"":0.27698296179667287,""final_velocity_m_per_s"":0.3109972396381202,""sustained_Ip_max_error_A"":712.9561000000031,""position_violation"":0.39528109666666666,""endpoint_speed_violation"":1.4067052905402577,""endpoint_late_speed_violation"":0.5857089655056362,""post_speed_violation"":1.7698296179667286,""final_speed_violation"":2.109972396381202,""ip_violation"":0.0,""max_violation"":2.109972396381202,""sum_violation"":6.267497367060491,""l2_violation"":3.1721289857464066,""pass"":false},{""endpoint_step"":14,""arrival_time_ms"":140,""window_start_step"":12,""sustained_box_max_error_m"":0.0418584329,""endpoint_velocity_m_per_s"":0.27480374225853693,""endpoint_late_velocity_rms_m_per_s"":0.20972740610716833,""post_arrival_velocity_rms_m_per_s"":0.2934590089108075,""final_velocity_m_per_s"":0.3109972396381202,""sustained_Ip_max_error_A"":687.8379000000023,""position_violation"":0.39528109666666666,""endpoint_speed_violation"":1.748037422585369,""endpoint_late_speed_violation"":1.0972740610716833,""post_speed_violation"":1.9345900891080747,""final_speed_violation"":2.109972396381202,""ip_violation"":0.0,""max_violation"":2.109972396381202,""sum_violation"":7.2851550658129955,""l2_violation"":3.5511286470089294,""pass"":false},{""endpoint_step"":15,""arrival_time_ms"":150,""window_start_step"":13,""sustained_box_max_error_m"":0.0418584329,""endpoint_velocity_m_per_s"":0.3109972396381202,""endpoint_late_velocity_rms_m_per_s"":0.2560732156383995,""post_arrival_velocity_rms_m_per_s"":0.3109972396381202,""final_velocity_m_per_s"":0.3109972396381202,""sustained_Ip_max_error_A"":658.3065999999999,""position_violation"":0.39528109666666666,""endpoint_speed_violation"":2.109972396381202,""endpoint_late_speed_violation"":1.5607321563839949,""post_speed_violation"":2.109972396381202,""final_speed_violation"":2.109972396381202,""ip_violation"":0.0,""max_violation"":2.109972396381202,""sum_violation"":8.28593044219427,""l2_violation"":3.993505045674155,""pass"":false}]",False,False,11.351974093830371,11.351974093830371,1233624.9379162497,0.3845100567450446,0.20149048067025518,0.05253984056323568,397.26560378074646,48
Stage3.0,screen,s30screen_56cac26249dfa7d3,95,nominal_07_s22g005_a2acc95ca222cec3,s22g005_a2acc95ca222cec3,position_front,opposite_cross_pulse,screen_template,"[-0.49077844169390217,-0.20688584005420638,-0.030122634663424044,-0.47262275335512177,-0.08550867204336511,-0.03909810773073924,-0.3744670650163413,-0.04413150403252382,-0.033073580798054426,-0.2523113766775609,-0.026754336021682562,-0.022549053865369616,-0.12215568833878043,-0.017377168010841278,-0.010524526932684809,-0.0,0.0,-0.0]",stage3_0_evaluations/screen/s30screen_56cac26249dfa7d3.json.gz,True,,16,-0.029236149000000045,0.0410972075,632.7013000000006,0.05043543271003293,0.0410972075,0.3127970960153996,0.25936255117716706,0.6492838018270403,0.41475,0,0,False,False,NEAR_FEASIBLE_120_150MS,,,,,,,,,12,120,10,0.0410972075,0.18124603218494165,0.11401604431478009,0.25936255117716706,0.3127970960153996,709.4993000000031,0.36990691666666686,0.8124603218494164,0.14016044314780074,1.5936255117716702,2.1279709601539962,0.0,2.1279709601539962,5.04412415358955,2.8079299368803925,"[{""endpoint_step"":12,""arrival_time_ms"":120,""window_start_step"":10,""sustained_box_max_error_m"":0.0410972075,""endpoint_velocity_m_per_s"":0.18124603218494165,""endpoint_late_velocity_rms_m_per_s"":0.11401604431478009,""post_arrival_velocity_rms_m_per_s"":0.25936255117716706,""final_velocity_m_per_s"":0.3127970960153996,""sustained_Ip_max_error_A"":709.4993000000031,""position_violation"":0.36990691666666686,""endpoint_speed_violation"":0.8124603218494164,""endpoint_late_speed_violation"":0.14016044314780074,""post_speed_violation"":1.5936255117716702,""final_speed_violation"":2.1279709601539962,""ip_violation"":0.0,""max_violation"":2.1279709601539962,""sum_violation"":5.04412415358955,""l2_violation"":2.8079299368803925,""pass"":false},{""endpoint_step"":13,""arrival_time_ms"":130,""window_start_step"":11,""sustained_box_max_error_m"":0.0410972075,""endpoint_velocity_m_per_s"":0.24322005450439801,""endpoint_late_velocity_rms_m_per_s"":0.16029018680830226,""post_arrival_velocity_rms_m_per_s"":0.2806098166670401,""final_velocity_m_per_s"":0.3127970960153996,""sustained_Ip_max_error_A"":705.4377000000022,""position_violation"":0.36990691666666686,""endpoint_speed_violation"":1.43220054504398,""endpoint_late_speed_violation"":0.6029018680830225,""post_speed_violation"":1.806098166670401,""final_speed_violation"":2.1279709601539962,""ip_violation"":0.0,""max_violation"":2.1279709601539962,""sum_violation"":6.339078456618067,""l2_violation"":3.2158624326405842,""pass"":false},{""endpoint_step"":14,""arrival_time_ms"":140,""window_start_step"":12,""sustained_box_max_error_m"":0.0410972075,""endpoint_velocity_m_per_s"":0.2814739587260961,""endpoint_late_velocity_rms_m_per_s"":0.2132485705199047,""post_arrival_velocity_rms_m_per_s"":0.2975479900088448,""final_velocity_m_per_s"":0.3127970960153996,""sustained_Ip_max_error_A"":687.9301000000014,""position_violation"":0.36990691666666686,""endpoint_speed_violation"":1.8147395872609606,""endpoint_late_speed_violation"":1.1324857051990467,""post_speed_violation"":1.9754799000884478,""final_speed_violation"":2.1279709601539962,""ip_violation"":0.0,""max_violation"":2.1279709601539962,""sum_violation"":7.420583069369119,""l2_violation"":3.625384946728042,""pass"":false},{""endpoint_step"":15,""arrival_time_ms"":150,""window_start_step"":13,""sustained_box_max_error_m"":0.0410972075,""endpoint_velocity_m_per_s"":0.3127970960153996,""endpoint_late_velocity_rms_m_per_s"":0.25936255117716706,""post_arrival_velocity_rms_m_per_s"":0.3127970960153996,""final_velocity_m_per_s"":0.3127970960153996,""sustained_Ip_max_error_A"":670.5613000000012,""position_violation"":0.36990691666666686,""endpoint_speed_violation"":2.1279709601539962,""endpoint_late_speed_violation"":1.5936255117716702,""post_speed_violation"":2.1279709601539962,""final_speed_violation"":2.1279709601539962,""ip_violation"":0.0,""max_violation"":2.1279709601539962,""sum_violation"":8.347445308900326,""l2_violation"":4.032524596396595,""pass"":false}]",False,False,11.526977314968896,11.526977314968896,1235793.0495439533,0.392725494750477,0.2088064897438044,0.06147467148340888,399.5234522819519,49
Stage3.0,screen,s30screen_c72bcd0743d17f35,9,nominal_00_s22g005_adf586ba25597d7e,s22g005_adf586ba25597d7e,corner,mode2_minus_pulse,screen_template,"[-0.46646280409257196,-0.12819906619391455,-0.0001051071873125458,-0.37317024327405757,-0.18255925295513165,-8.408574985003664e-05,-0.2798776824555432,-0.15691943971634872,-6.306431238752747e-05,-0.18658512163702878,-0.10727962647756581,-4.204287492501832e-05,-0.09329256081851439,-0.049639813238782915,-2.102143746250916e-05,-0.0,-0.0,-0.0]",stage3_0_evaluations/screen/s30screen_c72bcd0743d17f35.json.gz,True,,16,-0.03013769700000002,0.0418732556,582.0405000000028,0.05159118446989506,0.0418732556,0.31237646655158,0.2641059148202624,0.6492793452001951,0.41465,0,0,False,False,NEAR_FEASIBLE_120_150MS,,,,,,,,,12,120,10,0.0418732556,0.1955464138013121,0.12181902054277043,0.2641059148202624,0.31237646655158,696.449700000001,0.3957751866666668,0.955464138013121,0.2181902054277043,1.6410591482026238,2.1237646655158002,0.0,2.1237646655158002,5.334253343825916,2.8845464401787217,"[{""endpoint_step"":12,""arrival_time_ms"":120,""window_start_step"":10,""sustained_box_max_error_m"":0.0418732556,""endpoint_velocity_m_per_s"":0.1955464138013121,""endpoint_late_velocity_rms_m_per_s"":0.12181902054277043,""post_arrival_velocity_rms_m_per_s"":0.2641059148202624,""final_velocity_m_per_s"":0.31237646655158,""sustained_Ip_max_error_A"":696.449700000001,""position_violation"":0.3957751866666668,""endpoint_speed_violation"":0.955464138013121,""endpoint_late_speed_violation"":0.2181902054277043,""post_speed_violation"":1.6410591482026238,""final_speed_violation"":2.1237646655158002,""ip_violation"":0.0,""max_violation"":2.1237646655158002,""sum_violation"":5.334253343825916,""l2_violation"":2.8845464401787217,""pass"":false},{""endpoint_step"":13,""arrival_time_ms"":130,""window_start_step"":11,""sustained_box_max_error_m"":0.0418732556,""endpoint_velocity_m_per_s"":0.25329844655127404,""endpoint_late_velocity_rms_m_per_s"":0.17145786764083906,""post_arrival_velocity_rms_m_per_s"":0.28329568594293664,""final_velocity_m_per_s"":0.31237646655158,""sustained_Ip_max_error_A"":667.5299000000014,""position_violation"":0.3957751866666668,""endpoint_speed_violation"":1.5329844655127403,""endpoint_late_speed_violation"":0.7145786764083906,""post_speed_violation"":1.8329568594293661,""final_speed_violation"":2.1237646655158002,""ip_violation"":0.0,""max_violation"":2.1237646655158002,""sum_violation"":6.600059853532964,""l2_violation"":3.299607439936543,""pass"":false},{""endpoint_step"":14,""arrival_time_ms"":140,""window_start_step"":12,""sustained_box_max_error_m"":0.0418732556,""endpoint_velocity_m_per_s"":0.28112306405042237,""endpoint_late_velocity_rms_m_per_s"":0.22130954843522999,""post_arrival_velocity_rms_m_per_s"":0.29716092777849196,""final_velocity_m_per_s"":0.31237646655158,""sustained_Ip_max_error_A"":636.6229000000021,""position_violation"":0.3957751866666668,""endpoint_speed_violation"":1.8112306405042236,""endpoint_late_speed_violation"":1.2130954843522996,""post_speed_violation"":1.9716092777849195,""final_speed_violation"":2.1237646655158002,""ip_violation"":0.0,""max_violation"":2.1237646655158002,""sum_violation"":7.51547525482391,""l2_violation"":3.647795852892446,""pass"":false},{""endpoint_step"":15,""arrival_time_ms"":150,""window_start_step"":13,""sustained_box_max_error_m"":0.0418732556,""endpoint_velocity_m_per_s"":0.31237646655158,""endpoint_late_velocity_rms_m_per_s"":0.2641059148202624,""post_arrival_velocity_rms_m_per_s"":0.31237646655158,""final_velocity_m_per_s"":0.31237646655158,""sustained_Ip_max_error_A"":613.7243000000017,""position_violation"":0.3957751866666668,""endpoint_speed_violation"":2.1237646655158002,""endpoint_late_speed_violation"":1.6410591482026238,""post_speed_violation"":2.1237646655158002,""final_speed_violation"":2.1237646655158002,""ip_violation"":0.0,""max_violation"":2.1237646655158002,""sum_violation"":8.408128331416691,""l2_violation"":4.047325313063045,""pass"":false}]",False,False,12.053073047004778,12.053073047004778,1236610.0794401094,0.3932461890668857,0.21389873976932255,0.06082249957316407,381.50858426094055,50
Stage3.0,screen,s30screen_4628f604fbe30f50,74,nominal_06_s22g002_e66fb8b248b46533,s22g002_e66fb8b248b46533,gate,linear_ramp_zero,screen_template,"[-0.6123570383020945,-0.06513165996609745,0.04384139339374735,-0.4898856306416757,-0.05210532797287796,0.035073114714997876,-0.3674142229812567,-0.039078995979658464,0.02630483603624841,-0.24494281532083784,-0.02605266398643898,0.017536557357498938,-0.12247140766041892,-0.01302633199321949,0.008768278678749469,-0.0,-0.0,0.0]",stage3_0_evaluations/screen/s30screen_4628f604fbe30f50.json.gz,True,,16,-0.02770621299999998,0.0419793547,596.3084000000017,0.050298115867592696,0.0419793547,0.31595529677613887,0.2591218083224082,0.649314019602587,0.4144,0,0,False,False,NEAR_FEASIBLE_120_150MS,,,,,,,,,12,120,10,0.0419793547,0.1797601285985935,0.11047557778939587,0.2591218083224082,0.31595529677613887,740.9024000000027,0.39931182333333326,0.7976012859859349,0.10475577789395873,1.5912180832240819,2.1595529677613885,0.0,2.1595529677613885,5.052439938198697,2.8288222859714462,"[{""endpoint_step"":12,""arrival_time_ms"":120,""window_start_step"":10,""sustained_box_max_error_m"":0.0419793547,""endpoint_velocity_m_per_s"":0.1797601285985935,""endpoint_late_velocity_rms_m_per_s"":0.11047557778939587,""post_arrival_velocity_rms_m_per_s"":0.2591218083224082,""final_velocity_m_per_s"":0.31595529677613887,""sustained_Ip_max_error_A"":740.9024000000027,""position_violation"":0.39931182333333326,""endpoint_speed_violation"":0.7976012859859349,""endpoint_late_speed_violation"":0.10475577789395873,""post_speed_violation"":1.5912180832240819,""final_speed_violation"":2.1595529677613885,""ip_violation"":0.0,""max_violation"":2.1595529677613885,""sum_violation"":5.052439938198697,""l2_violation"":2.8288222859714462,""pass"":false},{""endpoint_step"":13,""arrival_time_ms"":130,""window_start_step"":11,""sustained_box_max_error_m"":0.0419793547,""endpoint_velocity_m_per_s"":0.2429250360151632,""endpoint_late_velocity_rms_m_per_s"":0.15958282628060946,""post_arrival_velocity_rms_m_per_s"":0.28063187176994975,""final_velocity_m_per_s"":0.31595529677613887,""sustained_Ip_max_error_A"":704.5741000000016,""position_violation"":0.39931182333333326,""endpoint_speed_violation"":1.4292503601516318,""endpoint_late_speed_violation"":0.5958282628060945,""post_speed_violation"":1.8063187176994973,""final_speed_violation"":2.1595529677613885,""ip_violation"":0.0,""max_violation"":2.1595529677613885,""sum_violation"":6.390262131751946,""l2_violation"":3.237850239508379,""pass"":false},{""endpoint_step"":14,""arrival_time_ms"":140,""window_start_step"":12,""sustained_box_max_error_m"":0.0419793547,""endpoint_velocity_m_per_s"":0.2782488448771176,""endpoint_late_velocity_rms_m_per_s"":0.21162198565446172,""post_arrival_velocity_rms_m_per_s"":0.29769965505215845,""final_velocity_m_per_s"":0.31595529677613887,""sustained_Ip_max_error_A"":675.0655000000006,""position_violation"":0.39931182333333326,""endpoint_speed_violation"":1.7824884487711756,""endpoint_late_speed_violation"":1.116219856544617,""post_speed_violation"":1.9769965505215845,""final_speed_violation"":2.1595529677613885,""ip_violation"":0.0,""max_violation"":2.1595529677613885,""sum_violation"":7.434569646932099,""l2_violation"":3.6269610077504573,""pass"":false},{""endpoint_step"":15,""arrival_time_ms"":150,""window_start_step"":13,""sustained_box_max_error_m"":0.0419793547,""endpoint_velocity_m_per_s"":0.31595529677613887,""endpoint_late_velocity_rms_m_per_s"":0.2591218083224082,""post_arrival_velocity_rms_m_per_s"":0.31595529677613887,""final_velocity_m_per_s"":0.31595529677613887,""sustained_Ip_max_error_A"":645.2812000000013,""position_violation"":0.39931182333333326,""endpoint_speed_violation"":2.1595529677613885,""endpoint_late_speed_violation"":1.5912180832240819,""post_speed_violation"":2.1595529677613885,""final_speed_violation"":2.1595529677613885,""ip_violation"":0.0,""max_violation"":2.1595529677613885,""sum_violation"":8.469188809841581,""l2_violation"":4.084413297198775,""pass"":false}]",False,False,11.527598760314293,11.527598760314293,1239005.4064136655,0.38452009198313447,0.2013818728155284,0.05253984056323568,402.21224451065063,51
Stage3.0,screen,s30screen_4ad6e6cbc8edff16,91,nominal_07_s22g005_a2acc95ca222cec3,s22g005_a2acc95ca222cec3,position_front,mode1_minus_pulse,screen_template,"[-0.49077844169390217,-0.20688584005420638,-0.030122634663424044,-0.47262275335512177,-0.1655086720433651,-0.024098107730739237,-0.3744670650163413,-0.12413150403252382,-0.018073580798054427,-0.2523113766775609,-0.08275433602168256,-0.012049053865369619,-0.12215568833878043,-0.04137716801084128,-0.006024526932684809,-0.0,-0.0,-0.0]",stage3_0_evaluations/screen/s30screen_4ad6e6cbc8edff16.json.gz,True,,16,-0.029546739000000044,0.041206954,612.0225000000028,0.05070525459449187,0.041206954,0.31770073555275674,0.2631613907785394,0.6492838018270403,0.41475,0,0,False,False,NEAR_FEASIBLE_120_150MS,,,,,,,,,12,120,10,0.041206954,0.1822007446942471,0.11442421978782917,0.2631613907785394,0.31770073555275674,709.4993000000031,0.3735651333333332,0.822007446942471,0.14424219787829173,1.6316139077853937,2.177007355527567,0.0,2.177007355527567,5.148436041467057,2.870118104437489,"[{""endpoint_step"":12,""arrival_time_ms"":120,""window_start_step"":10,""sustained_box_max_error_m"":0.041206954,""endpoint_velocity_m_per_s"":0.1822007446942471,""endpoint_late_velocity_rms_m_per_s"":0.11442421978782917,""post_arrival_velocity_rms_m_per_s"":0.2631613907785394,""final_velocity_m_per_s"":0.31770073555275674,""sustained_Ip_max_error_A"":709.4993000000031,""position_violation"":0.3735651333333332,""endpoint_speed_violation"":0.822007446942471,""endpoint_late_speed_violation"":0.14424219787829173,""post_speed_violation"":1.6316139077853937,""final_speed_violation"":2.177007355527567,""ip_violation"":0.0,""max_violation"":2.177007355527567,""sum_violation"":5.148436041467057,""l2_violation"":2.870118104437489,""pass"":false},{""endpoint_step"":13,""arrival_time_ms"":130,""window_start_step"":11,""sustained_box_max_error_m"":0.041206954,""endpoint_velocity_m_per_s"":0.24644172424236294,""endpoint_late_velocity_rms_m_per_s"":0.16180410944568313,""post_arrival_velocity_rms_m_per_s"":0.2850839402812455,""final_velocity_m_per_s"":0.31770073555275674,""sustained_Ip_max_error_A"":694.809500000003,""position_violation"":0.3735651333333332,""endpoint_speed_violation"":1.4644172424236293,""endpoint_late_speed_violation"":0.6180410944568313,""post_speed_violation"":1.850839402812455,""final_speed_violation"":2.177007355527567,""ip_violation"":0.0,""max_violation"":2.177007355527567,""sum_violation"":6.483870228553816,""l2_violation"":3.2910501491486985,""pass"":false},{""endpoint_step"":14,""arrival_time_ms"":140,""window_start_step"":12,""sustained_box_max_error_m"":0.041206954,""endpoint_velocity_m_per_s"":0.2866204427470775,""endpoint_late_velocity_rms_m_per_s"":0.21608679012181795,""post_arrival_velocity_rms_m_per_s"":0.3025599408144553,""final_velocity_m_per_s"":0.31770073555275674,""sustained_Ip_max_error_A"":671.4976999999999,""position_violation"":0.3735651333333332,""endpoint_speed_violation"":1.8662044274707745,""endpoint_late_speed_violation"":1.1608679012181793,""post_speed_violation"":2.025599408144553,""final_speed_violation"":2.177007355527567,""ip_violation"":0.0,""max_violation"":2.177007355527567,""sum_violation"":7.603244225694407,""l2_violation"":3.7164900304358772,""pass"":false},{""endpoint_step"":15,""arrival_time_ms"":150,""window_start_step"":13,""sustained_box_max_error_m"":0.041206954,""endpoint_velocity_m_per_s"":0.31770073555275674,""endpoint_late_velocity_rms_m_per_s"":0.2631613907785394,""post_arrival_velocity_rms_m_per_s"":0.31770073555275674,""final_velocity_m_per_s"":0.31770073555275674,""sustained_Ip_max_error_A"":651.907900000002,""position_violation"":0.3735651333333332,""endpoint_speed_violation"":2.177007355527567,""endpoint_late_speed_violation"":1.6316139077853937,""post_speed_violation"":2.177007355527567,""final_speed_violation"":2.177007355527567,""ip_violation"":0.0,""max_violation"":2.177007355527567,""sum_violation"":8.536201107701428,""l2_violation"":4.125505778808759,""pass"":false}]",False,False,11.745260074609636,11.745260074609636,1241176.343083137,0.39296145518002823,0.20869800380401954,0.06147467148340888,401.84619402885437,52
Stage3.0,screen,s30screen_e8c8180134407453,88,nominal_07_s22g005_a2acc95ca222cec3,s22g005_a2acc95ca222cec3,position_front,slow_ramp_zero,screen_template,"[-0.49077844169390217,-0.20688584005420638,-0.030122634663424044,-0.44170059752451196,-0.18619725604878573,-0.02711037119708164,-0.36808383127042665,-0.15516438004065478,-0.022591975997568032,-0.2699281429316462,-0.11378721202981351,-0.016567449064883225,-0.17177245459286575,-0.07241004401897223,-0.010542922132198415,-0.07361676625408532,-0.031032876008130955,-0.004518395199513607]",stage3_0_evaluations/screen/s30screen_e8c8180134407453.json.gz,True,,16,-0.029684284000000005,0.041176662,611.7783000000018,0.05076095162676623,0.041176662,0.3179289604563765,0.2628921965520229,0.6492838018270403,0.41475,0,0,False,False,NEAR_FEASIBLE_120_150MS,,,,,,,,,12,120,10,0.041176662,0.1820494912825474,0.1143596274215177,0.2628921965520229,0.3179289604563765,709.4993000000031,0.3725554000000002,0.8204949128254739,0.14359627421517684,1.6289219655202287,2.1792896045637646,0.0,2.1792896045637646,5.144858157124645,2.869724597992654,"[{""endpoint_step"":12,""arrival_time_ms"":120,""window_start_step"":10,""sustained_box_max_error_m"":0.041176662,""endpoint_velocity_m_per_s"":0.1820494912825474,""endpoint_late_velocity_rms_m_per_s"":0.1143596274215177,""post_arrival_velocity_rms_m_per_s"":0.2628921965520229,""final_velocity_m_per_s"":0.3179289604563765,""sustained_Ip_max_error_A"":709.4993000000031,""position_violation"":0.3725554000000002,""endpoint_speed_violation"":0.8204949128254739,""endpoint_late_speed_violation"":0.14359627421517684,""post_speed_violation"":1.6289219655202287,""final_speed_violation"":2.1792896045637646,""ip_violation"":0.0,""max_violation"":2.1792896045637646,""sum_violation"":5.144858157124645,""l2_violation"":2.869724597992654,""pass"":false},{""endpoint_step"":13,""arrival_time_ms"":130,""window_start_step"":11,""sustained_box_max_error_m"":0.041176662,""endpoint_velocity_m_per_s"":0.245827005476312,""endpoint_late_velocity_rms_m_per_s"":0.16152442675001508,""post_arrival_velocity_rms_m_per_s"":0.2847848373512627,""final_velocity_m_per_s"":0.3179289604563765,""sustained_Ip_max_error_A"":692.7440000000024,""position_violation"":0.3725554000000002,""endpoint_speed_violation"":1.45827005476312,""endpoint_late_speed_violation"":0.6152442675001506,""post_speed_violation"":1.847848373512627,""final_speed_violation"":2.1792896045637646,""ip_violation"":0.0,""max_violation"":2.1792896045637646,""sum_violation"":6.473207700339662,""l2_violation"":3.2875099056022234,""pass"":false},{""endpoint_step"":14,""arrival_time_ms"":140,""window_start_step"":12,""sustained_box_max_error_m"":0.041176662,""endpoint_velocity_m_per_s"":0.2860025703332621,""endpoint_late_velocity_rms_m_per_s"":0.21567248196683886,""post_arrival_velocity_rms_m_per_s"":0.30238741221660065,""final_velocity_m_per_s"":0.3179289604563765,""sustained_Ip_max_error_A"":669.1456000000035,""position_violation"":0.3725554000000002,""endpoint_speed_violation"":1.8600257033326209,""endpoint_late_speed_violation"":1.1567248196683884,""post_speed_violation"":2.0238741221660064,""final_speed_violation"":2.1792896045637646,""ip_violation"":0.0,""max_violation"":2.1792896045637646,""sum_violation"":7.592469649730781,""l2_violation"":3.7123947923809166,""pass"":false},{""endpoint_step"":15,""arrival_time_ms"":150,""window_start_step"":13,""sustained_box_max_error_m"":0.041176662,""endpoint_velocity_m_per_s"":0.3179289604563765,""endpoint_late_velocity_rms_m_per_s"":0.2628921965520229,""post_arrival_velocity_rms_m_per_s"":0.3179289604563765,""final_velocity_m_per_s"":0.3179289604563765,""sustained_Ip_max_error_A"":647.850400000003,""position_violation"":0.3725554000000002,""endpoint_speed_violation"":2.1792896045637646,""endpoint_late_speed_violation"":1.6289219655202287,""post_speed_violation"":2.1792896045637646,""final_speed_violation"":2.1792896045637646,""ip_violation"":0.0,""max_violation"":2.1792896045637646,""sum_violation"":8.539346179211524,""l2_violation"":4.127964854199041,""pass"":false}]",False,False,11.734321373601519,11.734321373601519,1241389.8520042412,0.3931025456881154,0.20842777259905204,0.06147467148340888,393.82653880119324,53
Stage3.0,screen,s30screen_29a28161042a7717,11,nominal_00_s22g005_adf586ba25597d7e,s22g005_adf586ba25597d7e,corner,opposite_cross_pulse,screen_template,"[-0.46646280409257196,-0.12819906619391455,-0.0001051071873125458,-0.4531702432740576,-0.022559252955131642,-0.015084085749850037,-0.3598776824555432,0.003080560283651279,-0.015063064312387527,-0.24258512163702878,0.004720373522434172,-0.010542042874925018,-0.11729256081851439,-0.0016398132387829105,-0.004521021437462509,-0.0,0.0,-0.0]",stage3_0_evaluations/screen/s30screen_29a28161042a7717.json.gz,True,,16,-0.029355204999999995,0.0419886252,611.3060000000005,0.051232535627061246,0.0419886252,0.3171767623738071,0.2649101810214665,0.6492793452001951,0.41465,0,0,False,False,NEAR_FEASIBLE_120_150MS,,,,,,,,,12,120,10,0.0419886252,0.1947412593670114,0.12146421139034555,0.2649101810214665,0.3171767623738071,696.449700000001,0.39962083999999987,0.9474125936701139,0.21464211390345533,1.649101810214665,2.171767623738071,0.0,2.171767623738071,5.382544981526305,2.9222371682391173,"[{""endpoint_step"":12,""arrival_time_ms"":120,""window_start_step"":10,""sustained_box_max_error_m"":0.0419886252,""endpoint_velocity_m_per_s"":0.1947412593670114,""endpoint_late_velocity_rms_m_per_s"":0.12146421139034555,""post_arrival_velocity_rms_m_per_s"":0.2649101810214665,""final_velocity_m_per_s"":0.3171767623738071,""sustained_Ip_max_error_A"":696.449700000001,""position_violation"":0.39962083999999987,""endpoint_speed_violation"":0.9474125936701139,""endpoint_late_speed_violation"":0.21464211390345533,""post_speed_violation"":1.649101810214665,""final_speed_violation"":2.171767623738071,""ip_violation"":0.0,""max_violation"":2.171767623738071,""sum_violation"":5.382544981526305,""l2_violation"":2.9222371682391173,""pass"":false},{""endpoint_step"":13,""arrival_time_ms"":130,""window_start_step"":11,""sustained_box_max_error_m"":0.0419886252,""endpoint_velocity_m_per_s"":0.2518178142697377,""endpoint_late_velocity_rms_m_per_s"":0.17065904136082852,""post_arrival_velocity_rms_m_per_s"":0.28447932434271034,""final_velocity_m_per_s"":0.3171767623738071,""sustained_Ip_max_error_A"":687.6068000000014,""position_violation"":0.39962083999999987,""endpoint_speed_violation"":1.5181781426973768,""endpoint_late_speed_violation"":0.706590413608285,""post_speed_violation"":1.844793243427103,""final_speed_violation"":2.171767623738071,""ip_violation"":0.0,""max_violation"":2.171767623738071,""sum_violation"":6.6409502634708355,""l2_violation"":3.329214385382937,""pass"":false},{""endpoint_step"":14,""arrival_time_ms"":140,""window_start_step"":12,""sustained_box_max_error_m"":0.0419886252,""endpoint_velocity_m_per_s"":0.28066376282294864,""endpoint_late_velocity_rms_m_per_s"":0.22054504507258493,""post_arrival_velocity_rms_m_per_s"":0.2994772498470183,""final_velocity_m_per_s"":0.3171767623738071,""sustained_Ip_max_error_A"":668.9400000000023,""position_violation"":0.39962083999999987,""endpoint_speed_violation"":1.806637628229486,""endpoint_late_speed_violation"":1.205450450725849,""post_speed_violation"":1.9947724984701827,""final_speed_violation"":2.171767623738071,""ip_violation"":0.0,""max_violation"":2.171767623738071,""sum_violation"":7.5782490411635886,""l2_violation"":3.684079132812161,""pass"":false},{""endpoint_step"":15,""arrival_time_ms"":150,""window_start_step"":13,""sustained_box_max_error_m"":0.0419886252,""endpoint_velocity_m_per_s"":0.3171767623738071,""endpoint_late_velocity_rms_m_per_s"":0.2649101810214665,""post_arrival_velocity_rms_m_per_s"":0.3171767623738071,""final_velocity_m_per_s"":0.3171767623738071,""sustained_Ip_max_error_A"":650.6133000000009,""position_violation"":0.39962083999999987,""endpoint_speed_violation"":2.171767623738071,""endpoint_late_speed_violation"":1.649101810214665,""post_speed_violation"":2.171767623738071,""final_speed_violation"":2.171767623738071,""ip_violation"":0.0,""max_violation"":2.171767623738071,""sum_violation"":8.564025521428878,""l2_violation"":4.12661573577748,""pass"":false}]",False,False,12.068031396657807,12.068031396657807,1241641.2474995484,0.39370353050946627,0.2140045893018449,0.06082249957316407,399.51109743118286,54
Stage3.0,screen,s30screen_f2602628fffc0069,4,nominal_00_s22g005_adf586ba25597d7e,s22g005_adf586ba25597d7e,corner,slow_ramp_zero,screen_template,"[-0.46646280409257196,-0.12819906619391455,-0.0001051071873125458,-0.4198165236833148,-0.1153791595745231,-9.459646858129123e-05,-0.34984710306942896,-0.09614929964543592,-7.883039048440935e-05,-0.2565545422509146,-0.07050948640665301,-5.780895302190019e-05,-0.16326198143240017,-0.04486967316787009,-3.678751555939103e-05,-0.0699694206138858,-0.01922985992908718,-1.5766078096881868e-05]",stage3_0_evaluations/screen/s30screen_f2602628fffc0069.json.gz,True,,16,-0.029764274000000035,0.042024096,589.2242000000006,0.051496957690375204,0.042024096,0.31954592771119833,0.26690397545311995,0.6492793452001951,0.41465,0,0,False,False,NEAR_FEASIBLE_120_150MS,,,,,,,,,12,120,10,0.042024096,0.1954100704895975,0.12175590278797584,0.26690397545311995,0.31954592771119833,696.449700000001,0.4008031999999999,0.9541007048959749,0.21755902787975834,1.6690397545311995,2.195459277111983,0.0,2.195459277111983,5.436961964418916,2.9536449398138327,"[{""endpoint_step"":12,""arrival_time_ms"":120,""window_start_step"":10,""sustained_box_max_error_m"":0.042024096,""endpoint_velocity_m_per_s"":0.1954100704895975,""endpoint_late_velocity_rms_m_per_s"":0.12175590278797584,""post_arrival_velocity_rms_m_per_s"":0.26690397545311995,""final_velocity_m_per_s"":0.31954592771119833,""sustained_Ip_max_error_A"":696.449700000001,""position_violation"":0.4008031999999999,""endpoint_speed_violation"":0.9541007048959749,""endpoint_late_speed_violation"":0.21755902787975834,""post_speed_violation"":1.6690397545311995,""final_speed_violation"":2.195459277111983,""ip_violation"":0.0,""max_violation"":2.195459277111983,""sum_violation"":5.436961964418916,""l2_violation"":2.9536449398138327,""pass"":false},{""endpoint_step"":13,""arrival_time_ms"":130,""window_start_step"":11,""sustained_box_max_error_m"":0.042024096,""endpoint_velocity_m_per_s"":0.2536411866857784,""endpoint_late_velocity_rms_m_per_s"":0.1715396852427417,""post_arrival_velocity_rms_m_per_s"":0.2868018089215205,""final_velocity_m_per_s"":0.31954592771119833,""sustained_Ip_max_error_A"":674.948900000003,""position_violation"":0.4008031999999999,""endpoint_speed_violation"":1.536411866857784,""endpoint_late_speed_violation"":0.715396852427417,""post_speed_violation"":1.8680180892152052,""final_speed_violation"":2.195459277111983,""ip_violation"":0.0,""max_violation"":2.195459277111983,""sum_violation"":6.716089285612389,""l2_violation"":3.3678673229964113,""pass"":false},{""endpoint_step"":14,""arrival_time_ms"":140,""window_start_step"":12,""sustained_box_max_error_m"":0.042024096,""endpoint_velocity_m_per_s"":0.28341203450416286,""endpoint_late_velocity_rms_m_per_s"":0.2221013969024363,""post_arrival_velocity_rms_m_per_s"":0.30201985134970777,""final_velocity_m_per_s"":0.31954592771119833,""sustained_Ip_max_error_A"":648.3856000000014,""position_violation"":0.4008031999999999,""endpoint_speed_violation"":1.8341203450416286,""endpoint_late_speed_violation"":1.2210139690243627,""post_speed_violation"":2.0201985134970775,""final_speed_violation"":2.195459277111983,""ip_violation"":0.0,""max_violation"":2.195459277111983,""sum_violation"":7.671595304675051,""l2_violation"":3.7305172870757968,""pass"":false},{""endpoint_step"":15,""arrival_time_ms"":150,""window_start_step"":13,""sustained_box_max_error_m"":0.042024096,""endpoint_velocity_m_per_s"":0.31954592771119833,""endpoint_late_velocity_rms_m_per_s"":0.26690397545311995,""post_arrival_velocity_rms_m_per_s"":0.31954592771119833,""final_velocity_m_per_s"":0.31954592771119833,""sustained_Ip_max_error_A"":627.0714000000007,""position_violation"":0.4008031999999999,""endpoint_speed_violation"":2.195459277111983,""endpoint_late_speed_violation"":1.6690397545311995,""post_speed_violation"":2.195459277111983,""final_speed_violation"":2.195459277111983,""ip_violation"":0.0,""max_violation"":2.195459277111983,""sum_violation"":8.656220785867148,""l2_violation"":4.172105130471549,""pass"":false}]",False,False,12.193589441388285,12.193589441388285,1244259.6140981293,0.3938082084682942,0.21366375715603148,0.06082249957316407,389.90522170066833,55
Stage3.0,screen,s30screen_781ef37a02bfadf8,81,nominal_06_s22g002_e66fb8b248b46533,s22g002_e66fb8b248b46533,gate,mode2_minus_pulse,screen_template,"[-0.6123570383020945,-0.06513165996609745,0.04384139339374735,-0.4898856306416757,-0.13210532797287797,0.035073114714997876,-0.3674142229812567,-0.11907899597965846,0.02630483603624841,-0.24494281532083784,-0.08205266398643897,0.017536557357498938,-0.12247140766041892,-0.03702633199321949,0.008768278678749469,-0.0,-0.0,0.0]",stage3_0_evaluations/screen/s30screen_781ef37a02bfadf8.json.gz,True,,16,-0.02800351000000001,0.0420990285,593.5502000000015,0.050562088297101744,0.0420990285,0.3212701445847182,0.2624497922566436,0.649314019602587,0.4144,0,0,False,False,NEAR_FEASIBLE_120_150MS,,,,,,,,,12,120,10,0.0420990285,0.18011063322678228,0.11064033153210165,0.2624497922566436,0.3212701445847182,740.9024000000027,0.4033009500000002,0.8011063322678227,0.10640331532101643,1.624497922566436,2.212701445847182,0.0,2.212701445847182,5.148009966002457,2.8897726322772668,"[{""endpoint_step"":12,""arrival_time_ms"":120,""window_start_step"":10,""sustained_box_max_error_m"":0.0420990285,""endpoint_velocity_m_per_s"":0.18011063322678228,""endpoint_late_velocity_rms_m_per_s"":0.11064033153210165,""post_arrival_velocity_rms_m_per_s"":0.2624497922566436,""final_velocity_m_per_s"":0.3212701445847182,""sustained_Ip_max_error_A"":740.9024000000027,""position_violation"":0.4033009500000002,""endpoint_speed_violation"":0.8011063322678227,""endpoint_late_speed_violation"":0.10640331532101643,""post_speed_violation"":1.624497922566436,""final_speed_violation"":2.212701445847182,""ip_violation"":0.0,""max_violation"":2.212701445847182,""sum_violation"":5.148009966002457,""l2_violation"":2.8897726322772668,""pass"":false},{""endpoint_step"":13,""arrival_time_ms"":130,""window_start_step"":11,""sustained_box_max_error_m"":0.0420990285,""endpoint_velocity_m_per_s"":0.2455677111097114,""endpoint_late_velocity_rms_m_per_s"":0.1607042003854077,""post_arrival_velocity_rms_m_per_s"":0.2846516781500208,""final_velocity_m_per_s"":0.3212701445847182,""sustained_Ip_max_error_A"":700.0094000000026,""position_violation"":0.4033009500000002,""endpoint_speed_violation"":1.4556771110971138,""endpoint_late_speed_violation"":0.6070420038540769,""post_speed_violation"":1.846516781500208,""final_speed_violation"":2.212701445847182,""ip_violation"":0.0,""max_violation"":2.212701445847182,""sum_violation"":6.525238292298582,""l2_violation"":3.3099576153331953,""pass"":false},{""endpoint_step"":14,""arrival_time_ms"":140,""window_start_step"":12,""sustained_box_max_error_m"":0.0420990285,""endpoint_velocity_m_per_s"":0.2820668840536242,""endpoint_late_velocity_rms_m_per_s"":0.21372377790318722,""post_arrival_velocity_rms_m_per_s"":0.3023046748573419,""final_velocity_m_per_s"":0.3212701445847182,""sustained_Ip_max_error_A"":667.0357000000004,""position_violation"":0.4033009500000002,""endpoint_speed_violation"":1.8206688405362415,""endpoint_late_speed_violation"":1.1372377790318722,""post_speed_violation"":2.023046748573419,""final_speed_violation"":2.212701445847182,""ip_violation"":0.0,""max_violation"":2.212701445847182,""sum_violation"":7.596955763988715,""l2_violation"":3.709388397646642,""pass"":false},{""endpoint_step"":15,""arrival_time_ms"":150,""window_start_step"":13,""sustained_box_max_error_m"":0.0420990285,""endpoint_velocity_m_per_s"":0.3212701445847182,""endpoint_late_velocity_rms_m_per_s"":0.2624497922566436,""post_arrival_velocity_rms_m_per_s"":0.3212701445847182,""final_velocity_m_per_s"":0.3212701445847182,""sustained_Ip_max_error_A"":637.8737000000001,""position_violation"":0.4033009500000002,""endpoint_speed_violation"":2.212701445847182,""endpoint_late_speed_violation"":1.624497922566436,""post_speed_violation"":2.212701445847182,""final_speed_violation"":2.212701445847182,""ip_violation"":0.0,""max_violation"":2.212701445847182,""sum_violation"":8.665903210107983,""l2_violation"":4.182079413647736,""pass"":false}]",False,False,11.71908467850447,11.71908467850447,1244763.6761656837,0.3847345522333757,0.20149048067025518,0.05253984056323568,399.3679687976837,56
Stage3.0,screen,s30screen_23e8a3664367d9c2,7,nominal_00_s22g005_adf586ba25597d7e,s22g005_adf586ba25597d7e,corner,mode1_minus_pulse,screen_template,"[-0.46646280409257196,-0.12819906619391455,-0.0001051071873125458,-0.4531702432740576,-0.10255925295513164,-8.408574985003664e-05,-0.3598776824555432,-0.07691943971634872,-6.306431238752747e-05,-0.24258512163702878,-0.05127962647756582,-4.204287492501832e-05,-0.11729256081851439,-0.02563981323878291,-2.102143746250916e-05,-0.0,-0.0,-0.0]",stage3_0_evaluations/screen/s30screen_23e8a3664367d9c2.json.gz,True,,16,-0.029671800000000026,0.0420694838,590.4313000000002,0.051480648620996064,0.0420694838,0.3204256447766073,0.26778622205651087,0.6492793452001951,0.41465,0,0,False,False,NEAR_FEASIBLE_120_150MS,,,,,,,,,12,120,10,0.0420694838,0.19564227447026003,0.12185615084830599,0.26778622205651087,0.3204256447766073,696.449700000001,0.40231612666666683,0.9564227447026001,0.21856150848305989,1.6778622205651086,2.2042564477660727,0.0,2.2042564477660727,5.459419048183507,2.966199586013877,"[{""endpoint_step"":12,""arrival_time_ms"":120,""window_start_step"":10,""sustained_box_max_error_m"":0.0420694838,""endpoint_velocity_m_per_s"":0.19564227447026003,""endpoint_late_velocity_rms_m_per_s"":0.12185615084830599,""post_arrival_velocity_rms_m_per_s"":0.26778622205651087,""final_velocity_m_per_s"":0.3204256447766073,""sustained_Ip_max_error_A"":696.449700000001,""position_violation"":0.40231612666666683,""endpoint_speed_violation"":0.9564227447026001,""endpoint_late_speed_violation"":0.21856150848305989,""post_speed_violation"":1.6778622205651086,""final_speed_violation"":2.2042564477660727,""ip_violation"":0.0,""max_violation"":2.2042564477660727,""sum_violation"":5.459419048183507,""l2_violation"":2.966199586013877,""pass"":false},{""endpoint_step"":13,""arrival_time_ms"":130,""window_start_step"":11,""sustained_box_max_error_m"":0.0420694838,""endpoint_velocity_m_per_s"":0.25461396800044156,""endpoint_late_velocity_rms_m_per_s"":0.17197060949016543,""post_arrival_velocity_rms_m_per_s"":0.28784367478042616,""final_velocity_m_per_s"":0.3204256447766073,""sustained_Ip_max_error_A"":676.2756000000008,""position_violation"":0.40231612666666683,""endpoint_speed_violation"":1.5461396800044156,""endpoint_late_speed_violation"":0.7197060949016543,""post_speed_violation"":1.8784367478042614,""final_speed_violation"":2.2042564477660727,""ip_violation"":0.0,""max_violation"":2.2042564477660727,""sum_violation"":6.75085509714307,""l2_violation"":3.38491567722426,""pass"":false},{""endpoint_step"":14,""arrival_time_ms"":140,""window_start_step"":12,""sustained_box_max_error_m"":0.0420694838,""endpoint_velocity_m_per_s"":0.28471227019899376,""endpoint_late_velocity_rms_m_per_s"":0.22284912226946876,""post_arrival_velocity_rms_m_per_s"":0.3030954227898941,""final_velocity_m_per_s"":0.3204256447766073,""sustained_Ip_max_error_A"":649.389900000002,""position_violation"":0.40231612666666683,""endpoint_speed_violation"":1.8471227019899374,""endpoint_late_speed_violation"":1.2284912226946876,""post_speed_violation"":2.030954227898941,""final_speed_violation"":2.2042564477660727,""ip_violation"":0.0,""max_violation"":2.2042564477660727,""sum_violation"":7.713140727016306,""l2_violation"":3.7505243352842617,""pass"":false},{""endpoint_step"":15,""arrival_time_ms"":150,""window_start_step"":13,""sustained_box_max_error_m"":0.0420694838,""endpoint_velocity_m_per_s"":0.3204256447766073,""endpoint_late_velocity_rms_m_per_s"":0.26778622205651087,""post_arrival_velocity_rms_m_per_s"":0.3204256447766073,""final_velocity_m_per_s"":0.3204256447766073,""sustained_Ip_max_error_A"":628.6614000000009,""position_violation"":0.40231612666666683,""endpoint_speed_violation"":2.2042564477660727,""endpoint_late_speed_violation"":1.6778622205651086,""post_speed_violation"":2.2042564477660727,""final_speed_violation"":2.2042564477660727,""ip_violation"":0.0,""max_violation"":2.2042564477660727,""sum_violation"":8.692947690529992,""l2_violation"":4.1896681681883425,""pass"":false}]",False,False,12.240111432393022,12.240111432393022,1245241.7606667874,0.39381595483842474,0.21389873976932255,0.06082249957316407,390.94705986976624,57
Stage3.0,screen,s30screen_cc1f1bc51ed029f3,83,nominal_06_s22g002_e66fb8b248b46533,s22g002_e66fb8b248b46533,gate,opposite_cross_pulse,screen_template,"[-0.6123570383020945,-0.06513165996609745,0.04384139339374735,-0.5698856306416756,0.027894672027122043,0.020073114714997876,-0.4474142229812567,0.04092100402034154,0.01130483603624841,-0.30094281532083783,0.029947336013561015,0.007036557357498939,-0.1464714076604189,0.01097366800678051,0.004268278678749469,-0.0,0.0,0.0]",stage3_0_evaluations/screen/s30screen_cc1f1bc51ed029f3.json.gz,True,,16,-0.027250556000000037,0.0421898014,622.7027000000016,0.050225214230310455,0.0421898014,0.32920935984358335,0.26550650814295146,0.649314019602587,0.4144,0,0,False,False,NEAR_FEASIBLE_120_150MS,,,,,,,,,12,120,10,0.0421898014,0.18043875769915074,0.11075660736245042,0.26550650814295146,0.32920935984358335,740.9024000000027,0.40632671333333326,0.8043875769915074,0.1075660736245041,1.6550650814295143,2.2920935984358333,0.0,2.2920935984358333,5.265439043814693,2.9692835364679038,"[{""endpoint_step"":12,""arrival_time_ms"":120,""window_start_step"":10,""sustained_box_max_error_m"":0.0421898014,""endpoint_velocity_m_per_s"":0.18043875769915074,""endpoint_late_velocity_rms_m_per_s"":0.11075660736245042,""post_arrival_velocity_rms_m_per_s"":0.26550650814295146,""final_velocity_m_per_s"":0.32920935984358335,""sustained_Ip_max_error_A"":740.9024000000027,""position_violation"":0.40632671333333326,""endpoint_speed_violation"":0.8043875769915074,""endpoint_late_speed_violation"":0.1075660736245041,""post_speed_violation"":1.6550650814295143,""final_speed_violation"":2.2920935984358333,""ip_violation"":0.0,""max_violation"":2.2920935984358333,""sum_violation"":5.265439043814693,""l2_violation"":2.9692835364679038,""pass"":false},{""endpoint_step"":13,""arrival_time_ms"":130,""window_start_step"":11,""sustained_box_max_error_m"":0.0421898014,""endpoint_velocity_m_per_s"":0.2452000354278811,""endpoint_late_velocity_rms_m_per_s"":0.16064393014665318,""post_arrival_velocity_rms_m_per_s"":0.2883381569066893,""final_velocity_m_per_s"":0.32920935984358335,""sustained_Ip_max_error_A"":719.1514000000025,""position_violation"":0.40632671333333326,""endpoint_speed_violation"":1.4520003542788107,""endpoint_late_speed_violation"":0.6064393014665317,""post_speed_violation"":1.8833815690668927,""final_speed_violation"":2.2920935984358333,""ip_violation"":0.0,""max_violation"":2.2920935984358333,""sum_violation"":6.640241536581401,""l2_violation"":3.3826016986705176,""pass"":false},{""endpoint_step"":14,""arrival_time_ms"":140,""window_start_step"":12,""sustained_box_max_error_m"":0.0421898014,""endpoint_velocity_m_per_s"":0.2844553008867714,""endpoint_late_velocity_rms_m_per_s"":0.21446854849458968,""post_arrival_velocity_rms_m_per_s"":0.30764721745142243,""final_velocity_m_per_s"":0.32920935984358335,""sustained_Ip_max_error_A"":699.3178000000007,""position_violation"":0.40632671333333326,""endpoint_speed_violation"":1.844553008867714,""endpoint_late_speed_violation"":1.1446854849458967,""post_speed_violation"":2.0764721745142243,""final_speed_violation"":2.2920935984358333,""ip_violation"":0.0,""max_violation"":2.2920935984358333,""sum_violation"":7.764130980097002,""l2_violation"":3.800422583800305,""pass"":false},{""endpoint_step"":15,""arrival_time_ms"":150,""window_start_step"":13,""sustained_box_max_error_m"":0.0421898014,""endpoint_velocity_m_per_s"":0.32920935984358335,""endpoint_late_velocity_rms_m_per_s"":0.26550650814295146,""post_arrival_velocity_rms_m_per_s"":0.32920935984358335,""final_velocity_m_per_s"":0.32920935984358335,""sustained_Ip_max_error_A"":672.3220000000001,""position_violation"":0.40632671333333326,""endpoint_speed_violation"":2.2920935984358333,""endpoint_late_speed_violation"":1.6550650814295143,""post_speed_violation"":2.2920935984358333,""final_speed_violation"":2.2920935984358333,""ip_violation"":0.0,""max_violation"":2.2920935984358333,""sum_violation"":8.937672590070347,""l2_violation"":4.320349640215145,""pass"":false}]",False,False,11.855751961003929,11.855751961003929,1253252.255307271,0.38565566163492093,0.20160284513884574,0.05253984056323568,399.61624360084534,58
Stage3.0,screen,s30screen_1887b447e9ce7a1c,79,nominal_06_s22g002_e66fb8b248b46533,s22g002_e66fb8b248b46533,gate,mode1_minus_pulse,screen_template,"[-0.6123570383020945,-0.06513165996609745,0.04384139339374735,-0.5698856306416756,-0.05210532797287796,0.035073114714997876,-0.4474142229812567,-0.039078995979658464,0.02630483603624841,-0.30094281532083783,-0.02605266398643898,0.017536557357498938,-0.1464714076604189,-0.01302633199321949,0.008768278678749469,-0.0,-0.0,0.0]",stage3_0_evaluations/screen/s30screen_1887b447e9ce7a1c.json.gz,True,,16,-0.02755007899999995,0.0422956473,600.7035000000033,0.050477010939954,0.0422956473,0.33191985285397035,0.2679655194418889,0.649314019602587,0.4144,0,0,False,False,NEAR_FEASIBLE_120_150MS,,,,,,,,,12,120,10,0.0422956473,0.18104689852196001,0.11102947218429673,0.2679655194418889,0.33191985285397035,740.9024000000027,0.4098549100000002,0.8104689852196001,0.11029472184296729,1.6796551944188889,2.319198528539703,0.0,2.319198528539703,5.32947234002116,3.006148588449928,"[{""endpoint_step"":12,""arrival_time_ms"":120,""window_start_step"":10,""sustained_box_max_error_m"":0.0422956473,""endpoint_velocity_m_per_s"":0.18104689852196001,""endpoint_late_velocity_rms_m_per_s"":0.11102947218429673,""post_arrival_velocity_rms_m_per_s"":0.2679655194418889,""final_velocity_m_per_s"":0.33191985285397035,""sustained_Ip_max_error_A"":740.9024000000027,""position_violation"":0.4098549100000002,""endpoint_speed_violation"":0.8104689852196001,""endpoint_late_speed_violation"":0.11029472184296729,""post_speed_violation"":1.6796551944188889,""final_speed_violation"":2.319198528539703,""ip_violation"":0.0,""max_violation"":2.319198528539703,""sum_violation"":5.32947234002116,""l2_violation"":3.006148588449928,""pass"":false},{""endpoint_step"":13,""arrival_time_ms"":130,""window_start_step"":11,""sustained_box_max_error_m"":0.0422956473,""endpoint_velocity_m_per_s"":0.24785750998227077,""endpoint_late_velocity_rms_m_per_s"":0.16184734128876083,""post_arrival_velocity_rms_m_per_s"":0.29122963389430023,""final_velocity_m_per_s"":0.33191985285397035,""sustained_Ip_max_error_A"":708.358400000001,""position_violation"":0.4098549100000002,""endpoint_speed_violation"":1.4785750998227076,""endpoint_late_speed_violation"":0.6184734128876082,""post_speed_violation"":1.912296338943002,""final_speed_violation"":2.319198528539703,""ip_violation"":0.0,""max_violation"":2.319198528539703,""sum_violation"":6.738398290193022,""l2_violation"":3.431068906074493,""pass"":false},{""endpoint_step"":14,""arrival_time_ms"":140,""window_start_step"":12,""sustained_box_max_error_m"":0.0422956473,""endpoint_velocity_m_per_s"":0.28781932701160223,""endpoint_late_velocity_rms_m_per_s"":0.21648587617292958,""post_arrival_velocity_rms_m_per_s"":0.31065314558202445,""final_velocity_m_per_s"":0.33191985285397035,""sustained_Ip_max_error_A"":681.626400000001,""position_violation"":0.4098549100000002,""endpoint_speed_violation"":1.878193270116022,""endpoint_late_speed_violation"":1.1648587617292958,""post_speed_violation"":2.106531455820244,""final_speed_violation"":2.319198528539703,""ip_violation"":0.0,""max_violation"":2.319198528539703,""sum_violation"":7.878636926205266,""l2_violation"":3.8559880097166555,""pass"":false},{""endpoint_step"":15,""arrival_time_ms"":150,""window_start_step"":13,""sustained_box_max_error_m"":0.0422956473,""endpoint_velocity_m_per_s"":0.33191985285397035,""endpoint_late_velocity_rms_m_per_s"":0.2679655194418889,""post_arrival_velocity_rms_m_per_s"":0.33191985285397035,""final_velocity_m_per_s"":0.33191985285397035,""sustained_Ip_max_error_A"":651.9083000000028,""position_violation"":0.4098549100000002,""endpoint_speed_violation"":2.319198528539703,""endpoint_late_speed_violation"":1.6796551944188889,""post_speed_violation"":2.319198528539703,""final_speed_violation"":2.319198528539703,""ip_violation"":0.0,""max_violation"":2.319198528539703,""sum_violation"":9.047105690037998,""l2_violation"":4.373244569393717,""pass"":false}]",False,False,12.005377701496716,12.005377701496716,1256255.8961802064,0.38567621158658666,0.20149048067025518,0.05253984056323568,392.17624592781067,59
Stage3.0,screen,s30screen_4a2ded35c0ceab4d,76,nominal_06_s22g002_e66fb8b248b46533,s22g002_e66fb8b248b46533,gate,slow_ramp_zero,screen_template,"[-0.6123570383020945,-0.06513165996609745,0.04384139339374735,-0.551121334471885,-0.058618493969487706,0.039457254054372615,-0.4592677787265709,-0.04884874497457309,0.03288104504531051,-0.336796371066152,-0.0358224129813536,0.024112766366561043,-0.21432496340573307,-0.022796080988134106,0.01534448768781157,-0.09185355574531417,-0.009769748994914616,0.006576209009062102]",stage3_0_evaluations/screen/s30screen_4a2ded35c0ceab4d.json.gz,True,,16,-0.027584614000000007,0.0423087665,597.2997000000032,0.050506857477777396,0.0423087665,0.3340564987354654,0.26844616337772603,0.649314019602587,0.4144,0,0,False,False,NEAR_FEASIBLE_120_150MS,,,,,,,,,12,120,10,0.0423087665,0.18081502525692694,0.11092901450725151,0.26844616337772603,0.3340564987354654,740.9024000000027,0.4102922166666667,0.8081502525692694,0.109290145072515,1.6844616337772602,2.3405649873546537,0.0,2.3405649873546537,5.352759235440365,3.0247390507766183,"[{""endpoint_step"":12,""arrival_time_ms"":120,""window_start_step"":10,""sustained_box_max_error_m"":0.0423087665,""endpoint_velocity_m_per_s"":0.18081502525692694,""endpoint_late_velocity_rms_m_per_s"":0.11092901450725151,""post_arrival_velocity_rms_m_per_s"":0.26844616337772603,""final_velocity_m_per_s"":0.3340564987354654,""sustained_Ip_max_error_A"":740.9024000000027,""position_violation"":0.4102922166666667,""endpoint_speed_violation"":0.8081502525692694,""endpoint_late_speed_violation"":0.109290145072515,""post_speed_violation"":1.6844616337772602,""final_speed_violation"":2.3405649873546537,""ip_violation"":0.0,""max_violation"":2.3405649873546537,""sum_violation"":5.352759235440365,""l2_violation"":3.0247390507766183,""pass"":false},{""endpoint_step"":13,""arrival_time_ms"":130,""window_start_step"":11,""sustained_box_max_error_m"":0.0423087665,""endpoint_velocity_m_per_s"":0.24731375253189086,""endpoint_late_velocity_rms_m_per_s"":0.16157026701242277,""post_arrival_velocity_rms_m_per_s"":0.2918671485283558,""final_velocity_m_per_s"":0.3340564987354654,""sustained_Ip_max_error_A"":707.515000000003,""position_violation"":0.4102922166666667,""endpoint_speed_violation"":1.4731375253189083,""endpoint_late_speed_violation"":0.6157026701242276,""post_speed_violation"":1.918671485283558,""final_speed_violation"":2.3405649873546537,""ip_violation"":0.0,""max_violation"":2.3405649873546537,""sum_violation"":6.758368884748014,""l2_violation"":3.446318090082338,""pass"":false},{""endpoint_step"":14,""arrival_time_ms"":140,""window_start_step"":12,""sustained_box_max_error_m"":0.0423087665,""endpoint_velocity_m_per_s"":0.2877524294101036,""endpoint_late_velocity_rms_m_per_s"":0.21625655548465397,""post_arrival_velocity_rms_m_per_s"":0.31176530032928185,""final_velocity_m_per_s"":0.3340564987354654,""sustained_Ip_max_error_A"":678.9068000000007,""position_violation"":0.4102922166666667,""endpoint_speed_violation"":1.8775242941010357,""endpoint_late_speed_violation"":1.1625655548465397,""post_speed_violation"":2.1176530032928182,""final_speed_violation"":2.3405649873546537,""ip_violation"":0.0,""max_violation"":2.3405649873546537,""sum_violation"":7.908600056261713,""l2_violation"":3.873976580943419,""pass"":false},{""endpoint_step"":15,""arrival_time_ms"":150,""window_start_step"":13,""sustained_box_max_error_m"":0.0423087665,""endpoint_velocity_m_per_s"":0.3340564987354654,""endpoint_late_velocity_rms_m_per_s"":0.26844616337772603,""post_arrival_velocity_rms_m_per_s"":0.3340564987354654,""final_velocity_m_per_s"":0.3340564987354654,""sustained_Ip_max_error_A"":648.8969000000034,""position_violation"":0.4102922166666667,""endpoint_speed_violation"":2.3405649873546537,""endpoint_late_speed_violation"":1.6844616337772602,""post_speed_violation"":2.3405649873546537,""final_speed_violation"":2.3405649873546537,""ip_violation"":0.0,""max_violation"":2.3405649873546537,""sum_violation"":9.116448812507889,""l2_violation"":4.409136432320537,""pass"":false}]",False,False,12.03232308913806,12.03232308913806,1258504.3070510926,0.3859805531244493,0.20115240314627464,0.05253984056323568,373.92096638679504,60
Stage3.0,screen,s30screen_a77f14c737338bd8,18,nominal_01_s22g004_b034e7d0314c08d6,s22g004_b034e7d0314c08d6,corner,mode1_plus_pulse,screen_template,"[-0.5685289086987542,-0.2135335047699112,-0.03454107915377853,-0.3748231269590033,-0.17082680381592896,-0.027632863323022824,-0.26111734521925245,-0.12812010286194672,-0.020724647492267115,-0.17141156347950168,-0.08541340190796448,-0.013816431661511412,-0.08970578173975083,-0.04270670095398224,-0.006908215830755706,0.0,-0.0,-0.0]",stage3_0_evaluations/screen/s30screen_a77f14c737338bd8.json.gz,True,,16,-0.029743600999999953,0.0427455573,617.4889000000003,0.05207556499294829,0.0427455573,0.33366668480492856,0.28203385744753895,0.6492791664455781,0.41465,0,0,False,False,NEAR_FEASIBLE_120_150MS,,,,,,,,,12,120,10,0.0427455573,0.20923397079579667,0.128742061627528,0.28203385744753895,0.33366668480492856,714.4581000000035,0.4248519100000001,1.0923397079579664,0.2874206162752799,1.8203385744753895,2.3366668480492856,0.0,2.3366668480492856,5.961617656757921,3.198430908768873,"[{""endpoint_step"":12,""arrival_time_ms"":120,""window_start_step"":10,""sustained_box_max_error_m"":0.0427455573,""endpoint_velocity_m_per_s"":0.20923397079579667,""endpoint_late_velocity_rms_m_per_s"":0.128742061627528,""post_arrival_velocity_rms_m_per_s"":0.28203385744753895,""final_velocity_m_per_s"":0.33366668480492856,""sustained_Ip_max_error_A"":714.4581000000035,""position_violation"":0.4248519100000001,""endpoint_speed_violation"":1.0923397079579664,""endpoint_late_speed_violation"":0.2874206162752799,""post_speed_violation"":1.8203385744753895,""final_speed_violation"":2.3366668480492856,""ip_violation"":0.0,""max_violation"":2.3366668480492856,""sum_violation"":5.961617656757921,""l2_violation"":3.198430908768873,""pass"":false},{""endpoint_step"":13,""arrival_time_ms"":130,""window_start_step"":11,""sustained_box_max_error_m"":0.0427455573,""endpoint_velocity_m_per_s"":0.27258544867943857,""endpoint_late_velocity_rms_m_per_s"":0.183430590689057,""post_arrival_velocity_rms_m_per_s"":0.302431001746392,""final_velocity_m_per_s"":0.33366668480492856,""sustained_Ip_max_error_A"":694.2983000000022,""position_violation"":0.4248519100000001,""endpoint_speed_violation"":1.7258544867943857,""endpoint_late_speed_violation"":0.83430590689057,""post_speed_violation"":2.0243100174639195,""final_speed_violation"":2.3366668480492856,""ip_violation"":0.0,""max_violation"":2.3366668480492856,""sum_violation"":7.345989169198161,""l2_violation"":3.6623738485944894,""pass"":false},{""endpoint_step"":14,""arrival_time_ms"":140,""window_start_step"":12,""sustained_box_max_error_m"":0.0427455573,""endpoint_velocity_m_per_s"":0.29792154851822344,""endpoint_late_velocity_rms_m_per_s"":0.235959381268535,""post_arrival_velocity_rms_m_per_s"":0.316299466977268,""final_velocity_m_per_s"":0.33366668480492856,""sustained_Ip_max_error_A"":671.7982000000011,""position_violation"":0.4248519100000001,""endpoint_speed_violation"":1.9792154851822343,""endpoint_late_speed_violation"":1.35959381268535,""post_speed_violation"":2.16299466977268,""final_speed_violation"":2.3366668480492856,""ip_violation"":0.0,""max_violation"":2.3366668480492856,""sum_violation"":8.26332272568955,""l2_violation"":4.010591766553371,""pass"":false},{""endpoint_step"":15,""arrival_time_ms"":150,""window_start_step"":13,""sustained_box_max_error_m"":0.0427455573,""endpoint_velocity_m_per_s"":0.33366668480492856,""endpoint_late_velocity_rms_m_per_s"":0.28203385744753895,""post_arrival_velocity_rms_m_per_s"":0.33366668480492856,""final_velocity_m_per_s"":0.33366668480492856,""sustained_Ip_max_error_A"":653.2256000000016,""position_violation"":0.4248519100000001,""endpoint_speed_violation"":2.3366668480492856,""endpoint_late_speed_violation"":1.8203385744753895,""post_speed_violation"":2.3366668480492856,""final_speed_violation"":2.3366668480492856,""ip_violation"":0.0,""max_violation"":2.3366668480492856,""sum_violation"":9.255191028623246,""l2_violation"":4.458045260814597,""pass"":false}]",False,False,13.099791483916482,13.099791483916482,1260724.686132213,0.394654471581746,0.21105733123410464,0.06092213390688114,402.6760404109955,61
Stage3.0,screen,s30screen_1df3a885714b22ac,48,nominal_04_s22g004_b65dbd2d777a03f8,s22g004_b65dbd2d777a03f8,speed_safe,hold_last,screen_template,"[-0.570376789148781,0.0306486940965105,0.06409710769184573,-0.570376789148781,0.0306486940965105,0.06409710769184573,-0.570376789148781,0.0306486940965105,0.06409710769184573,-0.570376789148781,0.0306486940965105,0.06409710769184573,-0.570376789148781,0.0306486940965105,0.06409710769184573,-0.570376789148781,0.0306486940965105,0.06409710769184573]",stage3_0_evaluations/screen/s30screen_1df3a885714b22ac.json.gz,True,,16,-0.028078468000000023,0.0415894693,567.8896000000022,0.050180517353676894,0.0415894693,0.3378425146972505,0.2632683795577838,0.6494148319822909,0.41475,0,0,False,False,NEAR_FEASIBLE_120_150MS,,,,,,,,,12,120,10,0.0415894693,0.16885860292436827,0.10563331478527273,0.2632683795577838,0.3378425146972505,724.4620000000032,0.38631564333333346,0.6885860292436827,0.05633314785272714,1.632683795577838,2.378425146972505,0.0,2.378425146972505,5.1423437629800866,2.991509063264603,"[{""endpoint_step"":12,""arrival_time_ms"":120,""window_start_step"":10,""sustained_box_max_error_m"":0.0415894693,""endpoint_velocity_m_per_s"":0.16885860292436827,""endpoint_late_velocity_rms_m_per_s"":0.10563331478527273,""post_arrival_velocity_rms_m_per_s"":0.2632683795577838,""final_velocity_m_per_s"":0.3378425146972505,""sustained_Ip_max_error_A"":724.4620000000032,""position_violation"":0.38631564333333346,""endpoint_speed_violation"":0.6885860292436827,""endpoint_late_speed_violation"":0.05633314785272714,""post_speed_violation"":1.632683795577838,""final_speed_violation"":2.378425146972505,""ip_violation"":0.0,""max_violation"":2.378425146972505,""sum_violation"":5.1423437629800866,""l2_violation"":2.991509063264603,""pass"":false},{""endpoint_step"":13,""arrival_time_ms"":130,""window_start_step"":11,""sustained_box_max_error_m"":0.0415894693,""endpoint_velocity_m_per_s"":0.2336724859169823,""endpoint_late_velocity_rms_m_per_s"":0.15252277739926137,""post_arrival_velocity_rms_m_per_s"":0.2879396527737226,""final_velocity_m_per_s"":0.3378425146972505,""sustained_Ip_max_error_A"":690.8453000000009,""position_violation"":0.38631564333333346,""endpoint_speed_violation"":1.336724859169823,""endpoint_late_speed_violation"":0.5252277739926137,""post_speed_violation"":1.8793965277372258,""final_speed_violation"":2.378425146972505,""ip_violation"":0.0,""max_violation"":2.378425146972505,""sum_violation"":6.506089951205501,""l2_violation"":3.3765329597387006,""pass"":false},{""endpoint_step"":14,""arrival_time_ms"":140,""window_start_step"":12,""sustained_box_max_error_m"":0.0415894693,""endpoint_velocity_m_per_s"":0.28282032371590904,""endpoint_late_velocity_rms_m_per_s"":0.20779697486935017,""post_arrival_velocity_rms_m_per_s"":0.31154847154474496,""final_velocity_m_per_s"":0.3378425146972505,""sustained_Ip_max_error_A"":649.1312000000034,""position_violation"":0.38631564333333346,""endpoint_speed_violation"":1.8282032371590904,""endpoint_late_speed_violation"":1.0779697486935014,""post_speed_violation"":2.1154847154474496,""final_speed_violation"":2.378425146972505,""ip_violation"":0.0,""max_violation"":2.378425146972505,""sum_violation"":7.78639849160588,""l2_violation"":3.8452265723601147,""pass"":false},{""endpoint_step"":15,""arrival_time_ms"":150,""window_start_step"":13,""sustained_box_max_error_m"":0.0415894693,""endpoint_velocity_m_per_s"":0.3378425146972505,""endpoint_late_velocity_rms_m_per_s"":0.2632683795577838,""post_arrival_velocity_rms_m_per_s"":0.3378425146972505,""final_velocity_m_per_s"":0.3378425146972505,""sustained_Ip_max_error_A"":624.3405000000021,""position_violation"":0.38631564333333346,""endpoint_speed_violation"":2.378425146972505,""endpoint_late_speed_violation"":1.632683795577838,""post_speed_violation"":2.378425146972505,""final_speed_violation"":2.378425146972505,""ip_violation"":0.0,""max_violation"":2.378425146972505,""sum_violation"":9.154274879828687,""l2_violation"":4.448102369761744,""pass"":false}]",False,False,11.7389995127998,11.7389995127998,1261415.137811948,0.39300545997269826,0.20592014944747677,0.062449915495007356,395.90313839912415,62
Stage3.0,screen,s30screen_09ad92b145af465a,39,nominal_03_s22g004_89d222a7ea5c4cdd,s22g004_89d222a7ea5c4cdd,speed_safe,fast_ramp_zero,screen_template,"[-0.6859789086987541,-0.19247350476991118,-0.04912107915377853,-0.34298945434937705,-0.09623675238495559,-0.024560539576889265,-0.0,-0.0,-0.0,-0.0,-0.0,-0.0,-0.0,-0.0,-0.0,-0.0,-0.0,-0.0]",stage3_0_evaluations/screen/s30screen_09ad92b145af465a.json.gz,True,,16,-0.02854748500000004,0.0439898083,602.9459000000024,0.052441034830521566,0.0439898083,0.33488386931548686,0.29628902864578555,0.6492672440761607,0.41455,0,0,False,False,NEAR_FEASIBLE_120_150MS,,,,,,,,,12,120,10,0.0439898083,0.23293623900623625,0.14223959785671014,0.29628902864578555,0.33488386931548686,693.7359000000033,0.46632694333333347,1.3293623900623626,0.4223959785671014,1.9628902864578555,2.3488386931548684,0.0,2.3488386931548684,6.529814291575521,3.3960366647067666,"[{""endpoint_step"":12,""arrival_time_ms"":120,""window_start_step"":10,""sustained_box_max_error_m"":0.0439898083,""endpoint_velocity_m_per_s"":0.23293623900623625,""endpoint_late_velocity_rms_m_per_s"":0.14223959785671014,""post_arrival_velocity_rms_m_per_s"":0.29628902864578555,""final_velocity_m_per_s"":0.33488386931548686,""sustained_Ip_max_error_A"":693.7359000000033,""position_violation"":0.46632694333333347,""endpoint_speed_violation"":1.3293623900623626,""endpoint_late_speed_violation"":0.4223959785671014,""post_speed_violation"":1.9628902864578555,""final_speed_violation"":2.3488386931548684,""ip_violation"":0.0,""max_violation"":2.3488386931548684,""sum_violation"":6.529814291575521,""l2_violation"":3.3960366647067666,""pass"":false},{""endpoint_step"":13,""arrival_time_ms"":130,""window_start_step"":11,""sustained_box_max_error_m"":0.0439898083,""endpoint_velocity_m_per_s"":0.2927253267447825,""endpoint_late_velocity_rms_m_per_s"":0.20100310487592096,""post_arrival_velocity_rms_m_per_s"":0.3145840971510809,""final_velocity_m_per_s"":0.33488386931548686,""sustained_Ip_max_error_A"":677.6754000000001,""position_violation"":0.46632694333333347,""endpoint_speed_violation"":1.927253267447825,""endpoint_late_speed_violation"":1.0100310487592097,""post_speed_violation"":2.1458409715108084,""final_speed_violation"":2.3488386931548684,""ip_violation"":0.0,""max_violation"":2.3488386931548684,""sum_violation"":7.898290924206045,""l2_violation"":3.882474130744528,""pass"":false},{""endpoint_step"":14,""arrival_time_ms"":140,""window_start_step"":12,""sustained_box_max_error_m"":0.0439898083,""endpoint_velocity_m_per_s"":0.31472867631585505,""endpoint_late_velocity_rms_m_per_s"":0.2546429821707454,""post_arrival_velocity_rms_m_per_s"":0.32496257140110946,""final_velocity_m_per_s"":0.33488386931548686,""sustained_Ip_max_error_A"":657.085500000001,""position_violation"":0.46632694333333347,""endpoint_speed_violation"":2.1472867631585504,""endpoint_late_speed_violation"":1.5464298217074535,""post_speed_violation"":2.2496257140110942,""final_speed_violation"":2.3488386931548684,""ip_violation"":0.0,""max_violation"":2.3488386931548684,""sum_violation"":8.758507935365298,""l2_violation"":4.2187208386407935,""pass"":false},{""endpoint_step"":15,""arrival_time_ms"":150,""window_start_step"":13,""sustained_box_max_error_m"":0.0439898083,""endpoint_velocity_m_per_s"":0.33488386931548686,""endpoint_late_velocity_rms_m_per_s"":0.29628902864578555,""post_arrival_velocity_rms_m_per_s"":0.33488386931548686,""final_velocity_m_per_s"":0.33488386931548686,""sustained_Ip_max_error_A"":641.3787000000011,""position_violation"":0.46632694333333347,""endpoint_speed_violation"":2.3488386931548684,""endpoint_late_speed_violation"":1.9628902864578555,""post_speed_violation"":2.3488386931548684,""final_speed_violation"":2.3488386931548684,""ip_violation"":0.0,""max_violation"":2.3488386931548684,""sum_violation"":9.475733309255794,""l2_violation"":4.541093339068645,""pass"":false}]",False,False,14.108076556840993,14.108076556840993,1264413.2712230524,0.3961059381861447,0.21294330295848274,0.04634447069950712,405.17932534217834,63
Stage3.0,screen,s30screen_3b205e3d60a6e68f,77,nominal_06_s22g002_e66fb8b248b46533,s22g002_e66fb8b248b46533,gate,continue_slope_decay,screen_template,"[-0.6123570383020945,-0.06513165996609745,0.04384139339374735,-0.5611473959578307,0.1424974938292175,0.0204034572229512,-0.5355425747856988,0.246312070726875,0.008684489137553125,-0.5227401641996328,0.29821935917570375,0.0028250050948540883,-0.5163389589065998,0.3241730034001181,-0.0001047369264954301,-0.5131383562600833,0.3371498255123253,-0.0015696079371701893]",stage3_0_evaluations/screen/s30screen_3b205e3d60a6e68f.json.gz,True,,16,-0.02638579299999999,0.0422071446,710.8538000000008,0.04977602964805608,0.0422071446,0.34239809365626217,0.2696445292346873,0.649314019602587,0.4144,0,0,False,False,NEAR_FEASIBLE_120_150MS,,,,,,,,,12,120,10,0.0422071446,0.1795093505179868,0.11034460988716592,0.2696445292346873,0.34239809365626217,740.9024000000027,0.40690482000000006,0.795093505179868,0.10344609887165923,1.6964452923468727,2.4239809365626215,0.0,2.4239809365626215,5.425870652961022,3.092257512018538,"[{""endpoint_step"":12,""arrival_time_ms"":120,""window_start_step"":10,""sustained_box_max_error_m"":0.0422071446,""endpoint_velocity_m_per_s"":0.1795093505179868,""endpoint_late_velocity_rms_m_per_s"":0.11034460988716592,""post_arrival_velocity_rms_m_per_s"":0.2696445292346873,""final_velocity_m_per_s"":0.34239809365626217,""sustained_Ip_max_error_A"":740.9024000000027,""position_violation"":0.40690482000000006,""endpoint_speed_violation"":0.795093505179868,""endpoint_late_speed_violation"":0.10344609887165923,""post_speed_violation"":1.6964452923468727,""final_speed_violation"":2.4239809365626215,""ip_violation"":0.0,""max_violation"":2.4239809365626215,""sum_violation"":5.425870652961022,""l2_violation"":3.092257512018538,""pass"":false},{""endpoint_step"":13,""arrival_time_ms"":130,""window_start_step"":11,""sustained_box_max_error_m"":0.0422071446,""endpoint_velocity_m_per_s"":0.24271444287965172,""endpoint_late_velocity_rms_m_per_s"":0.15941201335473434,""post_arrival_velocity_rms_m_per_s"":0.293603520449713,""final_velocity_m_per_s"":0.34239809365626217,""sustained_Ip_max_error_A"":729.6196000000018,""position_violation"":0.40690482000000006,""endpoint_speed_violation"":1.4271444287965172,""endpoint_late_speed_violation"":0.5941201335473434,""post_speed_violation"":1.9360352044971298,""final_speed_violation"":2.4239809365626215,""ip_violation"":0.0,""max_violation"":2.4239809365626215,""sum_violation"":6.788185523403612,""l2_violation"":3.489872115155759,""pass"":false},{""endpoint_step"":14,""arrival_time_ms"":140,""window_start_step"":12,""sustained_box_max_error_m"":0.0422071446,""endpoint_velocity_m_per_s"":0.2871625434132608,""endpoint_late_velocity_rms_m_per_s"":0.2144512835971627,""post_arrival_velocity_rms_m_per_s"":0.3159895416615994,""final_velocity_m_per_s"":0.34239809365626217,""sustained_Ip_max_error_A"":726.6466,""position_violation"":0.40690482000000006,""endpoint_speed_violation"":1.871625434132608,""endpoint_late_speed_violation"":1.1445128359716268,""post_speed_violation"":2.1598954166159943,""final_speed_violation"":2.4239809365626215,""ip_violation"":0.0,""max_violation"":2.4239809365626215,""sum_violation"":8.00691944328285,""l2_violation"":3.939453606970503,""pass"":false},{""endpoint_step"":15,""arrival_time_ms"":150,""window_start_step"":13,""sustained_box_max_error_m"":0.0422071446,""endpoint_velocity_m_per_s"":0.34239809365626217,""endpoint_late_velocity_rms_m_per_s"":0.2696445292346873,""post_arrival_velocity_rms_m_per_s"":0.34239809365626217,""final_velocity_m_per_s"":0.34239809365626217,""sustained_Ip_max_error_A"":715.8029000000024,""position_violation"":0.40690482000000006,""endpoint_speed_violation"":2.4239809365626215,""endpoint_late_speed_violation"":1.6964452923468727,""post_speed_violation"":2.4239809365626215,""final_speed_violation"":2.4239809365626215,""ip_violation"":0.0,""max_violation"":2.4239809365626215,""sum_violation"":9.375292922034738,""l2_violation"":4.546487534891315,""pass"":false}]",False,False,12.047063990714248,12.047063990714248,1267205.8808441155,0.3927095105062924,0.2011970885384041,0.05253984056323568,406.5209057331085,64
Stage3.0,screen,s30screen_5fa24c2040fdb8f1,22,nominal_01_s22g004_b034e7d0314c08d6,s22g004_b034e7d0314c08d6,corner,coupled_cross_pulse,screen_template,"[-0.5685289086987542,-0.2135335047699112,-0.03454107915377853,-0.3748231269590033,-0.250826803815929,-0.012632863323022825,-0.26111734521925245,-0.2081201028619467,-0.005724647492267115,-0.17141156347950168,-0.14141340190796448,-0.0033164316615114132,-0.08970578173975083,-0.06670670095398223,-0.0024082158307557064,0.0,-0.0,0.0]",stage3_0_evaluations/screen/s30screen_5fa24c2040fdb8f1.json.gz,True,,16,-0.030079681000000025,0.0428912037,601.3240000000005,0.05238742753654407,0.0428912037,0.34249490757852613,0.2873131177694935,0.6492791664455781,0.41465,0,0,False,False,NEAR_FEASIBLE_120_150MS,,,,,,,,,12,120,10,0.0428912037,0.21024299413509634,0.12918346853813695,0.2873131177694935,0.34249490757852613,714.4581000000035,0.42970679,1.1024299413509633,0.29183468538136936,1.8731311776949346,2.424949075785261,0.0,2.424949075785261,6.122051670212528,3.2975999777952816,"[{""endpoint_step"":12,""arrival_time_ms"":120,""window_start_step"":10,""sustained_box_max_error_m"":0.0428912037,""endpoint_velocity_m_per_s"":0.21024299413509634,""endpoint_late_velocity_rms_m_per_s"":0.12918346853813695,""post_arrival_velocity_rms_m_per_s"":0.2873131177694935,""final_velocity_m_per_s"":0.34249490757852613,""sustained_Ip_max_error_A"":714.4581000000035,""position_violation"":0.42970679,""endpoint_speed_violation"":1.1024299413509633,""endpoint_late_speed_violation"":0.29183468538136936,""post_speed_violation"":1.8731311776949346,""final_speed_violation"":2.424949075785261,""ip_violation"":0.0,""max_violation"":2.424949075785261,""sum_violation"":6.122051670212528,""l2_violation"":3.2975999777952816,""pass"":false},{""endpoint_step"":13,""arrival_time_ms"":130,""window_start_step"":11,""sustained_box_max_error_m"":0.0428912037,""endpoint_velocity_m_per_s"":0.27588071016563903,""endpoint_late_velocity_rms_m_per_s"":0.18496612274793886,""post_arrival_velocity_rms_m_per_s"":0.3087572908649647,""final_velocity_m_per_s"":0.34249490757852613,""sustained_Ip_max_error_A"":683.5596000000005,""position_violation"":0.42970679,""endpoint_speed_violation"":1.75880710165639,""endpoint_late_speed_violation"":0.8496612274793884,""post_speed_violation"":2.0875729086496464,""final_speed_violation"":2.424949075785261,""ip_violation"":0.0,""max_violation"":2.424949075785261,""sum_violation"":7.550697103570686,""l2_violation"":3.7733689478727857,""pass"":false},{""endpoint_step"":14,""arrival_time_ms"":140,""window_start_step"":12,""sustained_box_max_error_m"":0.0428912037,""endpoint_velocity_m_per_s"":0.30427005443864613,""endpoint_late_velocity_rms_m_per_s"":0.23916159560357766,""post_arrival_velocity_rms_m_per_s"":0.3239467762961378,""final_velocity_m_per_s"":0.34249490757852613,""sustained_Ip_max_error_A"":654.2653000000028,""position_violation"":0.42970679,""endpoint_speed_violation"":2.042700544386461,""endpoint_late_speed_violation"":1.3916159560357766,""post_speed_violation"":2.2394677629613775,""final_speed_violation"":2.424949075785261,""ip_violation"":0.0,""max_violation"":2.424949075785261,""sum_violation"":8.528440129168876,""l2_violation"":4.146017642267968,""pass"":false},{""endpoint_step"":15,""arrival_time_ms"":150,""window_start_step"":13,""sustained_box_max_error_m"":0.0428912037,""endpoint_velocity_m_per_s"":0.34249490757852613,""endpoint_late_velocity_rms_m_per_s"":0.2873131177694935,""post_arrival_velocity_rms_m_per_s"":0.34249490757852613,""final_velocity_m_per_s"":0.34249490757852613,""sustained_Ip_max_error_A"":633.2445000000007,""position_violation"":0.42970679,""endpoint_speed_violation"":2.424949075785261,""endpoint_late_speed_violation"":1.8731311776949346,""post_speed_violation"":2.424949075785261,""final_speed_violation"":2.424949075785261,""ip_violation"":0.0,""max_violation"":2.424949075785261,""sum_violation"":9.577685195050718,""l2_violation"":4.618917881352763,""pass"":false}]",False,False,13.422731714567028,13.422731714567028,1270294.136968886,0.39510510410392385,0.21116460507151644,0.06092213390688114,389.98825311660767,65
Stage3.0,screen,s30screen_e5f4a47d18763ba7,20,nominal_01_s22g004_b034e7d0314c08d6,s22g004_b034e7d0314c08d6,corner,mode2_plus_pulse,screen_template,"[-0.5685289086987542,-0.2135335047699112,-0.03454107915377853,-0.45482312695900334,-0.09082680381592896,-0.027632863323022824,-0.34111734521925247,-0.04812010286194672,-0.020724647492267115,-0.22741156347950167,-0.029413401907964487,-0.013816431661511412,-0.11370578173975084,-0.01870670095398224,-0.006908215830755706,-0.0,0.0,-0.0]",stage3_0_evaluations/screen/s30screen_e5f4a47d18763ba7.json.gz,True,,16,-0.029298154999999992,0.0429917826,629.9495000000024,0.052025717270689185,0.0429917826,0.3460767649427307,0.2875097642893116,0.6492791664455781,0.41465,0,0,False,False,NEAR_FEASIBLE_120_150MS,,,,,,,,,12,120,10,0.0429917826,0.20947341072704392,0.12884294702617957,0.2875097642893116,0.3460767649427307,714.4581000000035,0.43305942,1.094734107270439,0.28842947026179555,1.8750976428931154,2.4607676494273067,0.0,2.4607676494273067,6.1520882898526565,3.322731313398475,"[{""endpoint_step"":12,""arrival_time_ms"":120,""window_start_step"":10,""sustained_box_max_error_m"":0.0429917826,""endpoint_velocity_m_per_s"":0.20947341072704392,""endpoint_late_velocity_rms_m_per_s"":0.12884294702617957,""post_arrival_velocity_rms_m_per_s"":0.2875097642893116,""final_velocity_m_per_s"":0.3460767649427307,""sustained_Ip_max_error_A"":714.4581000000035,""position_violation"":0.43305942,""endpoint_speed_violation"":1.094734107270439,""endpoint_late_speed_violation"":0.28842947026179555,""post_speed_violation"":1.8750976428931154,""final_speed_violation"":2.4607676494273067,""ip_violation"":0.0,""max_violation"":2.4607676494273067,""sum_violation"":6.1520882898526565,""l2_violation"":3.322731313398475,""pass"":false},{""endpoint_step"":13,""arrival_time_ms"":130,""window_start_step"":11,""sustained_box_max_error_m"":0.0429917826,""endpoint_velocity_m_per_s"":0.27423582888100634,""endpoint_late_velocity_rms_m_per_s"":0.18411513767040313,""post_arrival_velocity_rms_m_per_s"":0.30917543479668685,""final_velocity_m_per_s"":0.3460767649427307,""sustained_Ip_max_error_A"":703.8244000000013,""position_violation"":0.43305942,""endpoint_speed_violation"":1.7423582888100633,""endpoint_late_speed_violation"":0.8411513767040313,""post_speed_violation"":2.0917543479668685,""final_speed_violation"":2.4607676494273067,""ip_violation"":0.0,""max_violation"":2.4607676494273067,""sum_violation"":7.569091082908271,""l2_violation"":3.7896836521104564,""pass"":false},{""endpoint_step"":14,""arrival_time_ms"":140,""window_start_step"":12,""sustained_box_max_error_m"":0.0429917826,""endpoint_velocity_m_per_s"":0.3029751332533455,""endpoint_late_velocity_rms_m_per_s"":0.2380915842739545,""post_arrival_velocity_rms_m_per_s"":0.3252407251583883,""final_velocity_m_per_s"":0.3460767649427307,""sustained_Ip_max_error_A"":685.1420000000035,""position_violation"":0.43305942,""endpoint_speed_violation"":2.029751332533455,""endpoint_late_speed_violation"":1.3809158427395447,""post_speed_violation"":2.252407251583883,""final_speed_violation"":2.4607676494273067,""ip_violation"":0.0,""max_violation"":2.4607676494273067,""sum_violation"":8.55690149628419,""l2_violation"":4.164501812865111,""pass"":false},{""endpoint_step"":15,""arrival_time_ms"":150,""window_start_step"":13,""sustained_box_max_error_m"":0.0429917826,""endpoint_velocity_m_per_s"":0.3460767649427307,""endpoint_late_velocity_rms_m_per_s"":0.2875097642893116,""post_arrival_velocity_rms_m_per_s"":0.3460767649427307,""final_velocity_m_per_s"":0.3460767649427307,""sustained_Ip_max_error_A"":668.3682000000008,""position_violation"":0.43305942,""endpoint_speed_violation"":2.4607676494273067,""endpoint_late_speed_violation"":1.8750976428931154,""post_speed_violation"":2.4607676494273067,""final_speed_violation"":2.4607676494273067,""ip_violation"":0.0,""max_violation"":2.4607676494273067,""sum_violation"":9.690460011175036,""l2_violation"":4.676501246128138,""pass"":false}]",False,False,13.405805199816898,13.405805199816898,1274021.2552207399,0.39525026808064095,0.21105733123410464,0.06092213390688114,386.62505197525024,66
Stage3.0,screen,s30screen_9d24c71da296b840,84,nominal_07_s22g005_a2acc95ca222cec3,s22g005_a2acc95ca222cec3,position_front,hold_last,screen_template,"[-0.49077844169390217,-0.20688584005420638,-0.030122634663424044,-0.49077844169390217,-0.20688584005420638,-0.030122634663424044,-0.49077844169390217,-0.20688584005420638,-0.030122634663424044,-0.49077844169390217,-0.20688584005420638,-0.030122634663424044,-0.49077844169390217,-0.20688584005420638,-0.030122634663424044,-0.49077844169390217,-0.20688584005420638,-0.030122634663424044]",stage3_0_evaluations/screen/s30screen_9d24c71da296b840.json.gz,True,,16,-0.029649751000000002,0.0417192561,629.5756000000001,0.05118206779624469,0.0417192561,0.3513632756473766,0.27828961192675533,0.6492838018270403,0.41475,0,0,False,False,NEAR_FEASIBLE_120_150MS,,,,,,,,,12,120,10,0.0417192561,0.1830378495590276,0.11477586272277135,0.27828961192675533,0.3513632756473766,709.4993000000031,0.39064187000000006,0.830378495590276,0.14775862722771338,1.7828961192675532,2.513632756473766,0.0,2.513632756473766,5.665307868559308,3.2188554386572394,"[{""endpoint_step"":12,""arrival_time_ms"":120,""window_start_step"":10,""sustained_box_max_error_m"":0.0417192561,""endpoint_velocity_m_per_s"":0.1830378495590276,""endpoint_late_velocity_rms_m_per_s"":0.11477586272277135,""post_arrival_velocity_rms_m_per_s"":0.27828961192675533,""final_velocity_m_per_s"":0.3513632756473766,""sustained_Ip_max_error_A"":709.4993000000031,""position_violation"":0.39064187000000006,""endpoint_speed_violation"":0.830378495590276,""endpoint_late_speed_violation"":0.14775862722771338,""post_speed_violation"":1.7828961192675532,""final_speed_violation"":2.513632756473766,""ip_violation"":0.0,""max_violation"":2.513632756473766,""sum_violation"":5.665307868559308,""l2_violation"":3.2188554386572394,""pass"":false},{""endpoint_step"":13,""arrival_time_ms"":130,""window_start_step"":11,""sustained_box_max_error_m"":0.0417192561,""endpoint_velocity_m_per_s"":0.2508409993476568,""endpoint_late_velocity_rms_m_per_s"":0.16373175409724042,""post_arrival_velocity_rms_m_per_s"":0.3034675040561362,""final_velocity_m_per_s"":0.3513632756473766,""sustained_Ip_max_error_A"":693.3406000000032,""position_violation"":0.39064187000000006,""endpoint_speed_violation"":1.508409993476568,""endpoint_late_speed_violation"":0.6373175409724041,""post_speed_violation"":2.034675040561362,""final_speed_violation"":2.513632756473766,""ip_violation"":0.0,""max_violation"":2.513632756473766,""sum_violation"":7.0846772014841,""l2_violation"":3.64586444922867,""pass"":false},{""endpoint_step"":14,""arrival_time_ms"":140,""window_start_step"":12,""sustained_box_max_error_m"":0.0417192561,""endpoint_velocity_m_per_s"":0.29983365325926575,""endpoint_late_velocity_rms_m_per_s"":0.22194200523552524,""post_arrival_velocity_rms_m_per_s"":0.3266162665119819,""final_velocity_m_per_s"":0.3513632756473766,""sustained_Ip_max_error_A"":670.3678,""position_violation"":0.39064187000000006,""endpoint_speed_violation"":1.9983365325926572,""endpoint_late_speed_violation"":1.219420052355252,""post_speed_violation"":2.266162665119819,""final_speed_violation"":2.513632756473766,""ip_violation"":0.0,""max_violation"":2.513632756473766,""sum_violation"":8.388193876541495,""l2_violation"":4.133615619694034,""pass"":false},{""endpoint_step"":15,""arrival_time_ms"":150,""window_start_step"":13,""sustained_box_max_error_m"":0.0417192561,""endpoint_velocity_m_per_s"":0.3513632756473766,""endpoint_late_velocity_rms_m_per_s"":0.27828961192675533,""post_arrival_velocity_rms_m_per_s"":0.3513632756473766,""final_velocity_m_per_s"":0.3513632756473766,""sustained_Ip_max_error_A"":654.7041000000027,""position_violation"":0.39064187000000006,""endpoint_speed_violation"":2.513632756473766,""endpoint_late_speed_violation"":1.7828961192675532,""post_speed_violation"":2.513632756473766,""final_speed_violation"":2.513632756473766,""ip_violation"":0.0,""max_violation"":2.513632756473766,""sum_violation"":9.714436258688853,""l2_violation"":4.720844050162016,""pass"":false}]",False,False,12.591295364005996,12.591295364005996,1277255.9538556354,0.3985459242006193,0.2078959390725037,0.06147467148340888,389.984219789505,67
Stage3.0,screen,s30screen_82a405c618f8a8d0,0,nominal_00_s22g005_adf586ba25597d7e,s22g005_adf586ba25597d7e,corner,hold_last,screen_template,"[-0.46646280409257196,-0.12819906619391455,-0.0001051071873125458,-0.46646280409257196,-0.12819906619391455,-0.0001051071873125458,-0.46646280409257196,-0.12819906619391455,-0.0001051071873125458,-0.46646280409257196,-0.12819906619391455,-0.0001051071873125458,-0.46646280409257196,-0.12819906619391455,-0.0001051071873125458,-0.46646280409257196,-0.12819906619391455,-0.0001051071873125458]",stage3_0_evaluations/screen/s30screen_82a405c618f8a8d0.json.gz,True,,16,-0.029697501999999987,0.0425249396,592.058100000002,0.05186821871843732,0.0425249396,0.3508562181396104,0.28094475904263244,0.6492793452001951,0.41465,0,0,False,False,NEAR_FEASIBLE_120_150MS,,,,,,,,,12,120,10,0.0425249396,0.19628201254542596,0.12212747664899891,0.28094475904263244,0.3508562181396104,696.449700000001,0.4174979866666666,0.9628201254542594,0.221274766489989,1.8094475904263243,2.5085621813961034,0.0,2.5085621813961034,5.919602650433342,3.2737248640602163,"[{""endpoint_step"":12,""arrival_time_ms"":120,""window_start_step"":10,""sustained_box_max_error_m"":0.0425249396,""endpoint_velocity_m_per_s"":0.19628201254542596,""endpoint_late_velocity_rms_m_per_s"":0.12212747664899891,""post_arrival_velocity_rms_m_per_s"":0.28094475904263244,""final_velocity_m_per_s"":0.3508562181396104,""sustained_Ip_max_error_A"":696.449700000001,""position_violation"":0.4174979866666666,""endpoint_speed_violation"":0.9628201254542594,""endpoint_late_speed_violation"":0.221274766489989,""post_speed_violation"":1.8094475904263243,""final_speed_violation"":2.5085621813961034,""ip_violation"":0.0,""max_violation"":2.5085621813961034,""sum_violation"":5.919602650433342,""l2_violation"":3.2737248640602163,""pass"":false},{""endpoint_step"":13,""arrival_time_ms"":130,""window_start_step"":11,""sustained_box_max_error_m"":0.0425249396,""endpoint_velocity_m_per_s"":0.25815084011260225,""endpoint_late_velocity_rms_m_per_s"":0.17347474014675382,""post_arrival_velocity_rms_m_per_s"":0.303969955798929,""final_velocity_m_per_s"":0.3508562181396104,""sustained_Ip_max_error_A"":673.7993999999999,""position_violation"":0.4174979866666666,""endpoint_speed_violation"":1.5815084011260225,""endpoint_late_speed_violation"":0.7347474014675381,""post_speed_violation"":2.0396995579892896,""final_speed_violation"":2.5085621813961034,""ip_violation"":0.0,""max_violation"":2.5085621813961034,""sum_violation"":7.282015528645619,""l2_violation"":3.6971050350860586,""pass"":false},{""endpoint_step"":14,""arrival_time_ms"":140,""window_start_step"":12,""sustained_box_max_error_m"":0.0425249396,""endpoint_velocity_m_per_s"":0.29572159208812654,""endpoint_late_velocity_rms_m_per_s"":0.2275497133444806,""post_arrival_velocity_rms_m_per_s"":0.3244621286331936,""final_velocity_m_per_s"":0.3508562181396104,""sustained_Ip_max_error_A"":647.7339000000029,""position_violation"":0.4174979866666666,""endpoint_speed_violation"":1.9572159208812652,""endpoint_late_speed_violation"":1.275497133444806,""post_speed_violation"":2.244621286331936,""final_speed_violation"":2.5085621813961034,""ip_violation"":0.0,""max_violation"":2.5085621813961034,""sum_violation"":8.403394508720776,""l2_violation"":4.118628485823035,""pass"":false},{""endpoint_step"":15,""arrival_time_ms"":150,""window_start_step"":13,""sustained_box_max_error_m"":0.0425249396,""endpoint_velocity_m_per_s"":0.3508562181396104,""endpoint_late_velocity_rms_m_per_s"":0.28094475904263244,""post_arrival_velocity_rms_m_per_s"":0.3508562181396104,""final_velocity_m_per_s"":0.3508562181396104,""sustained_Ip_max_error_A"":625.5826000000015,""position_violation"":0.4174979866666666,""endpoint_speed_violation"":2.5085621813961034,""endpoint_late_speed_violation"":1.8094475904263243,""post_speed_violation"":2.5085621813961034,""final_speed_violation"":2.5085621813961034,""ip_violation"":0.0,""max_violation"":2.5085621813961034,""sum_violation"":9.7526321212813,""l2_violation"":4.725151617161367,""pass"":false}]",False,False,12.98374035001566,12.98374035001566,1277821.3373457538,0.39828215531143035,0.2132372323095682,0.06082249957316407,399.83106422424316,68
Stage3.0,screen,s30screen_e5252559d2cf2422,14,nominal_01_s22g004_b034e7d0314c08d6,s22g004_b034e7d0314c08d6,corner,linear_ramp_zero,screen_template,"[-0.5685289086987542,-0.2135335047699112,-0.03454107915377853,-0.45482312695900334,-0.17082680381592896,-0.027632863323022824,-0.34111734521925247,-0.12812010286194672,-0.020724647492267115,-0.22741156347950167,-0.08541340190796448,-0.013816431661511412,-0.11370578173975084,-0.04270670095398224,-0.006908215830755706,-0.0,-0.0,-0.0]",stage3_0_evaluations/screen/s30screen_e5252559d2cf2422.json.gz,True,,16,-0.029597392999999972,0.0430989377,620.9183000000012,0.05228311489634994,0.0430989377,0.350589756894725,0.2911416004647588,0.6492791664455781,0.41465,0,0,False,False,NEAR_FEASIBLE_120_150MS,,,,,,,,,12,120,10,0.0430989377,0.2104088177147227,0.12925283023347747,0.2911416004647588,0.350589756894725,714.4581000000035,0.4366312566666668,1.1040881771472266,0.29252830233477467,1.9114160046475877,2.50589756894725,0.0,2.50589756894725,6.250561309743505,3.380571569093035,"[{""endpoint_step"":12,""arrival_time_ms"":120,""window_start_step"":10,""sustained_box_max_error_m"":0.0430989377,""endpoint_velocity_m_per_s"":0.2104088177147227,""endpoint_late_velocity_rms_m_per_s"":0.12925283023347747,""post_arrival_velocity_rms_m_per_s"":0.2911416004647588,""final_velocity_m_per_s"":0.350589756894725,""sustained_Ip_max_error_A"":714.4581000000035,""position_violation"":0.4366312566666668,""endpoint_speed_violation"":1.1040881771472266,""endpoint_late_speed_violation"":0.29252830233477467,""post_speed_violation"":1.9114160046475877,""final_speed_violation"":2.50589756894725,""ip_violation"":0.0,""max_violation"":2.50589756894725,""sum_violation"":6.250561309743505,""l2_violation"":3.380571569093035,""pass"":false},{""endpoint_step"":13,""arrival_time_ms"":130,""window_start_step"":11,""sustained_box_max_error_m"":0.0430989377,""endpoint_velocity_m_per_s"":0.27719331117144574,""endpoint_late_velocity_rms_m_per_s"":0.18550440297577594,""post_arrival_velocity_rms_m_per_s"":0.31346549810817437,""final_velocity_m_per_s"":0.350589756894725,""sustained_Ip_max_error_A"":697.0371000000014,""position_violation"":0.4366312566666668,""endpoint_speed_violation"":1.7719331117144574,""endpoint_late_speed_violation"":0.8550440297577593,""post_speed_violation"":2.1346549810817437,""final_speed_violation"":2.50589756894725,""ip_violation"":0.0,""max_violation"":2.50589756894725,""sum_violation"":7.7041609481678766,""l2_violation"":3.8597627665214884,""pass"":false},{""endpoint_step"":14,""arrival_time_ms"":140,""window_start_step"":12,""sustained_box_max_error_m"":0.0430989377,""endpoint_velocity_m_per_s"":0.3082734923974574,""endpoint_late_velocity_rms_m_per_s"":0.24085422103909626,""post_arrival_velocity_rms_m_per_s"":0.3301103783239991,""final_velocity_m_per_s"":0.350589756894725,""sustained_Ip_max_error_A"":674.4360000000015,""position_violation"":0.4366312566666668,""endpoint_speed_violation"":2.0827349239745736,""endpoint_late_speed_violation"":1.4085422103909626,""post_speed_violation"":2.3011037832399905,""final_speed_violation"":2.50589756894725,""ip_violation"":0.0,""max_violation"":2.50589756894725,""sum_violation"":8.734909743219443,""l2_violation"":4.252884200585749,""pass"":false},{""endpoint_step"":15,""arrival_time_ms"":150,""window_start_step"":13,""sustained_box_max_error_m"":0.0430989377,""endpoint_velocity_m_per_s"":0.350589756894725,""endpoint_late_velocity_rms_m_per_s"":0.2911416004647588,""post_arrival_velocity_rms_m_per_s"":0.350589756894725,""final_velocity_m_per_s"":0.350589756894725,""sustained_Ip_max_error_A"":659.4306000000033,""position_violation"":0.4366312566666668,""endpoint_speed_violation"":2.50589756894725,""endpoint_late_speed_violation"":1.9114160046475877,""post_speed_violation"":2.50589756894725,""final_speed_violation"":2.50589756894725,""ip_violation"":0.0,""max_violation"":2.50589756894725,""sum_violation"":9.865739968156003,""l2_violation"":4.762638541322286,""pass"":false}]",False,False,13.63557409755956,13.63557409755956,1278986.2092768895,0.39550882450855895,0.21095364885590803,0.06092213390688114,401.7791576385498,69
Stage3.0,screen,s30screen_ac6f979e9d564118,30,nominal_02_s22g005_fe6e232ce2c851ad,s22g005_fe6e232ce2c851ad,corner,mode1_plus_pulse,screen_template,"[-0.5951009586987541,-0.1869614547699112,-0.04516989915377853,-0.3960807669590033,-0.14956916381592897,-0.036135919323022826,-0.2770605752192524,-0.1121768728619467,-0.027101939492267118,-0.18204038347950166,-0.07478458190796448,-0.018067959661511413,-0.09502019173975082,-0.03739229095398224,-0.009033979830755707,0.0,-0.0,-0.0]",stage3_0_evaluations/screen/s30screen_ac6f979e9d564118.json.gz,True,,16,-0.029057144000000035,0.0434049665,629.5934000000016,0.05223321485705107,0.0434049665,0.35028316565451795,0.29355833093591205,0.6492932120464047,0.4147,0,0,False,False,NEAR_FEASIBLE_120_150MS,,,,,,,,,12,120,10,0.0434049665,0.21589922828301167,0.13239998818921372,0.29355833093591205,0.35028316565451795,717.0074000000022,0.4468322166666667,1.1589922828301167,0.32399988189213724,1.9355833093591204,2.502831656545179,0.0,2.502831656545179,6.368239347293221,3.4144614675599168,"[{""endpoint_step"":12,""arrival_time_ms"":120,""window_start_step"":10,""sustained_box_max_error_m"":0.0434049665,""endpoint_velocity_m_per_s"":0.21589922828301167,""endpoint_late_velocity_rms_m_per_s"":0.13239998818921372,""post_arrival_velocity_rms_m_per_s"":0.29355833093591205,""final_velocity_m_per_s"":0.35028316565451795,""sustained_Ip_max_error_A"":717.0074000000022,""position_violation"":0.4468322166666667,""endpoint_speed_violation"":1.1589922828301167,""endpoint_late_speed_violation"":0.32399988189213724,""post_speed_violation"":1.9355833093591204,""final_speed_violation"":2.502831656545179,""ip_violation"":0.0,""max_violation"":2.502831656545179,""sum_violation"":6.368239347293221,""l2_violation"":3.4144614675599168,""pass"":false},{""endpoint_step"":13,""arrival_time_ms"":130,""window_start_step"":11,""sustained_box_max_error_m"":0.0434049665,""endpoint_velocity_m_per_s"":0.279912770502303,""endpoint_late_velocity_rms_m_per_s"":0.18891002075534397,""post_arrival_velocity_rms_m_per_s"":0.3152213496758079,""final_velocity_m_per_s"":0.35028316565451795,""sustained_Ip_max_error_A"":700.1223000000027,""position_violation"":0.4468322166666667,""endpoint_speed_violation"":1.79912770502303,""endpoint_late_speed_violation"":0.8891002075534395,""post_speed_violation"":2.152213496758079,""final_speed_violation"":2.502831656545179,""ip_violation"":0.0,""max_violation"":2.502831656545179,""sum_violation"":7.790105282546394,""l2_violation"":3.888856894324677,""pass"":false},{""endpoint_step"":14,""arrival_time_ms"":140,""window_start_step"":12,""sustained_box_max_error_m"":0.0434049665,""endpoint_velocity_m_per_s"":0.31151892822602034,""endpoint_late_velocity_rms_m_per_s"":0.244448126281474,""post_arrival_velocity_rms_m_per_s"":0.3314682026861995,""final_velocity_m_per_s"":0.35028316565451795,""sustained_Ip_max_error_A"":678.3385000000017,""position_violation"":0.4468322166666667,""endpoint_speed_violation"":2.115189282260203,""endpoint_late_speed_violation"":1.4444812628147399,""post_speed_violation"":2.3146820268619948,""final_speed_violation"":2.502831656545179,""ip_violation"":0.0,""max_violation"":2.502831656545179,""sum_violation"":8.824016445148784,""l2_violation"":4.287438633350358,""pass"":false},{""endpoint_step"":15,""arrival_time_ms"":150,""window_start_step"":13,""sustained_box_max_error_m"":0.0434049665,""endpoint_velocity_m_per_s"":0.35028316565451795,""endpoint_late_velocity_rms_m_per_s"":0.29355833093591205,""post_arrival_velocity_rms_m_per_s"":0.35028316565451795,""final_velocity_m_per_s"":0.35028316565451795,""sustained_Ip_max_error_A"":662.1948000000011,""position_violation"":0.4468322166666667,""endpoint_speed_violation"":2.502831656545179,""endpoint_late_speed_violation"":1.9355833093591204,""post_speed_violation"":2.502831656545179,""final_speed_violation"":2.502831656545179,""ip_violation"":0.0,""max_violation"":2.502831656545179,""sum_violation"":9.890910495661325,""l2_violation"":4.7685050781492215,""pass"":false}]",False,False,13.804328062126542,13.804328062126542,1279184.3888393128,0.3952461475199616,0.21056237835784675,0.0572525731595202,397.8790249824524,70
Stage3.0,screen,s30screen_da47e42e7bba6ec8,17,nominal_01_s22g004_b034e7d0314c08d6,s22g004_b034e7d0314c08d6,corner,continue_slope_decay,screen_template,"[-0.5685289086987542,-0.2135335047699112,-0.03454107915377853,-0.4814264691922542,-0.0093577124866909,-0.07263357069244522,-0.4378752494390042,0.09273018365491925,-0.09167981646177857,-0.41609963956237916,0.14377413172572434,-0.10120293934644525,-0.4052118346240667,0.16929610576112689,-0.10596450078877859,-0.3997679321549104,0.18205709277882814,-0.10834528150994525]",stage3_0_evaluations/screen/s30screen_da47e42e7bba6ec8.json.gz,True,,16,-0.028619933999999958,0.0431550711,786.2304000000004,0.0517828232506727,0.0431550711,0.35513894336694524,0.2915086556254975,0.6492791664455781,0.41465,0,0,False,False,NEAR_FEASIBLE_120_150MS,,,,,,,,,12,120,10,0.0431550711,0.20900551217185565,0.1286339880030178,0.2915086556254975,0.35513894336694524,786.2304000000004,0.4385023699999999,1.0900551217185561,0.28633988003017796,1.9150865562549746,2.5513894336694523,0.0,2.5513894336694523,6.281373361673161,3.4116916015321253,"[{""endpoint_step"":12,""arrival_time_ms"":120,""window_start_step"":10,""sustained_box_max_error_m"":0.0431550711,""endpoint_velocity_m_per_s"":0.20900551217185565,""endpoint_late_velocity_rms_m_per_s"":0.1286339880030178,""post_arrival_velocity_rms_m_per_s"":0.2915086556254975,""final_velocity_m_per_s"":0.35513894336694524,""sustained_Ip_max_error_A"":786.2304000000004,""position_violation"":0.4385023699999999,""endpoint_speed_violation"":1.0900551217185561,""endpoint_late_speed_violation"":0.28633988003017796,""post_speed_violation"":1.9150865562549746,""final_speed_violation"":2.5513894336694523,""ip_violation"":0.0,""max_violation"":2.5513894336694523,""sum_violation"":6.281373361673161,""l2_violation"":3.4116916015321253,""pass"":false},{""endpoint_step"":13,""arrival_time_ms"":130,""window_start_step"":11,""sustained_box_max_error_m"":0.0431550711,""endpoint_velocity_m_per_s"":0.27543313631097793,""endpoint_late_velocity_rms_m_per_s"":0.1844155971564591,""post_arrival_velocity_rms_m_per_s"":0.3142323350113839,""final_velocity_m_per_s"":0.35513894336694524,""sustained_Ip_max_error_A"":786.2304000000004,""position_violation"":0.4385023699999999,""endpoint_speed_violation"":1.7543313631097792,""endpoint_late_speed_violation"":0.844155971564591,""post_speed_violation"":2.142323350113839,""final_speed_violation"":2.5513894336694523,""ip_violation"":0.0,""max_violation"":2.5513894336694523,""sum_violation"":7.730702488457663,""l2_violation"":3.8835163889312354,""pass"":false},{""endpoint_step"":14,""arrival_time_ms"":140,""window_start_step"":12,""sustained_box_max_error_m"":0.0431550711,""endpoint_velocity_m_per_s"":0.30698338623812815,""endpoint_late_velocity_rms_m_per_s"":0.23960289662554124,""post_arrival_velocity_rms_m_per_s"":0.3319355875181344,""final_velocity_m_per_s"":0.35513894336694524,""sustained_Ip_max_error_A"":786.2304000000004,""position_violation"":0.4385023699999999,""endpoint_speed_violation"":2.0698338623812815,""endpoint_late_speed_violation"":1.3960289662554124,""post_speed_violation"":2.3193558751813437,""final_speed_violation"":2.5513894336694523,""ip_violation"":0.0,""max_violation"":2.5513894336694523,""sum_violation"":8.77511050748749,""l2_violation"":4.27953188315712,""pass"":false},{""endpoint_step"":15,""arrival_time_ms"":150,""window_start_step"":13,""sustained_box_max_error_m"":0.0431550711,""endpoint_velocity_m_per_s"":0.35513894336694524,""endpoint_late_velocity_rms_m_per_s"":0.2915086556254975,""post_arrival_velocity_rms_m_per_s"":0.35513894336694524,""final_velocity_m_per_s"":0.35513894336694524,""sustained_Ip_max_error_A"":786.2304000000004,""position_violation"":0.4385023699999999,""endpoint_speed_violation"":2.5513894336694523,""endpoint_late_speed_violation"":1.9150865562549746,""post_speed_violation"":2.5513894336694523,""final_speed_violation"":2.5513894336694523,""ip_violation"":0.0,""max_violation"":2.5513894336694523,""sum_violation"":10.007757227263332,""l2_violation"":4.836176689613867,""pass"":false}]",False,False,13.621518779515823,13.621518779515823,1283689.7499339494,0.39919210201056377,0.21087581935386576,0.06092213390688114,393.2313733100891,71
Stage3.0,screen,s30screen_4f912b3c1aa0523d,21,nominal_01_s22g004_b034e7d0314c08d6,s22g004_b034e7d0314c08d6,corner,mode2_minus_pulse,screen_template,"[-0.5685289086987542,-0.2135335047699112,-0.03454107915377853,-0.45482312695900334,-0.250826803815929,-0.027632863323022824,-0.34111734521925247,-0.2081201028619467,-0.020724647492267115,-0.22741156347950167,-0.14141340190796448,-0.013816431661511412,-0.11370578173975084,-0.06670670095398223,-0.006908215830755706,-0.0,-0.0,-0.0]",stage3_0_evaluations/screen/s30screen_4f912b3c1aa0523d.json.gz,True,,16,-0.02991948600000005,0.0431832005,613.656500000001,0.052535363784096886,0.0431832005,0.3559595398668629,0.2945387261455034,0.6492791664455781,0.41465,0,0,False,False,NEAR_FEASIBLE_120_150MS,,,,,,,,,12,120,10,0.0431832005,0.2111720140858821,0.12958825104197552,0.2945387261455034,0.3559595398668629,714.4581000000035,0.43944001666666654,1.1117201408588206,0.2958825104197551,1.9453872614550338,2.559595398668629,0.0,2.559595398668629,6.352025328068905,3.442765728557287,"[{""endpoint_step"":12,""arrival_time_ms"":120,""window_start_step"":10,""sustained_box_max_error_m"":0.0431832005,""endpoint_velocity_m_per_s"":0.2111720140858821,""endpoint_late_velocity_rms_m_per_s"":0.12958825104197552,""post_arrival_velocity_rms_m_per_s"":0.2945387261455034,""final_velocity_m_per_s"":0.3559595398668629,""sustained_Ip_max_error_A"":714.4581000000035,""position_violation"":0.43944001666666654,""endpoint_speed_violation"":1.1117201408588206,""endpoint_late_speed_violation"":0.2958825104197551,""post_speed_violation"":1.9453872614550338,""final_speed_violation"":2.559595398668629,""ip_violation"":0.0,""max_violation"":2.559595398668629,""sum_violation"":6.352025328068905,""l2_violation"":3.442765728557287,""pass"":false},{""endpoint_step"":13,""arrival_time_ms"":130,""window_start_step"":11,""sustained_box_max_error_m"":0.0431832005,""endpoint_velocity_m_per_s"":0.2795464346406951,""endpoint_late_velocity_rms_m_per_s"":0.18661785431379982,""post_arrival_velocity_rms_m_per_s"":0.31749993452208014,""final_velocity_m_per_s"":0.3559595398668629,""sustained_Ip_max_error_A"":689.4673000000003,""position_violation"":0.43944001666666654,""endpoint_speed_violation"":1.795464346406951,""endpoint_late_speed_violation"":0.866178543137998,""post_speed_violation"":2.1749993452208014,""final_speed_violation"":2.559595398668629,""ip_violation"":0.0,""max_violation"":2.559595398668629,""sum_violation"":7.835677650101045,""l2_violation"":3.9305490421384817,""pass"":false},{""endpoint_step"":14,""arrival_time_ms"":140,""window_start_step"":12,""sustained_box_max_error_m"":0.0431832005,""endpoint_velocity_m_per_s"":0.312354321439647,""endpoint_late_velocity_rms_m_per_s"":0.24301906266672096,""post_arrival_velocity_rms_m_per_s"":0.3348674485107884,""final_velocity_m_per_s"":0.3559595398668629,""sustained_Ip_max_error_A"":662.5441000000028,""position_violation"":0.43944001666666654,""endpoint_speed_violation"":2.1235432143964696,""endpoint_late_speed_violation"":1.4301906266672093,""post_speed_violation"":2.348674485107884,""final_speed_violation"":2.559595398668629,""ip_violation"":0.0,""max_violation"":2.559595398668629,""sum_violation"":8.901443741506858,""l2_violation"":4.337717024212902,""pass"":false},{""endpoint_step"":15,""arrival_time_ms"":150,""window_start_step"":13,""sustained_box_max_error_m"":0.0431832005,""endpoint_velocity_m_per_s"":0.3559595398668629,""endpoint_late_velocity_rms_m_per_s"":0.2945387261455034,""post_arrival_velocity_rms_m_per_s"":0.3559595398668629,""final_velocity_m_per_s"":0.3559595398668629,""sustained_Ip_max_error_A"":645.233400000001,""position_violation"":0.43944001666666654,""endpoint_speed_violation"":2.559595398668629,""endpoint_late_speed_violation"":1.9453872614550338,""post_speed_violation"":2.559595398668629,""final_speed_violation"":2.559595398668629,""ip_violation"":0.0,""max_violation"":2.559595398668629,""sum_violation"":10.063613474127587,""l2_violation"":4.861298688615664,""pass"":false}]",False,False,13.852795929077887,13.852795929077887,1284824.2597036248,0.3959658359673506,0.21105733123410464,0.06092213390688114,405.66294145584106,72
Stage3.0,screen,s30screen_3e24c162453bafb0,34,nominal_02_s22g005_fe6e232ce2c851ad,s22g005_fe6e232ce2c851ad,corner,coupled_cross_pulse,screen_template,"[-0.5951009586987541,-0.1869614547699112,-0.04516989915377853,-0.3960807669590033,-0.22956916381592896,-0.021135919323022827,-0.2770605752192524,-0.1921768728619467,-0.012101939492267118,-0.18204038347950166,-0.1307845819079645,-0.007567959661511414,-0.09502019173975082,-0.06139229095398224,-0.004533979830755707,0.0,-0.0,0.0]",stage3_0_evaluations/screen/s30screen_3e24c162453bafb0.json.gz,True,,16,-0.029334116999999993,0.0435061223,612.2093000000023,0.05247164089060152,0.0435061223,0.3561827764527209,0.2970190930170855,0.6492932120464047,0.4147,0,0,False,False,NEAR_FEASIBLE_120_150MS,,,,,,,,,12,120,10,0.0435061223,0.216716356915607,0.13275811899424506,0.2970190930170855,0.3561827764527209,717.0074000000022,0.4502040766666666,1.1671635691560698,0.32758118994245056,1.9701909301708551,2.5618277645272087,0.0,2.5618277645272087,6.47696753046325,3.4809305853818038,"[{""endpoint_step"":12,""arrival_time_ms"":120,""window_start_step"":10,""sustained_box_max_error_m"":0.0435061223,""endpoint_velocity_m_per_s"":0.216716356915607,""endpoint_late_velocity_rms_m_per_s"":0.13275811899424506,""post_arrival_velocity_rms_m_per_s"":0.2970190930170855,""final_velocity_m_per_s"":0.3561827764527209,""sustained_Ip_max_error_A"":717.0074000000022,""position_violation"":0.4502040766666666,""endpoint_speed_violation"":1.1671635691560698,""endpoint_late_speed_violation"":0.32758118994245056,""post_speed_violation"":1.9701909301708551,""final_speed_violation"":2.5618277645272087,""ip_violation"":0.0,""max_violation"":2.5618277645272087,""sum_violation"":6.47696753046325,""l2_violation"":3.4809305853818038,""pass"":false},{""endpoint_step"":13,""arrival_time_ms"":130,""window_start_step"":11,""sustained_box_max_error_m"":0.0435061223,""endpoint_velocity_m_per_s"":0.2826020592744784,""endpoint_late_velocity_rms_m_per_s"":0.1901582194703818,""post_arrival_velocity_rms_m_per_s"":0.31933022986243964,""final_velocity_m_per_s"":0.3561827764527209,""sustained_Ip_max_error_A"":688.9306000000033,""position_violation"":0.4502040766666666,""endpoint_speed_violation"":1.8260205927447837,""endpoint_late_speed_violation"":0.9015821947038181,""post_speed_violation"":2.1933022986243964,""final_speed_violation"":2.5618277645272087,""ip_violation"":0.0,""max_violation"":2.5618277645272087,""sum_violation"":7.932936927266874,""l2_violation"":3.965277019053749,""pass"":false},{""endpoint_step"":14,""arrival_time_ms"":140,""window_start_step"":12,""sustained_box_max_error_m"":0.0435061223,""endpoint_velocity_m_per_s"":0.3149369666524571,""endpoint_late_velocity_rms_m_per_s"":0.24650223429651805,""post_arrival_velocity_rms_m_per_s"":0.3361929975518674,""final_velocity_m_per_s"":0.3561827764527209,""sustained_Ip_max_error_A"":661.4577000000027,""position_violation"":0.4502040766666666,""endpoint_speed_violation"":2.1493696665245707,""endpoint_late_speed_violation"":1.4650223429651805,""post_speed_violation"":2.361929975518674,""final_speed_violation"":2.5618277645272087,""ip_violation"":0.0,""max_violation"":2.5618277645272087,""sum_violation"":8.9883538262023,""l2_violation"":4.3715487923351075,""pass"":false},{""endpoint_step"":15,""arrival_time_ms"":150,""window_start_step"":13,""sustained_box_max_error_m"":0.0435061223,""endpoint_velocity_m_per_s"":0.3561827764527209,""endpoint_late_velocity_rms_m_per_s"":0.2970190930170855,""post_arrival_velocity_rms_m_per_s"":0.3561827764527209,""final_velocity_m_per_s"":0.3561827764527209,""sustained_Ip_max_error_A"":644.8073000000004,""position_violation"":0.4502040766666666,""endpoint_speed_violation"":2.5618277645272087,""endpoint_late_speed_violation"":1.9701909301708551,""post_speed_violation"":2.5618277645272087,""final_speed_violation"":2.5618277645272087,""ip_violation"":0.0,""max_violation"":2.5618277645272087,""sum_violation"":10.105878300419148,""l2_violation"":4.8757789631280675,""pass"":false}]",False,False,14.026727939617738,14.026727939617738,1285585.6038878954,0.39564825225396794,0.21066990422711057,0.0572525731595202,394.989342212677,73
Stage3.0,screen,s30screen_12f34f24999a4510,32,nominal_02_s22g005_fe6e232ce2c851ad,s22g005_fe6e232ce2c851ad,corner,mode2_plus_pulse,screen_template,"[-0.5951009586987541,-0.1869614547699112,-0.04516989915377853,-0.4760807669590033,-0.06956916381592897,-0.036135919323022826,-0.35706057521925244,-0.032176872861946704,-0.027101939492267118,-0.23804038347950165,-0.01878458190796449,-0.018067959661511413,-0.11902019173975083,-0.013392290953982242,-0.009033979830755707,-0.0,0.0,-0.0]",stage3_0_evaluations/screen/s30screen_12f34f24999a4510.json.gz,True,,16,-0.02861632000000003,0.0435945191,638.2050000000017,0.05214763528581777,0.0435945191,0.3569064667039253,0.2979289546268707,0.6492932120464047,0.4147,0,0,False,False,NEAR_FEASIBLE_120_150MS,,,,,,,,,12,120,10,0.0435945191,0.21629476293770483,0.1325695504128397,0.2979289546268707,0.3569064667039253,717.0074000000022,0.45315063666666666,1.1629476293770482,0.3256955041283969,1.9792895462687068,2.5690646670392527,0.0,2.5690646670392527,6.490147983480071,3.490207819169604,"[{""endpoint_step"":12,""arrival_time_ms"":120,""window_start_step"":10,""sustained_box_max_error_m"":0.0435945191,""endpoint_velocity_m_per_s"":0.21629476293770483,""endpoint_late_velocity_rms_m_per_s"":0.1325695504128397,""post_arrival_velocity_rms_m_per_s"":0.2979289546268707,""final_velocity_m_per_s"":0.3569064667039253,""sustained_Ip_max_error_A"":717.0074000000022,""position_violation"":0.45315063666666666,""endpoint_speed_violation"":1.1629476293770482,""endpoint_late_speed_violation"":0.3256955041283969,""post_speed_violation"":1.9792895462687068,""final_speed_violation"":2.5690646670392527,""ip_violation"":0.0,""max_violation"":2.5690646670392527,""sum_violation"":6.490147983480071,""l2_violation"":3.490207819169604,""pass"":false},{""endpoint_step"":13,""arrival_time_ms"":130,""window_start_step"":11,""sustained_box_max_error_m"":0.0435945191,""endpoint_velocity_m_per_s"":0.28394321486785395,""endpoint_late_velocity_rms_m_per_s"":0.19052577859897943,""post_arrival_velocity_rms_m_per_s"":0.320553283946139,""final_velocity_m_per_s"":0.3569064667039253,""sustained_Ip_max_error_A"":708.6073000000033,""position_violation"":0.45315063666666666,""endpoint_speed_violation"":1.8394321486785392,""endpoint_late_speed_violation"":0.9052577859897941,""post_speed_violation"":2.20553283946139,""final_speed_violation"":2.5690646670392527,""ip_violation"":0.0,""max_violation"":2.5690646670392527,""sum_violation"":7.972438077835642,""l2_violation"":3.9840703002797055,""pass"":false},{""endpoint_step"":14,""arrival_time_ms"":140,""window_start_step"":12,""sustained_box_max_error_m"":0.0435945191,""endpoint_velocity_m_per_s"":0.31663425004473156,""endpoint_late_velocity_rms_m_per_s"":0.24732825197712777,""post_arrival_velocity_rms_m_per_s"":0.3373718084520917,""final_velocity_m_per_s"":0.3569064667039253,""sustained_Ip_max_error_A"":694.4042000000009,""position_violation"":0.45315063666666666,""endpoint_speed_violation"":2.1663425004473154,""endpoint_late_speed_violation"":1.4732825197712773,""post_speed_violation"":2.3737180845209167,""final_speed_violation"":2.5690646670392527,""ip_violation"":0.0,""max_violation"":2.5690646670392527,""sum_violation"":9.035558408445429,""l2_violation"":4.393583676229519,""pass"":false},{""endpoint_step"":15,""arrival_time_ms"":150,""window_start_step"":13,""sustained_box_max_error_m"":0.0435945191,""endpoint_velocity_m_per_s"":0.3569064667039253,""endpoint_late_velocity_rms_m_per_s"":0.2979289546268707,""post_arrival_velocity_rms_m_per_s"":0.3569064667039253,""final_velocity_m_per_s"":0.3569064667039253,""sustained_Ip_max_error_A"":680.372800000001,""position_violation"":0.45315063666666666,""endpoint_speed_violation"":2.5690646670392527,""endpoint_late_speed_violation"":1.9792895462687068,""post_speed_violation"":2.5690646670392527,""final_speed_violation"":2.5690646670392527,""ip_violation"":0.0,""max_violation"":2.5690646670392527,""sum_violation"":10.139634184053133,""l2_violation"":4.891136105013692,""pass"":false}]",False,False,14.05808309050752,14.05808309050752,1286371.3245401056,0.3959300361178652,0.21056237835784675,0.0572525731595202,377.0637209415436,74
Stage3.0,screen,s30screen_0eddf7a6f4d1dea1,23,nominal_01_s22g004_b034e7d0314c08d6,s22g004_b034e7d0314c08d6,corner,opposite_cross_pulse,screen_template,"[-0.5685289086987542,-0.2135335047699112,-0.03454107915377853,-0.5348231269590034,-0.09082680381592896,-0.042632863323022824,-0.4211173452192525,-0.04812010286194672,-0.035724647492267114,-0.2834115634795017,-0.029413401907964487,-0.02431643166151141,-0.13770578173975084,-0.01870670095398224,-0.011408215830755707,-0.0,0.0,-0.0]",stage3_0_evaluations/screen/s30screen_0eddf7a6f4d1dea1.json.gz,True,,16,-0.029177731999999956,0.0433140923,642.8982000000033,0.052225000109494886,0.0433140923,0.3599368480907043,0.2960338933079526,0.6492791664455781,0.41465,0,0,False,False,NEAR_FEASIBLE_120_150MS,,,,,,,,,12,120,10,0.0433140923,0.21048677859282405,0.12928333293848404,0.2960338933079526,0.3599368480907043,714.4581000000035,0.44380307666666674,1.1048677859282403,0.2928333293848404,1.9603389330795258,2.5993684809070428,0.0,2.5993684809070428,6.401211605966315,3.4789496383419727,"[{""endpoint_step"":12,""arrival_time_ms"":120,""window_start_step"":10,""sustained_box_max_error_m"":0.0433140923,""endpoint_velocity_m_per_s"":0.21048677859282405,""endpoint_late_velocity_rms_m_per_s"":0.12928333293848404,""post_arrival_velocity_rms_m_per_s"":0.2960338933079526,""final_velocity_m_per_s"":0.3599368480907043,""sustained_Ip_max_error_A"":714.4581000000035,""position_violation"":0.44380307666666674,""endpoint_speed_violation"":1.1048677859282403,""endpoint_late_speed_violation"":0.2928333293848404,""post_speed_violation"":1.9603389330795258,""final_speed_violation"":2.5993684809070428,""ip_violation"":0.0,""max_violation"":2.5993684809070428,""sum_violation"":6.401211605966315,""l2_violation"":3.4789496383419727,""pass"":false},{""endpoint_step"":13,""arrival_time_ms"":130,""window_start_step"":11,""sustained_box_max_error_m"":0.0433140923,""endpoint_velocity_m_per_s"":0.27838455433497533,""endpoint_late_velocity_rms_m_per_s"":0.18597103715159805,""post_arrival_velocity_rms_m_per_s"":0.31949938966340896,""final_velocity_m_per_s"":0.3599368480907043,""sustained_Ip_max_error_A"":708.7866000000031,""position_violation"":0.44380307666666674,""endpoint_speed_violation"":1.783845543349753,""endpoint_late_speed_violation"":0.8597103715159804,""post_speed_violation"":2.1949938966340894,""final_speed_violation"":2.5993684809070428,""ip_violation"":0.0,""max_violation"":2.5993684809070428,""sum_violation"":7.8817213690735315,""l2_violation"":3.961424329969413,""pass"":false},{""endpoint_step"":14,""arrival_time_ms"":140,""window_start_step"":12,""sustained_box_max_error_m"":0.0433140923,""endpoint_velocity_m_per_s"":0.3149398121548289,""endpoint_late_velocity_rms_m_per_s"":0.24335721423350132,""post_arrival_velocity_rms_m_per_s"":0.33818753665206946,""final_velocity_m_per_s"":0.3599368480907043,""sustained_Ip_max_error_A"":694.4415000000008,""position_violation"":0.44380307666666674,""endpoint_speed_violation"":2.149398121548289,""endpoint_late_speed_violation"":1.433572142335013,""post_speed_violation"":2.3818753665206946,""final_speed_violation"":2.5993684809070428,""ip_violation"":0.0,""max_violation"":2.5993684809070428,""sum_violation"":9.008017187977707,""l2_violation"":4.393409758288452,""pass"":false},{""endpoint_step"":15,""arrival_time_ms"":150,""window_start_step"":13,""sustained_box_max_error_m"":0.0433140923,""endpoint_velocity_m_per_s"":0.3599368480907043,""endpoint_late_velocity_rms_m_per_s"":0.2960338933079526,""post_arrival_velocity_rms_m_per_s"":0.3599368480907043,""final_velocity_m_per_s"":0.3599368480907043,""sustained_Ip_max_error_A"":681.179500000002,""position_violation"":0.44380307666666674,""endpoint_speed_violation"":2.5993684809070428,""endpoint_late_speed_violation"":1.9603389330795258,""post_speed_violation"":2.5993684809070428,""final_speed_violation"":2.5993684809070428,""ip_violation"":0.0,""max_violation"":2.5993684809070428,""sum_violation"":10.20224745246732,""l2_violation"":4.930521209974168,""pass"":false}]",False,False,13.916736979358209,13.916736979358209,1289034.5608898909,0.396316111325864,0.21116460507151644,0.06092213390688114,416.3263247013092,75
Stage3.0,screen,s30screen_5dc6f09b99814629,26,nominal_02_s22g005_fe6e232ce2c851ad,s22g005_fe6e232ce2c851ad,corner,linear_ramp_zero,screen_template,"[-0.5951009586987541,-0.1869614547699112,-0.04516989915377853,-0.4760807669590033,-0.14956916381592897,-0.036135919323022826,-0.35706057521925244,-0.1121768728619467,-0.027101939492267118,-0.23804038347950165,-0.07478458190796448,-0.018067959661511413,-0.11902019173975083,-0.03739229095398224,-0.009033979830755707,-0.0,-0.0,-0.0]",stage3_0_evaluations/screen/s30screen_5dc6f09b99814629.json.gz,True,,16,-0.028926106000000007,0.0437307063,635.833300000002,0.05243180601333599,0.0437307063,0.36504191625089055,0.3021713676113699,0.6492932120464047,0.4147,0,0,False,False,NEAR_FEASIBLE_120_150MS,,,,,,,,,12,120,10,0.0437307063,0.21702284600259786,0.13288965371846342,0.3021713676113699,0.36504191625089055,717.0074000000022,0.45769021,1.1702284600259785,0.3288965371846342,2.021713676113699,2.6504191625089053,0.0,2.6504191625089053,6.628948045833217,3.5775879911381963,"[{""endpoint_step"":12,""arrival_time_ms"":120,""window_start_step"":10,""sustained_box_max_error_m"":0.0437307063,""endpoint_velocity_m_per_s"":0.21702284600259786,""endpoint_late_velocity_rms_m_per_s"":0.13288965371846342,""post_arrival_velocity_rms_m_per_s"":0.3021713676113699,""final_velocity_m_per_s"":0.36504191625089055,""sustained_Ip_max_error_A"":717.0074000000022,""position_violation"":0.45769021,""endpoint_speed_violation"":1.1702284600259785,""endpoint_late_speed_violation"":0.3288965371846342,""post_speed_violation"":2.021713676113699,""final_speed_violation"":2.6504191625089053,""ip_violation"":0.0,""max_violation"":2.6504191625089053,""sum_violation"":6.628948045833217,""l2_violation"":3.5775879911381963,""pass"":false},{""endpoint_step"":13,""arrival_time_ms"":130,""window_start_step"":11,""sustained_box_max_error_m"":0.0437307063,""endpoint_velocity_m_per_s"":0.2843534066061559,""endpoint_late_velocity_rms_m_per_s"":0.19090134709911397,""post_arrival_velocity_rms_m_per_s"":0.32564358119956616,""final_velocity_m_per_s"":0.36504191625089055,""sustained_Ip_max_error_A"":701.5385000000024,""position_violation"":0.45769021,""endpoint_speed_violation"":1.8435340660615585,""endpoint_late_speed_violation"":0.9090134709911395,""post_speed_violation"":2.2564358119956616,""final_speed_violation"":2.6504191625089053,""ip_violation"":0.0,""max_violation"":2.6504191625089053,""sum_violation"":8.117092721557265,""l2_violation"":4.068246303034465,""pass"":false},{""endpoint_step"":14,""arrival_time_ms"":140,""window_start_step"":12,""sustained_box_max_error_m"":0.0437307063,""endpoint_velocity_m_per_s"":0.32251940323147577,""endpoint_late_velocity_rms_m_per_s"":0.24950930950451541,""post_arrival_velocity_rms_m_per_s"":0.3444374878558586,""final_velocity_m_per_s"":0.36504191625089055,""sustained_Ip_max_error_A"":684.6741000000002,""position_violation"":0.45769021,""endpoint_speed_violation"":2.2251940323147577,""endpoint_late_speed_violation"":1.4950930950451542,""post_speed_violation"":2.4443748785585857,""final_speed_violation"":2.6504191625089053,""ip_violation"":0.0,""max_violation"":2.6504191625089053,""sum_violation"":9.272771378427404,""l2_violation"":4.516188930564516,""pass"":false},{""endpoint_step"":15,""arrival_time_ms"":150,""window_start_step"":13,""sustained_box_max_error_m"":0.0437307063,""endpoint_velocity_m_per_s"":0.36504191625089055,""endpoint_late_velocity_rms_m_per_s"":0.3021713676113699,""post_arrival_velocity_rms_m_per_s"":0.36504191625089055,""final_velocity_m_per_s"":0.36504191625089055,""sustained_Ip_max_error_A"":667.9432000000015,""position_violation"":0.45769021,""endpoint_speed_violation"":2.6504191625089053,""endpoint_late_speed_violation"":2.021713676113699,""post_speed_violation"":2.6504191625089053,""final_speed_violation"":2.6504191625089053,""ip_violation"":0.0,""max_violation"":2.6504191625089053,""sum_violation"":10.430661373640415,""l2_violation"":5.036960564417616,""pass"":false}]",False,False,14.331163354341893,14.331163354341893,1295149.627588716,0.39614368908305464,0.21045845214120573,0.0572525731595202,404.6260828971863,76
Stage3.0,screen,s30screen_ce15f30f823b5368,19,nominal_01_s22g004_b034e7d0314c08d6,s22g004_b034e7d0314c08d6,corner,mode1_minus_pulse,screen_template,"[-0.5685289086987542,-0.2135335047699112,-0.03454107915377853,-0.5348231269590034,-0.17082680381592896,-0.027632863323022824,-0.4211173452192525,-0.12812010286194672,-0.020724647492267115,-0.2834115634795017,-0.08541340190796448,-0.013816431661511412,-0.13770578173975084,-0.04270670095398224,-0.006908215830755706,-0.0,-0.0,-0.0]",stage3_0_evaluations/screen/s30screen_ce15f30f823b5368.json.gz,True,,16,-0.029475322000000026,0.0434304159,626.7239000000009,0.0524880522809778,0.0434304159,0.36816992346176053,0.29995656896345124,0.6492791664455781,0.41465,0,0,False,False,NEAR_FEASIBLE_120_150MS,,,,,,,,,12,120,10,0.0434304159,0.21139628269945201,0.12968283263815533,0.29995656896345124,0.36816992346176053,714.4581000000035,0.44768052999999997,1.1139628269945199,0.2968283263815532,1.9995656896345122,2.681699234617605,0.0,2.681699234617605,6.539736607628191,3.56640040157038,"[{""endpoint_step"":12,""arrival_time_ms"":120,""window_start_step"":10,""sustained_box_max_error_m"":0.0434304159,""endpoint_velocity_m_per_s"":0.21139628269945201,""endpoint_late_velocity_rms_m_per_s"":0.12968283263815533,""post_arrival_velocity_rms_m_per_s"":0.29995656896345124,""final_velocity_m_per_s"":0.36816992346176053,""sustained_Ip_max_error_A"":714.4581000000035,""position_violation"":0.44768052999999997,""endpoint_speed_violation"":1.1139628269945199,""endpoint_late_speed_violation"":0.2968283263815532,""post_speed_violation"":1.9995656896345122,""final_speed_violation"":2.681699234617605,""ip_violation"":0.0,""max_violation"":2.681699234617605,""sum_violation"":6.539736607628191,""l2_violation"":3.56640040157038,""pass"":false},{""endpoint_step"":13,""arrival_time_ms"":130,""window_start_step"":11,""sustained_box_max_error_m"":0.0434304159,""endpoint_velocity_m_per_s"":0.2810962050954854,""endpoint_late_velocity_rms_m_per_s"":0.18726441912791134,""post_arrival_velocity_rms_m_per_s"":0.32414368455884707,""final_velocity_m_per_s"":0.36816992346176053,""sustained_Ip_max_error_A"":698.8882000000012,""position_violation"":0.44768052999999997,""endpoint_speed_violation"":1.8109620509548536,""endpoint_late_speed_violation"":0.8726441912791132,""post_speed_violation"":2.2414368455884706,""final_speed_violation"":2.681699234617605,""ip_violation"":0.0,""max_violation"":2.681699234617605,""sum_violation"":8.054422852440043,""l2_violation"":4.056730112938635,""pass"":false},{""endpoint_step"":14,""arrival_time_ms"":140,""window_start_step"":12,""sustained_box_max_error_m"":0.0434304159,""endpoint_velocity_m_per_s"":0.31724314911000717,""endpoint_late_velocity_rms_m_per_s"":0.24509080424577756,""post_arrival_velocity_rms_m_per_s"":0.3436512099491815,""final_velocity_m_per_s"":0.36816992346176053,""sustained_Ip_max_error_A"":677.364800000003,""position_violation"":0.44768052999999997,""endpoint_speed_violation"":2.1724314911000717,""endpoint_late_speed_violation"":1.4509080424577756,""post_speed_violation"":2.4365120994918152,""final_speed_violation"":2.681699234617605,""ip_violation"":0.0,""max_violation"":2.681699234617605,""sum_violation"":9.189231397667267,""l2_violation"":4.4892218238857025,""pass"":false},{""endpoint_step"":15,""arrival_time_ms"":150,""window_start_step"":13,""sustained_box_max_error_m"":0.0434304159,""endpoint_velocity_m_per_s"":0.36816992346176053,""endpoint_late_velocity_rms_m_per_s"":0.29995656896345124,""post_arrival_velocity_rms_m_per_s"":0.36816992346176053,""final_velocity_m_per_s"":0.36816992346176053,""sustained_Ip_max_error_A"":661.6151000000027,""position_violation"":0.44768052999999997,""endpoint_speed_violation"":2.681699234617605,""endpoint_late_speed_violation"":1.9995656896345122,""post_speed_violation"":2.681699234617605,""final_speed_violation"":2.681699234617605,""ip_violation"":0.0,""max_violation"":2.681699234617605,""sum_violation"":10.492343923487327,""l2_violation"":5.076732527812606,""pass"":false}]",False,False,14.169112083953873,14.169112083953873,1297909.4394059274,0.39655966225988515,0.21105733123410464,0.06092213390688114,398.5423593521118,77
Stage3.0,screen,s30screen_2e6fa3150cbe86d9,72,nominal_06_s22g002_e66fb8b248b46533,s22g002_e66fb8b248b46533,gate,hold_last,screen_template,"[-0.6123570383020945,-0.06513165996609745,0.04384139339374735,-0.6123570383020945,-0.06513165996609745,0.04384139339374735,-0.6123570383020945,-0.06513165996609745,0.04384139339374735,-0.6123570383020945,-0.06513165996609745,0.04384139339374735,-0.6123570383020945,-0.06513165996609745,0.04384139339374735,-0.6123570383020945,-0.06513165996609745,0.04384139339374735]",stage3_0_evaluations/screen/s30screen_2e6fa3150cbe86d9.json.gz,True,,16,-0.027395017999999993,0.042912647,598.9305000000022,0.05091151425529329,0.042912647,0.3731574866283323,0.2863762864009693,0.649314019602587,0.4144,0,0,False,False,NEAR_FEASIBLE_120_150MS,,,,,,,,,12,120,10,0.042912647,0.18197860806323354,0.11142707314810166,0.2863762864009693,0.3731574866283323,740.9024000000027,0.43042156666666664,0.8197860806323354,0.11427073148101652,1.8637628640096926,2.731574866283323,0.0,2.731574866283323,5.959816109073034,3.4359107972262444,"[{""endpoint_step"":12,""arrival_time_ms"":120,""window_start_step"":10,""sustained_box_max_error_m"":0.042912647,""endpoint_velocity_m_per_s"":0.18197860806323354,""endpoint_late_velocity_rms_m_per_s"":0.11142707314810166,""post_arrival_velocity_rms_m_per_s"":0.2863762864009693,""final_velocity_m_per_s"":0.3731574866283323,""sustained_Ip_max_error_A"":740.9024000000027,""position_violation"":0.43042156666666664,""endpoint_speed_violation"":0.8197860806323354,""endpoint_late_speed_violation"":0.11427073148101652,""post_speed_violation"":1.8637628640096926,""final_speed_violation"":2.731574866283323,""ip_violation"":0.0,""max_violation"":2.731574866283323,""sum_violation"":5.959816109073034,""l2_violation"":3.4359107972262444,""pass"":false},{""endpoint_step"":13,""arrival_time_ms"":130,""window_start_step"":11,""sustained_box_max_error_m"":0.042912647,""endpoint_velocity_m_per_s"":0.25282487600298303,""endpoint_late_velocity_rms_m_per_s"":0.16402676302023877,""post_arrival_velocity_rms_m_per_s"":0.3135438809579971,""final_velocity_m_per_s"":0.3731574866283323,""sustained_Ip_max_error_A"":707.560300000001,""position_violation"":0.43042156666666664,""endpoint_speed_violation"":1.5282487600298302,""endpoint_late_speed_violation"":0.6402676302023877,""post_speed_violation"":2.1354388095799712,""final_speed_violation"":2.731574866283323,""ip_violation"":0.0,""max_violation"":2.731574866283323,""sum_violation"":7.465951632762179,""l2_violation"":3.8668268380470003,""pass"":false},{""endpoint_step"":14,""arrival_time_ms"":140,""window_start_step"":12,""sustained_box_max_error_m"":0.042912647,""endpoint_velocity_m_per_s"":0.30292303990603003,""endpoint_late_velocity_rms_m_per_s"":0.2231747128667193,""post_arrival_velocity_rms_m_per_s"":0.339859440013577,""final_velocity_m_per_s"":0.3731574866283323,""sustained_Ip_max_error_A"":679.9792000000016,""position_violation"":0.43042156666666664,""endpoint_speed_violation"":2.0292303990603,""endpoint_late_speed_violation"":1.2317471286671928,""post_speed_violation"":2.3985944001357695,""final_speed_violation"":2.731574866283323,""ip_violation"":0.0,""max_violation"":2.731574866283323,""sum_violation"":8.821568360813252,""l2_violation"":4.362911421628397,""pass"":false},{""endpoint_step"":15,""arrival_time_ms"":150,""window_start_step"":13,""sustained_box_max_error_m"":0.042912647,""endpoint_velocity_m_per_s"":0.3731574866283323,""endpoint_late_velocity_rms_m_per_s"":0.2863762864009693,""post_arrival_velocity_rms_m_per_s"":0.3731574866283323,""final_velocity_m_per_s"":0.3731574866283323,""sustained_Ip_max_error_A"":647.3473000000013,""position_violation"":0.43042156666666664,""endpoint_speed_violation"":2.731574866283323,""endpoint_late_speed_violation"":1.8637628640096926,""post_speed_violation"":2.731574866283323,""final_speed_violation"":2.731574866283323,""ip_violation"":0.0,""max_violation"":2.731574866283323,""sum_violation"":10.488909029526328,""l2_violation"":5.103271351657255,""pass"":false}]",False,False,13.049073699796333,13.049073699796333,1300445.7109355505,0.3933860913580309,0.20041390889614868,0.05253984056323568,386.99966979026794,78
Stage3.0,screen,s30screen_8648633cd82ed93d,16,nominal_01_s22g004_b034e7d0314c08d6,s22g004_b034e7d0314c08d6,corner,slow_ramp_zero,screen_template,"[-0.5685289086987542,-0.2135335047699112,-0.03454107915377853,-0.5116760178288787,-0.1921801542929201,-0.031086971238400676,-0.4263966815240656,-0.1601501285774334,-0.025905809365333897,-0.3126908997843148,-0.11744342762345117,-0.01899759353457819,-0.19898511804456395,-0.07473672666946891,-0.012089377703822483,-0.08527933630481312,-0.03203002571548668,-0.005181161873066779]",stage3_0_evaluations/screen/s30screen_8648633cd82ed93d.json.gz,True,,16,-0.029568589000000034,0.0434548407,633.4621000000006,0.05256067575396362,0.0434548407,0.3709886761509175,0.3009970072243416,0.6492791664455781,0.41465,0,0,False,False,NEAR_FEASIBLE_120_150MS,,,,,,,,,12,120,10,0.0434548407,0.21136085154117185,0.12966651819017525,0.3009970072243416,0.3709886761509175,714.4581000000035,0.44849469,1.1136085154117183,0.2966651819017523,2.0099700722434157,2.709886761509175,0.0,2.709886761509175,6.578625221066061,3.5934311728799497,"[{""endpoint_step"":12,""arrival_time_ms"":120,""window_start_step"":10,""sustained_box_max_error_m"":0.0434548407,""endpoint_velocity_m_per_s"":0.21136085154117185,""endpoint_late_velocity_rms_m_per_s"":0.12966651819017525,""post_arrival_velocity_rms_m_per_s"":0.3009970072243416,""final_velocity_m_per_s"":0.3709886761509175,""sustained_Ip_max_error_A"":714.4581000000035,""position_violation"":0.44849469,""endpoint_speed_violation"":1.1136085154117183,""endpoint_late_speed_violation"":0.2966651819017523,""post_speed_violation"":2.0099700722434157,""final_speed_violation"":2.709886761509175,""ip_violation"":0.0,""max_violation"":2.709886761509175,""sum_violation"":6.578625221066061,""l2_violation"":3.5934311728799497,""pass"":false},{""endpoint_step"":13,""arrival_time_ms"":130,""window_start_step"":11,""sustained_box_max_error_m"":0.0434548407,""endpoint_velocity_m_per_s"":0.28107229428202674,""endpoint_late_velocity_rms_m_per_s"":0.18724414824845942,""post_arrival_velocity_rms_m_per_s"":0.325434777832073,""final_velocity_m_per_s"":0.3709886761509175,""sustained_Ip_max_error_A"":698.0012999999999,""position_violation"":0.44849469,""endpoint_speed_violation"":1.8107229428202674,""endpoint_late_speed_violation"":0.8724414824845941,""post_speed_violation"":2.2543477783207297,""final_speed_violation"":2.709886761509175,""ip_violation"":0.0,""max_violation"":2.709886761509175,""sum_violation"":8.095893655134766,""l2_violation"":4.082473437610599,""pass"":false},{""endpoint_step"":14,""arrival_time_ms"":140,""window_start_step"":12,""sustained_box_max_error_m"":0.0434548407,""endpoint_velocity_m_per_s"":0.31794520191797115,""endpoint_late_velocity_rms_m_per_s"":0.24530265927864575,""post_arrival_velocity_rms_m_per_s"":0.34548643190063905,""final_velocity_m_per_s"":0.3709886761509175,""sustained_Ip_max_error_A"":676.3587000000007,""position_violation"":0.44849469,""endpoint_speed_violation"":2.1794520191797115,""endpoint_late_speed_violation"":1.4530265927864572,""post_speed_violation"":2.4548643190063903,""final_speed_violation"":2.709886761509175,""ip_violation"":0.0,""max_violation"":2.709886761509175,""sum_violation"":9.245724382481734,""l2_violation"":4.520209060999583,""pass"":false},{""endpoint_step"":15,""arrival_time_ms"":150,""window_start_step"":13,""sustained_box_max_error_m"":0.0434548407,""endpoint_velocity_m_per_s"":0.3709886761509175,""endpoint_late_velocity_rms_m_per_s"":0.3009970072243416,""post_arrival_velocity_rms_m_per_s"":0.3709886761509175,""final_velocity_m_per_s"":0.3709886761509175,""sustained_Ip_max_error_A"":662.9785000000011,""position_violation"":0.44849469,""endpoint_speed_violation"":2.709886761509175,""endpoint_late_speed_violation"":2.0099700722434157,""post_speed_violation"":2.709886761509175,""final_speed_violation"":2.709886761509175,""ip_violation"":0.0,""max_violation"":2.709886761509175,""sum_violation"":10.58812504677094,""l2_violation"":5.125581523971738,""pass"":false}]",False,False,14.23601291115505,14.23601291115505,1300910.8442209729,0.39688745861388364,0.21074100222857603,0.06092213390688114,406.9438829421997,79
Stage3.0,screen,s30screen_20e080a2a7b6ede4,35,nominal_02_s22g005_fe6e232ce2c851ad,s22g005_fe6e232ce2c851ad,corner,opposite_cross_pulse,screen_template,"[-0.5951009586987541,-0.1869614547699112,-0.04516989915377853,-0.5560807669590033,-0.06956916381592897,-0.051135919323022826,-0.43706057521925246,-0.032176872861946704,-0.04210193949226712,-0.2940403834795017,-0.01878458190796449,-0.028567959661511412,-0.14302019173975083,-0.013392290953982242,-0.013533979830755705,-0.0,0.0,-0.0]",stage3_0_evaluations/screen/s30screen_20e080a2a7b6ede4.json.gz,True,,16,-0.02846862699999997,0.0439045063,656.6640000000007,0.05232655536830097,0.0439045063,0.3727442529981868,0.3063579047426699,0.6492932120464047,0.4147,0,0,False,False,NEAR_FEASIBLE_120_150MS,,,,,,,,,12,120,10,0.0439045063,0.21729229152522522,0.13300387686832557,0.3063579047426699,0.3727442529981868,717.0074000000022,0.4634835433333333,1.172922915252252,0.33003876868325555,2.063579047426699,2.727442529981868,0.0,2.727442529981868,6.757466804677408,3.6601628362999095,"[{""endpoint_step"":12,""arrival_time_ms"":120,""window_start_step"":10,""sustained_box_max_error_m"":0.0439045063,""endpoint_velocity_m_per_s"":0.21729229152522522,""endpoint_late_velocity_rms_m_per_s"":0.13300387686832557,""post_arrival_velocity_rms_m_per_s"":0.3063579047426699,""final_velocity_m_per_s"":0.3727442529981868,""sustained_Ip_max_error_A"":717.0074000000022,""position_violation"":0.4634835433333333,""endpoint_speed_violation"":1.172922915252252,""endpoint_late_speed_violation"":0.33003876868325555,""post_speed_violation"":2.063579047426699,""final_speed_violation"":2.727442529981868,""ip_violation"":0.0,""max_violation"":2.727442529981868,""sum_violation"":6.757466804677408,""l2_violation"":3.6601628362999095,""pass"":false},{""endpoint_step"":13,""arrival_time_ms"":130,""window_start_step"":11,""sustained_box_max_error_m"":0.0439045063,""endpoint_velocity_m_per_s"":0.2883626943813514,""endpoint_late_velocity_rms_m_per_s"":0.19247789856613326,""post_arrival_velocity_rms_m_per_s"":0.3307590881779827,""final_velocity_m_per_s"":0.3727442529981868,""sustained_Ip_max_error_A"":714.4286000000029,""position_violation"":0.4634835433333333,""endpoint_speed_violation"":1.883626943813514,""endpoint_late_speed_violation"":0.9247789856613324,""post_speed_violation"":2.307590881779827,""final_speed_violation"":2.727442529981868,""ip_violation"":0.0,""max_violation"":2.727442529981868,""sum_violation"":8.306922884569875,""l2_violation"":4.169172827162381,""pass"":false},{""endpoint_step"":14,""arrival_time_ms"":140,""window_start_step"":12,""sustained_box_max_error_m"":0.0439045063,""endpoint_velocity_m_per_s"":0.3257505204645768,""endpoint_late_velocity_rms_m_per_s"":0.2517597499048194,""post_arrival_velocity_rms_m_per_s"":0.35003691214364735,""final_velocity_m_per_s"":0.3727442529981868,""sustained_Ip_max_error_A"":705.5534000000007,""position_violation"":0.4634835433333333,""endpoint_speed_violation"":2.257505204645768,""endpoint_late_speed_violation"":1.5175974990481942,""post_speed_violation"":2.5003691214364734,""final_speed_violation"":2.727442529981868,""ip_violation"":0.0,""max_violation"":2.727442529981868,""sum_violation"":9.466397898445637,""l2_violation"":4.615738013671029,""pass"":false},{""endpoint_step"":15,""arrival_time_ms"":150,""window_start_step"":13,""sustained_box_max_error_m"":0.0439045063,""endpoint_velocity_m_per_s"":0.3727442529981868,""endpoint_late_velocity_rms_m_per_s"":0.3063579047426699,""post_arrival_velocity_rms_m_per_s"":0.3727442529981868,""final_velocity_m_per_s"":0.3727442529981868,""sustained_Ip_max_error_A"":695.636400000003,""position_violation"":0.4634835433333333,""endpoint_speed_violation"":2.727442529981868,""endpoint_late_speed_violation"":2.063579047426699,""post_speed_violation"":2.727442529981868,""final_speed_violation"":2.727442529981868,""ip_violation"":0.0,""max_violation"":2.727442529981868,""sum_violation"":10.709390180705636,""l2_violation"":5.175906079420393,""pass"":false}]",False,False,14.578952305305627,14.578952305305627,1303448.8620055015,0.3970417461000634,0.21066990422711057,0.0572525731595202,381.6639099121094,80
Stage3.0,screen,s30screen_bf2d6b31df166471,33,nominal_02_s22g005_fe6e232ce2c851ad,s22g005_fe6e232ce2c851ad,corner,mode2_minus_pulse,screen_template,"[-0.5951009586987541,-0.1869614547699112,-0.04516989915377853,-0.4760807669590033,-0.22956916381592896,-0.036135919323022826,-0.35706057521925244,-0.1921768728619467,-0.027101939492267118,-0.23804038347950165,-0.1307845819079645,-0.018067959661511413,-0.11902019173975083,-0.06139229095398224,-0.009033979830755707,-0.0,-0.0,-0.0]",stage3_0_evaluations/screen/s30screen_bf2d6b31df166471.json.gz,True,,16,-0.029190868000000036,0.0438312243,628.7128000000012,0.0526619691829914,0.0438312243,0.3736121934790251,0.30561775208341646,0.6492932120464047,0.4147,0,0,False,False,NEAR_FEASIBLE_120_150MS,,,,,,,,,12,120,10,0.0438312243,0.2176440920510077,0.1331630286784335,0.30561775208341646,0.3736121934790251,717.0074000000022,0.4610408100000001,1.176440920510077,0.3316302867843348,2.0561775208341646,2.736121934790251,0.0,2.736121934790251,6.761411472918827,3.6634382421808054,"[{""endpoint_step"":12,""arrival_time_ms"":120,""window_start_step"":10,""sustained_box_max_error_m"":0.0438312243,""endpoint_velocity_m_per_s"":0.2176440920510077,""endpoint_late_velocity_rms_m_per_s"":0.1331630286784335,""post_arrival_velocity_rms_m_per_s"":0.30561775208341646,""final_velocity_m_per_s"":0.3736121934790251,""sustained_Ip_max_error_A"":717.0074000000022,""position_violation"":0.4610408100000001,""endpoint_speed_violation"":1.176440920510077,""endpoint_late_speed_violation"":0.3316302867843348,""post_speed_violation"":2.0561775208341646,""final_speed_violation"":2.736121934790251,""ip_violation"":0.0,""max_violation"":2.736121934790251,""sum_violation"":6.761411472918827,""l2_violation"":3.6634382421808054,""pass"":false},{""endpoint_step"":13,""arrival_time_ms"":130,""window_start_step"":11,""sustained_box_max_error_m"":0.0438312243,""endpoint_velocity_m_per_s"":0.28631071506969974,""endpoint_late_velocity_rms_m_per_s"":0.19182100483121187,""post_arrival_velocity_rms_m_per_s"":0.32976753971516304,""final_velocity_m_per_s"":0.3736121934790251,""sustained_Ip_max_error_A"":695.6958000000013,""position_violation"":0.4610408100000001,""endpoint_speed_violation"":1.8631071506969974,""endpoint_late_speed_violation"":0.9182100483121185,""post_speed_violation"":2.29767539715163,""final_speed_violation"":2.736121934790251,""ip_violation"":0.0,""max_violation"":2.736121934790251,""sum_violation"":8.276155340950996,""l2_violation"":4.158426631431812,""pass"":false},{""endpoint_step"":14,""arrival_time_ms"":140,""window_start_step"":12,""sustained_box_max_error_m"":0.0438312243,""endpoint_velocity_m_per_s"":0.3235428782548669,""endpoint_late_velocity_rms_m_per_s"":0.2505437611511881,""post_arrival_velocity_rms_m_per_s"":0.3494753676481735,""final_velocity_m_per_s"":0.3736121934790251,""sustained_Ip_max_error_A"":672.0829000000012,""position_violation"":0.4610408100000001,""endpoint_speed_violation"":2.2354287825486687,""endpoint_late_speed_violation"":1.5054376115118808,""post_speed_violation"":2.494753676481735,""final_speed_violation"":2.736121934790251,""ip_violation"":0.0,""max_violation"":2.736121934790251,""sum_violation"":9.432782815332535,""l2_violation"":4.602847164619585,""pass"":false},{""endpoint_step"":15,""arrival_time_ms"":150,""window_start_step"":13,""sustained_box_max_error_m"":0.0438312243,""endpoint_velocity_m_per_s"":0.3736121934790251,""endpoint_late_velocity_rms_m_per_s"":0.30561775208341646,""post_arrival_velocity_rms_m_per_s"":0.3736121934790251,""final_velocity_m_per_s"":0.3736121934790251,""sustained_Ip_max_error_A"":655.651600000001,""position_violation"":0.4610408100000001,""endpoint_speed_violation"":2.736121934790251,""endpoint_late_speed_violation"":2.0561775208341646,""post_speed_violation"":2.736121934790251,""final_speed_violation"":2.736121934790251,""ip_violation"":0.0,""max_violation"":2.736121934790251,""sum_violation"":10.725584135204917,""l2_violation"":5.1864741734429005,""pass"":false}]",False,False,14.555966862026132,14.555966862026132,1304335.833579743,0.3965555553049621,0.21056237835784675,0.0572525731595202,402.2534968852997,81
Stage3.0,screen,s30screen_4d99431f7e8c7fad,29,nominal_02_s22g005_fe6e232ce2c851ad,s22g005_fe6e232ce2c851ad,corner,continue_slope_decay,screen_template,"[-0.5951009586987541,-0.1869614547699112,-0.04516989915377853,-0.5079985191922541,0.017214337513309114,-0.08680533069244524,-0.46444729943900415,0.11930223365491927,-0.10762304646177859,-0.4426716895623791,0.17034618172572435,-0.11803190434644527,-0.43178388462406664,0.1958681557611269,-0.1232363332887786,-0.42633998215491037,0.20862914277882816,-0.12583854775994527]",stage3_0_evaluations/screen/s30screen_4d99431f7e8c7fad.json.gz,True,,16,-0.027845573000000012,0.0437809455,815.0815000000002,0.05188590487379304,0.0437809455,0.374227514823295,0.30372729054795533,0.6492932120464047,0.4147,0,0,False,False,NEAR_FEASIBLE_120_150MS,,,,,,,,,12,120,10,0.0437809455,0.21686309316590993,0.1327846730373932,0.30372729054795533,0.374227514823295,815.0815000000002,0.45936485000000005,1.168630931659099,0.32784673037393186,2.0372729054795533,2.74227514823295,0.0,2.74227514823295,6.735390565745535,3.6544153675355466,"[{""endpoint_step"":12,""arrival_time_ms"":120,""window_start_step"":10,""sustained_box_max_error_m"":0.0437809455,""endpoint_velocity_m_per_s"":0.21686309316590993,""endpoint_late_velocity_rms_m_per_s"":0.1327846730373932,""post_arrival_velocity_rms_m_per_s"":0.30372729054795533,""final_velocity_m_per_s"":0.374227514823295,""sustained_Ip_max_error_A"":815.0815000000002,""position_violation"":0.45936485000000005,""endpoint_speed_violation"":1.168630931659099,""endpoint_late_speed_violation"":0.32784673037393186,""post_speed_violation"":2.0372729054795533,""final_speed_violation"":2.74227514823295,""ip_violation"":0.0,""max_violation"":2.74227514823295,""sum_violation"":6.735390565745535,""l2_violation"":3.6544153675355466,""pass"":false},{""endpoint_step"":13,""arrival_time_ms"":130,""window_start_step"":11,""sustained_box_max_error_m"":0.0437809455,""endpoint_velocity_m_per_s"":0.28347498729519616,""endpoint_late_velocity_rms_m_per_s"":0.19050127505048917,""post_arrival_velocity_rms_m_per_s"":0.32760314758201076,""final_velocity_m_per_s"":0.374227514823295,""sustained_Ip_max_error_A"":815.0815000000002,""position_violation"":0.45936485000000005,""endpoint_speed_violation"":1.8347498729519613,""endpoint_late_speed_violation"":0.9050127505048915,""post_speed_violation"":2.2760314758201075,""final_speed_violation"":2.74227514823295,""ip_violation"":0.0,""max_violation"":2.74227514823295,""sum_violation"":8.21743409750991,""l2_violation"":4.134823274074612,""pass"":false},{""endpoint_step"":14,""arrival_time_ms"":140,""window_start_step"":12,""sustained_box_max_error_m"":0.0437809455,""endpoint_velocity_m_per_s"":0.318696039580179,""endpoint_late_velocity_rms_m_per_s"":0.24797057697809988,""post_arrival_velocity_rms_m_per_s"":0.34757258126534557,""final_velocity_m_per_s"":0.374227514823295,""sustained_Ip_max_error_A"":815.0815000000002,""position_violation"":0.45936485000000005,""endpoint_speed_violation"":2.18696039580179,""endpoint_late_speed_violation"":1.4797057697809985,""post_speed_violation"":2.4757258126534554,""final_speed_violation"":2.74227514823295,""ip_violation"":0.0,""max_violation"":2.74227514823295,""sum_violation"":9.344031976469195,""l2_violation"":4.564277849934081,""pass"":false},{""endpoint_step"":15,""arrival_time_ms"":150,""window_start_step"":13,""sustained_box_max_error_m"":0.0437809455,""endpoint_velocity_m_per_s"":0.374227514823295,""endpoint_late_velocity_rms_m_per_s"":0.30372729054795533,""post_arrival_velocity_rms_m_per_s"":0.374227514823295,""final_velocity_m_per_s"":0.374227514823295,""sustained_Ip_max_error_A"":815.0815000000002,""position_violation"":0.45936485000000005,""endpoint_speed_violation"":2.74227514823295,""endpoint_late_speed_violation"":2.0372729054795533,""post_speed_violation"":2.74227514823295,""final_speed_violation"":2.74227514823295,""ip_violation"":0.0,""max_violation"":2.74227514823295,""sum_violation"":10.723463200178404,""l2_violation"":5.188614065688907,""pass"":false}]",False,False,14.387370970838175,14.387370970838175,1304837.8798247834,0.40067407093784735,0.21033376470696294,0.0572525731595202,412.2251591682434,82
Stage3.0,screen,s30screen_4a9d62644411d25c,31,nominal_02_s22g005_fe6e232ce2c851ad,s22g005_fe6e232ce2c851ad,corner,mode1_minus_pulse,screen_template,"[-0.5951009586987541,-0.1869614547699112,-0.04516989915377853,-0.5560807669590033,-0.14956916381592897,-0.036135919323022826,-0.43706057521925246,-0.1121768728619467,-0.027101939492267118,-0.2940403834795017,-0.07478458190796448,-0.018067959661511413,-0.14302019173975083,-0.03739229095398224,-0.009033979830755707,-0.0,-0.0,-0.0]",stage3_0_evaluations/screen/s30screen_4a9d62644411d25c.json.gz,True,,16,-0.028779365999999973,0.0440209013,639.0460000000021,0.05259364656140793,0.0440209013,0.37818275334342605,0.30984013272643435,0.6492932120464047,0.4147,0,0,False,False,NEAR_FEASIBLE_120_150MS,,,,,,,,,12,120,10,0.0440209013,0.21805906711399908,0.13334171319073337,0.30984013272643435,0.37818275334342605,717.0074000000022,0.4673633766666667,1.1805906711399907,0.3334171319073336,2.098401327264343,2.78182753343426,0.0,2.78182753343426,6.861600040412594,3.7236061014182273,"[{""endpoint_step"":12,""arrival_time_ms"":120,""window_start_step"":10,""sustained_box_max_error_m"":0.0440209013,""endpoint_velocity_m_per_s"":0.21805906711399908,""endpoint_late_velocity_rms_m_per_s"":0.13334171319073337,""post_arrival_velocity_rms_m_per_s"":0.30984013272643435,""final_velocity_m_per_s"":0.37818275334342605,""sustained_Ip_max_error_A"":717.0074000000022,""position_violation"":0.4673633766666667,""endpoint_speed_violation"":1.1805906711399907,""endpoint_late_speed_violation"":0.3334171319073336,""post_speed_violation"":2.098401327264343,""final_speed_violation"":2.78182753343426,""ip_violation"":0.0,""max_violation"":2.78182753343426,""sum_violation"":6.861600040412594,""l2_violation"":3.7236061014182273,""pass"":false},{""endpoint_step"":13,""arrival_time_ms"":130,""window_start_step"":11,""sustained_box_max_error_m"":0.0440209013,""endpoint_velocity_m_per_s"":0.29037341388588106,""endpoint_late_velocity_rms_m_per_s"":0.19346483309967968,""post_arrival_velocity_rms_m_per_s"":0.33488996931385806,""final_velocity_m_per_s"":0.37818275334342605,""sustained_Ip_max_error_A"":704.5069000000003,""position_violation"":0.4673633766666667,""endpoint_speed_violation"":1.9037341388588103,""endpoint_late_speed_violation"":0.9346483309967968,""post_speed_violation"":2.3488996931385806,""final_speed_violation"":2.78182753343426,""ip_violation"":0.0,""max_violation"":2.78182753343426,""sum_violation"":8.436473073095115,""l2_violation"":4.239350645339486,""pass"":false},{""endpoint_step"":14,""arrival_time_ms"":140,""window_start_step"":12,""sustained_box_max_error_m"":0.0440209013,""endpoint_velocity_m_per_s"":0.33032553674058335,""endpoint_late_velocity_rms_m_per_s"":0.2539965778155139,""post_arrival_velocity_rms_m_per_s"":0.3550613715608677,""final_velocity_m_per_s"":0.37818275334342605,""sustained_Ip_max_error_A"":687.8444000000018,""position_violation"":0.4673633766666667,""endpoint_speed_violation"":2.3032553674058334,""endpoint_late_speed_violation"":1.5399657781551386,""post_speed_violation"":2.550613715608677,""final_speed_violation"":2.78182753343426,""ip_violation"":0.0,""max_violation"":2.78182753343426,""sum_violation"":9.643025771270576,""l2_violation"":4.705220841070698,""pass"":false},{""endpoint_step"":15,""arrival_time_ms"":150,""window_start_step"":13,""sustained_box_max_error_m"":0.0440209013,""endpoint_velocity_m_per_s"":0.37818275334342605,""endpoint_late_velocity_rms_m_per_s"":0.30984013272643435,""post_arrival_velocity_rms_m_per_s"":0.37818275334342605,""final_velocity_m_per_s"":0.37818275334342605,""sustained_Ip_max_error_A"":675.3606,""position_violation"":0.4673633766666667,""endpoint_speed_violation"":2.78182753343426,""endpoint_late_speed_violation"":2.098401327264343,""post_speed_violation"":2.78182753343426,""final_speed_violation"":2.78182753343426,""ip_violation"":0.0,""max_violation"":2.78182753343426,""sum_violation"":10.91124730423379,""l2_violation"":5.27611693705066,""pass"":false}]",False,False,14.812790072340812,14.812790072340812,1309367.5723965669,0.39723718961616583,0.21056237835784675,0.0572525731595202,397.493914604187,83
Stage3.0,screen,s30screen_1b4ff2ae0b1d5cd1,28,nominal_02_s22g005_fe6e232ce2c851ad,s22g005_fe6e232ce2c851ad,corner,slow_ramp_zero,screen_template,"[-0.5951009586987541,-0.1869614547699112,-0.04516989915377853,-0.5355908628288787,-0.16826530929292008,-0.04065290923840068,-0.4463257190240656,-0.14022109107743339,-0.0338774243653339,-0.3273055272843148,-0.10282880012345116,-0.024843444534578193,-0.20828533554456394,-0.06543650916946891,-0.015809464703822485,-0.08926514380481311,-0.028044218215486676,-0.0067754848730667795]",stage3_0_evaluations/screen/s30screen_1b4ff2ae0b1d5cd1.json.gz,True,,16,-0.028874181000000054,0.0440462885,643.8812000000034,0.052666819336713286,0.0440462885,0.38097178576187235,0.3108016975826679,0.6492932120464047,0.4147,0,0,False,False,NEAR_FEASIBLE_120_150MS,,,,,,,,,12,120,10,0.0440462885,0.218010068540613,0.13331976777578983,0.3108016975826679,0.38097178576187235,717.0074000000022,0.4682096166666667,1.18010068540613,0.3331976777578982,2.1080169758266787,2.809717857618723,0.0,2.809717857618723,6.899242813276096,3.749817138887365,"[{""endpoint_step"":12,""arrival_time_ms"":120,""window_start_step"":10,""sustained_box_max_error_m"":0.0440462885,""endpoint_velocity_m_per_s"":0.218010068540613,""endpoint_late_velocity_rms_m_per_s"":0.13331976777578983,""post_arrival_velocity_rms_m_per_s"":0.3108016975826679,""final_velocity_m_per_s"":0.38097178576187235,""sustained_Ip_max_error_A"":717.0074000000022,""position_violation"":0.4682096166666667,""endpoint_speed_violation"":1.18010068540613,""endpoint_late_speed_violation"":0.3331976777578982,""post_speed_violation"":2.1080169758266787,""final_speed_violation"":2.809717857618723,""ip_violation"":0.0,""max_violation"":2.809717857618723,""sum_violation"":6.899242813276096,""l2_violation"":3.749817138887365,""pass"":false},{""endpoint_step"":13,""arrival_time_ms"":130,""window_start_step"":11,""sustained_box_max_error_m"":0.0440462885,""endpoint_velocity_m_per_s"":0.2898885399949658,""endpoint_late_velocity_rms_m_per_s"":0.19326782241647356,""post_arrival_velocity_rms_m_per_s"":0.3360864922883145,""final_velocity_m_per_s"":0.38097178576187235,""sustained_Ip_max_error_A"":701.8752000000022,""position_violation"":0.4682096166666667,""endpoint_speed_violation"":1.8988853999496578,""endpoint_late_speed_violation"":0.9326782241647356,""post_speed_violation"":2.360864922883145,""final_speed_violation"":2.809717857618723,""ip_violation"":0.0,""max_violation"":2.809717857618723,""sum_violation"":8.470356021282928,""l2_violation"":4.261815610820555,""pass"":false},{""endpoint_step"":14,""arrival_time_ms"":140,""window_start_step"":12,""sustained_box_max_error_m"":0.0440462885,""endpoint_velocity_m_per_s"":0.33119106831100836,""endpoint_late_velocity_rms_m_per_s"":0.2541283375655285,""post_arrival_velocity_rms_m_per_s"":0.35695029435173253,""final_velocity_m_per_s"":0.38097178576187235,""sustained_Ip_max_error_A"":686.6166000000012,""position_violation"":0.4682096166666667,""endpoint_speed_violation"":2.3119106831100833,""endpoint_late_speed_violation"":1.5412833756552846,""post_speed_violation"":2.569502943517325,""final_speed_violation"":2.809717857618723,""ip_violation"":0.0,""max_violation"":2.809717857618723,""sum_violation"":9.700624476568084,""l2_violation"":4.736725188572246,""pass"":false},{""endpoint_step"":15,""arrival_time_ms"":150,""window_start_step"":13,""sustained_box_max_error_m"":0.0440462885,""endpoint_velocity_m_per_s"":0.38097178576187235,""endpoint_late_velocity_rms_m_per_s"":0.3108016975826679,""post_arrival_velocity_rms_m_per_s"":0.38097178576187235,""final_velocity_m_per_s"":0.38097178576187235,""sustained_Ip_max_error_A"":674.6475000000028,""position_violation"":0.4682096166666667,""endpoint_speed_violation"":2.809717857618723,""endpoint_late_speed_violation"":2.1080169758266787,""post_speed_violation"":2.809717857618723,""final_speed_violation"":2.809717857618723,""ip_violation"":0.0,""max_violation"":2.809717857618723,""sum_violation"":11.005380165349516,""l2_violation"":5.324143042197236,""pass"":false}]",False,False,14.876699727033222,14.876699727033222,1312333.450853591,0.3975985624377565,0.21023312888878942,0.0572525731595202,404.60492873191833,84
Stage3.0,screen,s30screen_c49c31219964c8c8,42,nominal_03_s22g004_89d222a7ea5c4cdd,s22g004_89d222a7ea5c4cdd,speed_safe,mode1_plus_pulse,screen_template,"[-0.6859789086987541,-0.19247350476991118,-0.04912107915377853,-0.4687831269590033,-0.15397880381592896,-0.039296863323022825,-0.3315873452192524,-0.1154841028619467,-0.029472647492267117,-0.21839156347950167,-0.07698940190796448,-0.019648431661511413,-0.11319578173975084,-0.03849470095398224,-0.009824215830755706,0.0,-0.0,-0.0]",stage3_0_evaluations/screen/s30screen_c49c31219964c8c8.json.gz,True,,16,-0.028457885000000016,0.0449648506,627.6941000000006,0.05321361675505196,0.0449648506,0.38794470916653595,0.32280265042467443,0.6492672440761607,0.41455,0,0,False,False,NEAR_FEASIBLE_120_150MS,,,,,,,,,12,120,10,0.0449648506,0.2368006907827833,0.14389523187910427,0.32280265042467443,0.38794470916653595,693.7359000000033,0.49882835333333353,1.3680069078278327,0.4389523187910427,2.228026504246744,2.879447091665359,0.0,2.879447091665359,7.413261175864312,3.9456646362117507,"[{""endpoint_step"":12,""arrival_time_ms"":120,""window_start_step"":10,""sustained_box_max_error_m"":0.0449648506,""endpoint_velocity_m_per_s"":0.2368006907827833,""endpoint_late_velocity_rms_m_per_s"":0.14389523187910427,""post_arrival_velocity_rms_m_per_s"":0.32280265042467443,""final_velocity_m_per_s"":0.38794470916653595,""sustained_Ip_max_error_A"":693.7359000000033,""position_violation"":0.49882835333333353,""endpoint_speed_violation"":1.3680069078278327,""endpoint_late_speed_violation"":0.4389523187910427,""post_speed_violation"":2.228026504246744,""final_speed_violation"":2.879447091665359,""ip_violation"":0.0,""max_violation"":2.879447091665359,""sum_violation"":7.413261175864312,""l2_violation"":3.9456646362117507,""pass"":false},{""endpoint_step"":13,""arrival_time_ms"":130,""window_start_step"":11,""sustained_box_max_error_m"":0.0449648506,""endpoint_velocity_m_per_s"":0.30397390356345844,""endpoint_late_velocity_rms_m_per_s"":0.20628617746059677,""post_arrival_velocity_rms_m_per_s"":0.34676199202025915,""final_velocity_m_per_s"":0.38794470916653595,""sustained_Ip_max_error_A"":679.6060000000034,""position_violation"":0.49882835333333353,""endpoint_speed_violation"":2.039739035634584,""endpoint_late_speed_violation"":1.0628617746059676,""post_speed_violation"":2.4676199202025915,""final_speed_violation"":2.879447091665359,""ip_violation"":0.0,""max_violation"":2.879447091665359,""sum_violation"":8.948496175441836,""l2_violation"":4.463115933490865,""pass"":false},{""endpoint_step"":14,""arrival_time_ms"":140,""window_start_step"":12,""sustained_box_max_error_m"":0.0449648506,""endpoint_velocity_m_per_s"":0.343264338246285,""endpoint_late_velocity_rms_m_per_s"":0.2677477427811247,""post_arrival_velocity_rms_m_per_s"":0.3662864338751629,""final_velocity_m_per_s"":0.38794470916653595,""sustained_Ip_max_error_A"":672.0563000000002,""position_violation"":0.49882835333333353,""endpoint_speed_violation"":2.43264338246285,""endpoint_late_speed_violation"":1.6774774278112465,""post_speed_violation"":2.662864338751629,""final_speed_violation"":2.879447091665359,""ip_violation"":0.0,""max_violation"":2.879447091665359,""sum_violation"":10.151260594024418,""l2_violation"":4.935846038263453,""pass"":false},{""endpoint_step"":15,""arrival_time_ms"":150,""window_start_step"":13,""sustained_box_max_error_m"":0.0449648506,""endpoint_velocity_m_per_s"":0.38794470916653595,""endpoint_late_velocity_rms_m_per_s"":0.32280265042467443,""post_arrival_velocity_rms_m_per_s"":0.38794470916653595,""final_velocity_m_per_s"":0.38794470916653595,""sustained_Ip_max_error_A"":657.2294000000002,""position_violation"":0.49882835333333353,""endpoint_speed_violation"":2.879447091665359,""endpoint_late_speed_violation"":2.228026504246744,""post_speed_violation"":2.879447091665359,""final_speed_violation"":2.879447091665359,""ip_violation"":0.0,""max_violation"":2.879447091665359,""sum_violation"":11.365196132576154,""l2_violation"":5.485123379725883,""pass"":false}]",False,False,15.80006214176635,15.80006214176635,1321559.2185683467,0.3979653141244738,0.21120595007204396,0.04634447069950712,372.3373999595642,85
Stage3.0,screen,s30screen_23dea6fd8acec647,46,nominal_03_s22g004_89d222a7ea5c4cdd,s22g004_89d222a7ea5c4cdd,speed_safe,coupled_cross_pulse,screen_template,"[-0.6859789086987541,-0.19247350476991118,-0.04912107915377853,-0.4687831269590033,-0.23397880381592895,-0.024296863323022826,-0.3315873452192524,-0.1954841028619467,-0.014472647492267118,-0.21839156347950167,-0.1329894019079645,-0.009148431661511414,-0.11319578173975084,-0.06249470095398224,-0.005324215830755707,0.0,-0.0,0.0]",stage3_0_evaluations/screen/s30screen_23dea6fd8acec647.json.gz,True,,16,-0.028777442999999958,0.0450792968,606.7147000000004,0.05348162512116416,0.0450792968,0.39368212257468904,0.3265035858116335,0.6492672440761607,0.41455,0,0,False,False,NEAR_FEASIBLE_120_150MS,,,,,,,,,12,120,10,0.0450792968,0.23631851961866635,0.1437171842129126,0.3265035858116335,0.39368212257468904,693.7359000000033,0.5026432266666667,1.3631851961866635,0.43717184212912596,2.265035858116335,2.93682122574689,0.0,2.93682122574689,7.504857348845681,4.0071622955050366,"[{""endpoint_step"":12,""arrival_time_ms"":120,""window_start_step"":10,""sustained_box_max_error_m"":0.0450792968,""endpoint_velocity_m_per_s"":0.23631851961866635,""endpoint_late_velocity_rms_m_per_s"":0.1437171842129126,""post_arrival_velocity_rms_m_per_s"":0.3265035858116335,""final_velocity_m_per_s"":0.39368212257468904,""sustained_Ip_max_error_A"":693.7359000000033,""position_violation"":0.5026432266666667,""endpoint_speed_violation"":1.3631851961866635,""endpoint_late_speed_violation"":0.43717184212912596,""post_speed_violation"":2.265035858116335,""final_speed_violation"":2.93682122574689,""ip_violation"":0.0,""max_violation"":2.93682122574689,""sum_violation"":7.504857348845681,""l2_violation"":4.0071622955050366,""pass"":false},{""endpoint_step"":13,""arrival_time_ms"":130,""window_start_step"":11,""sustained_box_max_error_m"":0.0450792968,""endpoint_velocity_m_per_s"":0.3065237342494879,""endpoint_late_velocity_rms_m_per_s"":0.20710370516848045,""post_arrival_velocity_rms_m_per_s"":0.3514597764925885,""final_velocity_m_per_s"":0.39368212257468904,""sustained_Ip_max_error_A"":668.0635000000002,""position_violation"":0.5026432266666667,""endpoint_speed_violation"":2.065237342494879,""endpoint_late_speed_violation"":1.0710370516848045,""post_speed_violation"":2.514597764925885,""final_speed_violation"":2.93682122574689,""ip_violation"":0.0,""max_violation"":2.93682122574689,""sum_violation"":9.090336611519126,""l2_violation"":4.540164830884292,""pass"":false},{""endpoint_step"":14,""arrival_time_ms"":140,""window_start_step"":12,""sustained_box_max_error_m"":0.0450792968,""endpoint_velocity_m_per_s"":0.34875422604392586,""endpoint_late_velocity_rms_m_per_s"":0.27014179150134254,""post_arrival_velocity_rms_m_per_s"":0.37189724643939637,""final_velocity_m_per_s"":0.39368212257468904,""sustained_Ip_max_error_A"":647.876400000001,""position_violation"":0.5026432266666667,""endpoint_speed_violation"":2.4875422604392585,""endpoint_late_speed_violation"":1.7014179150134252,""post_speed_violation"":2.7189724643939637,""final_speed_violation"":2.93682122574689,""ip_violation"":0.0,""max_violation"":2.93682122574689,""sum_violation"":10.347397092260204,""l2_violation"":5.035183194923877,""pass"":false},{""endpoint_step"":15,""arrival_time_ms"":150,""window_start_step"":13,""sustained_box_max_error_m"":0.0450792968,""endpoint_velocity_m_per_s"":0.39368212257468904,""endpoint_late_velocity_rms_m_per_s"":0.3265035858116335,""post_arrival_velocity_rms_m_per_s"":0.39368212257468904,""final_velocity_m_per_s"":0.39368212257468904,""sustained_Ip_max_error_A"":632.4193000000014,""position_violation"":0.5026432266666667,""endpoint_speed_violation"":2.93682122574689,""endpoint_late_speed_violation"":2.265035858116335,""post_speed_violation"":2.93682122574689,""final_speed_violation"":2.93682122574689,""ip_violation"":0.0,""max_violation"":2.93682122574689,""sum_violation"":11.578142762023672,""l2_violation"":5.590867051527793,""pass"":false}]",False,False,16.059051134347047,16.059051134347047,1327724.7733167112,0.3983726131166783,0.21131314846261146,0.04634447069950712,400.4403896331787,86
Stage3.0,screen,s30screen_a85e79fd95676e70,44,nominal_03_s22g004_89d222a7ea5c4cdd,s22g004_89d222a7ea5c4cdd,speed_safe,mode2_plus_pulse,screen_template,"[-0.6859789086987541,-0.19247350476991118,-0.04912107915377853,-0.5487831269590033,-0.07397880381592896,-0.039296863323022825,-0.41158734521925244,-0.0354841028619467,-0.029472647492267117,-0.27439156347950167,-0.020989401907964486,-0.019648431661511413,-0.13719578173975083,-0.01449470095398224,-0.009824215830755706,-0.0,0.0,-0.0]",stage3_0_evaluations/screen/s30screen_a85e79fd95676e70.json.gz,True,,16,-0.02799006000000004,0.0451335861,637.1014000000032,0.05310822961697853,0.0451335861,0.3973875337616045,0.3272073674820794,0.6492672440761607,0.41455,0,0,False,False,NEAR_FEASIBLE_120_150MS,,,,,,,,,12,120,10,0.0451335861,0.23787991437005038,0.14434854890671792,0.3272073674820794,0.3973875337616045,693.7359000000033,0.5044528699999999,1.3787991437005038,0.4434854890671791,2.2720736748207937,2.973875337616045,0.0,2.973875337616045,7.572686515204522,4.044563321698431,"[{""endpoint_step"":12,""arrival_time_ms"":120,""window_start_step"":10,""sustained_box_max_error_m"":0.0451335861,""endpoint_velocity_m_per_s"":0.23787991437005038,""endpoint_late_velocity_rms_m_per_s"":0.14434854890671792,""post_arrival_velocity_rms_m_per_s"":0.3272073674820794,""final_velocity_m_per_s"":0.3973875337616045,""sustained_Ip_max_error_A"":693.7359000000033,""position_violation"":0.5044528699999999,""endpoint_speed_violation"":1.3787991437005038,""endpoint_late_speed_violation"":0.4434854890671791,""post_speed_violation"":2.2720736748207937,""final_speed_violation"":2.973875337616045,""ip_violation"":0.0,""max_violation"":2.973875337616045,""sum_violation"":7.572686515204522,""l2_violation"":4.044563321698431,""pass"":false},{""endpoint_step"":13,""arrival_time_ms"":130,""window_start_step"":11,""sustained_box_max_error_m"":0.0451335861,""endpoint_velocity_m_per_s"":0.30466450865881667,""endpoint_late_velocity_rms_m_per_s"":0.20685679834710924,""post_arrival_velocity_rms_m_per_s"":0.35198096145365015,""final_velocity_m_per_s"":0.3973875337616045,""sustained_Ip_max_error_A"":688.0816000000013,""position_violation"":0.5044528699999999,""endpoint_speed_violation"":2.0466450865881667,""endpoint_late_speed_violation"":1.0685679834710924,""post_speed_violation"":2.519809614536501,""final_speed_violation"":2.973875337616045,""ip_violation"":0.0,""max_violation"":2.973875337616045,""sum_violation"":9.113350892211805,""l2_violation"":4.558337565494435,""pass"":false},{""endpoint_step"":14,""arrival_time_ms"":140,""window_start_step"":12,""sustained_box_max_error_m"":0.0451335861,""endpoint_velocity_m_per_s"":0.3477563469615749,""endpoint_late_velocity_rms_m_per_s"":0.26963052407062327,""post_arrival_velocity_rms_m_per_s"":0.3733974617222174,""final_velocity_m_per_s"":0.3973875337616045,""sustained_Ip_max_error_A"":687.0151000000005,""position_violation"":0.5044528699999999,""endpoint_speed_violation"":2.477563469615749,""endpoint_late_speed_violation"":1.6963052407062325,""post_speed_violation"":2.7339746172221737,""final_speed_violation"":2.973875337616045,""ip_violation"":0.0,""max_violation"":2.973875337616045,""sum_violation"":10.3861715351602,""l2_violation"":5.058537006385262,""pass"":false},{""endpoint_step"":15,""arrival_time_ms"":150,""window_start_step"":13,""sustained_box_max_error_m"":0.0451335861,""endpoint_velocity_m_per_s"":0.3973875337616045,""endpoint_late_velocity_rms_m_per_s"":0.3272073674820794,""post_arrival_velocity_rms_m_per_s"":0.3973875337616045,""final_velocity_m_per_s"":0.3973875337616045,""sustained_Ip_max_error_A"":671.1018000000004,""position_violation"":0.5044528699999999,""endpoint_speed_violation"":2.973875337616045,""endpoint_late_speed_violation"":2.2720736748207937,""post_speed_violation"":2.973875337616045,""final_speed_violation"":2.973875337616045,""ip_violation"":0.0,""max_violation"":2.973875337616045,""sum_violation"":11.698152557668928,""l2_violation"":5.652308824976545,""pass"":false}]",False,False,16.07795502756799,16.07795502756799,1331738.9210991487,0.3987864571550252,0.21120595007204396,0.04634447069950712,393.7322487831116,87
Stage3.0,screen,s30screen_e0f5944007a4b57b,38,nominal_03_s22g004_89d222a7ea5c4cdd,s22g004_89d222a7ea5c4cdd,speed_safe,linear_ramp_zero,screen_template,"[-0.6859789086987541,-0.19247350476991118,-0.04912107915377853,-0.5487831269590033,-0.15397880381592896,-0.039296863323022825,-0.41158734521925244,-0.1154841028619467,-0.029472647492267117,-0.27439156347950167,-0.07698940190796448,-0.019648431661511413,-0.13719578173975083,-0.03849470095398224,-0.009824215830755706,-0.0,-0.0,-0.0]",stage3_0_evaluations/screen/s30screen_e0f5944007a4b57b.json.gz,True,,16,-0.028308831000000034,0.0452619953,630.7755000000034,0.05338574838965719,0.0452619953,0.4031370928284294,0.33082997288901694,0.6492672440761607,0.41455,0,0,False,False,NEAR_FEASIBLE_120_150MS,,,,,,,,,12,120,10,0.0452619953,0.23837306289403226,0.1445739422260361,0.33082997288901694,0.4031370928284294,693.7359000000033,0.5087331766666667,1.3837306289403224,0.4457394222603608,2.3082997288901694,3.0313709282842938,0.0,3.0313709282842938,7.677873885041813,4.109703258668143,"[{""endpoint_step"":12,""arrival_time_ms"":120,""window_start_step"":10,""sustained_box_max_error_m"":0.0452619953,""endpoint_velocity_m_per_s"":0.23837306289403226,""endpoint_late_velocity_rms_m_per_s"":0.1445739422260361,""post_arrival_velocity_rms_m_per_s"":0.33082997288901694,""final_velocity_m_per_s"":0.4031370928284294,""sustained_Ip_max_error_A"":693.7359000000033,""position_violation"":0.5087331766666667,""endpoint_speed_violation"":1.3837306289403224,""endpoint_late_speed_violation"":0.4457394222603608,""post_speed_violation"":2.3082997288901694,""final_speed_violation"":3.0313709282842938,""ip_violation"":0.0,""max_violation"":3.0313709282842938,""sum_violation"":7.677873885041813,""l2_violation"":4.109703258668143,""pass"":false},{""endpoint_step"":13,""arrival_time_ms"":130,""window_start_step"":11,""sustained_box_max_error_m"":0.0452619953,""endpoint_velocity_m_per_s"":0.30734346666055573,""endpoint_late_velocity_rms_m_per_s"":0.20800178397641497,""post_arrival_velocity_rms_m_per_s"":0.3563575763815087,""final_velocity_m_per_s"":0.4031370928284294,""sustained_Ip_max_error_A"":681.6754000000001,""position_violation"":0.5087331766666667,""endpoint_speed_violation"":2.073434666605557,""endpoint_late_speed_violation"":1.0800178397641496,""post_speed_violation"":2.563575763815087,""final_speed_violation"":3.0313709282842938,""ip_violation"":0.0,""max_violation"":3.0313709282842938,""sum_violation"":9.257132375135754,""l2_violation"":4.635246454893112,""pass"":false},{""endpoint_step"":14,""arrival_time_ms"":140,""window_start_step"":12,""sustained_box_max_error_m"":0.0452619953,""endpoint_velocity_m_per_s"":0.3521258931411074,""endpoint_late_velocity_rms_m_per_s"":0.27191941557682925,""post_arrival_velocity_rms_m_per_s"":0.37849184947273323,""final_velocity_m_per_s"":0.4031370928284294,""sustained_Ip_max_error_A"":675.2634000000035,""position_violation"":0.5087331766666667,""endpoint_speed_violation"":2.521258931411074,""endpoint_late_speed_violation"":1.7191941557682924,""post_speed_violation"":2.784918494727332,""final_speed_violation"":3.0313709282842938,""ip_violation"":0.0,""max_violation"":3.0313709282842938,""sum_violation"":10.56547568685766,""l2_violation"":5.149384945467842,""pass"":false},{""endpoint_step"":15,""arrival_time_ms"":150,""window_start_step"":13,""sustained_box_max_error_m"":0.0452619953,""endpoint_velocity_m_per_s"":0.4031370928284294,""endpoint_late_velocity_rms_m_per_s"":0.33082997288901694,""post_arrival_velocity_rms_m_per_s"":0.4031370928284294,""final_velocity_m_per_s"":0.4031370928284294,""sustained_Ip_max_error_A"":658.8083000000006,""position_violation"":0.5087331766666667,""endpoint_speed_violation"":3.0313709282842938,""endpoint_late_speed_violation"":2.3082997288901694,""post_speed_violation"":3.0313709282842938,""final_speed_violation"":3.0313709282842938,""ip_violation"":0.0,""max_violation"":3.0313709282842938,""sum_violation"":11.911145690409718,""l2_violation"":5.758010611137959,""pass"":false}]",False,False,16.336397885593325,16.336397885593325,1337974.6280251502,0.39900773766146835,0.21110234068762457,0.04634447069950712,385.68937945365906,88
Stage3.0,screen,s30screen_7d037ec543dff78f,12,nominal_01_s22g004_b034e7d0314c08d6,s22g004_b034e7d0314c08d6,corner,hold_last,screen_template,"[-0.5685289086987542,-0.2135335047699112,-0.03454107915377853,-0.5685289086987542,-0.2135335047699112,-0.03454107915377853,-0.5685289086987542,-0.2135335047699112,-0.03454107915377853,-0.5685289086987542,-0.2135335047699112,-0.03454107915377853,-0.5685289086987542,-0.2135335047699112,-0.03454107915377853,-0.5685289086987542,-0.2135335047699112,-0.03454107915377853]",stage3_0_evaluations/screen/s30screen_7d037ec543dff78f.json.gz,True,,16,-0.029565037000000016,0.0440644556,645.9770000000026,0.053063807441002024,0.0440644556,0.4072573799150739,0.3184928313553395,0.6492791664455781,0.41465,0,0,False,False,NEAR_FEASIBLE_120_150MS,,,,,,,,,12,120,10,0.0440644556,0.21249024001756311,0.1301535490190279,0.3184928313553395,0.4072573799150739,714.4581000000035,0.46881518666666677,1.124902400175631,0.3015354901902789,2.184928313553395,3.0725737991507387,0.0,3.0725737991507387,7.152755189736711,3.9737561862310296,"[{""endpoint_step"":12,""arrival_time_ms"":120,""window_start_step"":10,""sustained_box_max_error_m"":0.0440644556,""endpoint_velocity_m_per_s"":0.21249024001756311,""endpoint_late_velocity_rms_m_per_s"":0.1301535490190279,""post_arrival_velocity_rms_m_per_s"":0.3184928313553395,""final_velocity_m_per_s"":0.4072573799150739,""sustained_Ip_max_error_A"":714.4581000000035,""position_violation"":0.46881518666666677,""endpoint_speed_violation"":1.124902400175631,""endpoint_late_speed_violation"":0.3015354901902789,""post_speed_violation"":2.184928313553395,""final_speed_violation"":3.0725737991507387,""ip_violation"":0.0,""max_violation"":3.0725737991507387,""sum_violation"":7.152755189736711,""l2_violation"":3.9737561862310296,""pass"":false},{""endpoint_step"":13,""arrival_time_ms"":130,""window_start_step"":11,""sustained_box_max_error_m"":0.0440644556,""endpoint_velocity_m_per_s"":0.28639874557199096,""endpoint_late_velocity_rms_m_per_s"":0.18958523979740208,""post_arrival_velocity_rms_m_per_s"":0.34669805902554524,""final_velocity_m_per_s"":0.4072573799150739,""sustained_Ip_max_error_A"":698.5420000000013,""position_violation"":0.46881518666666677,""endpoint_speed_violation"":1.8639874557199096,""endpoint_late_speed_violation"":0.8958523979740207,""post_speed_violation"":2.466980590255452,""final_speed_violation"":3.0725737991507387,""ip_violation"":0.0,""max_violation"":3.0725737991507387,""sum_violation"":8.768209429766788,""l2_violation"":4.474761604511578,""pass"":false},{""endpoint_step"":14,""arrival_time_ms"":140,""window_start_step"":12,""sustained_box_max_error_m"":0.0440644556,""endpoint_velocity_m_per_s"":0.335731764114956,""endpoint_late_velocity_rms_m_per_s"":0.2529075982413202,""post_arrival_velocity_rms_m_per_s"":0.37321199801924326,""final_velocity_m_per_s"":0.4072573799150739,""sustained_Ip_max_error_A"":679.5031000000017,""position_violation"":0.46881518666666677,""endpoint_speed_violation"":2.3573176411495598,""endpoint_late_speed_violation"":1.5290759824132016,""post_speed_violation"":2.7321199801924325,""final_speed_violation"":3.0725737991507387,""ip_violation"":0.0,""max_violation"":3.0725737991507387,""sum_violation"":10.1599025895726,""l2_violation"":5.001999284077461,""pass"":false},{""endpoint_step"":15,""arrival_time_ms"":150,""window_start_step"":13,""sustained_box_max_error_m"":0.0440644556,""endpoint_velocity_m_per_s"":0.4072573799150739,""endpoint_late_velocity_rms_m_per_s"":0.3184928313553395,""post_arrival_velocity_rms_m_per_s"":0.4072573799150739,""final_velocity_m_per_s"":0.4072573799150739,""sustained_Ip_max_error_A"":666.9315000000024,""position_violation"":0.46881518666666677,""endpoint_speed_violation"":3.0725737991507387,""endpoint_late_speed_violation"":2.184928313553395,""post_speed_violation"":3.0725737991507387,""final_speed_violation"":3.0725737991507387,""ip_violation"":0.0,""max_violation"":3.0725737991507387,""sum_violation"":11.871464897672277,""l2_violation"":5.771986544362297,""pass"":false}]",False,False,15.349782210657969,15.349782210657969,1339857.5066424625,0.40388455716266614,0.21005683964126523,0.06092213390688114,387.7633557319641,89
Stage3.0,screen,s30screen_72dd48ba8a6e6e0b,45,nominal_03_s22g004_89d222a7ea5c4cdd,s22g004_89d222a7ea5c4cdd,speed_safe,mode2_minus_pulse,screen_template,"[-0.6859789086987541,-0.19247350476991118,-0.04912107915377853,-0.5487831269590033,-0.23397880381592895,-0.039296863323022825,-0.41158734521925244,-0.1954841028619467,-0.029472647492267117,-0.27439156347950167,-0.1329894019079645,-0.019648431661511413,-0.13719578173975083,-0.06249470095398224,-0.009824215830755706,-0.0,-0.0,-0.0]",stage3_0_evaluations/screen/s30screen_72dd48ba8a6e6e0b.json.gz,True,,16,-0.028621573999999983,0.0453989626,626.2222000000002,0.053668056638876666,0.0453989626,0.4095768856067085,0.33498892810405123,0.6492672440761607,0.41455,0,0,False,False,NEAR_FEASIBLE_120_150MS,,,,,,,,,12,120,10,0.0453989626,0.23793060607822164,0.14441215971965676,0.33498892810405123,0.4095768856067085,693.7359000000033,0.5132987533333335,1.3793060607822163,0.4441215971965675,2.3498892810405123,3.0957688560670853,0.0,3.0957688560670853,7.782384548419715,4.17958960376788,"[{""endpoint_step"":12,""arrival_time_ms"":120,""window_start_step"":10,""sustained_box_max_error_m"":0.0453989626,""endpoint_velocity_m_per_s"":0.23793060607822164,""endpoint_late_velocity_rms_m_per_s"":0.14441215971965676,""post_arrival_velocity_rms_m_per_s"":0.33498892810405123,""final_velocity_m_per_s"":0.4095768856067085,""sustained_Ip_max_error_A"":693.7359000000033,""position_violation"":0.5132987533333335,""endpoint_speed_violation"":1.3793060607822163,""endpoint_late_speed_violation"":0.4441215971965675,""post_speed_violation"":2.3498892810405123,""final_speed_violation"":3.0957688560670853,""ip_violation"":0.0,""max_violation"":3.0957688560670853,""sum_violation"":7.782384548419715,""l2_violation"":4.17958960376788,""pass"":false},{""endpoint_step"":13,""arrival_time_ms"":130,""window_start_step"":11,""sustained_box_max_error_m"":0.0453989626,""endpoint_velocity_m_per_s"":0.3111217209507179,""endpoint_late_velocity_rms_m_per_s"":0.20928967707125856,""post_arrival_velocity_rms_m_per_s"":0.36159800630924155,""final_velocity_m_per_s"":0.4095768856067085,""sustained_Ip_max_error_A"":675.4039000000012,""position_violation"":0.5132987533333335,""endpoint_speed_violation"":2.1112172095071786,""endpoint_late_speed_violation"":1.0928967707125854,""post_speed_violation"":2.6159800630924153,""final_speed_violation"":3.0957688560670853,""ip_violation"":0.0,""max_violation"":3.0957688560670853,""sum_violation"":9.429161652712597,""l2_violation"":4.726761424910161,""pass"":false},{""endpoint_step"":14,""arrival_time_ms"":140,""window_start_step"":12,""sustained_box_max_error_m"":0.0453989626,""endpoint_velocity_m_per_s"":0.35736452542163116,""endpoint_late_velocity_rms_m_per_s"":0.27460295921787903,""post_arrival_velocity_rms_m_per_s"":0.3843583154122716,""final_velocity_m_per_s"":0.4095768856067085,""sustained_Ip_max_error_A"":664.8948000000019,""position_violation"":0.5132987533333335,""endpoint_speed_violation"":2.5736452542163115,""endpoint_late_speed_violation"":1.74602959217879,""post_speed_violation"":2.843583154122716,""final_speed_violation"":3.0957688560670853,""ip_violation"":0.0,""max_violation"":3.0957688560670853,""sum_violation"":10.772325609918237,""l2_violation"":5.254093147831806,""pass"":false},{""endpoint_step"":15,""arrival_time_ms"":150,""window_start_step"":13,""sustained_box_max_error_m"":0.0453989626,""endpoint_velocity_m_per_s"":0.4095768856067085,""endpoint_late_velocity_rms_m_per_s"":0.33498892810405123,""post_arrival_velocity_rms_m_per_s"":0.4095768856067085,""final_velocity_m_per_s"":0.4095768856067085,""sustained_Ip_max_error_A"":648.9252000000015,""position_violation"":0.5132987533333335,""endpoint_speed_violation"":3.0957688560670853,""endpoint_late_speed_violation"":2.3498892810405123,""post_speed_violation"":3.0957688560670853,""final_speed_violation"":3.0957688560670853,""ip_violation"":0.0,""max_violation"":3.0957688560670853,""sum_violation"":12.150494602575101,""l2_violation"":5.876802674406159,""pass"":false}]",False,False,16.633367201111575,16.633367201111575,1344902.6467713565,0.399425798065231,0.21120595007204396,0.04634447069950712,400.8585045337677,90
Stage3.0,screen,s30screen_ada672c41ee7cd11,47,nominal_03_s22g004_89d222a7ea5c4cdd,s22g004_89d222a7ea5c4cdd,speed_safe,opposite_cross_pulse,screen_template,"[-0.6859789086987541,-0.19247350476991118,-0.04912107915377853,-0.6287831269590033,-0.07397880381592896,-0.054296863323022825,-0.49158734521925246,-0.0354841028619467,-0.04447264749226712,-0.33039156347950166,-0.020989401907964486,-0.03014843166151141,-0.16119578173975083,-0.01449470095398224,-0.014324215830755705,-0.0,0.0,-0.0]",stage3_0_evaluations/screen/s30screen_ada672c41ee7cd11.json.gz,True,,16,-0.02786259599999996,0.0454812277,653.7073000000019,0.05333728835400673,0.0454812277,0.416603997676708,0.3369279517534415,0.6492672440761607,0.41455,0,0,False,False,NEAR_FEASIBLE_120_150MS,,,,,,,,,12,120,10,0.0454812277,0.23916176648067877,0.14490700901582623,0.3369279517534415,0.416603997676708,699.4329000000034,0.5160409233333334,1.3916176648067875,0.44907009015826227,2.3692795175344146,3.16603997676708,0.0,3.16603997676708,7.8920481725998775,4.247570655342553,"[{""endpoint_step"":12,""arrival_time_ms"":120,""window_start_step"":10,""sustained_box_max_error_m"":0.0454812277,""endpoint_velocity_m_per_s"":0.23916176648067877,""endpoint_late_velocity_rms_m_per_s"":0.14490700901582623,""post_arrival_velocity_rms_m_per_s"":0.3369279517534415,""final_velocity_m_per_s"":0.416603997676708,""sustained_Ip_max_error_A"":699.4329000000034,""position_violation"":0.5160409233333334,""endpoint_speed_violation"":1.3916176648067875,""endpoint_late_speed_violation"":0.44907009015826227,""post_speed_violation"":2.3692795175344146,""final_speed_violation"":3.16603997676708,""ip_violation"":0.0,""max_violation"":3.16603997676708,""sum_violation"":7.8920481725998775,""l2_violation"":4.247570655342553,""pass"":false},{""endpoint_step"":13,""arrival_time_ms"":130,""window_start_step"":11,""sustained_box_max_error_m"":0.0454812277,""endpoint_velocity_m_per_s"":0.3088111187029972,""endpoint_late_velocity_rms_m_per_s"":0.20877555834537684,""post_arrival_velocity_rms_m_per_s"":0.36372307604592025,""final_velocity_m_per_s"":0.416603997676708,""sustained_Ip_max_error_A"":699.4329000000034,""position_violation"":0.5160409233333334,""endpoint_speed_violation"":2.088111187029972,""endpoint_late_speed_violation"":1.0877555834537684,""post_speed_violation"":2.6372307604592025,""final_speed_violation"":3.16603997676708,""ip_violation"":0.0,""max_violation"":3.16603997676708,""sum_violation"":9.495178431043357,""l2_violation"":4.773731663142453,""pass"":false},{""endpoint_step"":14,""arrival_time_ms"":140,""window_start_step"":12,""sustained_box_max_error_m"":0.0454812277,""endpoint_velocity_m_per_s"":0.3577152921390245,""endpoint_late_velocity_rms_m_per_s"":0.2743256396969089,""post_arrival_velocity_rms_m_per_s"":0.3882776848534578,""final_velocity_m_per_s"":0.416603997676708,""sustained_Ip_max_error_A"":699.4329000000034,""position_violation"":0.5160409233333334,""endpoint_speed_violation"":2.5771529213902444,""endpoint_late_speed_violation"":1.7432563969690884,""post_speed_violation"":2.882776848534578,""final_speed_violation"":3.16603997676708,""ip_violation"":0.0,""max_violation"":3.16603997676708,""sum_violation"":10.885267066994324,""l2_violation"":5.318004303617371,""pass"":false},{""endpoint_step"":15,""arrival_time_ms"":150,""window_start_step"":13,""sustained_box_max_error_m"":0.0454812277,""endpoint_velocity_m_per_s"":0.416603997676708,""endpoint_late_velocity_rms_m_per_s"":0.3369279517534415,""post_arrival_velocity_rms_m_per_s"":0.416603997676708,""final_velocity_m_per_s"":0.416603997676708,""sustained_Ip_max_error_A"":686.2059000000008,""position_violation"":0.5160409233333334,""endpoint_speed_violation"":3.16603997676708,""endpoint_late_speed_violation"":2.3692795175344146,""post_speed_violation"":3.16603997676708,""final_speed_violation"":3.16603997676708,""ip_violation"":0.0,""max_violation"":3.16603997676708,""sum_violation"":12.38344037116899,""l2_violation"":5.995932877394869,""pass"":false}]",False,False,16.737760747919545,16.737760747919545,1352436.4987831982,0.4000420645421909,0.21131314846261146,0.04634447069950712,379.60977721214294,91
Stage3.0,screen,s30screen_794558f61caa1c27,43,nominal_03_s22g004_89d222a7ea5c4cdd,s22g004_89d222a7ea5c4cdd,speed_safe,mode1_minus_pulse,screen_template,"[-0.6859789086987541,-0.19247350476991118,-0.04912107915377853,-0.6287831269590033,-0.15397880381592896,-0.039296863323022825,-0.49158734521925246,-0.1154841028619467,-0.029472647492267117,-0.33039156347950166,-0.07698940190796448,-0.019648431661511413,-0.16119578173975083,-0.03849470095398224,-0.009824215830755706,-0.0,-0.0,-0.0]",stage3_0_evaluations/screen/s30screen_794558f61caa1c27.json.gz,True,,16,-0.028151680000000012,0.0455600833,633.1128000000026,0.05355593596535625,0.0455600833,0.4183731021057229,0.33900773334122886,0.6492672440761607,0.41455,0,0,False,False,NEAR_FEASIBLE_120_150MS,,,,,,,,,12,120,10,0.0455600833,0.23960841510239675,0.14511308415769214,0.33900773334122886,0.4183731021057229,693.7359000000033,0.5186694433333334,1.3960841510239672,0.4511308415769213,2.3900773334122882,3.1837310210572287,0.0,3.1837310210572287,7.939692790403739,4.274365550411338,"[{""endpoint_step"":12,""arrival_time_ms"":120,""window_start_step"":10,""sustained_box_max_error_m"":0.0455600833,""endpoint_velocity_m_per_s"":0.23960841510239675,""endpoint_late_velocity_rms_m_per_s"":0.14511308415769214,""post_arrival_velocity_rms_m_per_s"":0.33900773334122886,""final_velocity_m_per_s"":0.4183731021057229,""sustained_Ip_max_error_A"":693.7359000000033,""position_violation"":0.5186694433333334,""endpoint_speed_violation"":1.3960841510239672,""endpoint_late_speed_violation"":0.4511308415769213,""post_speed_violation"":2.3900773334122882,""final_speed_violation"":3.1837310210572287,""ip_violation"":0.0,""max_violation"":3.1837310210572287,""sum_violation"":7.939692790403739,""l2_violation"":4.274365550411338,""pass"":false},{""endpoint_step"":13,""arrival_time_ms"":130,""window_start_step"":11,""sustained_box_max_error_m"":0.0455600833,""endpoint_velocity_m_per_s"":0.3110465261487587,""endpoint_late_velocity_rms_m_per_s"":0.20974605668026752,""post_arrival_velocity_rms_m_per_s"":0.366193382642172,""final_velocity_m_per_s"":0.4183731021057229,""sustained_Ip_max_error_A"":683.7284,""position_violation"":0.5186694433333334,""endpoint_speed_violation"":2.110465261487587,""endpoint_late_speed_violation"":1.097460566802675,""post_speed_violation"":2.66193382642172,""final_speed_violation"":3.1837310210572287,""ip_violation"":0.0,""max_violation"":3.1837310210572287,""sum_violation"":9.572260119102545,""l2_violation"":4.811396493511079,""pass"":false},{""endpoint_step"":14,""arrival_time_ms"":140,""window_start_step"":12,""sustained_box_max_error_m"":0.0455600833,""endpoint_velocity_m_per_s"":0.36125723034698193,""endpoint_late_velocity_rms_m_per_s"":0.2762197860175527,""post_arrival_velocity_rms_m_per_s"":0.3908598463922446,""final_velocity_m_per_s"":0.4183731021057229,""sustained_Ip_max_error_A"":677.8525000000009,""position_violation"":0.5186694433333334,""endpoint_speed_violation"":2.612572303469819,""endpoint_late_speed_violation"":1.7621978601755268,""post_speed_violation"":2.908598463922446,""final_speed_violation"":3.1837310210572287,""ip_violation"":0.0,""max_violation"":3.1837310210572287,""sum_violation"":10.985769091958353,""l2_violation"":5.366188737780906,""pass"":false},{""endpoint_step"":15,""arrival_time_ms"":150,""window_start_step"":13,""sustained_box_max_error_m"":0.0455600833,""endpoint_velocity_m_per_s"":0.4183731021057229,""endpoint_late_velocity_rms_m_per_s"":0.33900773334122886,""post_arrival_velocity_rms_m_per_s"":0.4183731021057229,""final_velocity_m_per_s"":0.4183731021057229,""sustained_Ip_max_error_A"":661.5965000000033,""position_violation"":0.5186694433333334,""endpoint_speed_violation"":3.1837310210572287,""endpoint_late_speed_violation"":2.3900773334122882,""post_speed_violation"":3.1837310210572287,""final_speed_violation"":3.1837310210572287,""ip_violation"":0.0,""max_violation"":3.1837310210572287,""sum_violation"":12.459939839917308,""l2_violation"":6.032405597642222,""pass"":false}]",False,False,16.895555322790234,16.895555322790234,1354423.1343730718,0.40024394476882763,0.21120595007204396,0.04634447069950712,407.01301288604736,92
Stage3.0,screen,s30screen_0a1b42cca6a67c14,24,nominal_02_s22g005_fe6e232ce2c851ad,s22g005_fe6e232ce2c851ad,corner,hold_last,screen_template,"[-0.5951009586987541,-0.1869614547699112,-0.04516989915377853,-0.5951009586987541,-0.1869614547699112,-0.04516989915377853,-0.5951009586987541,-0.1869614547699112,-0.04516989915377853,-0.5951009586987541,-0.1869614547699112,-0.04516989915377853,-0.5951009586987541,-0.1869614547699112,-0.04516989915377853,-0.5951009586987541,-0.1869614547699112,-0.04516989915377853]",stage3_0_evaluations/screen/s30screen_0a1b42cca6a67c14.json.gz,True,,16,-0.02878538399999997,0.0446938368,681.406500000001,0.05316142755732288,0.0446938368,0.4204826953099252,0.3293405724291937,0.6492932120464047,0.4147,0,0,False,False,NEAR_FEASIBLE_120_150MS,,,,,,,,,12,120,10,0.0446938368,0.21927614469888781,0.13386818976767192,0.3293405724291937,0.4204826953099252,717.0074000000022,0.48979456,1.1927614469888779,0.3386818976767192,2.2934057242919366,3.2048269530992517,0.0,3.2048269530992517,7.519470582056785,4.160277589749144,"[{""endpoint_step"":12,""arrival_time_ms"":120,""window_start_step"":10,""sustained_box_max_error_m"":0.0446938368,""endpoint_velocity_m_per_s"":0.21927614469888781,""endpoint_late_velocity_rms_m_per_s"":0.13386818976767192,""post_arrival_velocity_rms_m_per_s"":0.3293405724291937,""final_velocity_m_per_s"":0.4204826953099252,""sustained_Ip_max_error_A"":717.0074000000022,""position_violation"":0.48979456,""endpoint_speed_violation"":1.1927614469888779,""endpoint_late_speed_violation"":0.3386818976767192,""post_speed_violation"":2.2934057242919366,""final_speed_violation"":3.2048269530992517,""ip_violation"":0.0,""max_violation"":3.2048269530992517,""sum_violation"":7.519470582056785,""l2_violation"":4.160277589749144,""pass"":false},{""endpoint_step"":13,""arrival_time_ms"":130,""window_start_step"":11,""sustained_box_max_error_m"":0.0446938368,""endpoint_velocity_m_per_s"":0.29636018569386935,""endpoint_late_velocity_rms_m_per_s"":0.19608029336093777,""post_arrival_velocity_rms_m_per_s"":0.3585985791745176,""final_velocity_m_per_s"":0.4204826953099252,""sustained_Ip_max_error_A"":705.8114000000023,""position_violation"":0.48979456,""endpoint_speed_violation"":1.9636018569386935,""endpoint_late_speed_violation"":0.9608029336093775,""post_speed_violation"":2.5859857917451756,""final_speed_violation"":3.2048269530992517,""ip_violation"":0.0,""max_violation"":3.2048269530992517,""sum_violation"":9.205012095392497,""l2_violation"":4.687964542872569,""pass"":false},{""endpoint_step"":14,""arrival_time_ms"":140,""window_start_step"":12,""sustained_box_max_error_m"":0.0446938368,""endpoint_velocity_m_per_s"":0.3480571307103823,""endpoint_late_velocity_rms_m_per_s"":0.2618020298700228,""post_arrival_velocity_rms_m_per_s"":0.3859724493363766,""final_velocity_m_per_s"":0.4204826953099252,""sustained_Ip_max_error_A"":695.392200000002,""position_violation"":0.48979456,""endpoint_speed_violation"":2.4805713071038227,""endpoint_late_speed_violation"":1.6180202987002281,""post_speed_violation"":2.8597244933637658,""final_speed_violation"":3.2048269530992517,""ip_violation"":0.0,""max_violation"":3.2048269530992517,""sum_violation"":10.652937612267069,""l2_violation"":5.24023495512314,""pass"":false},{""endpoint_step"":15,""arrival_time_ms"":150,""window_start_step"":13,""sustained_box_max_error_m"":0.0446938368,""endpoint_velocity_m_per_s"":0.4204826953099252,""endpoint_late_velocity_rms_m_per_s"":0.3293405724291937,""post_arrival_velocity_rms_m_per_s"":0.4204826953099252,""final_velocity_m_per_s"":0.4204826953099252,""sustained_Ip_max_error_A"":690.1820000000007,""position_violation"":0.48979456,""endpoint_speed_violation"":3.2048269530992517,""endpoint_late_speed_violation"":2.2934057242919366,""post_speed_violation"":3.2048269530992517,""final_speed_violation"":3.2048269530992517,""ip_violation"":0.0,""max_violation"":3.2048269530992517,""sum_violation"":12.397681143589692,""l2_violation"":6.0259734421216065,""pass"":false}]",False,False,16.092902098454967,16.092902098454967,1354736.94813,0.40497851158985787,0.20950808473932,0.0572525731595202,408.1413116455078,93
Stage3.0,screen,s30screen_00d607f8ad6ffb65,40,nominal_03_s22g004_89d222a7ea5c4cdd,s22g004_89d222a7ea5c4cdd,speed_safe,slow_ramp_zero,screen_template,"[-0.6859789086987541,-0.19247350476991118,-0.04912107915377853,-0.6173810178288787,-0.17322615429292007,-0.04420897123840068,-0.5144841815240656,-0.14435512857743338,-0.0368408093653339,-0.3772883997843148,-0.10586042762345116,-0.027016593534578193,-0.24009261804456392,-0.06736572666946891,-0.017192377703822485,-0.10289683630481311,-0.028871025715486675,-0.007368161873066779]",stage3_0_evaluations/screen/s30screen_00d607f8ad6ffb65.json.gz,True,,16,-0.028250459999999977,0.0456771772,646.0651000000034,0.05370747626887526,0.0456771772,0.42585888695450036,0.34244948896178823,0.6492672440761607,0.41455,0,0,False,False,NEAR_FEASIBLE_120_150MS,,,,,,,,,12,120,10,0.0456771772,0.23974609622149412,0.14517459130917595,0.34244948896178823,0.42585888695450036,693.7359000000033,0.5225725733333335,1.3974609622149412,0.4517459130917594,2.424494889617882,3.2585888695450036,0.0,3.2585888695450036,8.05486320780292,4.350474743728074,"[{""endpoint_step"":12,""arrival_time_ms"":120,""window_start_step"":10,""sustained_box_max_error_m"":0.0456771772,""endpoint_velocity_m_per_s"":0.23974609622149412,""endpoint_late_velocity_rms_m_per_s"":0.14517459130917595,""post_arrival_velocity_rms_m_per_s"":0.34244948896178823,""final_velocity_m_per_s"":0.42585888695450036,""sustained_Ip_max_error_A"":693.7359000000033,""position_violation"":0.5225725733333335,""endpoint_speed_violation"":1.3974609622149412,""endpoint_late_speed_violation"":0.4517459130917594,""post_speed_violation"":2.424494889617882,""final_speed_violation"":3.2585888695450036,""ip_violation"":0.0,""max_violation"":3.2585888695450036,""sum_violation"":8.05486320780292,""l2_violation"":4.350474743728074,""pass"":false},{""endpoint_step"":13,""arrival_time_ms"":130,""window_start_step"":11,""sustained_box_max_error_m"":0.0456771772,""endpoint_velocity_m_per_s"":0.3121647216275027,""endpoint_late_velocity_rms_m_per_s"":0.21020342780469178,""post_arrival_velocity_rms_m_per_s"":0.37040897186187494,""final_velocity_m_per_s"":0.42585888695450036,""sustained_Ip_max_error_A"":683.6905000000006,""position_violation"":0.5225725733333335,""endpoint_speed_violation"":2.1216472162750266,""endpoint_late_speed_violation"":1.1020342780469177,""post_speed_violation"":2.704089718618749,""final_speed_violation"":3.2585888695450036,""ip_violation"":0.0,""max_violation"":3.2585888695450036,""sum_violation"":9.70893265581903,""l2_violation"":4.890751596818263,""pass"":false},{""endpoint_step"":14,""arrival_time_ms"":140,""window_start_step"":12,""sustained_box_max_error_m"":0.0456771772,""endpoint_velocity_m_per_s"":0.3644253205807901,""endpoint_late_velocity_rms_m_per_s"":0.27760439460878983,""post_arrival_velocity_rms_m_per_s"":0.3963342061181053,""final_velocity_m_per_s"":0.42585888695450036,""sustained_Ip_max_error_A"":680.7676000000029,""position_violation"":0.5225725733333335,""endpoint_speed_violation"":2.6442532058079005,""endpoint_late_speed_violation"":1.7760439460878983,""post_speed_violation"":2.963342061181053,""final_speed_violation"":3.2585888695450036,""ip_violation"":0.0,""max_violation"":3.2585888695450036,""sum_violation"":11.164800655955188,""l2_violation"":5.460703874185856,""pass"":false},{""endpoint_step"":15,""arrival_time_ms"":150,""window_start_step"":13,""sustained_box_max_error_m"":0.0456771772,""endpoint_velocity_m_per_s"":0.42585888695450036,""endpoint_late_velocity_rms_m_per_s"":0.34244948896178823,""post_arrival_velocity_rms_m_per_s"":0.42585888695450036,""final_velocity_m_per_s"":0.42585888695450036,""sustained_Ip_max_error_A"":665.9383000000016,""position_violation"":0.5225725733333335,""endpoint_speed_violation"":3.2585888695450036,""endpoint_late_speed_violation"":2.424494889617882,""post_speed_violation"":3.2585888695450036,""final_speed_violation"":3.2585888695450036,""ip_violation"":0.0,""max_violation"":3.2585888695450036,""sum_violation"":12.722834071586227,""l2_violation"":6.164938104016228,""pass"":false}]",False,False,17.1396612307615,17.1396612307615,1362445.954190671,0.40089021657125884,0.21080938073420852,0.04634447069950712,393.83028197288513,94
Stage3.0,screen,s30screen_10e55a74bb00ac00,41,nominal_03_s22g004_89d222a7ea5c4cdd,s22g004_89d222a7ea5c4cdd,speed_safe,continue_slope_decay,screen_template,"[-0.6859789086987541,-0.19247350476991118,-0.04912107915377853,-0.613469969192254,0.012795787513309093,-0.09644757069244524,-0.5772154994390041,0.11543043365491923,-0.1201108164617786,-0.559088264562379,0.16674775672572428,-0.13194243934644528,-0.5500246471240665,0.1924064182611268,-0.1378582507887786,-0.5454928384049103,0.20523574902882807,-0.14081615650994528]",stage3_0_evaluations/screen/s30screen_10e55a74bb00ac00.json.gz,True,,16,-0.02715517199999995,0.0455781415,826.4405000000006,0.05305440932612108,0.0455781415,0.42974515786644124,0.34123906923199104,0.6492672440761607,0.41455,0,0,False,False,NEAR_FEASIBLE_120_150MS,,,,,,,,,12,120,10,0.0455781415,0.2384324130170295,0.14457786509898252,0.34123906923199104,0.42974515786644124,826.4405000000006,0.5192713833333336,1.3843241301702949,0.44577865098982516,2.41239069231991,3.297451578664412,0.0,3.297451578664412,8.059216435477776,4.367783240801577,"[{""endpoint_step"":12,""arrival_time_ms"":120,""window_start_step"":10,""sustained_box_max_error_m"":0.0455781415,""endpoint_velocity_m_per_s"":0.2384324130170295,""endpoint_late_velocity_rms_m_per_s"":0.14457786509898252,""post_arrival_velocity_rms_m_per_s"":0.34123906923199104,""final_velocity_m_per_s"":0.42974515786644124,""sustained_Ip_max_error_A"":826.4405000000006,""position_violation"":0.5192713833333336,""endpoint_speed_violation"":1.3843241301702949,""endpoint_late_speed_violation"":0.44577865098982516,""post_speed_violation"":2.41239069231991,""final_speed_violation"":3.297451578664412,""ip_violation"":0.0,""max_violation"":3.297451578664412,""sum_violation"":8.059216435477776,""l2_violation"":4.367783240801577,""pass"":false},{""endpoint_step"":13,""arrival_time_ms"":130,""window_start_step"":11,""sustained_box_max_error_m"":0.0455781415,""endpoint_velocity_m_per_s"":0.30671372908399785,""endpoint_late_velocity_rms_m_per_s"":0.20777199695963494,""post_arrival_velocity_rms_m_per_s"":0.3692002139328285,""final_velocity_m_per_s"":0.42974515786644124,""sustained_Ip_max_error_A"":826.4405000000006,""position_violation"":0.5192713833333336,""endpoint_speed_violation"":2.0671372908399785,""endpoint_late_speed_violation"":1.077719969596349,""post_speed_violation"":2.6920021393282845,""final_speed_violation"":3.297451578664412,""ip_violation"":0.0,""max_violation"":3.297451578664412,""sum_violation"":9.653582361762357,""l2_violation"":4.881008309087519,""pass"":false},{""endpoint_step"":14,""arrival_time_ms"":140,""window_start_step"":12,""sustained_box_max_error_m"":0.0455781415,""endpoint_velocity_m_per_s"":0.36079382143528244,""endpoint_late_velocity_rms_m_per_s"":0.2745715087044369,""post_arrival_velocity_rms_m_per_s"":0.39677013641120157,""final_velocity_m_per_s"":0.42974515786644124,""sustained_Ip_max_error_A"":826.4405000000006,""position_violation"":0.5192713833333336,""endpoint_speed_violation"":2.6079382143528242,""endpoint_late_speed_violation"":1.7457150870443692,""post_speed_violation"":2.9677013641120156,""final_speed_violation"":3.297451578664412,""ip_violation"":0.0,""max_violation"":3.297451578664412,""sum_violation"":11.138077627506956,""l2_violation"":5.45884089938091,""pass"":false},{""endpoint_step"":15,""arrival_time_ms"":150,""window_start_step"":13,""sustained_box_max_error_m"":0.0455781415,""endpoint_velocity_m_per_s"":0.42974515786644124,""endpoint_late_velocity_rms_m_per_s"":0.34123906923199104,""post_arrival_velocity_rms_m_per_s"":0.42974515786644124,""final_velocity_m_per_s"":0.42974515786644124,""sustained_Ip_max_error_A"":826.4405000000006,""position_violation"":0.5192713833333336,""endpoint_speed_violation"":3.297451578664412,""endpoint_late_speed_violation"":2.41239069231991,""post_speed_violation"":3.297451578664412,""final_speed_violation"":3.297451578664412,""ip_violation"":0.0,""max_violation"":3.297451578664412,""sum_violation"":12.82401681164648,""l2_violation"":6.221642256096851,""pass"":false}]",False,False,17.008380420901904,17.008380420901904,1366366.815229575,0.4061671845603954,0.210668156350226,0.04634447069950712,399.9608778953552,95
Stage3.0,screen,s30screen_8511ccb0195f1b73,36,nominal_03_s22g004_89d222a7ea5c4cdd,s22g004_89d222a7ea5c4cdd,speed_safe,hold_last,screen_template,"[-0.6859789086987541,-0.19247350476991118,-0.04912107915377853,-0.6859789086987541,-0.19247350476991118,-0.04912107915377853,-0.6859789086987541,-0.19247350476991118,-0.04912107915377853,-0.6859789086987541,-0.19247350476991118,-0.04912107915377853,-0.6859789086987541,-0.19247350476991118,-0.04912107915377853,-0.6859789086987541,-0.19247350476991118,-0.04912107915377853]",stage3_0_evaluations/screen/s30screen_8511ccb0195f1b73.json.gz,True,,16,-0.028139267999999995,0.0463903209,671.0511000000006,0.054257536589683096,0.0463903209,0.4723004518038623,0.3633576712167578,0.6492672440761607,0.41455,0,0,False,False,NEAR_FEASIBLE_120_150MS,,,,,,,,,12,120,10,0.0463903209,0.2411229781172313,0.14577291340842244,0.3633576712167578,0.4723004518038623,693.7359000000033,0.54634403,1.4112297811723127,0.4577291340842242,2.633576712167578,3.723004518038623,0.0,3.723004518038623,8.771884175462738,4.826599858573442,"[{""endpoint_step"":12,""arrival_time_ms"":120,""window_start_step"":10,""sustained_box_max_error_m"":0.0463903209,""endpoint_velocity_m_per_s"":0.2411229781172313,""endpoint_late_velocity_rms_m_per_s"":0.14577291340842244,""post_arrival_velocity_rms_m_per_s"":0.3633576712167578,""final_velocity_m_per_s"":0.4723004518038623,""sustained_Ip_max_error_A"":693.7359000000033,""position_violation"":0.54634403,""endpoint_speed_violation"":1.4112297811723127,""endpoint_late_speed_violation"":0.4577291340842242,""post_speed_violation"":2.633576712167578,""final_speed_violation"":3.723004518038623,""ip_violation"":0.0,""max_violation"":3.723004518038623,""sum_violation"":8.771884175462738,""l2_violation"":4.826599858573442,""pass"":false},{""endpoint_step"":13,""arrival_time_ms"":130,""window_start_step"":11,""sustained_box_max_error_m"":0.0463903209,""endpoint_velocity_m_per_s"":0.31769916887110405,""endpoint_late_velocity_rms_m_per_s"":0.21267592365095994,""post_arrival_velocity_rms_m_per_s"":0.39580083305965014,""final_velocity_m_per_s"":0.4723004518038623,""sustained_Ip_max_error_A"":684.3856000000014,""position_violation"":0.54634403,""endpoint_speed_violation"":2.1769916887110403,""endpoint_late_speed_violation"":1.1267592365095993,""post_speed_violation"":2.9580083305965013,""final_speed_violation"":3.723004518038623,""ip_violation"":0.0,""max_violation"":3.723004518038623,""sum_violation"":10.531107803855765,""l2_violation"":5.377540972796728,""pass"":false},{""endpoint_step"":14,""arrival_time_ms"":140,""window_start_step"":12,""sustained_box_max_error_m"":0.0463903209,""endpoint_velocity_m_per_s"":0.38206598864151253,""endpoint_late_velocity_rms_m_per_s"":0.2853102148453689,""post_arrival_velocity_rms_m_per_s"":0.42955915567634506,""final_velocity_m_per_s"":0.4723004518038623,""sustained_Ip_max_error_A"":683.6887999999999,""position_violation"":0.54634403,""endpoint_speed_violation"":2.8206598864151253,""endpoint_late_speed_violation"":1.8531021484536887,""post_speed_violation"":3.2955915567634504,""final_speed_violation"":3.723004518038623,""ip_violation"":0.0,""max_violation"":3.723004518038623,""sum_violation"":12.238702139670886,""l2_violation"":6.034093794174751,""pass"":false},{""endpoint_step"":15,""arrival_time_ms"":150,""window_start_step"":13,""sustained_box_max_error_m"":0.0463903209,""endpoint_velocity_m_per_s"":0.4723004518038623,""endpoint_late_velocity_rms_m_per_s"":0.3633576712167578,""post_arrival_velocity_rms_m_per_s"":0.4723004518038623,""final_velocity_m_per_s"":0.4723004518038623,""sustained_Ip_max_error_A"":673.5909000000029,""position_violation"":0.54634403,""endpoint_speed_violation"":3.723004518038623,""endpoint_late_speed_violation"":2.633576712167578,""post_speed_violation"":3.723004518038623,""final_speed_violation"":3.723004518038623,""ip_violation"":0.0,""max_violation"":3.723004518038623,""sum_violation"":14.348934296283447,""l2_violation"":6.986880993833803,""pass"":false}]",False,False,18.64684131276226,18.64684131276226,1412233.2352055996,0.41040981531063814,0.20986606099226973,0.04634447069950712,403.59039878845215,96
