candidate_id,vector,source_name,source_type,linear_prefilter_score,predicted_terminal_R_error_m,predicted_terminal_Z_error_m,predicted_terminal_Ip_error_A,predicted_late_RZ_rms_m,action_rms,delta_action_rms,repair_excess_rms,predicted_terminal_velocity_m_per_s,predicted_late_velocity_rms_m_per_s,proposal_rank_score,population_index,generation
s21g000_06a164d5de55750f,"[2.415683345523593,1.2134774513649513,0.47907036778035206,1.171504546461472,1.8784632928826452,0.10337591932725043,-0.26590544639889224,2.1786969706242534,-0.261960531873909,-0.8351852201650649,-1.3573135959693288,0.15977816185308458,-0.38147750995002294,-0.22123391397199035,0.06203426961659384]",damped_archive_00,anchor_damped,2.9222063039472856,-0.027187683760857007,0.03190090010138444,909.4922683508848,0.041717449763310446,0.46408910998224934,0.25040645931724936,0.06575194255408535,0.029019077076954607,0.10078479496895638,3.611922411451971,0,0
s21g000_8f5a52f07e64d455,"[2.247030050762817,1.3147295601497544,0.5387612828747051,1.142847997861797,1.830604037163645,-0.02634444110647284,-0.0449245784422273,1.9043616623095327,-0.30995978668261204,-1.041803605395153,-1.0951014304688147,0.04764230812642819,-0.1879435380265099,-0.5436243515862959,0.12205317113612935]",damped_archive_01,anchor_damped,2.8993861877654714,-0.02641066143438231,0.032362036809724715,959.0028738370129,0.04162337351265115,0.4560762304500689,0.22930940433833893,0.026850567371528623,0.01849036194883994,0.08840490596515094,3.419355240656407,1,0
s21g000_943748603b4cd145,"[2.1702746177906564,1.3420738595155202,0.5309182189251581,1.1468060565986158,1.7872350452774226,-0.09114664831608653,-0.22498265607868184,2.228019067161287,-0.187102588874181,-0.5294228127113354,-1.4755453763860205,-0.04283165531039945,-1.2143636086126715,0.26324302442904257,-0.24776977061582597]",damped_archive_02,anchor_damped,2.9427083817557365,-0.026167215812471056,0.0329583316841503,1279.3855028386752,0.04185848680201296,0.4683634681106785,0.2617880926739838,0.06179165452683218,0.0348737874168524,0.09141407862036774,3.52844941351429,2,0
s21g000_ed1c6a61d08c8aac,"[2.1345242863800262,1.356483886123887,0.5457577762959237,1.2264365057610833,1.8607195993767942,0.030475201404284977,-0.16444110053402253,1.7350947505657404,-0.18225306802054064,-0.4981324428969991,-1.1803348769156716,0.10734417549633521,-0.8740735562860584,0.03140283949748218,0.08736528977203496]",damped_archive_03,anchor_damped,2.9236202260975017,-0.02675667514241664,0.03224071929387781,968.3080697035621,0.04183411220415948,0.44351332123301324,0.22705315287137656,0.014008225791224778,0.05358401308092586,0.09763572116999092,3.6437415652674647,3,0
s21g000_c954451f34c62173,"[2.110416686444506,1.5597962470523958,0.45951909290122384,1.4474374636764553,1.9529490290822473,0.06964759567253982,-0.09652126483998504,1.7058858146912987,-0.390662260300405,-0.9002865262386224,-1.0321671090684699,0.05344292464877747,-0.011833804538852133,-0.2906252386106283,0.14729173933499523]",damped_archive_04,anchor_damped,2.9324452584143543,-0.02594924304440438,0.03297839454618109,1010.0796580451679,0.041830184345842944,0.43529591115559974,0.21727818998178053,0.05750996366595586,0.05290117233719439,0.10605597341093098,3.7615054668761947,4,0
s21g000_a2b6679192c74de8,"[2.2645883220547898,1.2997202805848753,0.5495174306996609,1.4512715397549834,2.211817476019101,0.05991386034020828,-0.33108978659923216,2.1438698311080455,-0.4034083111937932,-0.9957630016956409,-0.9154442993481521,-0.16736056521671278,0.11477234513140866,-0.3982914900737462,-0.13011602609394884]",damped_archive_05,anchor_damped,2.883461246959477,-0.025088214675591303,0.0327567660077658,1241.32135244675,0.04139872051593139,0.4509849270534578,0.22451699412026918,0.12160436887420942,0.07790954663988955,0.13273739847127927,4.241156759916642,5,0
s21g000_f79bcef630f797d0,"[2.220974234746594,1.2737054564415586,0.4486918949954881,1.3448137536553675,2.062484208689524,0.04658160163475672,0.30859869457205164,1.7658500522590823,-0.23676304935122824,-1.007892673107946,-0.647590666666096,0.028988913296983693,-0.3187899187357653,-0.37152809739327,0.11836190539686756]",precise_archive_00,anchor_precise,2.6955261833751663,-0.026289904587391777,0.029405324934066057,1016.1945031772811,0.04049852748033753,0.44552252246364543,0.20385926431193485,0.052321481616354,0.11591770313519638,0.1582639010852463,4.79390322501689,6,0
s21g000_9a01c48cdbeace96,"[2.2606992592583808,1.404269133696333,0.5980014101488207,1.1817397989137477,1.990161646202365,0.03404118924906222,0.08373763267911216,2.045056915996485,-0.21625951688949646,-0.9056663361469208,-0.8231672677145154,0.17818535292853807,0.022085080178594618,-0.4793145712885144,0.0011664131713775491]",precise_archive_01,anchor_precise,2.6669002683999903,-0.024379176993576057,0.030878789810609222,927.9916527360765,0.04024393137916895,0.4515196141508601,0.21755663279874868,0.04496882688273693,0.09497498681293753,0.1423261164341181,4.299295974853288,7,0
s21g000_3e43d94724833981,"[2.2672975865638523,1.500740350305654,0.5512969356210442,1.1449038256707602,1.8182732640682946,0.08880741139026146,0.15025656042686056,2.0524390800138717,-0.050128684320243255,-0.6479117735663646,-1.2625035505907207,-0.22809652822123552,-0.5261212904586394,-0.9401370174562932,-0.06851374221665837]",precise_archive_02,anchor_precise,2.7242558962618992,-0.02574001058773623,0.03067715332092437,1017.4500872075951,0.04056169687602023,0.4743643294182446,0.23339435213978743,0.026766109616738802,0.07790207692333126,0.13865917722349316,4.186375454715046,8,0
s21g000_9bf4c84764854a87,"[2.322758309646906,1.4308406360843704,0.5997018582620294,1.281875236156665,1.9328697783597217,0.0856682885260331,-0.13083100566431544,2.0381467565078704,-0.5270289451054507,-0.7269646784069602,-0.8594349103539235,0.1434628959817234,0.13597221373408996,-0.6363432978996646,-0.10875206829376703]",precise_archive_03,anchor_precise,2.795281332390352,-0.025888452993321986,0.031136001094080233,1039.708252688677,0.0409739406326628,0.44384837097668284,0.2108046846447163,0.08818778103041586,0.0874615410314572,0.12983640846298453,4.158751615543109,9,0
s21g000_3021e03a6f0d44dc,"[2.2024906997751312,1.647389823609512,0.5769061771305559,1.170315905233223,1.7923740584168875,0.08610679544274352,-0.07809021073680578,1.8437377684708183,-0.359375197530143,-0.5443872174053672,-1.2256688324980938,0.11575360655544747,-1.1155058585137485,0.3737717997543314,-0.13876346175046436]",damped_archive_fill_06,anchor_damped,2.9196028246207772,-0.02535829154109326,0.033279872287483706,1182.5322665239,0.04176852549028128,0.4486577472017701,0.23327094627859032,0.048967130192581594,0.07039220263930503,0.11112152527743312,3.8956495710541397,10,0
s21g000_b358828ecc38d333,"[2.1367530336106855,1.3895644436244865,0.37029087242110514,1.304466579173073,1.9151747144167277,-0.04978230766606484,-0.17023212335790677,1.8199126405318347,0.004591760992504773,-0.7285647001350409,-1.241521910434138,-0.006846342681427017,0.07512493844578494,0.012018819200463216,0.022358979915544946]",damped_archive_fill_07,anchor_damped,3.0073027044221226,-0.02661390679689335,0.03326427512415867,1035.9039743972244,0.042343358401802894,0.4325658578910038,0.23689635298356998,0.04102401350994843,0.04002512657776317,0.09116447306830167,3.603585555675303,11,0
s21g000_bc460db25d98c5d6,"[2.415683345523593,1.2134774513649513,0.47907036778035206,1.171504546461472,1.8784632928826452,0.10337591932725043,-0.34590544639889226,2.1786969706242534,-0.261960531873909,-0.8351852201650649,-1.3573135959693288,0.15977816185308458,-0.38147750995002294,-0.22123391397199035,0.06203426961659384]",tail_fd_n2_m0_m,sensitivity,2.947634467971685,-0.027034781159106402,0.032356932650176695,910.0316666423132,0.04186285671224476,0.46423275701462735,0.2510738098680628,0.06666684661029114,0.02413869317962713,0.09482257246376062,3.552463961928325,12,0
s21g000_f5719c56d8d2dd6f,"[2.415683345523593,1.2134774513649513,0.47907036778035206,1.171504546461472,1.8784632928826452,0.10337591932725043,-0.18590544639889223,2.1786969706242534,-0.261960531873909,-0.8351852201650649,-1.3573135959693288,0.15977816185308458,-0.38147750995002294,-0.22123391397199035,0.06203426961659384]",tail_fd_n2_m0_p,sensitivity,2.8971930650843025,-0.02734104430820472,0.03144344118620876,908.9516896940477,0.04157356132738514,0.4640624959451825,0.24988022628604015,0.06483960193625792,0.035091048902881665,0.10745250540892762,3.6907840847555726,13,0
s21g000_2d2562214b460616,"[2.415683345523593,1.2134774513649513,0.47907036778035206,1.171504546461472,1.8784632928826452,0.10337591932725043,-0.26590544639889224,2.0986969706242533,-0.261960531873909,-0.8351852201650649,-1.3573135959693288,0.15977816185308458,-0.38147750995002294,-0.22123391397199035,0.06203426961659384]",tail_fd_n2_m1_m,sensitivity,2.927867596057023,-0.027298365393393365,0.031925799144084915,909.4756020905406,0.04176478176077093,0.4636947376969995,0.24982762859316104,0.05335603024723167,0.027431290540391763,0.09816398234428063,3.580555128511657,14,0
s21g000_a873691f2698c894,"[2.415683345523593,1.2134774513649513,0.47907036778035206,1.171504546461472,1.8784632928826452,0.10337591932725043,-0.26590544639889224,2.2586969706242535,-0.261960531873909,-0.8351852201650649,-1.3573135959693288,0.15977816185308458,-0.38147750995002294,-0.22123391397199035,0.06203426961659384]",tail_fd_n2_m1_p,sensitivity,2.917906291630747,-0.027081529002904725,0.031878983376930674,909.5502591146869,0.041673615726633306,0.46446703815194074,0.2510631699624203,0.0786609648395056,0.030856309798589016,0.10379194463056672,3.651460111596925,15,0
s21g000_9ee74ae80af237a0,"[2.415683345523593,1.2134774513649513,0.47907036778035206,1.171504546461472,1.8784632928826452,0.10337591932725043,-0.26590544639889224,2.1786969706242534,-0.29696053187390903,-0.8351852201650649,-1.3573135959693288,0.15977816185308458,-0.38147750995002294,-0.22123391397199035,0.06203426961659384]",tail_fd_n2_m2_m,sensitivity,2.9348426219201533,-0.02729489403229446,0.03194986029386188,919.4023743622456,0.041784635433367044,0.46304539681752127,0.24960390898825507,0.07097993545052682,0.027053864852499766,0.09889060045753079,3.596117333866474,16,0
s21g000_63c19d8845bea51c,"[2.415683345523593,1.2134774513649513,0.47907036778035206,1.171504546461472,1.8784632928826452,0.10337591932725043,-0.26590544639889224,2.1786969706242534,-0.226960531873909,-0.8351852201650649,-1.3573135959693288,0.15977816185308458,-0.38147750995002294,-0.22123391397199035,0.06203426961659384]",tail_fd_n2_m2_p,sensitivity,2.9112512525363368,-0.027091345935297273,0.031860488224950495,899.2772343796569,0.041659837034064215,0.46504097289640595,0.2512337419564906,0.060653041006048194,0.031012767113310396,0.10259429708220408,3.629077299473642,17,0
s21g000_d99af155860c6bd6,"[2.415683345523593,1.2134774513649513,0.47907036778035206,1.171504546461472,1.8784632928826452,0.10337591932725043,-0.26590544639889224,2.1786969706242534,-0.261960531873909,-0.9151852201650649,-1.3573135959693288,0.15977816185308458,-0.38147750995002294,-0.22123391397199035,0.06203426961659384]",tail_fd_n3_m0_m,sensitivity,2.9321173185190177,-0.027093231736562307,0.032133104650657475,910.3963785286905,0.04176558209141465,0.46632003934954175,0.2516498444577969,0.06575194255408535,0.02468720555796477,0.09955183014767456,3.597635200232004,18,0
s21g000_88ce20149df80c21,"[2.415683345523593,1.2134774513649513,0.47907036778035206,1.171504546461472,1.8784632928826452,0.10337591932725043,-0.26590544639889224,2.1786969706242534,-0.261960531873909,-0.755185220165065,-1.3573135959693288,0.15977816185308458,-0.38147750995002294,-0.22123391397199035,0.06203426961659384]",tail_fd_n3_m0_p,sensitivity,2.912413556063162,-0.027282135785151596,0.03166869555211141,908.5881581730791,0.04166974887968172,0.46202608614054874,0.24932669653413614,0.06575194255408535,0.03381059917389676,0.10214953710348784,3.6306683531202832,19,0
s21g000_e00bc71246b9f4fb,"[2.415683345523593,1.2134774513649513,0.47907036778035206,1.171504546461472,1.8784632928826452,0.10337591932725043,-0.26590544639889224,2.1786969706242534,-0.261960531873909,-0.8351852201650649,-1.4373135959693288,0.15977816185308458,-0.38147750995002294,-0.22123391397199035,0.06203426961659384]",tail_fd_n3_m1_m,sensitivity,2.939848610707478,-0.02741735922750077,0.03197066466168153,901.2271860486981,0.04180508012821509,0.4666389776396297,0.255418798107253,0.06575194255408535,0.023120857671396343,0.09785716807102367,3.5810003500758487,20,0
s21g000_bd35696f7b749e38,"[2.415683345523593,1.2134774513649513,0.47907036778035206,1.171504546461472,1.8784632928826452,0.10337591932725043,-0.26590544639889224,2.1786969706242534,-0.261960531873909,-0.8351852201650649,-1.2773135959693287,0.15977816185308458,-0.38147750995002294,-0.22123391397199035,0.06203426961659384]",tail_fd_n3_m1_p,sensitivity,2.904674654523741,-0.02695800829421313,0.03183113554108735,917.7573506530716,0.04163010218179959,0.4617039613440122,0.2454642201904484,0.06575194255408535,0.035058544792204445,0.10376864421026784,3.6476087581073013,21,0
s21g000_794cbf5904d43420,"[2.415683345523593,1.2134774513649513,0.47907036778035206,1.171504546461472,1.8784632928826452,0.10337591932725043,-0.26590544639889224,2.1786969706242534,-0.261960531873909,-0.8351852201650649,-1.3573135959693288,0.12477816185308457,-0.38147750995002294,-0.22123391397199035,0.06203426961659384]",tail_fd_n3_m2_m,sensitivity,2.9215212784274502,-0.02716924335493942,0.03190639015519042,929.3019857078434,0.041713808058674015,0.4639711371567938,0.2501769357838752,0.06575194255408535,0.028301232497402164,0.10064083652536696,3.607912438532137,22,0
s21g000_d5c03b880ae2b712,"[2.415683345523593,1.2134774513649513,0.47907036778035206,1.171504546461472,1.8784632928826452,0.10337591932725043,-0.26590544639889224,2.1786969706242534,-0.261960531873909,-0.8351852201650649,-1.3573135959693288,0.19477816185308458,-0.38147750995002294,-0.22123391397199035,0.06203426961659384]",tail_fd_n3_m2_p,sensitivity,2.9228931006423027,-0.02720612416677448,0.03189541004757847,889.6825509939263,0.04172109468119324,0.46424108512268325,0.25066809577825616,0.06575194255408535,0.029814785941640547,0.10093477029119434,3.616214162261258,23,0
s21g000_1b61c9b23e72f941,"[2.415683345523593,1.2134774513649513,0.47907036778035206,1.171504546461472,1.8784632928826452,0.10337591932725043,-0.26590544639889224,2.1786969706242534,-0.261960531873909,-0.8351852201650649,-1.3573135959693288,0.15977816185308458,-0.46147750995002296,-0.22123391397199035,0.06203426961659384]",tail_fd_n4_m0_m,sensitivity,2.923254681216331,-0.027176894864193724,0.03192850590834069,911.0294244592515,0.04172160976297543,0.4653517125995663,0.250056554589371,0.06575194255408535,0.028938242469789814,0.10072399903105159,3.6120105056722163,24,0
s21g000_ebfd1abf8c20659d,"[2.415683345523593,1.2134774513649513,0.47907036778035206,1.171504546461472,1.8784632928826452,0.10337591932725043,-0.26590544639889224,2.1786969706242534,-0.261960531873909,-0.8351852201650649,-1.3573135959693288,0.15977816185308458,-0.3014775099500229,-0.22123391397199035,0.06203426961659384]",tail_fd_n4_m0_p,sensitivity,2.921161514169445,-0.02719847265752018,0.03187329429442819,907.9551122425182,0.04171329484595408,0.46297668387415086,0.2508233874190321,0.06575194255408535,0.02961588726967116,0.10120593738865721,3.6176317560029823,25,0
s21g000_e77222d1c1c03494,"[2.415683345523593,1.2134774513649513,0.47907036778035206,1.171504546461472,1.8784632928826452,0.10337591932725043,-0.26590544639889224,2.1786969706242534,-0.261960531873909,-0.8351852201650649,-1.3573135959693288,0.15977816185308458,-0.38147750995002294,-0.30123391397199034,0.06203426961659384]",tail_fd_n4_m1_m,sensitivity,2.9240671343894835,-0.027217199979997386,0.03190819203779865,896.6168186931791,0.04172521101185877,0.4653305781692076,0.2494783473491364,0.06575194255408535,0.028479457821649505,0.10104239577522575,3.6160766908728403,26,0
s21g000_1fb6156d9ad01715,"[2.415683345523593,1.2134774513649513,0.47907036778035206,1.171504546461472,1.8784632928826452,0.10337591932725043,-0.26590544639889224,2.1786969706242534,-0.261960531873909,-0.8351852201650649,-1.3573135959693288,0.15977816185308458,-0.38147750995002294,-0.14123391397199037,0.06203426961659384]",tail_fd_n4_m1_p,sensitivity,2.920349309590149,-0.027158167541716516,0.03189360816497022,922.3677180085906,0.041709692936993156,0.46299792575255216,0.2513985011359627,0.06575194255408535,0.029536260696971996,0.10046888142362011,3.6069927326921043,27,0
s21g000_aa1c3364297e7f64,"[2.415683345523593,1.2134774513649513,0.47907036778035206,1.171504546461472,1.8784632928826452,0.10337591932725043,-0.26590544639889224,2.1786969706242534,-0.261960531873909,-0.8351852201650649,-1.3573135959693288,0.15977816185308458,-0.38147750995002294,-0.22123391397199035,0.027034269616593838]",tail_fd_n4_m2_m,sensitivity,2.9221269702769477,-0.02718387969438174,0.031902660039474534,926.3059264334188,0.04171699705211889,0.4640135321094304,0.25044906933212296,0.06575194255408535,0.028813566406776042,0.10086013888180068,3.6124146215863147,28,0
s21g000_3843b2936c2ef769,"[2.415683345523593,1.2134774513649513,0.47907036778035206,1.171504546461472,1.8784632928826452,0.10337591932725043,-0.26590544639889224,2.1786969706242534,-0.261960531873909,-0.8351852201650649,-1.3573135959693288,0.15977816185308458,-0.38147750995002294,-0.22123391397199035,0.09703426961659384]",tail_fd_n4_m2_p,sensitivity,2.922286352418402,-0.02719148782733216,0.03189914016329434,892.6786102683509,0.041717902585325525,0.4641939985068586,0.25037678584037587,0.06575194255408535,0.029277310291913168,0.1006599978170269,3.610895269279967,29,0
s21g000_65175cb0385a3110,"[2.0022025750249073,1.4753179781075756,0.4688329293660869,1.1710619962519169,1.9222963920897258,0.0372253763159934,-0.23431210604138972,2.0887735962859693,-0.22086467929074796,-0.7965813666044725,-1.0088969457299968,0.13239891997771017,-0.4001218654136104,-0.2630908416419451,-0.07038125028259208]",damped_parent_20,damped_tail,2.878205434023709,-0.023035300476661025,0.03450970247490922,1042.7262738564204,0.04150194396767239,0.44464161869094887,0.2188962082752363,0.04755178749138435,0.024248833109217837,0.07498524276610391,3.264266771899213,30,0
s21g000_aa25cc87d3d4060e,"[1.9482652295221925,1.510604076687228,0.429811666066487,1.2627322484185972,1.7550844484301171,0.15840002636879005,-0.14232139781249134,1.8005439108682033,-0.2720419703788506,-0.5492885554326644,-1.4032361390399626,0.38539641634192323,-0.7555390298968757,0.1444663918656875,0.03059632925528752]",damped_parent_17,damped_tail,2.970819283413759,-0.02627316321640205,0.033345486538121805,854.7981749638311,0.04206353023964947,0.4459535289471037,0.24480903094126064,0.007417947359851574,0.0223441159682996,0.06924225600880485,3.299935217675204,31,0
s21g000_7c161433da3b5519,"[2.1564444893904606,1.5470759299709402,0.47312219576010506,1.2641124791293226,1.8242703128182918,0.1315193352694544,-0.36558889466042216,2.021549435626548,-0.22969040269668098,-0.46473699893507386,-1.6878589348885178,0.19076606673092622,-0.36304158838847506,-0.06485601706710908,-0.06616299595037328]",damped_parent_16,damped_tail,2.992501196418853,-0.0263193430924481,0.0336698426859135,936.6065214105474,0.042102928512907985,0.4567977159735832,0.265309193812802,0.04637821955889074,0.016002880878049186,0.06867947364988747,3.3080609798464122,32,0
s21g000_7991e6e67985da7d,"[1.9671949602974454,1.4709136244657204,0.5477526544444604,1.2616392839459447,1.9023826556631187,0.05303854004470385,-0.24736819961992157,1.8653869971541583,-0.11991500725495348,-0.6254183350637466,-1.2247939510636694,0.1804740383662196,-0.07887659180263146,-0.4946561890126583,0.017951702697691148]",damped_parent_09,damped_tail,2.9409888845518966,-0.024786610777504547,0.03405832741945821,844.5535430522832,0.04190250062668343,0.4447218682232461,0.23049465522013365,0.02160629132706923,0.025285422939950293,0.07487047318828541,3.327729430119177,33,0
s21g000_599f367721b2d64c,"[2.115955376514202,1.4901383249665934,0.49428540889132205,1.1082359515578932,2.0038747872973643,0.17520033844248312,0.01892088503972076,1.7802150744004794,-0.3347245093691213,-0.9467045264414684,-1.4018862712579503,0.13634233008976904,-0.21814181757438728,-0.36027804090166304,-0.3276387303675609]",damped_parent_21,damped_tail,3.033686958430456,-0.025515843809923,0.03471978358822658,1093.6516781392456,0.0423691338160028,0.45152496875240994,0.24199561554282148,0.04401207611876042,0.0,0.06822403763817611,3.3362307136880487,34,0
s21g000_a061b07e61a8ef04,"[2.0137372884609994,1.4909503692144663,0.44892978900444025,1.2621613390489979,1.8931652603369384,0.04286315137823707,-0.15701073444455302,1.9452262723123903,-0.22207316142022213,-0.7830735067032973,-1.188185212773989,0.12619981468045807,-0.7318043347920394,-0.5432171116039619,-0.04095892851564898]",damped_parent_20,damped_tail,2.9241007665293783,-0.02473778510605895,0.033971107775131085,972.6991307168828,0.0417565040320671,0.4571411937006872,0.22442425772423544,0.03227325580402018,0.019234431091731254,0.07879472823601202,3.340609081265322,35,0
s21g000_a02c2a3208d5032b,"[1.8996772011017093,1.5888217231943933,0.403191426291631,1.3038215375614086,1.663326036156343,0.18409289173004276,-0.360866213580333,2.0541381576704545,-0.30686835539957186,-0.48741796892726513,-1.3563673047890388,0.3003885220900752,-1.0885655970119825,0.14631049081368835,-0.07053160068762278]",damped_parent_17,damped_tail,3.027332842798297,-0.025219196700486113,0.0346853262693117,973.7141741616433,0.042385497534780804,0.45051490569795927,0.24602589844325365,0.05367827390794391,0.026943200147791696,0.06681707244395592,3.342934480044191,36,0
s21g000_61aeb5de79593a6d,"[2.067412808183341,1.6201464901051386,0.4872249865333052,1.355614605174847,1.9002538818217884,0.015118348326636256,-0.2957085396702051,1.9647408549014584,-0.38808799066089295,-1.06007516512493,-1.2829187374699587,-0.15221380709652438,-0.05336658595611496,0.2686301670543923,-0.19532473920970947]",damped_parent_12,damped_tail,3.03576964530298,-0.02439659835208763,0.035464166611955616,1371.6123476167159,0.04234873345325746,0.44504424968255174,0.24500019281177338,0.06919083115307992,0.006347030714857202,0.06925395952564296,3.348926822412978,37,0
s21g000_e070274e451b41c9,"[2.1764268678256182,1.5328475602117009,0.4643831744494164,1.1124878092349917,1.9455392796454087,0.1561844479969341,-0.09872324974826477,2.009732014772169,-0.3437912700274627,-0.9082645395346879,-1.4182108458705696,0.14094574266790846,-0.41011461233581276,-0.4862259412936538,-0.21074794921778445]",damped_parent_21,damped_tail,3.009377613024964,-0.024972078425275046,0.034842576062837305,1033.6290258988229,0.04218261829888999,0.45981284329623967,0.2407769451939786,0.06161940541671128,0.0,0.07228836800163953,3.349042142667094,38,0
s21g000_b7d9f8e09aba9642,"[1.9006872619729682,1.4579095683848433,0.40294228578191094,1.3026042420783412,1.6728449448164882,0.19683306591631217,-0.29080937243396787,1.8396068368226912,-0.3829283901049523,-0.6730153963936695,-1.5962125795882747,0.2675597260897478,-1.2089623584861229,0.053938735544355826,-0.07971062067834117]",damped_parent_17,damped_tail,3.1889380277921227,-0.027304672381332717,0.03515622683039145,971.6377776389745,0.04329240247380476,0.4618752442647934,0.25710072286339375,0.029105124875585937,0.0,0.050303491084911736,3.3534167067885594,39,0
s21g000_73ade59d9d2a3c6f,"[2.0689881952106175,1.5158990888627542,0.4668249668107674,1.227587487618906,1.9070951483760878,0.05061859863562705,-0.13425346412705888,1.8682508355856056,-0.2720101778778711,-0.6808967982513101,-1.2670254002993462,0.17537947185551012,-0.537127106144657,-0.18772899047082178,0.011927920249626342]",damped_parent_20,damped_tail,2.9317389915756755,-0.025207472308605428,0.033686563341511544,974.8558849140463,0.041815189274837024,0.44510308298048296,0.2301815845994395,0.03153502153346361,0.02523403090348089,0.07907173850981174,3.3604275516356625,40,0
s21g000_913c25cf922fe05e,"[1.9693840469491333,1.5080862415482612,0.4431725359897216,1.2417732278298537,1.7124190769557337,0.17066445642341313,-0.16213766475561775,2.1674092331567767,-0.3103084827337325,-0.7289569996334772,-1.333898773685295,0.23012075524172337,-1.2554045064082542,-0.002301230129303028,-0.11078237618516361]",damped_parent_17,damped_tail,2.944592896103855,-0.025056861658732887,0.033876754340381524,1013.6469715949461,0.04183894494514071,0.4669594945652964,0.24181743338768066,0.06838820265046278,0.02203678091392735,0.07999863702265819,3.3775754112169465,41,0
s21g000_5b7d627adec96959,"[2.1421776058320536,1.3553556846018635,0.5330190020663429,1.1590479009226575,1.804910818068332,-0.09306659154469057,-0.3608030232632957,2.0965799694859455,-0.24307599814628847,-0.5151692598432037,-1.3821725678932133,-0.03061587039101258,-1.0011528273107455,-0.026046491996769117,-0.18187779385685632]",damped_parent_02,damped_tail,3.005116431452876,-0.025960713588797812,0.03390176642953496,1217.590908349357,0.04224447930173124,0.4574172443631734,0.24791669441217254,0.051142544104052313,0.021490643836787705,0.07423252656672577,3.3794615235222416,42,0
s21g000_fd2cc6318bd32aa4,"[2.230887139331946,1.2880416496093996,0.5442676991790554,1.1185044712653764,1.8490613119494455,-0.01131479819837761,-0.18588804997033426,1.577756843894161,-0.36652257983611347,-1.082704491457906,-1.0717941632774917,0.07285520871262602,-0.11461969940876937,-0.7941200138849721,0.027428045381944405]",damped_parent_01,damped_tail,3.094620362033588,-0.027258145077523555,0.03409412798465329,956.687964457582,0.04276981816286714,0.4519377776167527,0.22183537860866065,0.0056308737287148435,0.0,0.06775474065805696,3.3930161793402243,43,0
s21g000_1643405bb304c4c6,"[2.2244410803704264,1.6285323276284716,0.4756410994116539,1.2632641074871693,1.78951449086923,0.10134330478289785,-0.3848849031822803,2.0402103105474145,-0.19999425719647287,-0.5163218120888993,-1.7129441210664078,0.24180154114203983,-0.4496679183840374,-0.37563396708305374,-0.024909534076340396]",damped_parent_16,damped_tail,3.040410875061378,-0.026424426098569098,0.03417718343621863,839.6587987559979,0.04235254310607947,0.4642646618173209,0.2636894440535421,0.05753300243545662,0.013645921410103158,0.07333155041853275,3.3964668246920304,44,0
s21g000_657ba7a39a82e1a8,"[2.247050908851519,1.5324993016231205,0.4853835807654556,1.2242323640972936,1.865910076302232,0.12615656900767686,-0.412029264801264,2.2473205011393196,-0.14075270255832373,-0.7304725521478515,-1.879393584619894,0.14851747929852765,-0.3596185206932547,-0.1568466534564782,0.170934879806048]",damped_parent_16,damped_tail,3.0541061147706037,-0.02605710033342612,0.03469931508089344,790.5002689429384,0.04236092238809945,0.47574539313523856,0.2828725219127083,0.07063905839185294,0.0,0.07298863390589211,3.4003832589347462,45,0
s21g000_c089911bc1ab6d17,"[2.240893764713522,1.3457071824247695,0.5431893404665519,1.165066921946997,1.8587244987515048,-0.01805662955624099,-0.015004738502935478,1.9155005815051969,-0.39409099801871467,-1.030727638208982,-1.1592710610839752,0.07689576705508495,-0.32645577944807413,-0.6944700113202271,-0.0004041884358098602]",damped_parent_01,damped_tail,2.9128254986203754,-0.026589912503691582,0.032431406414585404,997.4034974164133,0.041661610440012764,0.4617228663286263,0.22841996357869274,0.04175230763514443,0.013524304528291377,0.08733353279736197,3.4149917238808776,46,0
s21g000_877292da20a6aa53,"[1.9983954837767164,1.4626966834358741,0.5584332082006785,1.2484276777564955,1.908906307346131,0.07035336195969487,-0.191165488411397,1.796932100482976,-0.1854997584376271,-0.5446557966084756,-1.1199502675419761,0.2038096759980638,-0.01220858806779064,-0.8890686599625599,-0.10702192340041697]",damped_parent_09,damped_tail,2.919195431582503,-0.02527153705653651,0.033395129716708036,848.6243964328933,0.04179203823614973,0.447589746815766,0.21838921778107026,0.020725714553546947,0.03982798436235592,0.08275141521705552,3.4198216102530443,47,0
s21g000_5c9904bf8b0352d1,"[2.1378046180003865,1.384047728316798,0.3675539126510553,1.281648947627578,1.905140174268757,-0.05912981933590307,-0.07248917864432643,1.8550628099343438,-0.06841627429082131,-0.9275724638827183,-1.5053682527286139,-0.05928365081303664,0.04376459813465362,0.013046842149955789,0.010423281472768067]",damped_parent_07,damped_tail,3.0476801947143364,-0.0271213569880564,0.033541765661867215,1078.5274819633669,0.04250238318262297,0.44736660743476553,0.25913862896266,0.0381309308842315,0.0036638347697731466,0.07626467191335307,3.426209535530383,48,0
s21g000_072b875f28d8c61b,"[2.0863084408873247,1.5296443544233038,0.4565901566873062,1.460305181403947,1.9989557232593884,0.08843398561772926,-0.093603620332758,1.7893131846608994,-0.41719092044089584,-0.8929799328110993,-0.8423933949967441,0.04102528054687928,-0.015235358217197134,-0.2988228555161515,0.19462749221311398]",damped_parent_04,damped_tail,2.854480008502591,-0.025070396972870612,0.032607445428788996,1016.7431912905886,0.04138716447069148,0.4340324805846978,0.20714329847607302,0.06375504704869231,0.07128846304990377,0.11513133023466107,3.8939410903473712,49,0
s21g000_206b616e37bcadca,"[2.186205708527189,1.634812317058684,0.5770844288889776,1.1886543724981053,1.8176793119764407,0.08194890580276624,-0.17837556179583014,1.9684207986637332,-0.33652787120788774,-0.5812840511783219,-1.142351311271723,0.02773679259730058,-1.3616587061724432,0.1928061520684209,-0.08913750019219499]",damped_parent_06,damped_tail,2.8954840969701827,-0.02436131305041389,0.03374054548342655,1190.0455747949673,0.041598362555628474,0.45994506456957757,0.22866176885053532,0.058121222835376775,0.07479582319182342,0.11632325578352128,3.970810117158274,50,0
s21g000_bf112e821b294659,"[2.0565394277268796,1.2155412091166657,0.25413114918015617,1.3699453522829472,2.03127807533164,0.03119033978636779,-0.20612423128897117,2.3400276098358677,-0.25859109762927956,-0.9005901060214416,-1.0209493055273025,0.40414571855734216,-0.18022276994102643,-0.6579619971232575,0.11779170189005447]",damped_parent_15,damped_tail,3.0166675183069382,-0.025795143387148944,0.033694964074374764,771.8233274615486,0.04232066089336089,0.4497208157128086,0.22644989690557554,0.10692955490420325,0.04401479393051126,0.10339879004163435,3.779408227107835,51,0
s21g000_eff88340b1ec4e0c,"[2.0527074692602847,1.4892736450854498,0.44940903486723743,1.2582149614559142,1.935529585948905,0.03165780556177606,-0.09559660193849343,1.9446516970784569,-0.21639620231702472,-0.5273839126301255,-1.354998900690839,0.07113794479223484,-0.16738278590150113,-0.2570663784089535,0.02557441309673368]",damped_parent_20,damped_tail,2.8865264385458227,-0.02556337841725309,0.032797470278292634,989.4957445778746,0.04156356884615882,0.4430117600470801,0.23578417171078972,0.03768087727689513,0.040714207585059184,0.09030856837886538,3.474660511992211,52,0
s21g000_aad5d94cc1f8b45f,"[2.214778688221925,1.4856278165055639,0.4916506169838877,1.2558562052184423,1.7792478555867832,0.10995939707437628,-0.22146479519124185,1.9751887885947115,-0.158091099675776,-0.4516529722002639,-1.4714020075548142,0.21162612638664446,-0.2652816539684252,-0.3824349495364203,-0.04791765977677414]",damped_parent_16,damped_tail,2.901764419795624,-0.02690909171376421,0.03197925908559141,857.7284960935904,0.041634173170197866,0.45395923804605115,0.24754972084180635,0.028950698947043874,0.04378034427208191,0.0949990412488662,3.5554627283392404,53,0
s21g000_e9887f7f6c344527,"[2.0864161562606918,1.5607731057495542,0.4602465327736672,1.4119144472971612,1.968966255618719,0.07058249345925399,-0.13009865645953078,1.6524332688218328,-0.3515383712743268,-1.1151269585397836,-1.1875737460784992,0.0897160806540957,-0.1901259110195046,-0.4007948636412587,0.0276298522480658]",damped_parent_04,damped_tail,3.030984963012343,-0.025910755726929136,0.03439251348458732,1005.4698960250098,0.042335004071061964,0.4478549774393374,0.2279718350959711,0.054427270614619556,0.01507687542643287,0.08434754779756437,3.5013839623192453,54,0
s21g000_dd411ca58f8c1b7e,"[2.06659911483723,1.401925387669666,0.5439932586711165,1.193045550700051,1.7905979361823077,0.0702141061518431,-0.16679448487052265,1.8068256157157359,-0.17049410845054305,-0.3493016999452886,-1.4014874052347146,0.012857130901221966,-1.0652925660230825,-0.0554339375162428,0.07916813436592374]",damped_parent_03,damped_tail,2.9395684407219487,-0.026743873436425925,0.032527950099743644,979.545575219101,0.04189996367521904,0.45377721744713456,0.24363970093067083,0.0,0.04574480956038399,0.09066043631013238,3.5470644630583337,55,0
s21g000_ef5d5aaf3db299f4,"[1.965090284329101,1.5784951192932122,0.43722144800842216,1.2910492765953876,1.692122078329344,0.17263436761600706,-0.06938731922466979,1.7211412638843795,-0.32484566457956676,-0.6051710107449714,-1.1830238702303735,0.2240783614472992,-0.926166602673229,0.15158360959451145,-0.12356553254459166]",damped_parent_17,damped_tail,2.9619138871231963,-0.026219348808734,0.033147188851205725,1056.72062034778,0.042060565069297895,0.43918290798191906,0.2263110578355202,0.01444996457220127,0.04014278259961753,0.0844870055477518,3.4822879088602816,56,0
s21g000_896981784e6d2cc3,"[2.2941118512963397,1.485112407872697,0.47700622173245816,1.2105424966146228,1.8551287055465833,0.012680070932652068,-0.05393231049064072,1.9541473022914935,-0.06797653186424363,-0.8883990156936535,-1.039965872317194,-0.003064830893186113,-0.3019775734072596,0.08269121884479602,-0.07213488346605706]",damped_parent_13,damped_tail,2.8314984554435543,-0.025011840684993847,0.0324128539622587,1120.0642838918793,0.041284004263413734,0.4444920716799913,0.23148359802167104,0.03785745365966564,0.06732418670435535,0.12088555594950434,3.9400032159020038,57,0
s21g000_68fce5889e40d668,"[2.1380941580104893,1.3633845725976337,0.3750763359714914,1.30736424701398,1.8965088382428505,-0.06921722853987851,-0.02003569503165331,2.111189203660435,-0.00022466980093742515,-0.7084762946670458,-0.9366336637569405,0.028008388385327584,0.21206091473650743,0.2849937010036754,0.013418336158271094]",damped_parent_07,damped_tail,2.785897862122141,-0.0251841505028485,0.03140997717656019,1109.483881535747,0.04111405596900661,0.43372236583218793,0.23060003652083308,0.042974709487266935,0.10016235215084557,0.132852432854959,4.284270229222082,58,0
s21g000_8ceccfa1d26b26dc,"[2.228818339660828,1.2575551295900615,0.537401176111784,1.508762677354636,2.286607867470963,-0.05132188163385233,-0.4653410180556963,2.1424407930426903,-0.16164486574992648,-0.6998974864668177,-1.024322098982462,-0.007044003639064739,-0.41814055606049183,-0.27615787599562697,0.21049586305798612]",damped_parent_22,damped_tail,2.94184335532587,-0.02524221157088169,0.03325316793757126,963.8555572892474,0.04179418242471052,0.4494111115148284,0.23043024341374718,0.12074437425096177,0.07887831530293518,0.1256449191716989,4.1857379285899725,59,0
s21g000_8958b2767a05032e,"[2.218857614812014,1.6248561227123834,0.5819248604347906,1.1293076049839383,1.800965993601834,0.10185896206554942,-0.025170985006286277,1.6536848337046866,-0.34911404313452493,-0.7127235100236222,-1.5653561949880734,0.20537125323150854,-1.1947679446243655,0.541495864916022,-0.16546485580792816]",damped_parent_06,damped_tail,3.0694485966163265,-0.02684914190047083,0.03414310868216451,1125.9046256055262,0.0425745711358394,0.46162514285837203,0.2593041664733068,0.04011691731902086,0.03506774009419271,0.09154665949106312,3.657241126610534,60,0
s21g000_da67dacaffbb3bb2,"[2.262448098066158,1.3153764120015714,0.5273739995583907,1.1656659384422765,1.8886317047274135,-0.022166534434581806,-0.11284241876061234,1.9664436618097954,-0.3187250003178804,-1.1028392978295603,-1.155300239857541,0.10921140347182208,0.01339579395553217,-0.2798245058943573,0.12295023863535061]",damped_parent_01,damped_tail,2.920729725722084,-0.026105519664982202,0.03287010844550502,963.0719166167364,0.041728447420609,0.45425627168794475,0.23969595939095653,0.04159089067924921,0.017788355972763126,0.08754869354729404,3.4300149152290347,61,0
s21g000_9fcfaf7e44bcd6a4,"[2.1663073362698744,1.344614059914488,0.39814654589287307,1.0737513901868982,2.0651961974140414,-0.006331553661659444,-0.2244433055570716,2.1371451583473298,-0.14592453859612275,-0.5169256160178957,-1.1233347067244888,0.1648385902094113,-0.6822733323102577,-0.4212163868504477,0.08181927739997857]",damped_parent_19,damped_tail,2.908199727539579,-0.024166567527451166,0.033957943744921656,918.4753914398461,0.04171652832014904,0.4500420791280933,0.22677819401101942,0.05477420908077365,0.04998867738343129,0.09319196532774149,3.5601683589756994,62,0
s21g000_9ac0dc7a10910125,"[2.2938695163724425,1.2922556596369448,0.5587963401302088,1.441637631971729,2.2192194672653986,0.08207001613476343,-0.30411299361448807,2.0142821559955086,-0.35971235641452776,-0.7352604370146429,-0.7389033179523109,-0.1419294855475318,-0.17101662118135508,-0.4323833292166672,0.02812114534341756]",damped_parent_05,damped_tail,2.7874030176135247,-0.02503075748042627,0.03158828344851692,1147.8343341091058,0.04093121446414122,0.44446887835359516,0.20728213744829488,0.09993030317536904,0.10546051254062913,0.14546330669921162,4.55204249103163,63,0
s21g000_61b55c220fac5e74,"[2.130687057834109,1.3782173789470071,0.44138007948965874,1.4416522474739446,2.1336011654394316,-0.08731005892498309,-0.3172455014641999,2.2982681556314386,-0.46234735847368624,-1.066741325118249,-1.0735366552785643,0.30758864678414155,-0.41592082127430186,0.2782738408574037,0.1280247457902874]",damped_parent_11,damped_tail,3.0759209401115157,-0.025113465461491957,0.034803750584681686,1026.0004753184876,0.04244723606333758,0.4448747836766553,0.2364286567288319,0.15330850449020098,0.042301584648857755,0.09467020943876132,3.721109938431303,64,0
s21g000_9197efea907da4c1,"[2.180082635017673,1.4124872807799107,0.383205064231821,1.2821926570214386,2.0022903782219044,-0.021549223372040977,0.02914115384557195,1.8597197536558983,0.003223868004683576,-0.7569448387922199,-1.1757464087031384,0.04717118492858596,0.1697463932432366,-0.2037186670511102,0.034916461813063425]",damped_parent_07,damped_tail,2.8908540497782194,-0.02622825304929166,0.032122576737264055,964.7200744355432,0.04164202533715032,0.4377021652039031,0.23189019054520715,0.05114685590301173,0.06860695503330277,0.11801421807815247,3.9608741680000286,65,0
s21g000_06dab50010f52670,"[2.286852234287113,1.3446590934429765,0.566565825370214,1.2697561619254698,1.8222570503860578,0.13733494162032833,-0.5742414270582938,2.6,-0.2861784328974173,-0.6167242063069827,-1.752501518062692,0.1061910121949251,-0.3885026135677266,-0.33678778357630684,-0.02827585625276085]",precise_parent_10,precise_tail,2.9733212756924057,-0.02671720289544599,0.03280292820157761,907.1288705684638,0.04172929388378857,0.479546714530069,0.2770507089043951,0.14125047703691632,0.009210505578117738,0.08900807439327882,3.491248870115529,66,0
s21g000_bf4aa0adf0f5b702,"[2.219346698477978,1.4688840766365754,0.49735834674398,1.1750294877141156,1.9013500205104426,-0.04706007675413026,-0.09434020556658579,2.2808553627607635,-0.12305232880993672,-1.1083434699264374,-1.4265378877123744,0.42172607757988423,-0.45444171317104454,0.836902960271615,-0.207388720686906]",precise_parent_09,precise_tail,2.924645750512024,-0.024604133382209903,0.03400727848804393,1070.357259782937,0.041700159889363334,0.46880588522318645,0.278754654166457,0.06854204421433442,0.025877000281505264,0.09181326007137698,3.4960112776576695,67,0
s21g000_88add614e6f17148,"[2.0033299626983045,1.3321855145857184,0.5819156486483731,1.26760939797522,1.8771968449525955,0.03138700259208445,0.0002050398750267704,1.959418778065583,-0.1234802239256101,-0.7561817435080395,-1.1336239746841892,0.06529965066352149,-0.21306174833089297,-0.32284105031328336,-0.05917064333576735]",precise_parent_13,precise_tail,2.8557061182372845,-0.02557002946217013,0.03226429280490793,981.1582348759548,0.041458888010981985,0.4450458140589661,0.22917093569302543,0.020131111656278736,0.04111720968345293,0.09821524909886377,3.541883275973512,68,0
s21g000_a9f05fc345e6490b,"[2.2702180818842796,1.3702119213306037,0.5283333810592434,1.3345849559195415,1.7425908599416275,-0.02802175434023603,-0.2466252180017546,2.2111398630207053,-0.2516348246478385,-1.2090129498837552,-1.4453890800560103,0.28271433006900326,-0.11189183480811415,-0.2204658683112585,-0.08339282169615776]",precise_parent_14,precise_tail,2.990525947417399,-0.027157810827632467,0.03292932480797861,925.5701592612531,0.04204745592924616,0.4705147034794058,0.2646780184333153,0.07032582476828322,0.006103841422450261,0.09282560678942571,3.5519085011498936,69,0
s21g000_67b30a89cab79da5,"[2.307284351697382,1.3437301621229913,0.5790134302083634,1.1983818038298404,1.8390220535562716,0.08315267066158172,-0.36919161424442803,2.3842967557686037,-0.20120526307841174,-0.5403950272635518,-1.5499164724703887,0.20360809896689291,-0.5924038629176075,-0.10140215782874265,-0.021102363362156998]",precise_parent_10,precise_tail,2.8662858258495163,-0.02635642151005302,0.03191672640403542,899.5482928409656,0.04128757366455181,0.46903255340886535,0.26396761625562354,0.09044960628176966,0.03699401256019823,0.09995651414561413,3.5636201264444134,70,0
s21g000_8723230fb7af9ae6,"[2.3223394907656196,1.3366527424301649,0.5586145148096631,1.1888091416269104,1.823480485109656,0.11136314095587643,-0.31308646042694244,2.561709306832209,-0.18487558440475999,-0.5588842930064876,-1.8998195166308824,0.172662528621579,-0.5262060935795346,0.1053707110782986,0.01656456904477932]",precise_parent_10,precise_tail,2.926804654457204,-0.027284527394538904,0.03186914748672044,885.4750967890832,0.04153409672939953,0.47912845494928746,0.2920924709628066,0.11795566230486779,0.02600448864681025,0.10089973870998348,3.612222047162868,71,0
s21g000_b5d910f179038e18,"[2.2024663348243316,1.4771327827087588,0.5232947670949213,1.1383034077178005,1.8450258042568917,-0.07973712332195762,0.3430041841384834,2.0376419425586896,-0.2547029794787613,-1.101638095814566,-1.4770610854893502,0.2896143808928312,-0.22900470924366975,0.8257731881522092,-0.10751399928230523]",precise_parent_09,precise_tail,2.8425606592634414,-0.026316876134178657,0.03171484124389533,1124.7646868690063,0.04125511745963325,0.4615267873789183,0.2790043971539899,0.04234630031339151,0.04104728549536959,0.10486894012398969,3.616368596069665,72,0
s21g000_53e33e14cc980786,"[2.2811900730526755,1.4492117218266953,0.5027182602219051,1.318855830603785,1.7873236472574876,-0.025872699579259265,-0.21568304342108002,2.3297007889023114,-0.31229876523864436,-1.2281880127427618,-1.4349057690473426,0.10944519620427327,-0.13193789788919214,-0.1423797100532117,-0.14391107636419828]",precise_parent_14,precise_tail,3.020889795809741,-0.02642269944859532,0.03372040061471829,1093.7307507950827,0.04217260114747557,0.4653436771783154,0.2617772553535993,0.10257677629823769,0.007147752935150687,0.09594944702055025,3.6210872237612195,73,0
s21g000_23acbb87db8cc5fb,"[2.087295969000386,1.496550238131089,0.5067204319049268,1.3051386372448186,1.8367948486195835,-0.053397463037744834,0.3839670811297948,1.9002726750943886,-0.20330902868290907,-1.099419362118804,-1.5386200301604405,-0.3787909741847207,-0.7681069501930575,0.15035273140024694,-0.1280078030645938]",precise_parent_12,precise_tail,2.8490950768340744,-0.02698144604143249,0.03135623593036929,1381.5800639655936,0.04126383403193347,0.474226972453381,0.2646959794437599,0.031014988927535354,0.033159309240410106,0.11230692631208891,3.7074139398080974,74,0
s21g000_4a78c879bebf3fc6,"[2.132044752557196,1.3612758551000343,0.555696425389657,1.3694472740877524,1.8833855034231342,-0.0015842261475833008,-0.06589820757684242,2.003049602578189,-0.11915394649137176,-0.822024823713047,-1.3076416027292712,0.025498020838303305,0.1544543231240339,-0.09791840984829284,-0.20499652777049038]",precise_parent_13,precise_tail,2.8292499756656557,-0.02651075699978378,0.0312995857187932,1099.3299745957847,0.04122166354732264,0.45197750579039303,0.2498960010095139,0.0361388294043014,0.04704112063062563,0.11144676458139843,3.71402510854014,75,0
s21g000_3f080374f597717f,"[2.296718188441964,1.4559618865601567,0.5130487015573496,1.3012913703830833,1.7066709010642005,-0.027746125828600178,-0.3694008169555558,2.4191309970238004,-0.31011604705791884,-0.9765427803864468,-1.0767933552712212,0.18018650784366513,-0.07081169416719249,0.018096007069153763,-0.2641802795818287]",precise_parent_14,precise_tail,2.946448228809127,-0.025504859076108,0.03318290823840921,1168.0107618933143,0.041814768661116344,0.4472580491197049,0.24001731172783244,0.11565199322375674,0.04390325496098599,0.10555000283073293,3.7380627830169564,76,0
s21g000_add50c5046d209f8,"[2.031666832157252,1.4842276483134842,0.502190188109661,1.3241493939797688,1.853358438179467,-0.07167823393223094,0.20130110839245496,2.125001056565745,-0.07725842417876633,-0.8505499787299926,-1.371844763782995,-0.43396992116946964,-0.3279548478346451,-0.10025516123841333,-0.029543616957760838]",precise_parent_12,precise_tail,2.7654583499795597,-0.025505140585741826,0.03134007828786504,1302.144466864731,0.04081386826653994,0.4597267084773102,0.2523425772927768,0.040640630472947255,0.051715804219259635,0.11875254590105772,3.7757075694600104,77,0
s21g000_f0139dbd34824a63,"[2.1984377327993148,1.456399052638984,0.5090715968593225,1.1309953346547226,1.861578612050226,-0.09110994264227379,0.39331763613999193,1.748302511715234,-0.0464147088140896,-1.213786953645646,-1.0071783518474318,0.3107288355154774,-0.7548156507177679,0.5916987764410377,-0.37992092640447334]",precise_parent_09,precise_tail,2.845106032843229,-0.02603226232264455,0.031815604288583675,1186.2128631321903,0.04136385040349079,0.45722086214344704,0.23961975261945737,0.024982877118936174,0.08438488358170121,0.1296114461466574,4.186277586236445,78,0
s21g000_12a269dfc722846c,"[2.192108382124804,1.2526244213253945,0.4482884318667755,1.3006888133912144,2.0293878464609785,0.023547720041247514,0.348339584061004,1.6496532517606046,-0.2792140639797755,-1.1571004594811327,-0.8065936709302299,0.07526520515566411,-0.897793938649907,0.010353977002416304,0.21165326448225885]",precise_parent_00,precise_tail,2.8301390848592547,-0.027099056468917082,0.03058327999854686,1016.3341649876347,0.04129882854433627,0.45553863174771353,0.21201620813365718,0.04436229148385545,0.09436272300595655,0.14170935195233403,4.447090535116496,79,0
s21g000_60484e4551bb2559,"[2.251977071044506,1.4973930794638097,0.5581964586462274,1.4520708001040479,2.1146670141290302,-0.034492920948812844,-0.16168194570290634,1.837545379018326,-0.14807729057502686,-0.3563759271718263,-0.9595488660770601,-0.04355230688452945,-0.6673127170818127,0.20806716655233118,-0.11382311830617065]",precise_parent_15,precise_tail,2.75986530148594,-0.025281746297412866,0.031036209792056145,1218.7883944701498,0.040823669831876123,0.4376832556993526,0.2198894599986768,0.08445041606352703,0.13645682946603663,0.16049547204056205,5.0859033977222285,80,0
s21g000_2cefb5ef00ade812,"[2.473571596181686,1.1304311068631807,0.40184680895009317,1.1008099164952183,2.1206108464735642,0.030314828923509163,-0.07158553812817456,1.5663681866208323,-0.0423541273793592,-0.33632062950597447,-0.9311594428687718,0.036354630568952793,-0.07947258007455497,-0.17432406837829983,0.21082863040619884]",precise_parent_11,precise_tail,2.947190599315131,-0.028566092018743827,0.030547102464376773,890.5525060907567,0.04209116428596676,0.42248795113049487,0.20744531266459285,0.044057607397708545,0.10525936553028907,0.13042438250151728,4.440658061238132,81,0
s21g000_5cf46a3c264cc3b1,"[2.2822270343635824,1.5406024365987196,0.5476517105380071,1.1382465041794672,1.7942844147809265,0.07634764675173863,0.03109143826157572,2.1350552685022617,-0.14861249784338784,-0.5567492766857606,-1.1607206184117922,-0.3379114620418201,-0.4523603266659379,-1.210098626820627,-0.22549665985192932]",precise_parent_02,precise_tail,2.756632960258734,-0.02529023700319477,0.03135765155026765,1160.6804182129017,0.040763231149430784,0.47588687494990595,0.22229596449060382,0.04913432229012983,0.07485546229342765,0.13141793768067003,4.075343700865061,82,0
s21g000_9047d898e9aebd32,"[2.2273127591928366,1.3534011679287263,0.5973279681988698,1.1903806892953355,1.9500966354806033,0.03927360541055638,0.1128403148391169,1.9848169421744273,-0.21462514298195895,-1.1372175636149482,-0.7386150011025537,0.2576574082641967,-0.30092460417577616,-0.5650531857663375,-0.07171696185436793]",precise_parent_01,precise_tail,2.6820380852224806,-0.02442906213327467,0.031113040708497096,914.2613256508812,0.04032914542348015,0.4619746855632908,0.2179181111257665,0.031993042187017255,0.08025574878079461,0.13256086027213265,4.049677376601003,83,0
s21g000_b7ab3c5d95c5223d,"[2.272044775495374,1.4222024012250412,0.5960827086262525,1.174847461787059,2.0001111620858185,0.04946456603248914,-0.15341725962413283,1.8693300023698787,-0.1457494780023178,-0.82490997806443,-0.6891565305848377,0.18140921202877477,-0.10062466522292526,-0.5531087094113724,0.12188397616206245]",precise_parent_01,precise_tail,2.734083812153901,-0.023768437226309058,0.03218801756366076,845.3241274007705,0.04068710203078506,0.44725865392422903,0.20719762047153176,0.03194563043285465,0.08605301755560514,0.12436287113450901,3.998561117811988,84,0
s21g000_4d40fdde125672e6,"[2.264139303447632,1.550513455117339,0.5733931320163482,1.5048251797437804,2.04107845102507,-0.0476857370428322,0.011389872278177334,1.583920142316654,-0.1336641842056837,-0.3508676231206096,-1.3168694529303138,-0.09538068332222258,-0.02889657057066182,-0.20225477094274075,-0.40338263916685946]",precise_parent_15,precise_tail,2.920911506767619,-0.028640228970013948,0.03036507204272304,1247.7459921943992,0.04173199858451795,0.4330023800259021,0.22128793906374195,0.08446251967051112,0.11602886499900752,0.15176026218938235,4.8891324364075,85,0
s21g000_c2476c1bbce947cd,"[2.4712367416708685,1.3836794034327542,0.5024291994058765,1.239753825623671,1.9115138864005874,-0.013153724424597715,-0.1839750503975266,2.416391131644705,-0.1524317910008196,-0.452999690977255,-1.1430763908488732,0.09158798354399329,-0.6390535057904905,0.4351144196533594,-0.24314505281830445]",precise_parent_05,precise_tail,2.7912163507635777,-0.025903773968176003,0.030805725754308864,1229.1605527143038,0.04099349953466758,0.4491104088217862,0.24380001425144707,0.10017628777576924,0.12199083020628557,0.16172297372720548,5.012108858694311,86,0
s21g000_4788160b6ee3f5a8,"[2.0830570832553525,1.4741746467216814,0.5043847464269026,1.367572132253116,1.7719662143181878,-0.12548705566975163,0.6123343259106467,2.029297529947063,-0.4588555799522741,-1.492478204231094,-0.8375749770341773,0.18130085665661602,-0.3185518923026708,-0.22069857578159444,-0.03979197837340262]",precise_parent_07,precise_tail,2.800504445264753,-0.026650246619297935,0.030606099857273632,1119.1222303938412,0.0410426593486401,0.4573001502477996,0.2344947411580658,0.07084463106491645,0.09556816817936004,0.147925864496695,4.542503052346445,87,0
s21g000_40f81d16bcf85fae,"[2.17192873251734,1.5147993616172672,0.523201500296996,1.373538980479206,1.767908846825305,-0.13323661069728326,0.3139206788914123,2.130932890725144,-0.41763712991979185,-1.4433853384435216,-0.5450557638144952,0.2628321323103736,-0.419878645356908,-0.3201652632513512,0.028644295512960934]",precise_parent_07,precise_tail,2.7907681466006125,-0.0251310990025283,0.03157832162201808,1047.9377470079671,0.0410019760896702,0.455728032056896,0.2146082407036458,0.08483850976437408,0.11431340336671107,0.15440363974086369,4.797764000965143,88,0
s21g000_adbdba410c988e18,"[2.31401303337185,1.2699711466768617,0.5289746063536235,1.065542295798188,1.90308968523829,0.13854116192782642,0.10453906107400218,2.325665441520116,-0.23456364879055136,-0.47731118519227783,-0.7423906484895135,0.2055803622119621,-0.43221412456024944,-0.3109649154365546,-0.14790171234616895]",precise_parent_04,precise_tail,2.6491721671419537,-0.02510836696751184,0.02957860030370453,1002.3624398744469,0.04020196760231539,0.4436030239304798,0.20769548349886768,0.08298344057309683,0.13407340653352326,0.16333826976696908,5.012481283104938,89,0
s21g000_4510a4a2fb485f93,"[2.009324539341527,1.4432670564574266,0.5507014203172571,1.2347936591669115,1.8586498180530233,0.0789220034911188,-0.23960977563104108,2.2152712827839696,-0.18136118962873718,-0.7244301333860468,-1.3448413736499216,0.1689322288192005,-0.19805275714147258,-0.41118428683174957,-0.01885300490990518]",bridge_p10_d09,bridge,2.881357144517168,-0.02453138452041448,0.033573194650602114,888.8104427829494,0.041462707112430976,0.4567826177384191,0.24196054347753868,0.05917996040018271,0.016667583208497636,0.07969181413961368,3.303881476723672,90,0
s21g000_41329216e2b021cc,"[2.0599289993035557,1.39799209788944,0.569458785126016,1.3357134412322997,1.8770339127734803,0.020851328870712716,-0.31725775675446455,1.7820453079782919,-0.3630918072930839,-0.7479962393355756,-1.1964999406219599,0.06861634909345429,-0.3227087191062811,0.3311707376175038,-0.24007281086328072]",bridge_p13_d25,bridge,2.987624115348624,-0.02595413158903448,0.03369963289532256,1250.766781784394,0.0421771625127412,0.4382109776903754,0.23652760230922512,0.03221715480567237,0.024500077968304716,0.07114294405696936,3.3376187008555287,91,0
s21g000_3310ae28aab267ab,"[2.009324539341527,1.4432670564574266,0.5507014203172571,1.307879362589349,1.8964304108968635,0.029182767766287962,-0.08511753729021532,1.9624036205041318,-0.24050311970016874,-0.8178236617005525,-1.2416559013927313,0.17743307217110307,-6.810108618865961e-06,-0.4364299364395029,-0.068258545576829]",bridge_p13_d09,bridge,2.877902224886677,-0.025440620162254568,0.032845178870831035,940.3735569107412,0.041490559076904965,0.44952128664844476,0.23420847568629297,0.03671299858797142,0.02652554534575746,0.08797705894342782,3.4056259728646205,92,0
s21g000_041bc54a35935826,"[2.0723514745688014,1.3735282312942856,0.5653028101711752,1.3209517911952644,1.896385902316443,0.017442981013482507,-0.24108784337877848,2.0336701474341736,-0.27074619646866077,-0.770818046392469,-1.148338834320996,0.07410151926240174,-0.20724436295058957,-0.4431382619319229,-0.06326418847203612]",bridge_p13_d20,bridge,2.8981623583282294,-0.025454072192315103,0.03298674024314784,1016.0323867366023,0.04162246851633712,0.44907539021555626,0.22802821406591714,0.05100827175033914,0.027091488106648503,0.08703343633109027,3.4162138013762395,93,0
s21g000_b132bc63fc9d730f,"[2.3162078790035796,1.2618126628306212,0.523612146605626,1.092369958677923,1.9633976550329215,0.13919663031774104,-0.1484837622299487,1.8673700139483134,-0.3710057436037711,-1.0011768284844447,-1.0736938982850703,0.06689178986852974,-0.20747985549833098,-0.5224818444999532,0.08801181003070283]",bridge_p04_d01,bridge,2.931166510472984,-0.026071794762275946,0.03299903362099174,944.8424760821545,0.04180564192697656,0.45551209871242315,0.22803530251921988,0.03940996035316231,0.022159881517079705,0.0878447367239796,3.449938977739613,94,0
s21g000_2dca556afa69d5da,"[2.046110113352605,1.5032965610056759,0.5286518824582916,1.3337526962256023,1.859640133024366,-0.052777946038363194,-0.10644011399332078,1.6575695370039338,-0.4167462947310386,-0.8286285903185955,-1.0052410551613957,0.10265263176383382,-0.1738423946667298,-0.2508525987998118,0.14418385416143825]",bridge_p12_d04,bridge,2.9825533472964576,-0.026144236934300236,0.03344524982882906,1020.4116580257396,0.042167648678451776,0.42978382575492863,0.21224037446360366,0.03490203921511393,0.03350100935930264,0.08198954838412517,3.458783057154813,95,0
s21g000_400f32f700db78a6,"[2.234091607817553,1.412366904178846,0.5262617559964659,1.1502233553896901,1.8831568175380986,-0.05410183001264921,-0.05430625539982584,1.9863159809993722,-0.2995940723047672,-0.9673619101179101,-1.223315043097699,0.10549474992436327,-0.29285094299515324,-0.18836976218264986,0.06902101551545924]",bridge_p09_d01,bridge,2.9238018740488285,-0.02577718460167422,0.03315082682881159,1011.9672012218034,0.041747813459718376,0.4507385882006103,0.23647992524902106,0.04425647016703179,0.02151834916386241,0.08936676574386342,3.4591254745933613,96,0
s21g000_41b21f8866670d0d,"[2.3162078790035796,1.2618126628306212,0.523612146605626,1.092369958677923,1.9633976550329215,0.13919663031774104,-0.2843300584504425,2.205638104583539,-0.30402582603334816,-0.7714734486310832,-1.266807534131222,0.16111275174503706,-0.3308684411859984,-0.22136060442150407,0.025380663426283263]",bridge_p04_d00,bridge,2.921499890814294,-0.025736791343655363,0.03301301340395131,931.3771651472016,0.04169284038070313,0.4561548636352656,0.24248297245505754,0.08032850487532163,0.02462595389384881,0.08921012565887983,3.4600242308004163,97,0
s21g000_42368b6480b0fa5c,"[1.9474951745830538,1.5460286298664996,0.410857561767036,1.172587556464034,1.8497382517555432,0.15491496793244902,-0.17055249101547726,2.033864951684634,-0.22392289713528013,-0.4541451152486175,-1.204818561918345,0.32399201809345796,-1.1089516026097976,-0.004706852548904739,-0.030648717624150168]",bridge_p04_d17,bridge,2.906786963754586,-0.023955498749941517,0.03416595386713195,922.5107392480168,0.04170967021709452,0.4510983672717066,0.2316958912454474,0.03831051963057749,0.04700384682685967,0.08628505324586715,3.468046797219625,98,0
s21g000_1bccdb109543f0a4,"[2.140277648746757,1.4994631350872818,0.4909813834093269,1.2323663213302822,1.8275841636387238,0.056943658813498846,0.018124960301488538,2.030147447674035,-0.30381267207852847,-0.838914981017752,-1.3293462720444926,0.27968919867582204,-0.49161846564812867,-0.21763014386175256,-0.2092774047769964]",bridge_p14_d21,bridge,2.871609285297034,-0.025928056696818857,0.03241867027537684,1011.3171490905588,0.04141453720073302,0.45526812896816643,0.2393176180141731,0.048937231192052164,0.03255225183502387,0.09587359066966648,3.506160453993772,99,0
s21g000_926f7eb4f0cfee28,"[2.3162078790035796,1.2618126628306212,0.523612146605626,1.092369958677923,1.9633976550329215,0.13919663031774104,-0.04007287989241753,1.8095842050667275,-0.29088394275919816,-1.0013863129664757,-1.1184491964274714,0.07266947409890696,-0.21426299467131477,-0.5517988353684086,0.07583071424778468]",bridge_p04_d01,bridge,2.9071268153959013,-0.026467920991569138,0.03240483362406396,911.7394358799102,0.041672476093086344,0.4573932022535207,0.2312795819055752,0.026740065393052237,0.025854779478837655,0.095339035309023,3.5213428096499615,100,0
s21g000_e25715c9f1fe2807,"[2.0760426735934807,1.5626752404322017,0.505166910852635,1.3765589665128104,1.8134157907577553,-0.025760842346736076,-0.24628224998818965,2.093921082365118,-0.24915721148671088,-0.783914418251276,-1.1132822322096878,-0.17407022002585437,-0.21573718809422654,0.10539861561450008,-0.10603292883124987]",bridge_p14_d12,bridge,2.884442309987781,-0.0245831029053013,0.033383735058392434,1293.7945049549635,0.04155010107296099,0.43979115190481904,0.23051909004312157,0.061170600391612574,0.04236629092490177,0.09567017082782925,3.5421947043281428,101,0
s21g000_02696cc2b1639e79,"[2.046110113352605,1.5032965610056759,0.5286518824582916,1.3337526962256023,1.859640133024366,-0.052777946038363194,0.14062181482133995,1.955311542475118,-0.2942840739086669,-0.8495838456985094,-1.4110710883965207,0.043517792051606524,-0.08371920652172034,0.3820431441381279,0.1191870405244983]",bridge_p12_d30,bridge,2.8676613149104697,-0.02643439405006398,0.03186942179503989,1086.4506037714673,0.04143045133235115,0.444884605228712,0.25352435463831235,0.04549026974509987,0.036783058996442304,0.09873256489876668,3.5486438440770174,102,0
s21g000_5e14e8b5bf86a305,"[2.2672975865638523,1.500740350305654,0.5512969356210442,1.1449038256707602,1.8182732640682946,0.08880741139026146,-0.17526402795995213,1.866999043219163,-0.17210535281810066,-0.8107605646206181,-1.0809892814077202,0.07432233553204723,-0.4487803509874253,-0.42527505174473645,-0.02585707504589964]",bridge_p02_d31,bridge,2.879060010900783,-0.025056853087156772,0.03315276404125893,967.0369491451384,0.04151363124641287,0.45077225331517407,0.22355241121445124,0.025248326318804058,0.039941337361354,0.09730595570805252,3.5503450620149914,103,0
s21g000_4c9b7ced0b78dd04,"[2.247030050762817,1.3147295601497544,0.5387612828747051,1.1150850763106663,1.903640526991747,0.0647031481768448,0.004455294982713548,1.9943938616696428,-0.22336875981204032,-0.9647542088437676,-1.0563983348086836,0.057828694118971014,-0.22835654295392646,-0.5545669591700353,0.08530248098169968]",bridge_p04_d01,bridge,2.7856577457153713,-0.025402743287382346,0.03174257345965518,923.085753781208,0.040939209618216635,0.45975582412840565,0.22800756884036363,0.02795161117396508,0.039153666677970995,0.10459079161865917,3.5503632721590654,104,0
s21g000_68ba9ab1476e3cb7,"[2.2606992592583808,1.404269133696333,0.5980014101488207,1.1817397989137477,1.990161646202365,0.03404118924906222,-0.18059919254650983,2.024945670452591,-0.06809514366089421,-0.6803411528335904,-1.5819567975896975,0.13713676614440082,-0.5589652978661555,-0.4488863556364153,0.01565120805677956]",bridge_p01_d16,bridge,2.871612018987615,-0.025954702126119722,0.03261271413933403,832.9303009708165,0.04135547720914074,0.4758767709829574,0.26070172785856777,0.03319785596078684,0.03178229948127258,0.1008337801821866,3.5678503582776395,105,0
s21g000_b1e427e851e8fd3e,"[2.247030050762817,1.3147295601497544,0.5387612828747051,1.1818542908204854,1.883624048905686,-0.025590523170402387,-0.024415327184559618,1.9946431401703841,-0.2678666652216838,-0.9690674627514554,-1.0674736208070021,0.049825100194188496,-0.3418905896540877,-0.38209685885675126,0.0531663905345245]",bridge_p05_d01,bridge,2.8338811044055197,-0.025976042069188243,0.031829106742636004,1010.5854586724163,0.04123936320150614,0.455327010126661,0.2278664792521817,0.03818391166385457,0.03813005502999721,0.10394514720578718,3.587066228582321,106,0
s21g000_3145c8234937acde,"[2.2606992592583808,1.404269133696333,0.5980014101488207,1.1817397989137477,1.990161646202365,0.03404118924906222,-0.48772916674840366,2.0589859293790997,-0.27785703407698814,-0.7513878798187915,-0.90054079237332,0.10534809748084384,-0.3002503655957986,-0.32358708456020213,0.18086258526926957]",bridge_p01_d22,bridge,2.879507392877473,-0.023715243464743296,0.03403983370789723,926.2389669937693,0.04149002013040223,0.44800574399436066,0.21880076187613035,0.060181133164139956,0.05701022268238721,0.09607156977632067,3.5931967087914307,107,0
s21g000_bed4de551474c668,"[2.1367530336106855,1.3895644436244865,0.37029087242110514,1.3176028895388079,1.8251313833377034,-0.04330790362107901,-0.13003148667322934,1.9974384661563822,-0.13403406313138017,-0.8404192152737219,-1.1517057033015259,0.0474861417565607,0.139662195499154,0.029243240962253947,0.026569651044708806]",bridge_p14_d07,bridge,2.9289670921430546,-0.02614397126425827,0.03266984253558589,1068.0481875487494,0.041896211312593586,0.4374013665434029,0.2388074238743883,0.034182595762604774,0.04245305325292721,0.09741202232219558,3.6088378887489054,108,0
s21g000_8f3fcbc1acc87b92,"[2.2672975865638523,1.500740350305654,0.5512969356210442,1.1449038256707602,1.8182732640682946,0.08880741139026146,-0.30919049613605415,2.1866809278446238,-0.3875441418252233,-1.0520148803168576,-0.7517461585630512,-0.21260415447158157,0.2777474327504249,-0.32218787241353675,-0.1491225286364754]",bridge_p02_d05,bridge,2.8589488659186366,-0.02316775143874339,0.0339818789929842,1297.4541758946289,0.04134941509688752,0.4455708943823851,0.21669488688982688,0.08861245814640493,0.05446173205030061,0.10097786682765955,3.625536098234988,109,0
s21g000_d7336308b332bfc6,"[2.0558133785258423,1.4732893059490553,0.45761257945261813,1.1929898791262037,1.869192773292593,0.06657799782265472,0.10076528991189294,2.0571701292766345,-0.1764567855252348,-0.6537919229904662,-1.2839920797634734,0.0062414670742379705,-0.3388874118737243,-0.37119861065564586,-0.024669800427688293]",bridge_p02_d20,bridge,2.7841152277329817,-0.025212610711600303,0.031819043332441954,1017.6093814339292,0.040945242957503764,0.45116844312627447,0.23180435726506882,0.03216271155283155,0.05125450114374749,0.10740531086255989,3.6258946158916894,110,0
s21g000_1efe3ec861e1a3c0,"[2.2076359331785116,1.5514088484135689,0.487335543532038,1.2643917485296043,1.8806798012167452,0.09877300979116349,-0.20387539803052532,2.130326566700383,-0.30436918771292537,-0.5228620248256006,-1.3567533465415325,0.2110685814285853,-0.32202118803214225,-0.438748815757445,0.01187523324341332]",bridge_p03_d16,bridge,2.8822792549548306,-0.025671519442867274,0.03262679889666,893.683680679278,0.04146635616903885,0.45170090905146304,0.2358966304443786,0.07313542251355554,0.04874857053959372,0.1013505930096992,3.633130340214861,111,0
s21g000_2d179196dd96eb4a,"[2.2282217547455785,1.4566625637271529,0.5205910283397567,1.1535693735485337,1.9069987203564518,-0.06669467408439683,-0.09015155013859157,1.872964217831467,-0.2197182591841543,-0.6337942876804932,-1.137018060125053,0.23266312909732834,-0.09952651724292601,-0.3566031821301453,0.009990370008231138]",bridge_p09_d09,bridge,2.8914851513999142,-0.025759911646244027,0.03264277353244828,925.3594406910088,0.04162710371119781,0.43962265791192573,0.22605024368656562,0.03261302413546013,0.05266050907011952,0.09970786975590502,3.634752527875193,112,0
s21g000_c5543cb8e15f64a9,"[2.0558133785258423,1.4732893059490553,0.45761257945261813,1.1929898791262037,1.869192773292593,0.06657799782265472,0.03119093671356077,2.092410982288597,-0.04849118399729363,-0.8323306226543814,-1.0792322451192013,0.0020125787834195143,-0.2277722296668685,-0.45303993127855136,-0.081820785202132]",bridge_p02_d20,bridge,2.771664598743379,-0.024066269958069264,0.032500029257451823,1013.9585877879363,0.04089745324457211,0.4516200879334127,0.22726803009443836,0.02297124875272551,0.05245717808533454,0.1086801462395958,3.635715364519952,113,0
s21g000_f23faa49d7af67ec,"[2.2200052406465627,1.3259874248741894,0.3782535347117742,1.1421772898482274,1.9048294466369549,0.043460713719772365,-0.038745591120209234,2.0609087531959602,-0.1628982906239604,-0.5641860438765678,-1.1768177004639568,0.350765575676599,-0.9361468445959928,-0.035263063510406735,0.07251794657904122]",bridge_p09_d08,bridge,2.842285597605947,-0.025890818980407238,0.03185520455021478,865.9960847799266,0.04135505651731905,0.45535970275604265,0.2346570146850818,0.033971036260579505,0.06627382454948032,0.11324711895023444,3.829632438104838,114,0
s21g000_f0e2538593dcd35f,"[2.2165743713225012,1.4111146071478182,0.5896986390850625,1.1992772465052077,1.9746296643085615,0.03627842434588695,-0.03634447795884109,1.8720802282205977,-0.23341209087019407,-0.7553736771762981,-1.155285113219755,0.17676816512100998,-0.09356246631392302,-0.5067112236034651,0.014715142555419983]",bridge_p01_d09,bridge,2.7966368083784023,-0.025659459548511343,0.03170123367888289,888.7881951047966,0.0409935364964178,0.45271736054855155,0.22870448910045366,0.030491319830550517,0.05305456866284652,0.10921970631285967,3.6705357383978026,115,0
s21g000_e3e8b638aecc655a,"[2.216965657715427,1.3547474526532324,0.476498092631801,1.3069699067801337,2.003904648776355,0.05515354332749778,0.11770214456255272,1.7890524038599669,-0.3313615656010496,-0.7156923230739612,-1.0720061620190446,0.029360506847999797,-0.8958167998213699,0.0976003373680845,-0.012067172330370843]",bridge_p00_d06,bridge,2.797892717087849,-0.026681443329318655,0.0306436571814339,1148.515240778892,0.04106047020790587,0.4504621172273135,0.22176987159924907,0.043266305760323594,0.08291197088546391,0.13332090376792421,4.193836658949016,116,0
s21g000_86bbaa37b2dc0d45,"[2.2282217547455785,1.4566625637271529,0.5205910283397567,1.1535693735485337,1.9069987203564518,-0.06669467408439683,-0.17690635962300433,2.2430752642755336,-0.21109993580304798,-0.6926821501260941,-1.1009989860699707,0.23341163939258794,-0.895546217395076,0.053110468878725725,-0.30888466757029137]",bridge_p09_d29,bridge,2.8806474451749136,-0.024441752616421564,0.03339036917314484,1163.2592402483097,0.041504323376687885,0.45315777141801217,0.23242187132399825,0.07596188981647024,0.06561350348020187,0.11232038900598168,3.8513585956576177,117,0
s21g000_39be2848f1ee2508,"[2.046110113352605,1.5032965610056759,0.5286518824582916,1.3337526962256023,1.859640133024366,-0.052777946038363194,0.053440693404816095,2.1936617197881136,-0.2674653792413882,-0.7412357266194342,-1.3112798329158597,0.10615709629220313,-0.08371009734345866,-0.162721144880165,0.13462555948087357]",bridge_p12_d26,bridge,2.8496930796334876,-0.025831577128793137,0.032007612604289054,957.3956837887199,0.04130110563122681,0.4449915205299179,0.23898924602886915,0.0739403251764544,0.05482196975249873,0.11331731367730798,3.789536655135215,118,0
s21g000_ea023a37b923f803,"[2.322758309646906,1.4308406360843704,0.5997018582620294,1.281875236156665,1.9328697783597217,0.0856682885260331,0.04513322861476793,1.8468177480204557,-0.18779167480382203,-0.8972904606294464,-1.0318539392660229,0.07999671066322822,-0.44946963664677453,-0.4418277543739529,0.029514385972582095]",bridge_p03_d31,bridge,2.7464134482642995,-0.026078756313551166,0.030653694648844418,933.1654892361803,0.040701686327094436,0.45795852235816464,0.22272936522508907,0.03413394014556501,0.0818940317484139,0.14136378201507893,4.280087309789097,119,0
s21g000_7d9bc24a20a62ea2,"[2.110416686444506,1.5597962470523958,0.45951909290122384,1.3189195504370819,1.9386792952690568,0.017605893380153313,-0.035406325275421376,1.957036400863535,-0.2231576841004379,-0.8685448643794722,-0.9537553999213967,0.11150940465328116,-0.14864058883077247,-0.23007018859478473,0.1130036956643421]",bridge_p05_d04,bridge,2.82949151289347,-0.024338482941025696,0.032894755579027504,979.9728864034369,0.04124731409349264,0.4389225891444375,0.21649545591446218,0.05259063560679234,0.06375378189117474,0.11336566852020497,3.807115939520576,120,0
s21g000_7328594b2f7350a0,"[2.2243188811276147,1.2598737908602013,0.5236893282571332,1.302715639387209,2.0591584837301475,-0.06078327938836491,-0.10139003786848869,2.1486423814203666,-0.20527299812083263,-0.6997654057683691,-0.862138514982672,0.14978747498651773,-0.4432328416130141,0.011356327743067808,0.11353130599482505]",bridge_p09_d22,bridge,2.8058445873566917,-0.025385229216121075,0.03149986385407636,1000.9395706714931,0.041146427653737126,0.4407296900244275,0.2174544350523949,0.07765948341212543,0.09310465131553826,0.13324854990392004,4.263327694084605,121,0
s21g000_3f59a618fda466ae,"[2.0970682690325306,1.3747330587244972,0.4093133521735849,1.4119696220953881,1.9252996649166982,0.004566782363778825,-0.02405288052762484,2.035596075272261,-0.31061161941317483,-0.7488902268125617,-1.1034583048808935,0.18799157174581027,-0.8023884479396676,-0.029464633030204912,-0.026138224455616883]",bridge_p06_d17,bridge,2.8630771603388028,-0.026372140657474508,0.03166008809052975,1059.8653723766765,0.041437743860285335,0.44874009062421844,0.22487702354071568,0.0646756133791458,0.06571731246484433,0.1179200335974365,3.9180676718902077,122,0
s21g000_4b2f612246c283e0,"[2.2645883220547898,1.2997202805848753,0.5495174306996609,1.4615294530463738,2.1448407075410363,-0.003411988629212024,-0.19147481080579606,1.9036150752530978,-0.24899549982801658,-0.9285867475672783,-0.9379117146349651,-0.13117521992402983,-0.000918960859572826,-0.2727438267658079,-0.14731892325219434]",bridge_p15_d05,bridge,2.8238126925936755,-0.025788457295184197,0.031620230834701765,1219.6982137212253,0.04115355224444301,0.44865783391577113,0.22486350099030059,0.0815937058611248,0.08225695002770282,0.13603239754764934,4.263442753435287,123,0
s21g000_d7ae0d1611eda901,"[2.311341979302346,1.6452034166812404,0.5415710842743059,1.2350333524666732,1.9821979539863874,0.13083301098802014,0.07183077854165974,2.0062130775543694,-0.24911223782816871,-0.7163047363212627,-1.0674468282626972,0.19714092300494204,-0.435081830639412,-0.7090630409052839,-0.018128305546126912]",bridge_p02_d27,bridge,2.7681768911799325,-0.024763284375327155,0.03187158762422448,875.9401469689874,0.040801964851716194,0.45554431925607874,0.21633585417449816,0.07068832861040472,0.0954432371009559,0.14747017669135504,4.5005907398404235,124,0
s21g000_1f16f3fce79ba3a0,"[2.2836541170804106,1.4104346227009428,0.5588554722888872,1.2449034855037144,1.866091749092972,0.06701691783338905,-0.032447940493811195,2.516754241968375,-0.19055100741252376,-0.7308691653750885,-1.4103236560594568,-0.21634027248337886,-0.5745584855427442,0.04737458448213268,-0.013383337135488095]",bridge_p10_d10,bridge,2.7766174581164473,-0.0256812124787118,0.031097152995619846,1181.19883529867,0.04074088471730168,0.4645592793784022,0.25450984745992056,0.11085796443337094,0.07715718067599937,0.1462322244841507,4.3749316527047535,125,0
s21g000_43dc222917571649,"[2.322758309646906,1.4308406360843704,0.5997018582620294,1.281875236156665,1.9328697783597217,0.0856682885260331,0.0004138446187935685,2.068466586112577,-0.525474987529223,-0.7924116140265597,-1.2536842543129951,0.05780594945165823,-0.11764036252655684,-0.09769420784400412,0.09801342947036248]",bridge_p03_d26,bridge,2.835805657213614,-0.02687857095148738,0.030980445654629624,1038.8492809639938,0.04114406572439359,0.4481128629124461,0.2348673749361648,0.09123332240178912,0.062208751101611726,0.1223197915589047,3.943791703646297,126,0
s21g000_cbe26aeaaff2a200,"[2.137471335941165,1.579346780584662,0.5832062659739056,1.227667073485792,1.9574153405788368,-0.012934986006161154,0.3280360622868441,2.182575144361067,-0.18406052378330912,-0.7360033744250352,-1.2291213539496,0.12455747373773907,-0.04249011900858146,0.017288276768967395,0.08833607387997401]",bridge_p09_d26,bridge,2.7165099624598503,-0.0248483991715176,0.031043245154099793,967.798383268735,0.04053374737912069,0.44526286895807593,0.23839627868501118,0.06700944196610822,0.12079221357475692,0.16343400663820143,4.963380366748008,127,0
s21g000_3906497bb570db70,"[2.4491041843252,1.142161724532753,0.39072470749461113,1.0802778748951956,2.1397544461013247,0.03556457804887966,-0.13739409616845533,1.694306683631132,-0.41895850140126983,-0.8941377787379534,-1.0013049467278237,0.03445405672365444,-0.027347602261906773,-0.32127170067571487,0.14210747552468936]",bridge_p11_d04,bridge,3.0099481864553383,-0.027157658190244294,0.03285771471962011,1045.1087015428384,0.042344379292144164,0.44078645388385734,0.22616817608195416,0.04808625424766902,0.04717230469460745,0.0983615224455296,3.716705399369527,128,0
s21g000_46261a350131ad70,"[2.318598194909734,1.3374512932664322,0.574558559950427,1.1964576812115744,1.8234452501909102,0.10521470787144416,-0.0215364361177653,1.8517852883086172,-0.4188591875971501,-0.6103390022064451,-0.901881653767449,0.31380941777069893,-0.64880594644225,-0.6309414571240329,0.08126849830297136]",bridge_p10_d27,bridge,2.773372790426576,-0.027073945519585307,0.03001817021111937,823.4505018375494,0.0409142585947553,0.45289903685147653,0.20880257565171437,0.0339808579101658,0.08191329581526124,0.12439796843567728,4.014080917332768,129,0
s21g000_9294112477811336,"[2.2472700031032344,1.4884911715049245,0.5373491452263996,1.1716000484743216,1.8508431534265957,0.07093255387317156,0.03807459818579345,2.2828647474504877,-0.25777357462665285,-1.0253637625537086,-1.2676190896825952,0.09872737765689996,-0.293275168411743,-0.40273337110957946,0.0740019736273678]",bridge_p02_d18,bridge,2.8137828690370896,-0.02499116458511985,0.0323752818209837,928.1022810204267,0.040997823845749015,0.46437009076407804,0.24104336969523577,0.08113850682651509,0.04463470223756309,0.11957443448720534,3.8128848014621193,130,0
s21g000_7daa694e771a3d91,"[2.0760426735934807,1.5626752404322017,0.505166910852635,1.2804291930535792,1.8989623251036278,-0.04153704792180451,0.1903803177885271,2.086545035397237,-0.17698431511280574,-0.7737315551338592,-1.0966626927445613,-0.06767394712577453,-0.12669166060473575,0.25113291710635316,-0.13538164213675025]",bridge_p09_d12,bridge,2.7266910944106133,-0.024473531041741214,0.03146789615059911,1254.8663227589677,0.04063587663134849,0.44007329278910107,0.23150811984717728,0.05131650971379333,0.0898807273071424,0.13473873311075468,4.189484377373671,131,0
s21g000_b8cbd7bd1492c59b,"[2.046110113352605,1.5032965610056759,0.5286518824582916,1.3337526962256023,1.859640133024366,-0.052777946038363194,0.004497088048035395,2.2990217624876856,-0.27231497684333933,-1.093606560534548,-1.1627212332064736,0.11487755332315953,-0.1343016902101214,-0.32905201975309767,0.12387992148969351]",bridge_p12_d18,bridge,2.8853496932996476,-0.02480650585968791,0.03323583261249932,952.6746096654279,0.04145476717260267,0.45339832121916157,0.23715644913076375,0.09145256455462672,0.036853270953090905,0.10756115148876422,3.6848965037208927,132,0
s21g000_b3e0d328aacc3b6d,"[2.057225685947959,1.4656091376734455,0.46509727381656035,1.216949963643899,2.0005536634413947,0.07581733932846393,0.28668010094277024,1.8662749787553832,-0.28471753049905246,-0.9493253847009027,-1.1993797643251536,-0.0014732136635748072,-0.048114125715863654,0.4710535861879964,0.10900949202958107]",bridge_p00_d30,bridge,2.760115434551809,-0.02503463089534197,0.03162047481878738,1130.1874985140857,0.04080805546102129,0.4446401657606776,0.24374247396437473,0.034070091079630764,0.055178666760412935,0.11017359031580223,3.655663719042619,133,0
s21g000_376fa60d9d3dd28b,"[2.0760426735934807,1.5626752404322017,0.505166910852635,1.4450938074279303,1.9432386968135154,-0.02938920062249327,-0.04598762412692975,2.223900186148963,-0.29174555932932306,-0.7685553842211644,-1.0885557100099759,-0.15424324394623373,-0.262718368344013,-0.016792401547699655,-0.06883179098737323]",bridge_p06_d12,bridge,2.8270747502316294,-0.024757713822076366,0.03237000577458016,1260.6929588199746,0.04115462405728189,0.4397265637387246,0.2248169280387876,0.09694830045978377,0.0754047688614774,0.1295018025913547,4.116177117915141,134,0
s21g000_cf85a57aa9944081,"[2.2523166881249725,1.522079043898231,0.521669626411004,1.141012311337448,1.8099569177719421,0.091087926258857,0.14618328422601617,2.02550668111371,-0.024895106079452153,-0.746937911738756,-1.246658291415809,0.11512824135505123,-0.28712901635912247,-0.16497469582838653,-0.060855545124035154]",bridge_p02_d28,bridge,2.745889067062526,-0.025449781216799083,0.03110898382357216,938.7036474226043,0.04072811360897053,0.45270530457283553,0.2403106600593542,0.028966592201820053,0.0785870515843379,0.13311162602403484,4.113762254627267,135,0
s21g000_5e47403844a73eab,"[2.2650620413210634,1.3823338693331415,0.5250227886568757,1.3626371833125863,1.879867632667826,-0.010696484048080341,-0.15504236422812595,2.1309150798760714,-0.3443490292449102,-1.18372877333995,-0.8467548512622927,-0.0758219080892581,0.08876535946540315,-0.5219211693629175,-0.14401553309907303]",bridge_p14_d05,bridge,2.860614699174734,-0.025443884383422932,0.03237717691121293,1191.4557984092535,0.04137756969784273,0.453808650495471,0.22389940555771273,0.0789475698211353,0.06032563243015532,0.12153737401230232,3.9481227299755783,136,0
s21g000_d5fabdb84e937f75,"[2.1404464160131202,1.3250551103643948,0.40886551126369325,1.4529595815018994,1.987501214374429,-0.04460767899474004,0.15957304771495828,2.108447805755437,-0.3027124283858903,-0.5648969391420249,-1.287658614642094,0.27014321951192427,-0.8952306072411881,0.16689962269933536,-0.0693848136305825]",bridge_p06_d17,bridge,2.843982845038329,-0.027844217578133268,0.030010028815997805,1052.8212188255238,0.04130017685603428,0.4517012194316967,0.24020689802315062,0.0835168719795012,0.10127270696084828,0.14770727957022428,4.6210821146419185,137,0
s21g000_8570ac2fd24062a7,"[1.977538531433725,1.5949615747588943,0.49286005677722267,1.156658788606473,1.813787319323099,0.0348094361746765,-0.09410643596606219,1.945316270596417,-0.2387046828538056,-0.8301918786436199,-1.2688936306587277,0.09716824822148305,-0.3687542022840371,0.11758714631686802,-0.1379301151761266]",global_0010,global,2.9541816363259916,-0.023992342702519376,0.03480878158130383,1130.5194213365612,0.041954261924243536,0.4411387874614357,0.23623662132579226,0.030095992134457013,0.006551366396971282,0.06448008275089447,3.2259331200358923,138,0
s21g000_cd6c816ab73d9bc2,"[2.0256453443557962,1.5441692203133621,0.5045239948782708,1.0951854765809044,1.8497299350103462,0.08753156428806472,-0.14291916292989132,2.079959514528551,-0.18860113468930106,-0.6533571693047798,-1.3496605482048505,0.028025742391732514,-0.16206451965198615,0.04657590643071795,-0.11723243412893328]",global_0022,global,2.900031758507541,-0.02379571012411774,0.034288152400252014,1101.9322896765843,0.04162825241478518,0.44321524727526973,0.24224384393428594,0.039369517229505546,0.017738141470620604,0.07147790045071402,3.2431350831413943,139,0
s21g000_0b70745425fefaf1,"[1.9258107481154787,1.4828756311060256,0.46587619197246344,1.1617162363700804,1.9461339442965744,0.07217940441103872,-0.07828501068757432,1.939515676525882,-0.31381635076803094,-0.6635680181036943,-1.2448039157186872,0.016477116152451524,-0.9028925515200141,-0.13292855110094645,-0.09822545286215688]",global_0036,global,2.904886189262388,-0.023954966967727476,0.034281632904790964,1144.8422166109376,0.04164263738672485,0.4519626223196523,0.22659956968545036,0.03651818534160178,0.018267542358593,0.0721444372652169,3.2548790867366555,140,0
s21g000_89ccc1a901f6975f,"[2.0038982176344935,1.5542946362147203,0.49173703121803825,1.1513711506589936,1.934561796965638,0.06345479008899829,-0.15640150807851652,1.894616187587563,-0.20493481822007276,-0.6685440980505778,-1.1666369844416928,0.1631107555897531,-0.28571676002502966,-0.40565293106682326,-0.09418939660424189]",global_0044,global,2.9040502766962737,-0.02369657345085674,0.034440054706235554,978.576735291128,0.0416610433569346,0.4432686669006938,0.22345860627460712,0.024518900074722502,0.02275428815782965,0.07200942840116566,3.259220049344277,141,0
s21g000_dfb4db8236363da3,"[2.113725135937451,1.476704730325902,0.4723774883699013,1.1800765345569184,1.855675045693935,0.13297289197023698,-0.2178450651594167,1.9985584993716234,-0.3495343043651563,-0.8433897582974084,-1.1993511419325582,0.10736145056902556,-0.415389936420272,-0.18258003449540988,-0.16048447540611144]",global_0029,global,2.9391032534963264,-0.02472278937916994,0.03411704825364465,1099.721796177957,0.041828478293708865,0.4477069378462523,0.22936377152022264,0.05099861772695224,0.009962648162335165,0.06984184039488552,3.259639529573956,142,0
s21g000_c42ffc90f449bf1a,"[1.9696963998988195,1.4707363721269437,0.53440392146824,1.2043322035311503,1.9491019876180549,0.005867855604647622,-0.1650724783183757,1.9809955680189963,-0.41622242961571254,-0.7221042197386982,-1.1775477077436984,-0.006781504139228761,-0.6152628097206363,0.13470580317473108,-0.0352909423838724]",global_0060,global,2.967544433648062,-0.024262235556075318,0.03465197826655794,1205.4838136597355,0.0420222357861859,0.4392090793019135,0.22556391460330522,0.061949588867833034,0.016733450780944417,0.06596615995983396,3.2601944536644183,143,0
s21g000_381092a3636bc022,"[2.07804828126228,1.407888371070034,0.5195311340067633,1.180380411488743,1.888792173729796,0.08053688007901633,-0.1984423035818407,2.13093401218951,-0.26084469776000935,-0.7133568624741599,-1.2443257547604685,0.024468053406083032,-0.28419708422215906,0.15177071436208223,0.03786351685308277]",global_0052,global,2.8420830794682703,-0.024432178958696094,0.03310269603659176,1074.9401021257363,0.04125997672512187,0.4467229229727919,0.23899378381964842,0.056691245832088004,0.023183934634233384,0.07874323512905797,3.2639277084559817,144,0
s21g000_c9e017e0d4aa293a,"[2.0212155530429907,1.4511156890172796,0.4445539788593156,1.1109114298910758,1.9302961219618808,0.12123516660124511,-0.10690052363255531,2.0550001066584302,-0.2570061757163099,-0.6594494836651454,-1.2245767740688829,0.07316493253868799,-0.3690565449175486,-0.12865684755798107,-0.043891019798632275]",global_0021,global,2.8860461171214005,-0.024033105754725503,0.033903459574831166,1050.106003579538,0.041555311003476376,0.44281975762593057,0.22952803502703176,0.04637369810047193,0.022481198699516185,0.07534766803620643,3.2727578875473835,145,0
s21g000_8c962a4353d2c03a,"[2.0129039059360316,1.3987864857351229,0.3743932138268163,1.1448934408161109,1.8784532533704394,-0.07237391410870736,-0.11663051232938748,1.9171855820251174,-0.270004526827846,-0.6892579072923808,-1.0986650222873013,0.11166197105242101,-0.5859381367154421,0.2956251342619035,-0.03848978186684861]",global_0043,global,2.9687731310219663,-0.02482447582318137,0.03417797188708521,1181.0935622879042,0.04212997025207624,0.4333522758197121,0.2257873555918486,0.029171094701571046,0.025036961289455296,0.06810398470185039,3.292192788690847,146,0
s21g000_b273e56fc58481d0,"[1.982828332013251,1.6008660175916467,0.4396356081430209,1.3311040348017502,1.955147913432044,0.07274308888912566,0.016915473419276628,1.8769166931414003,-0.3338689126243004,-0.8439541268076008,-1.112106666702781,0.05468409234920024,-0.3809040832690601,0.17537487812530284,0.09926704931145877]",global_0049,global,2.865140307916878,-0.024319301374564173,0.03342344096457705,1096.2104679435288,0.04143292563210468,0.4376182788316402,0.22366487627590476,0.049981817965791764,0.04284474033215804,0.09517312339056125,3.5181538420459044,147,0
s21g000_41cbc92e9263eec9,"[2.129834778289138,1.3813716936878981,0.4057810099903325,1.2924805678045261,1.9634805229346912,-0.07037591082071615,-0.18633734527399037,1.9654770280128178,-0.15436268312117968,-0.6710877270890286,-1.2567851305195286,-0.06565805655560646,-0.3188265582477665,0.05388614538710294,-0.026741101364140943]",global_0019,global,2.938319335293254,-0.025704264453490833,0.03318933800902611,1170.0549908687171,0.041902430487956575,0.44114498918994394,0.23959856463335927,0.048028690270830614,0.034375030164471625,0.08739697241196635,3.4761618308921163,148,0
s21g000_8406c6e9a50b0937,"[2.139377341676185,1.4646041538029442,0.5216916111293313,1.2297676964609885,1.8746876464639142,0.048763853501527836,-0.1187842162382447,2.1560799710652616,-0.29415783487918284,-0.7784146484559769,-1.2501739219808479,0.2069133921055949,-0.31783629193478835,-0.26719176932716077,-0.0662460012413841]",global_0054,global,2.854969372454057,-0.025183337165767594,0.03270963225390415,974.2165676474906,0.0413032190210568,0.4516307442559348,0.23477000244746954,0.06750039099667965,0.03371442020106563,0.09545507196189729,3.487011146597662,149,0
s21g000_e2002bde1608f0c3,"[2.1294222022133047,1.394125621203538,0.5287837766233422,1.266347891098531,1.9802571433390372,0.08118706417461344,-0.21956303635481533,2.13845042258619,-0.376250131227836,-0.655703643108494,-1.2353034601802682,0.20326068669523978,-0.6395710110810556,-0.09416952814335255,-0.11662904765928422]",global_0033,global,2.870278455467474,-0.025284787527317554,0.032751906478719006,1045.6610206060177,0.041372410165834046,0.45167584465822136,0.23391049963938815,0.08252060650750125,0.04024419406400972,0.09283633212028962,3.487172282423299,150,0
s21g000_42b1b58b24786d48,"[2.0110921564611757,1.3737409993864964,0.4766745853517818,1.2847010116417845,1.8998037311732452,0.027894651062087168,-0.13190045109975385,2.242148828391464,-0.1818227914228317,-0.700629275361083,-1.3150475860408228,0.15591111330141366,-0.44744170830261953,0.0031965453031735647,-0.14231276141939475]",global_0027,global,2.881706186014692,-0.02513060941535039,0.03294691647861056,1056.2549389730484,0.041517257983385444,0.44970577280489354,0.24360788133353511,0.06641227286665356,0.03347742501647246,0.09212539569099865,3.4725927700448653,151,0
s21g000_404152c93b77b3fe,"[2.204441540482506,1.3737963456225506,0.5344573391594588,1.1425001641330264,1.8613676941557022,0.02116772612117437,-0.29808318291161623,2.2095914410071527,-0.20309346304846343,-0.6220404185625431,-1.3358119207501822,0.1579089429182792,-0.6066101194387924,-0.368685569061199,-0.22647236566458964]",global_0013,global,2.890311079998693,-0.025314194977567928,0.033082351937236965,1034.0640159184659,0.041512284249972414,0.46143977888253207,0.242875546352339,0.06202900960387688,0.02499231223377786,0.0838649603194809,3.3693391804865924,152,0
s21g000_483d13de4e06cfe3,"[2.1730273737114434,1.544092481895128,0.4606614002278707,1.172985141269239,1.6383218002750752,0.01996055757080945,0.015788508831905523,1.9970073245644793,-0.2045410685136196,-0.826574079668071,-1.3277963262971169,0.05987293741631207,-0.44091344955157913,-0.039998088420970725,-0.09042967566741536]",global_0048,global,2.9838245095940907,-0.026634695679296216,0.03306530686825116,1084.602563450495,0.04217073895615205,0.44267731592891446,0.23998593098338047,0.03636510759491064,0.022800655409974533,0.08967944435633506,3.5247761337474097,153,0
s21g000_71dc17cb541fc964,"[2.1111223581368783,1.5351273239902206,0.4958990412529597,1.2374576771922812,2.045455964290875,0.08433972965282308,-0.11078427835110305,2.14030236263312,-0.372077696725313,-0.7659406106734606,-1.0491100762776098,0.0008383443646734073,-0.436793535110456,-0.2843005679664859,-0.08036125663348215]",global_0062,global,2.859220517421037,-0.023680808113945684,0.033701785780250515,1142.9226194816802,0.041322442591520694,0.44378654120217953,0.21603820524429188,0.08900137042242315,0.05041504683169633,0.10441760195909715,3.6568765244952606,154,0
s21g000_0cac063d59b1049c,"[2.170124313133592,1.4589929911254407,0.5258935558734521,1.279916421894596,1.861380520926567,0.07832345656851825,-0.07179317883520306,1.9159077368462567,-0.2595295165670335,-0.7282013742165822,-1.194940326077567,0.2725784257665189,-0.8289456090105353,0.218806745008916,-0.056882937470758496]",global_0005,global,2.8327343033872965,-0.025871714883462182,0.031914845198420604,1001.5635960975778,0.04123726831507648,0.4534909149144585,0.23557498292272544,0.03069448648940314,0.061419753985734245,0.11088607574286047,3.763989736263021,155,0
s21g000_1e6161ce76e79406,"[2.077288739195603,1.4941415411484975,0.4602962966372802,1.2485741995347062,1.92646869756848,0.043938838070434486,-0.5353862388632333,1.6201674159453017,-0.35672287534233826,-0.3867699709620957,-0.9794532567848862,-0.005080641808640693,-0.7169335206762005,-0.3816402428971297,-0.07862737831161867]",random_tail_0085,random_tail,3.0771628949276644,-0.024964132338629264,0.03540665561550273,1147.2790165459082,0.04273452792758112,0.4314091978230015,0.21188409382266643,0.030837394062360465,0.05772421861415016,0.07746412299837348,3.583830757313125,156,0
s21g000_2e32df9a011f1613,"[2.220188157087998,1.2615564037884681,0.5254367849869583,1.4978896280575404,2.266759882673413,-0.04377273488855726,-0.47371427645735753,2.1609323937713194,-0.14154346449181895,-0.8480113560892051,-1.2289030334444924,0.050595453044015276,-0.6741827221316964,-0.3580111680421326,0.27427185930060516]",random_tail_0058,random_tail,3.0057278564500693,-0.02553595391781971,0.03400620342471879,867.887921078087,0.0421085189113539,0.4658119858639119,0.24321739788123523,0.1164706300997086,0.051147576674371385,0.11293485764079578,3.9263188020107362,157,0
s21g000_4fea9973b1b2971c,"[2.132283534324044,1.548485216457475,0.5585529419798099,1.42759153311087,1.9734863890312793,0.004685817943941755,-0.2866292782771825,2.2195712551940723,-0.27522008665789555,-0.606458909015479,-0.9929340540696285,0.2802458767867574,-1.151786338320889,0.1069389106074177,-0.28523300288188635]",random_tail_0059,random_tail,2.8539026024528615,-0.0242049819993424,0.03311643381724155,1142.1363809022623,0.04131485954003288,0.45580000097303686,0.22645474777304372,0.09696844823609502,0.10338989892388624,0.13823953437023812,4.470195070523577,158,0
s21g000_c8efb1baad35257a,"[2.1518262360244798,1.400886640869989,0.366067784079503,1.2911881227148259,1.9033456081698799,-0.04720411966459052,-0.3250660289115868,1.7867293865799252,-0.14776507732906552,-0.565086703700199,-1.631243871283472,-0.11715433408263973,0.39245535613425825,-0.24611148407167033,0.15611656130517454]",random_tail_0082,random_tail,3.145711223606383,-0.0277907030899206,0.03415685983345387,1001.3158966604278,0.04307321258054422,0.4466231345896502,0.26037331831645844,0.039892922001132376,0.024364215289840976,0.07524712691334273,3.5345262052068493,159,0
s21g000_d2521580d7062b96,"[2.2646567552746015,1.4794908880753135,0.49649531199908514,1.209281755564561,1.8380806225940591,0.009031206890542553,-0.23070077660653476,1.8059580524373273,-0.21956212378761286,-0.8701942223497678,-1.2178801762805993,0.06652629140358125,-0.3350040582223581,-0.2919940319412991,-0.13115236966011673]",random_tail_0069,random_tail,2.999101939282931,-0.026013210725111535,0.03387456354808124,1076.1856678290496,0.042213519532974496,0.4472800988048154,0.23300295355692272,0.031841438068449766,0.021741766383444803,0.08516837013193092,3.487133926084884,160,0
s21g000_949dcefa891f492e,"[2.149700465936786,1.4502051937596356,0.47193360120016187,1.3065867032529188,2.00620431586867,-0.005126246464113785,-0.13303687770961564,1.9132450218849706,-0.19060735918187388,-1.375286675742167,-1.5400947596515728,0.22922516153445663,0.030981825553769327,-0.4749421052695464,0.022656467480696843]",random_tail_0102,random_tail,3.0448800353057317,-0.02576846274130906,0.03489235493754429,851.8941565459936,0.0423224226754361,0.4769017227464287,0.26672592369488524,0.051669119482659065,0.0,0.07229194412123084,3.384578172319497,161,0
s21g000_1b665751ea75d7e9,"[2.1334698386046265,1.367179461105037,0.53942344681205,1.241276779424499,1.8609218774445435,0.02897852184649737,-0.1918733727302465,1.3869054603060071,-0.1802877663253299,-0.1999104423782177,-1.1914904193864315,0.07607153890250004,-0.6697209118261163,0.2660016066484765,0.2254001795986878]",random_tail_0072,random_tail,3.0647554097309886,-0.028895879336704344,0.032043551866732134,928.1474801202748,0.04270995397055008,0.4192067270094251,0.2157009683838387,0.01585388680162243,0.08242418474896965,0.10617657518151356,4.035311760457533,162,0
s21g000_2197fac5d6f21ffe,"[2.339489369009755,1.3224142396384448,0.5833157532896533,1.1718787476784842,1.7979022511991183,0.08454061143123859,-0.7264261740094098,2.6,-0.04732999238986907,-0.3930538513632476,-1.872722259570063,0.04789347590291447,-0.7151683508122887,-0.03907420529650357,0.009426497112355117]",random_tail_0075,random_tail,3.0202049376327453,-0.026581044093934136,0.033598284634351286,905.8043662412747,0.04212489097431477,0.48309734458275116,0.29724223304319525,0.11035213690692286,0.038353626041023756,0.10033347824059095,3.7260324053306437,163,0
s21g000_6daf4432e88cc062,"[2.265094299199356,1.727001038667014,0.6036345343260291,1.2876987131693887,1.8774536638744226,-0.13167115776188126,0.011792813829370447,2.4511600218628242,-0.32177144623457016,-0.8931471784452516,-1.1381522223159188,0.020763903889771146,-0.16570771047212768,-0.1292276529670147,-0.10750622543745]",random_tail_0123,random_tail,2.9425458261094244,-0.024455348898490326,0.033712657201321085,1182.3654021277798,0.041723316499632804,0.4391957998340207,0.23151455164155027,0.14302781043137097,0.09056851152468261,0.15164355471658902,4.724363660562707,164,0
s21g000_39737e4d9144838a,"[2.24712405143076,1.5528105605726896,0.571157177529298,1.4956830147853186,2.068852122982393,-0.05619968220363922,-0.022534584129850762,1.748069147817212,-0.007112600313620127,-0.37693714807128104,-1.0842805555223127,0.14106672953387406,-0.38214851344750683,-0.2955435626883123,-0.25663946050815367]",random_tail_0000,random_tail,2.8125533493597454,-0.026896465342582276,0.03042309585377586,1027.3714089078712,0.041110994246486204,0.4355096326877861,0.2144288818994279,0.08718510728742826,0.12986376927423113,0.1606939805357503,5.081280399041187,165,0
s21g000_0a107008bcbfc3d9,"[1.9614652300389281,1.5634425888020573,0.42255202152987104,1.2687500493077384,1.7247901547627758,0.17635992691455524,-0.4461076340887997,1.5199230425167336,-0.3706587435804474,-0.6736605824638208,-1.0002657610703656,0.349415298667309,-1.320426299581883,-0.05889081837555615,0.07646792941637988]",random_tail_0026,random_tail,3.1797597741178265,-0.025657415701137776,0.03617416713727312,895.0451421944963,0.043301800286938606,0.4456201414950578,0.21462609589370762,0.013423909882148179,0.049610776901971375,0.0745247185225952,3.6269084841931107,166,0
s21g000_eddcda15b4c14ea9,"[2.246375842077105,1.7279204105584478,0.5916957859496128,1.2672177561831255,1.8865076618552008,-0.12789498291503737,-0.23275718025559847,1.8507632365558102,-0.35862242005613054,-0.932688162076726,-0.8250107831621472,-0.15232627778558908,-0.4366373497954891,0.5597872162332558,-0.28967786362866843]",random_tail_0127,random_tail,3.000117215702883,-0.02347714033590942,0.03532080449009636,1534.8670504784714,0.042261344038999164,0.43321420320769566,0.21325581088672843,0.0787006523459566,0.08169311684989278,0.11121414297258746,4.037657066438904,167,0
s21g000_aaeadea6b67c635b,"[2.1578016466588585,1.5838150982062669,0.5903350790274895,1.2970165689777753,2.0147394574436253,0.04681144685082504,0.2870371718978672,2.4779873267358234,-0.2813859245680209,-1.0491443942940277,-1.0534491818760885,0.2474915443081604,-0.17161622412732247,-0.30054271052182724,0.013018302711505211]",random_tail_0116,random_tail,2.7481647767458695,-0.023883639250082078,0.03195330080670516,918.9061103555578,0.04055805567621523,0.45465515387839633,0.23287062609703824,0.12792162750213268,0.12779628164092413,0.18417987509423495,5.5247256281218124,168,0
s21g000_e07e306756632a5f,"[2.268486161563188,1.4037206848717572,0.5140611069959359,1.327443550294928,1.7542221631136818,-0.03273991852772997,0.19897266223421467,2.1279755135882215,-0.2538353261985059,-0.6212587406425272,-1.1950869176220897,0.18877077786116087,0.2287321721052098,-0.25354072490860485,-0.19175949728245723]",random_tail_0109,random_tail,2.748034333443511,-0.0279152584350566,0.028734727003223458,1042.0498834858117,0.04076717192944217,0.44576054561864675,0.2345245380293965,0.055420131884468225,0.11456861376621871,0.1598532546423268,4.8683922838378635,169,0
s21g000_5c86ce18a7e4296c,"[2.2773355845523664,1.5507618025025545,0.5657844933601801,1.4750313456284374,2.074831130810025,-0.041486048474840664,0.3164261978705585,1.6552587488973889,-0.17263520323469791,-0.3340670616507894,-0.7443267356792753,-0.08512273749436394,-0.2525361888700802,0.21407415246390837,-0.08724840702582201]",random_tail_0029,random_tail,2.664521002697595,-0.026964454414261207,0.028038331094847574,1237.5285652981402,0.04031173727366036,0.4210378700888736,0.1888211797884593,0.08657511729678828,0.21031990908603676,0.2171401410444651,7.277466903658814,170,0
s21g000_986452946bff7e81,"[2.1107387555823474,1.563491041829806,0.44627365258796875,1.4852071938982163,1.9654111931988303,0.0726186184023954,0.22305280766609875,1.6173504713670186,-0.4431673623041254,-1.1818187820459605,-0.8344270375202514,0.062075922528142084,0.0555632996941578,-0.1987925326639121,0.17295039773825108]",random_tail_0053,random_tail,2.854765756186659,-0.026268806325887017,0.03166233955584721,1044.5297408905353,0.04138729531182965,0.43646567491092175,0.21536024684689486,0.06264392799003116,0.07529829948429044,0.12833621729235756,4.1237719463487945,171,0
s21g000_c8c2c3e2a83100a1,"[2.1577865846098385,1.480302131976602,0.4428593005663319,1.3497769656023988,2.074525309892237,0.03419583870222999,-0.2970854436751571,1.6006382894625761,-0.22976477959443792,-1.154838587812936,-1.4360631453328576,-0.01631347871612286,-0.5885053168022963,-0.421916704394259,0.01812621297583144]",random_tail_0047,random_tail,3.195743428464291,-0.02636689841701001,0.03609514668943483,1017.3994102374927,0.0432027558904893,0.46382822931821505,0.2384418739726009,0.06337318449184504,0.0,0.06878246929910266,3.503260253851621,172,0
s21g000_bf6e693027629263,"[2.2245288725766925,1.3262345733792136,0.38089079933767966,1.140000698115796,1.8968030038371069,0.17872498261112976,-0.3186230523888587,2.2224274764483,-0.19232971516011052,-0.5731797415425928,-1.3126812772326095,0.47910747951489496,-0.5216682252126175,-0.5680327513504222,-0.0021922272401286302]",random_tail_0135,random_tail,2.986048826103914,-0.02599264929277545,0.03355716946382637,690.5307618355,0.04213454397235951,0.45925546575814474,0.2415873694257909,0.06712365327313578,0.02651272858246736,0.08271335453444009,3.455348629487078,173,0
s21g000_44667bc4c6b6974c,"[2.3358348728516263,1.4193718884917756,0.5928155970029876,1.26039760478245,1.9181948482800986,0.07844562084953344,0.042091960343351165,2.425995452344373,-0.6719796359922503,-0.7110797769601679,-0.8450403375103586,0.1760920271327516,-0.21226167760697268,-0.5253256351105737,0.006959160564407582]",random_tail_0063,random_tail,2.795192093774988,-0.0259006123354949,0.030473728861777814,1023.8714835340688,0.04074022823553185,0.4436266002267841,0.2109157340915509,0.17178480209003497,0.0946140598998351,0.14208127097752934,4.420666496918881,174,0
s21g000_75265ff3c18523ec,"[2.1903660341505673,1.6672298600988325,0.5832312681672269,1.1666550598877679,1.7550875073919419,0.07523010620594464,0.15726501179753055,2.118526444435568,-0.25467444417641905,-0.7727197244864649,-0.865430539601499,0.20891691333687643,-1.336322458066363,0.7695369153175537,-0.09504080941085366]",random_tail_0005,random_tail,2.7421038744045148,-0.023542755229204904,0.03220703699743048,1187.1309650832918,0.040750572312436555,0.4646715677998281,0.22315176062914183,0.06680515405508652,0.1306365642680487,0.15673853206611518,4.936263674961755,175,0
s21g000_41aaefd1a4d967a1,"[2.238795337254061,1.2345055776875302,0.5248338114768697,1.5083872149314446,2.2168536905406397,-0.059986210411015116,-0.6775954038304544,2.2174649121432326,-0.3169116662441802,-0.3298827863617844,-0.6573327962301829,0.15091066364814368,-0.582032996116916,-0.13738268112059063,0.2568679530569954]",random_tail_0092,random_tail,2.9387235958062607,-0.02506888202756763,0.03291005161929274,958.0543020490404,0.041862826847862564,0.43361307817205125,0.21197330019682634,0.1367901497198049,0.13668972988928216,0.14280927734914087,4.918308305112382,176,0
s21g000_54ac0769001fde18,"[2.2010086177389536,1.300977372092071,0.38006944682099647,1.0684239570230583,1.9090729281395196,0.16831624635157322,-0.3631960941306028,2.354191683192092,-0.18362023440246164,0.007187448001812258,-0.987417703930449,0.3450041760705721,-0.8468451762766951,-0.3798660830393055,0.06440286903364446]",random_tail_0004,random_tail,2.8644000316863623,-0.024995201088400143,0.03237913258178912,800.1765506449956,0.04152907417877376,0.4435701296528932,0.2277822084510918,0.08730225840841362,0.115649353693071,0.12861991068110779,4.407817379558288,177,0
s21g000_870f9c16433d06e1,"[2.074360148189004,1.4476962949700278,0.45457932018233077,1.2395131023101402,1.933270526359226,0.04817877246942239,-0.059085631778005604,1.955034811555278,-0.2898560466173181,-0.3839217938099834,-1.2213979887161077,0.08138850137272854,-0.6546769364824241,0.1330072392927207,-0.004333805964749672]",random_tail_0060,random_tail,2.824309021934321,-0.0255187312488111,0.0319340593639553,1097.6789692367238,0.04123218474717667,0.4394269577738596,0.2295974029190763,0.04123931667928699,0.0681876099703203,0.1051151283649749,3.705240641032614,178,0
s21g000_0521f3698b1d21f8,"[2.1525916987823823,1.37714682472506,0.5372616943385815,1.2416033387156227,1.8626442224011666,0.024986713624559648,-0.3233428578622868,1.544820851312616,-0.18458672859544162,-0.12885105948213965,-1.0230389942087708,0.06573663636056386,-1.0770182920311342,0.21443408557597154,-0.05568860534046764]",random_tail_0136,random_tail,2.971138699717127,-0.027276275563119845,0.03222636190803999,1100.5239292410151,0.042180104218830665,0.43048641695451856,0.21881703152584062,0.01703086631072085,0.1088935381038823,0.12281037038559406,4.366516951970527,179,0
s21g000_a7359988255795cd,"[2.2673762065644727,1.5526545243478096,0.5496764413356657,1.4688010513649048,2.1181346729872916,-0.06501713730784589,0.1317211811451886,1.5357515493051146,-0.1599298027471568,-0.5466099892288733,-0.7892192162237255,0.1379601726762238,-0.26309365144248914,0.34059235305513014,-0.36079082606395446]",random_tail_0096,random_tail,2.821077767731429,-0.026860097985999976,0.030333751189532077,1261.939261163916,0.041224188597603885,0.4180489966001449,0.19528065141146833,0.0935701632979626,0.14927865532336962,0.17100297345960547,5.501752961043522,180,0
s21g000_894c1d0307fed7e3,"[2.3172095823539345,1.6385162903845818,0.5317465097313475,1.3505935472100417,2.1970182624587387,0.1762689969021236,0.22152394593240843,2.231752365153947,-0.45846722473896123,-0.8305651305255988,-0.8082799481248291,0.37750453567588815,-0.9065867945401658,-0.6851724858759705,-0.07526871261024977]",random_tail_0006,random_tail,2.7708682966317766,-0.024224887103483916,0.031808315099233306,893.5920925712162,0.04067820012910171,0.4602089329239109,0.20639567222928434,0.1428406753416536,0.15663802611357627,0.1995305697532902,6.217418926793005,181,0
s21g000_b0c0d95d0d66620d,"[2.2551854313804682,1.5193030940338204,0.490881105446447,1.2159646157557522,1.8497297283316625,0.0023820668150216964,0.03021054407280467,2.080691144102556,-0.22025447262533682,-1.0534390307791681,-1.1746395068059843,-0.021914785966855185,-0.312938680029061,-0.7387704234881081,-0.05225578116381144]",random_tail_0017,random_tail,2.8669350042240374,-0.025320604011340397,0.03280745549303016,1030.9387491474372,0.04138527112171836,0.46507394814058384,0.23139587323782268,0.054676136148670285,0.037929561233636215,0.11262080131734084,3.7417117285706,182,0
s21g000_44b3fcb5bc8b939a,"[2.2741969185222413,1.5299892703224112,0.5567625608897535,1.1359403778886021,1.8134078288476156,0.08296586454250848,0.42917524605419366,1.8509685139768737,-0.08542742881134355,-0.6364365616777627,-1.6241382413413006,-0.21820904081843542,-0.6251394507717439,-1.0589178997355488,-0.09528041438084353]",random_tail_0044,random_tail,2.811393663388207,-0.028264551173933117,0.02978333640976033,971.2844054050584,0.0410133680105785,0.4880414755157149,0.2460444208309746,0.029193628554608286,0.08079742165503133,0.1472370959426076,4.4490010379065605,183,0
s21g000_3949fb62639cb23a,"[1.9805020762473031,1.4471200858244282,0.5396270970748906,1.3008667936400926,1.90479638602482,0.04876552443643012,0.22453075374494202,2.2173588933176718,-0.2769924396384204,-0.7208718540401873,-1.0526699515217794,0.08637267369615415,-0.4292168825786136,-0.22330792817517675,-0.11013726344759997]",random_tail_0045,random_tail,2.705553683393323,-0.02476014880047972,0.030929959196911577,1080.4348638011325,0.04046587126406005,0.44659282603417355,0.2194537112267541,0.07249796056316342,0.0891587077715877,0.13775284704091428,4.21720836080784,184,0
s21g000_38b8128b999814c1,"[2.2068073653478546,1.4455753500759834,0.5160921743504311,1.118086887164802,1.8995475867655005,-0.05961559529303128,0.2428754517369513,2.5488871817013337,-0.027734899306100486,-1.0297973374470635,-1.0718195765283653,0.3472223588040144,-0.0726024555234116,0.862953764112568,-0.19308320772957477]",random_tail_0048,random_tail,2.72140984196615,-0.023731763467159772,0.03172235574423179,1107.8216578230968,0.04053389721780327,0.4569564838435519,0.2601539911609478,0.09963826988146404,0.12317152456986698,0.1630446494656889,4.980333949996746,185,0
s21g000_f676fd9629370d42,"[2.192318021636585,1.6373009554882016,0.5683962431782156,1.1724805308247253,1.7906426201907806,0.09298635153947175,0.19991442833855882,1.6850100308135887,-0.4207996038807723,-0.9106039872394125,-1.5285013268273964,0.18615477938462965,-1.2297090473655827,0.3605649684032087,-0.2720544683836593]",random_tail_0100,random_tail,2.990743791503226,-0.027039697924004624,0.03309934582190838,1194.5101880237235,0.04209046090562801,0.47010164013233746,0.2556499248153344,0.040132183179313906,0.036221308975039175,0.1010693307879201,3.7006388300231805,186,0
s21g000_a0450e96583e9ee2,"[2.0174260925008856,1.1965257005182233,0.2737795814856758,1.403063703533193,2.1056887719446395,0.019838358979806216,0.1812408894274073,2.567862508190751,-0.43285642466905944,-0.43341544675656524,-0.764126062123974,0.46942255100376273,-0.27795893137318894,-0.06528292155953347,-0.03387555120872385]",random_tail_0001,random_tail,2.8753703718801003,-0.02605855101654364,0.03079303064712116,968.1674314290976,0.0414505337821401,0.42312742178611495,0.20785483952490308,0.1719922021446905,0.1577378028672591,0.17528113863166755,5.743238919149661,187,0
s21g000_d4f2be12948d7ec7,"[2.1554175203789963,1.4068581915666711,0.46422718180660855,1.256268000224772,1.9764751321360292,-0.014458821944960006,-0.21317781304421618,2.6,-0.3384296525511514,-0.9632118574719075,-1.2480066071116975,0.1385762860508238,-0.3624773252437588,0.03240932510033406,0.11949621387352881]",random_tail_0046,random_tail,2.978849537751083,-0.024576080633850306,0.03409270492991744,1013.8228436654863,0.041829840047132354,0.45178175906928625,0.24553145030675722,0.1575794356824784,0.031591128154167376,0.10484620589865051,3.728306763920183,188,0
s21g000_96d2e6e88593d425,"[2.074631980131919,1.4265320810209454,0.441746963111899,1.4798332373618748,2.1522510522056786,-0.07812313702390837,-0.4748116430351183,2.369652186434429,-0.41962603436712476,-0.8890781160198538,-1.0778723860410933,0.20138221513699042,0.11207347584401556,0.25403767048609016,-0.04386415968372426]",random_tail_0134,random_tail,3.07646710233071,-0.024442957711546143,0.03515017383634035,1141.560344882546,0.04244105415825473,0.4337886439927917,0.23830549997824976,0.16292240198755986,0.052228024283565086,0.09904234111472035,3.809548977226974,189,0
s21g000_f64430d5682378b3,"[2.0782152348030642,1.3622444440113077,0.5683047347866395,1.3412543592958597,1.9132561759273279,0.013042049841662505,0.0556417107996518,2.109752668056012,-0.08037636894353367,-1.0246449306045933,-1.40594582682814,-0.015198446860130166,0.08896033238062878,-0.36923108833709617,-0.013710099014581006]",random_tail_0054,random_tail,2.8409634926642795,-0.02612527899152417,0.031872269249273666,963.0813383017703,0.04124459641069458,0.46469928734418126,0.257918274433478,0.04086731323725663,0.034075198686841536,0.11176311761430914,3.693517303284993,190,0
s21g000_ec755161d4fc4e1a,"[2.1136218654619654,1.34401907640529,0.5554328468405388,1.223297647701003,1.8373127600002805,0.038660762794566816,-0.5750605941114714,1.3902700571418976,-0.17309825162927592,-0.14661944408291944,-1.3958704143819585,-0.04102947887115688,-0.5435081020992221,0.35140933246110695,0.22084948219710088]",random_tail_0042,random_tail,3.2433728510088993,-0.028601059818879948,0.03454623036146215,980.5580144512132,0.043703879613108114,0.42374223114792364,0.2421775302841769,0.009739848551454844,0.0768293140962974,0.08793931414691879,3.952634866887643,191,0
