stage,generation,candidate_id,population_index,source_name,source_type,linear_prefilter_score,proposal_rank_score,parameter_vector,validation_id,predicted_final3_box_max_error_m,predicted_terminal_velocity_m_per_s,predicted_late_velocity_rms_m_per_s,predicted_corner_max_violation,predicted_corner_sum_violation,candidate_label,candidate_n_modes,candidate_target_fraction,sequence_scale,success,failure_reason,n_trajectory_steps,terminal_R_error_m,terminal_Z_error_m,terminal_Ip_error_A,terminal_RZ_euclidean_error_m,terminal_RZ_box_max_error_m,terminal_normalized_RZ_distance,min_normalized_RZ_distance,min_normalized_RZ_distance_after_step0,min_RZ_euclidean_error_after_step0_m,closest_step_after_step0,closest_velocity_after_step0_m_per_s,relative_distance_reduction,relative_distance_reduction_after_step0,first_step_within_2x_RZ_only,first_step_within_1x_RZ_only,first_step_within_2x,first_step_within_1x,first_step_after_step0_within_2x,first_step_after_step0_within_1x,terminal_within_2x_RZ_only,terminal_within_1x_RZ_only,terminal_within_2x,terminal_within_1x,gate_ip_tolerance_A,terminal_Ip_safe,late_Ip_safe_fraction,late_fraction_within_2x,late_fraction_within_1x,late_R_rms_m,late_Z_rms_m,late_RZ_euclidean_rms_m,terminal_velocity_m_per_s,max_velocity_m_per_s,late_velocity_mean_m_per_s,late_velocity_rms_m_per_s,max_current_utilization,wall_time_s,first_step_after_step0_within_30mm,ever_after_step0_within_30mm,terminal_within_30mm,late_fraction_within_30mm,longest_streak_after_step0_within_30mm_steps,trailing_streak_within_30mm_steps,first_step_after_step0_within_40mm,ever_after_step0_within_40mm,terminal_within_40mm,late_fraction_within_40mm,longest_streak_after_step0_within_40mm_steps,trailing_streak_within_40mm_steps,first_step_after_step0_within_80mm,ever_after_step0_within_80mm,terminal_within_80mm,late_fraction_within_80mm,longest_streak_after_step0_within_80mm_steps,trailing_streak_within_80mm_steps,gate_tier,gate_label,strict_gate_pass,relaxed_gate_pass,terminal_RZ_reduction_vs_zero_action_fraction,continuous_objective,selection_score,position_excess_objective,velocity_excess_objective,precise_streak_deficit,action_rms,delta_action_rms,repair_excess_rms,stage2_legacy_selection_score,stage2_legacy_continuous_objective,stage2_2_final3_box_errors_m,stage2_2_final3_box_max_error_m,stage2_2_final3_box_mean_error_m,stage2_2_terminal_box_error_m,stage2_2_final3_R_abs_max_error_m,stage2_2_final3_Z_abs_max_error_m,stage2_2_position_violation,stage2_2_terminal_speed_violation,stage2_2_late_speed_violation,stage2_2_ip_violation,stage2_2_max_violation,stage2_2_sum_violation,stage2_2_l2_violation,stage2_2_quality,stage2_2_selection_score,generation_rank
Stage2.2,2,s22g002_564cf51c5ccd4c4e,15,probe_c0_h09_p,multi_center_probes,2.939526961850029,50.44925111777912,"[2.3911854335466187,1.204177336495726,0.471384395947247,1.2459201768972368,1.8051770748969636,0.1082563421788616,-0.34085065205519466,2.2925018817729637,-0.18201508593500526,-1.087863045737754,-1.376258758469233,0.19532607007822167,-0.5061994086987542,-0.2102530047699112,-0.009609279153778526]",s22g002_564cf51c5ccd4c4e,0.03144391710712959,0.024628483456332936,0.10091015700250351,0.0481305702376531,0.05723214026268808,,,,,True,,11,-0.02742756099999999,0.0305400152,696.1556000000019,0.04104830850138592,0.0305400152,1.3682769500461973,0.5817437020072838,0.7819332053556993,0.02345799616067098,1,0.6279867362113741,0.0,-0.3441197603990719,0,0,0,0,1,1,True,False,True,False,10000.0,True,1.0,1.0,0.0,0.027658152826923323,0.031130324811443736,0.04164217262179576,0.01821838525801873,0.6492809669928203,0.09116334465939979,0.10265679007494848,0.41465,267.05487275123596,1,True,False,0.0,2,0,1,True,True,1.0,10,10,1,True,True,1.0,10,10,3,POSITION_40MM_SPEED_FAIL,False,False,0.5272569972886836,4038.5137463249266,1004038.5137463249,0.002145860962210581,0.0007058533502344742,1.0,0.47774176389020967,0.258790104601507,0.07200500556693265,3000038.8575268155,38.857526815614754,"[0.0311195788,0.0303580888,0.0305400152]",0.0311195788,0.030672560933333332,0.0305400152,0.027708202000000015,0.0311195788,0.03731929333333328,0.0,0.026567900749484785,0.0,0.03731929333333328,0.06388719408281807,0.0458102936591095,5.225343001336037,1004038.5137463249,1
Stage2.2,2,s22g002_947d11cac5feee4f,33,probe_c2_h04_p,multi_center_probes,2.9618309867542885,43.151187117621674,"[2.4156833455235933,1.2134774513649513,0.47907036778035206,1.235073434942497,1.8161324869218463,0.12250045403562732,-0.32320984958283744,2.194878648757632,-0.3348340226543265,-0.9168112129819165,-1.4504296074137586,0.21477891051340608,-0.5598062891487809,0.09297819409651051,0.06832530769184574]",s22g002_947d11cac5feee4f,0.031243891407915985,0.028147552797767615,0.09994936078014723,0.04146304693053282,0.04146304693053282,,,,,True,,11,-0.028114795999999997,0.030285467,724.3685000000005,0.0413237373131921,0.030285467,1.3774579104397366,0.5817437020072838,0.7819410457617871,0.023458231372853616,1,0.6280101555085302,0.0,-0.3441332378223096,0,0,0,0,1,1,True,False,True,False,10000.0,True,1.0,1.0,0.0,0.028002245601377602,0.03106038749282988,0.04181953407110862,0.026004917512699767,0.6494430965163749,0.09365364188142587,0.10335964782984194,0.41455,270.36744260787964,1,True,False,0.0,2,0,1,True,True,1.0,10,10,1,True,True,1.0,10,10,3,POSITION_40MM_SPEED_FAIL,False,False,0.524084953219631,4110.641640211805,1004110.6416402118,0.0021189968941586904,0.0011287233540561573,1.0,0.46933216488745877,0.2608485036411678,0.07865825523870638,3000039.0967151327,39.0967151326295,"[0.0311309159,0.0302857688,0.030285467]",0.0311309159,0.030567383899999998,0.030285467,0.028114795999999997,0.0311309159,0.03769719666666682,0.0,0.033596478298419274,0.0,0.03769719666666682,0.0712936749650861,0.050495564068356674,5.251709616372763,1004110.6416402118,2
Stage2.2,2,s22g002_e7867931b32c3a50,0,corner_archive_00,anchor_corner,2.931989674530063,51.00624082563988,"[2.3911854335466187,1.204177336495726,0.471384395947247,1.2313401768972367,1.8197570748969636,0.1017763421788616,-0.31250065205519467,2.2641518817729636,-0.16986508593500527,-1.1243130457377541,-1.3398087584692329,0.20990607007822168,-0.5426494086987542,-0.1738030047699112,-0.024189279153778526]",s22g002_e7867931b32c3a50,0.03145184627960919,0.02461155573430826,0.10161562475610665,0.04839487598697301,0.06455112354803938,,,,,True,,11,-0.027195579999999997,0.0305993209,703.2738000000027,0.040937977613428544,0.0305993209,1.3645992537809515,0.5817437020072838,0.7819332053556993,0.02345799616067098,1,0.6279867362113741,0.0,-0.3441197603990719,0,0,0,0,1,1,True,False,True,False,10000.0,True,1.0,1.0,0.0,0.027526226292183237,0.031163960378957706,0.041579869653351795,0.022308996880408334,0.6493183822112883,0.09240294721537548,0.10303488188646727,0.41455,275.89889645576477,1,True,False,0.0,2,0,1,True,True,1.0,10,10,1,True,True,1.0,10,10,3,POSITION_40MM_SPEED_FAIL,False,False,0.5285276502624356,4134.26152562676,1004134.2615256268,0.0022141411124952212,0.0009210508064807048,1.0,0.4778043992820854,0.2573830546892362,0.06558217933974088,3000038.8796804743,38.8796804745003,"[0.0311419994,0.0303911549,0.0305993209]",0.0311419994,0.03071082506666667,0.0305993209,0.027617522000000005,0.0311419994,0.03806664666666659,0.0,0.030348818864672555,0.0,0.03806664666666659,0.06841546553133915,0.04868388229101643,5.251114543764836,1004134.2615256268,3
Stage2.2,2,s22g002_337ea2e49d6d3866,21,probe_c1_h13_p,multi_center_probes,2.956520898539171,52.42056305629124,"[2.3911854335466187,1.204177336495726,0.471384395947247,1.2459201768972368,1.8375770748969635,0.1226563421788616,-0.34085065205519466,2.1728018817729637,-0.15771508593500527,-1.1607630457377542,-1.3843587584692327,0.19532607007822167,-0.5871994086987542,-0.2912530047699112,-0.009609279153778526]",s22g002_337ea2e49d6d3866,0.0315112787840569,0.024427074617994628,0.09899842772640724,0.050375959468563325,0.050375959468563325,,,,,True,,11,-0.027289686000000035,0.0309025457,681.2833000000028,0.04122734884417365,0.0309025457,1.374244961472455,0.5817437020072838,0.7819332053556993,0.02345799616067098,1,0.6279867362113741,0.0,-0.3441197603990719,0,0,0,0,1,1,True,False,True,False,10000.0,True,1.0,1.0,0.0,0.027550090266979087,0.03128331572439224,0.04168516902245573,0.03685584543013455,0.6493067621805658,0.09185234513053812,0.10000603940917611,0.41450000000000004,282.4189476966858,1,True,False,0.0,2,0,1,True,True,1.0,10,10,1,True,True,1.0,10,10,3,POSITION_40MM_SPEED_FAIL,False,False,0.525195034875468,4157.509492786019,1004157.509492786,0.0023994813466743136,3.647446319657031e-09,1.0,0.48322307768800954,0.25886737723534736,0.049912336459849764,3000038.976670249,38.97667024877512,"[0.0311862977,0.0305341797,0.0309025457]",0.0311862977,0.030874341033333336,0.0309025457,0.02761068,0.0311862977,0.03954325666666669,0.0,6.0394091761173385e-05,0.0,0.03954325666666669,0.039603650758427866,0.03954330278634044,5.22592029939295,1004157.509492786,4
Stage2.2,2,s22g002_451695ed87194df1,91,random_corner_parent_10_0016,random_local,2.9716137589243146,50.117075706162645,"[2.3911854335466187,1.204177336495726,0.471384395947247,1.2129012741380463,1.857875911128201,0.12514826012760719,-0.2610117132974373,2.1361005007462848,-0.18717373009821484,-1.0998112039622248,-1.5006008901399766,0.24049537253686656,-0.6978852568629343,-0.29296024383547853,0.005142363450016958]",s22g002_451695ed87194df1,0.03143724475392101,0.026765606632792524,0.10065718691494581,0.047908158464033734,0.0544800276134918,,,,,True,,11,-0.02775176700000004,0.0307303615,651.3685000000005,0.04140671068248447,0.0307303615,1.380223689416149,0.5817437020072838,0.7819332053556993,0.02345799616067098,1,0.6279867362113741,0.0,-0.3441197603990719,0,0,0,0,1,1,True,False,True,False,10000.0,True,1.0,1.0,0.0,0.027731577522527317,0.031220574474850788,0.0417584082841725,0.03626705301909927,0.6493060702971191,0.09325412924557823,0.10169755309262851,0.41435,274.887065410614,1,True,False,0.0,2,0,1,True,True,1.0,10,10,1,True,True,1.0,10,10,3,POSITION_40MM_SPEED_FAIL,False,False,0.5231293698795032,4160.915921518346,1004160.9159215183,0.0023239072663383247,0.0002881686502292626,1.0,0.4858931847107074,0.26321787461895624,0.047822142067667356,3000039.1073324056,39.107332405446996,"[0.0311669175,0.0304393235,0.0307303615]",0.0311669175,0.0307788675,0.0307303615,0.02775176700000004,0.0311669175,0.038897249999999994,0.0,0.01697553092628512,0.0,0.038897249999999994,0.055872780926285115,0.04244013086445143,5.25966694868267,1004160.9159215183,5
Stage2.2,2,s22g002_e33cefea4f73febd,25,probe_c1_h15_p,multi_center_probes,2.948690171856135,47.62388604974742,"[2.3911854335466187,1.204177336495726,0.471384395947247,1.2459201768972368,1.8375770748969635,0.1096963421788616,-0.2841506520551947,2.1728018817729637,-0.15771508593500527,-1.087863045737754,-1.457258758469233,0.19532607007822167,-0.5871994086987542,-0.21835300476991118,-0.03876927915377852]",s22g002_e33cefea4f73febd,0.0313359696845426,0.02856898201017887,0.10320195854304666,0.04453232281808672,0.07655190824855329,,,,,True,,11,-0.02775580700000002,0.030488153,699.613400000002,0.04122999267005343,0.030488153,1.3743330890017809,0.5817437020072838,0.7819332053556993,0.02345799616067098,1,0.6279867362113741,0.0,-0.3441197603990719,0,0,0,0,1,1,True,False,True,False,10000.0,True,1.0,1.0,0.0,0.027804367812758905,0.031078109939534804,0.04170050103872848,0.025086193108163388,0.6493220642118115,0.09330926344780188,0.10382241275407618,0.41455,274.9801859855652,1,True,False,0.0,2,0,1,True,True,1.0,10,10,1,True,True,1.0,10,10,3,POSITION_40MM_SPEED_FAIL,False,False,0.5251645866004798,4174.237675049226,1004174.2376750492,0.0020417954597909747,0.0014610839262524222,1.0,0.48131645019040115,0.2626323317823038,0.049419521032238185,3000039.051625743,39.05162574302738,"[0.0310618229,0.0302881029,0.030488153]",0.0310618229,0.030612692933333335,0.030488153,0.027779336000000043,0.0310618229,0.03539409666666682,0.0,0.038224127540761765,0.0,0.038224127540761765,0.07361822420742858,0.052094395140953285,5.257629002331238,1004174.2376750492,6
Stage2.2,2,s22g002_477bfcc758a86df6,57,corner_local_0050,corner_local,2.957572919201639,48.6641603246962,"[2.3911854335466187,1.204177336495726,0.471384395947247,1.2375031783137358,1.8354496935078448,0.10405129574045012,-0.3149202373877035,2.195372618380991,-0.26945749265186997,-1.021031183197771,-1.4359471532910104,0.15972302708580283,-0.5827840543312799,-0.06761365005531708,0.04376453478622129]",s22g002_477bfcc758a86df6,0.03140292070948569,0.023349514864312974,0.0982685566439679,0.046764023649523256,0.046764023649523256,,,,,True,,11,-0.027757608000000045,0.0305758415,737.0255000000034,0.041296088014662946,0.0305758415,1.3765362671554315,0.5817437020072838,0.7819332053556993,0.02345799616067098,1,0.6279867362113741,0.0,-0.3441197603990719,0,0,0,0,1,1,True,False,True,False,10000.0,True,1.0,1.0,0.0,0.027782390033414896,0.031185510804834688,0.041765982331644635,0.022648398212692787,0.6493246718346385,0.09030545716293185,0.1007443100217996,0.41455,263.79247760772705,1,True,False,0.0,2,0,1,True,True,1.0,10,10,1,True,True,1.0,10,10,3,POSITION_40MM_SPEED_FAIL,False,False,0.5244033832082647,4189.275611049845,1004189.2756110498,0.0022896857316233635,5.539974085512866e-05,1.0,0.4748177927945601,0.2597348059759726,0.06903291779159129,3000038.8788348413,38.87883484137878,"[0.0311867486,0.0304206167,0.0305758415]",0.0311867486,0.0307277356,0.0305758415,0.027757608000000045,0.0311867486,0.03955828666666683,0.0,0.007443100217995768,0.0,0.03955828666666683,0.0470013868846626,0.04025242582574769,5.188971018756699,1004189.2756110498,7
Stage2.2,2,s22g002_c05c76ee32570750,22,probe_c1_h14_m,multi_center_probes,2.9616484725277927,51.54700171112173,"[2.3911854335466187,1.204177336495726,0.471384395947247,1.2167601768972367,1.8375770748969635,0.1226563421788616,-0.2841506520551947,2.229501881772964,-0.15771508593500527,-1.1607630457377542,-1.457258758469233,0.2244860700782217,-0.5871994086987542,-0.2912530047699112,-0.03876927915377852]",s22g002_c05c76ee32570750,0.03148403054119971,0.02283429457872132,0.10017748282868272,0.04946768470665708,0.051242512993484146,,,,,True,,11,-0.027474888999999947,0.0308566958,671.9990000000034,0.04131591946521408,0.0308566958,1.377197315507136,0.5817437020072838,0.7819332053556993,0.02345799616067098,1,0.6279867362113741,0.0,-0.3441197603990719,0,0,0,0,1,1,True,False,True,False,10000.0,True,1.0,1.0,0.0,0.027621851871973677,0.03127469687442622,0.04172617122891221,0.03546378082026764,0.6493085823585713,0.09192155490353636,0.10043562580888672,0.4144,267.31530356407166,1,True,False,0.0,2,0,1,True,True,1.0,10,10,1,True,True,1.0,10,10,3,POSITION_40MM_SPEED_FAIL,False,False,0.5241749894004822,4192.808933744789,1004192.8089337448,0.00241064787471667,1.897698453682085e-05,1.0,0.48504158777256595,0.26358628600782474,0.05843543241332879,3000039.0092035215,39.00920352162182,"[0.0311914035,0.0305117617,0.0308566958]",0.0311914035,0.030853286999999997,0.0308566958,0.027633716999999947,0.0311914035,0.03971345000000004,0.0,0.004356258088867193,0.0,0.03971345000000004,0.04406970808886723,0.039951659482921655,5.233441906341,1004192.8089337448,8
Stage2.2,2,s22g002_967ed9090f44e00c,35,probe_c2_h05_p,multi_center_probes,2.959287683748103,46.9777471566381,"[2.4156833455235933,1.2134774513649513,0.47907036778035206,1.235073434942497,1.7869724869218462,0.12250045403562732,-0.3799098495828374,2.194878648757632,-0.3105340226543265,-0.9168112129819165,-1.3775296074137584,0.21477891051340608,-0.6327062891487809,0.09297819409651051,0.03916530769184573]",s22g002_967ed9090f44e00c,0.03135427368114809,0.02674804214196467,0.09749269675744189,0.04514245603826983,0.04514245603826983,,,,,True,,11,-0.027862795999999967,0.0304482904,736.3578000000016,0.04127267606080743,0.0304482904,1.375755868693581,0.5817437020072838,0.7819410457617871,0.023458231372853616,1,0.6280101555085302,0.0,-0.3441332378223096,0,0,0,0,1,1,True,False,True,False,10000.0,True,1.0,1.0,0.0,0.02790924240502331,0.03115423057552938,0.041827166941780805,0.013389365569750712,0.6494555395659283,0.088224562288918,0.10019776714025508,0.41465,274.93580317497253,1,True,False,0.0,2,0,1,True,True,1.0,10,10,1,True,True,1.0,10,10,3,POSITION_40MM_SPEED_FAIL,False,False,0.5246730127683872,4221.836000131443,1004221.8360001314,0.002263835836944113,3.911184176467188e-06,1.0,0.46922283149171434,0.2569548990439794,0.07546213329357854,3000038.805107632,38.80510763204316,"[0.0312024927,0.0304007406,0.0304482904]",0.0312024927,0.03068384123333333,0.0304482904,0.02788521300000002,0.0312024927,0.04008308999999999,0.0,0.0019776714025507847,0.0,0.04008308999999999,0.04206076140255077,0.040131848800230546,5.152105720949723,1004221.8360001314,9
Stage2.2,2,s22g002_09f0c41cdd062f43,37,corner_local_0061,corner_local,2.9412437006871497,44.65817065878984,"[2.4156833455235933,1.2134774513649513,0.47907036778035206,1.2274739633781768,1.8230070059463597,0.11445009368617046,-0.329582835034666,2.128577568685717,-0.3254242695616125,-0.8951940869324934,-1.3233800215033162,0.17911253259486953,-0.5909376008441549,0.011416648271764371,0.1195387353248943]",s22g002_09f0c41cdd062f43,0.0312698916202266,0.0311425219894801,0.10151462180148509,0.04232972067422014,0.05747593868907086,,,,,True,,11,-0.02783086300000004,0.0302503437,720.468200000003,0.04110523359978509,0.0302503437,1.3701744533261697,0.5817437020072838,0.7819410457617871,0.023458231372853616,1,0.6280101555085302,0.0,-0.3441332378223096,0,0,0,0,1,1,True,False,True,False,10000.0,True,1.0,1.0,0.0,0.027858689508804983,0.03107698819510154,0.041735905122885275,0.015441623481838702,0.649433401847587,0.09157478369901935,0.10319415917700772,0.41455,262.56960940361023,1,True,False,0.0,2,0,1,True,True,1.0,10,10,1,True,True,1.0,10,10,3,POSITION_40MM_SPEED_FAIL,False,False,0.5266014053062283,4251.039791024057,1004251.039791024,0.0021987797538671637,0.001020265284806261,1.0,0.4657513272414389,0.2504016405404047,0.06696628757998095,3000038.9274191363,38.92741913620111,"[0.0311733319,0.030302928,0.0302503437]",0.0311733319,0.030575534533333334,0.0302503437,0.02783086300000004,0.0311733319,0.03911106333333336,0.0,0.03194159177007716,0.0,0.03911106333333336,0.07105265510341052,0.050496936143396606,5.225901133684614,1004251.039791024,10
Stage2.2,2,s22g002_4bf65c2306ecd53c,42,corner_local_0042,corner_local,2.9393810021710847,46.77782179180584,"[2.3911854335466187,1.204177336495726,0.471384395947247,1.2259766624156636,1.8395271280914107,0.0921361934331632,-0.2883660344731758,2.085193122754147,-0.2786729106615577,-0.917933107741329,-1.3465078733402684,0.14381649860258183,-0.5611756566600434,0.004026442995995944,0.07873312732028503]",s22g002_4bf65c2306ecd53c,0.03133737732358349,0.02997863091527015,0.10096503524389056,0.04457924411944991,0.054229596558355464,,,,,True,,11,-0.02784915099999996,0.0302542538,750.5994000000028,0.04112049470052146,0.0302542538,1.3706831566840485,0.5817437020072838,0.7819332053556993,0.02345799616067098,1,0.6279867362113741,0.0,-0.3441197603990719,0,0,0,0,1,1,True,False,True,False,10000.0,True,1.0,1.0,0.0,0.027844791751679348,0.031078824949248067,0.041727997650503126,0.01784088354346888,0.6493154129784205,0.09243387026709125,0.10363302741744718,0.41455,255.3384132385254,1,True,False,0.0,2,0,1,True,True,1.0,10,10,1,True,True,1.0,10,10,3,POSITION_40MM_SPEED_FAIL,False,False,0.5264256470630707,4266.5180099172285,1004266.5180099172,0.00220924469556007,0.0013198888215922903,1.0,0.46586104567293557,0.25195470752974797,0.05303038907497133,3000038.976946737,38.976946737138164,"[0.0311719068,0.0302992784,0.0302542538]",0.0311719068,0.03057514633333333,0.0302542538,0.02784915099999996,0.0311719068,0.03906356,0.0,0.036330274174471766,0.0,0.03906356,0.07539383417447176,0.05334651386422443,5.240159355067453,1004266.5180099172,11
Stage2.2,2,s22g002_bf14ac8d10aca52f,2,corner_archive_02,anchor_corner,2.930690116840093,53.48208213301748,"[2.3911854335466187,1.204177336495726,0.471384395947247,1.1989401768972368,1.8197570748969636,0.1161763421788616,-0.31250065205519467,2.201151881772964,-0.16986508593500527,-1.0433130457377542,-1.3398087584692329,0.24230607007822166,-0.5426494086987542,-0.2548030047699112,-0.024189279153778526]",s22g002_bf14ac8d10aca52f,0.0315419069778418,0.024195481641179715,0.09895765719156002,0.05139689926139335,0.05139689926139335,,,,,True,,11,-0.027224307999999975,0.0305463906,666.7050000000017,0.04091753810735234,0.0305463906,1.3639179369117447,0.5817437020072838,0.7819332053556993,0.02345799616067098,1,0.6279867362113741,0.0,-0.3441197603990719,0,0,0,0,1,1,True,False,True,False,10000.0,True,1.0,1.0,0.0,0.027485852828335378,0.0311799572053346,0.041565151714235436,0.013670250488195758,0.649306036043951,0.08993079776695631,0.10210060232916943,0.41445,272.0570447444916,1,True,False,0.0,2,0,1,True,True,1.0,10,10,1,True,True,1.0,10,10,3,POSITION_40MM_SPEED_FAIL,False,False,0.5287630468921427,4267.246724988101,1004267.2467249881,0.0022969809183298975,0.0004412530145311996,1.0,0.475955738779446,0.25469413254613094,0.0551775224980422,3000038.745215789,38.74521578881718,"[0.0311922295,0.0304101556,0.0305463906]",0.0311922295,0.030716258566666668,0.0305463906,0.027544188000000025,0.0311922295,0.039740983333333535,0.0,0.02100602329169421,0.0,0.039740983333333535,0.060747006625027744,0.04495107085300075,5.209294301527238,1004267.2467249881,12
Stage2.2,2,s22g002_fd6390d270aba8bf,61,bridge_d09_p03_c22_061,boundary_bridge,2.9348596857331004,44.53857441240875,"[2.415683345523593,1.2134774513649513,0.47907036778035206,1.2108901095803615,1.832764589101613,0.11152368360079286,-0.2928269989637383,2.125129954171974,-0.29179750045288266,-0.9123744464281048,-1.382424012345993,0.17747097397137432,-0.5571445558726417,0.10427164738018116,0.08422257537484434]",s22g002_fd6390d270aba8bf,0.03126262507396376,0.030177472130436186,0.1018455581286857,0.04208750246545878,0.06054308375231576,,,,,True,,11,-0.027824454,0.030260542,734.957400000003,0.041108401118650675,0.030260542,1.370280037288356,0.5817437020072838,0.7819410457617871,0.023458231372853616,1,0.6280101555085302,0.0,-0.3441332378223096,0,0,0,0,1,1,True,False,True,False,10000.0,True,1.0,1.0,0.0,0.027821715701251363,0.031083555765397095,0.04171612761968454,0.01765820029005554,0.6494354233070391,0.09224653125195158,0.10348700135237367,0.41445,271.7249529361725,1,True,False,0.0,2,0,1,True,True,1.0,10,10,1,True,True,1.0,10,10,3,POSITION_40MM_SPEED_FAIL,False,False,0.5265649257913754,4272.3047909479355,1004272.3047909479,0.0022173672450566343,0.0012159178431455685,1.0,0.46699365996547204,0.2562133427866707,0.061186499413379496,3000038.959347846,38.95934784613403,"[0.0311755193,0.0303058214,0.030260542]",0.0311755193,0.030580627566666668,0.030260542,0.027824454,0.0311755193,0.03918397666666662,0.0,0.03487001352373653,0.0,0.03918397666666662,0.07405399019040315,0.05245285378851605,5.238309731166943,1004272.3047909479,13
Stage2.2,2,s22g002_ae6ef04e6c7e6920,8,precise_archive_00,anchor_precise,2.9589895562389943,46.349128757130096,"[2.4156833455235933,1.2134774513649513,0.47907036778035206,1.220493434942497,1.8015524869218462,0.11602045403562732,-0.3515598495828374,2.2232286487576323,-0.3226840226543265,-0.8803612129819165,-1.4139796074137585,0.20019891051340608,-0.5962562891487809,0.05652819409651051,0.05374530769184573]",s22g002_ae6ef04e6c7e6920,0.03133614054408368,0.026967874879845654,0.09827668412284547,0.04453801813612279,0.04453801813612279,,,,,True,,11,-0.02795326499999995,0.0303523467,735.4354000000021,0.041263179401946515,0.0303523467,1.3754393133982172,0.5817437020072838,0.7819410457617871,0.023458231372853616,1,0.6280101555085302,0.0,-0.3441332378223096,0,0,0,0,1,1,True,False,True,False,10000.0,True,1.0,1.0,0.0,0.02790777958497807,0.031126582590883117,0.04180560136095146,0.021295953611009964,0.649443178448678,0.09135784385483771,0.10169074140445837,0.41455,271.50292348861694,1,True,False,0.0,2,0,1,True,True,1.0,10,10,1,True,True,1.0,10,10,3,POSITION_40MM_SPEED_FAIL,False,False,0.5247823833902114,4285.3933956647525,1004285.3933956648,0.0022614969856309106,0.00028586064967498734,1.0,0.4681843067722571,0.25789945304439105,0.08157948300961382,3000038.9291310855,38.92913108570985,"[0.0312026107,0.0303626942,0.0303523467]",0.0312026107,0.0306392172,0.0303523467,0.02795326499999995,0.0312026107,0.04008702333333347,0.0,0.016907414044583735,0.0,0.04008702333333347,0.056994437377917206,0.0435066671833434,5.2066456363043665,1004285.3933956648,14
Stage2.2,2,s22g002_c9bfdc37c14dcd49,75,bridge_d18_p14_c07_037,boundary_bridge,2.9480324845574595,45.9466755681832,"[2.4156833455235933,1.2134774513649513,0.47907036778035206,1.2095533541319334,1.8246549016785427,0.11231088483609139,-0.30385041620227926,2.1107479043438993,-0.3182086467850628,-0.9169118924683235,-1.3667846293924957,0.15516952528758282,-0.5540110831270536,-0.06383902030328192,0.05197030013013213]",s22g002_c9bfdc37c14dcd49,0.03132136107878634,0.028366324549904256,0.10027502794686144,0.044045369292877945,0.046795648761492226,,,,,True,,11,-0.027912328999999958,0.0303247958,753.2580000000016,0.0412151834948716,0.0303247958,1.3738394498290534,0.5817437020072838,0.7819410457617871,0.023458231372853616,1,0.6280101555085302,0.0,-0.3441332378223096,0,0,0,0,1,1,True,False,True,False,10000.0,True,1.0,1.0,0.0,0.027866844492333485,0.031112101510119634,0.041767497918068844,0.02161080657324044,0.6494335202240707,0.09235192532607947,0.10273479106642758,0.41450000000000004,274.61989307403564,1,True,False,0.0,2,0,1,True,True,1.0,10,10,1,True,True,1.0,10,10,3,POSITION_40MM_SPEED_FAIL,False,False,0.5253351401311545,4292.190251318505,1004292.1902513185,0.002249612639987152,0.0007479082177012088,1.0,0.4672176255466652,0.25213789224401534,0.06280006207486978,3000038.9728093804,38.97280938043275,"[0.0311911605,0.0303383116,0.0303247958]",0.0311911605,0.030618089299999998,0.0303247958,0.027912328999999958,0.0311911605,0.03970534999999997,0.0,0.027347910664275776,0.0,0.03970534999999997,0.06705326066427575,0.048212270599129706,5.229938062247547,1004292.1902513185,15
Stage2.2,2,s22g002_dd21f4f1f0edc87a,70,bridge_d06_p13_c14_017,boundary_bridge,2.9376282927797965,46.10959592744662,"[2.4156833455235933,1.2134774513649513,0.47907036778035206,1.224414435040098,1.8167565706039266,0.10942983664585498,-0.3310685174386029,2.2069074992324924,-0.2709252489247255,-0.958328645215967,-1.3782656806021323,0.19907703913175911,-0.441905148120351,0.04005816186466576,0.06452552519152642]",s22g002_dd21f4f1f0edc87a,0.031320999895624105,0.027493933009075933,0.10071389149054116,0.04403332985413688,0.0511722447595484,,,,,True,,11,-0.027691775999999946,0.0303968759,713.0980000000018,0.041119393508588786,0.0303968759,1.370646450286293,0.5817437020072838,0.7819410457617871,0.023458231372853616,1,0.6280101555085302,0.0,-0.3441332378223096,0,0,0,0,1,1,True,False,True,False,10000.0,True,1.0,1.0,0.0,0.027770328186307505,0.03114398572873188,0.041726957409409564,0.011622841319066657,0.649445094532811,0.08923288088776495,0.10172710879623154,0.41455,271.42797017097473,1,True,False,0.0,2,0,1,True,True,1.0,10,10,1,True,True,1.0,10,10,3,POSITION_40MM_SPEED_FAIL,False,False,0.5264383292124655,4294.532937432756,1004294.5329374328,0.0022836150793944404,0.0002982904794020306,1.0,0.46790305946936944,0.2578015983954334,0.0712384919765407,3000038.8107199683,38.81071996849076,"[0.0312047715,0.0303816137,0.0303968759]",0.0312047715,0.03066108703333333,0.0303968759,0.027756702999999994,0.0312047715,0.040159049999999974,0.0,0.017271087962315246,0.0,0.040159049999999974,0.05743013796231522,0.043715440936864955,5.1919446467004455,1004294.5329374328,16
Stage2.2,2,s22g002_41f14f4a8ff648ab,52,corner_local_0019,corner_local,2.933937872472086,52.848925811422916,"[2.3911854335466187,1.204177336495726,0.471384395947247,1.2074894018745899,1.8169705144173893,0.1219191614298483,-0.3311916993257833,2.3232626175368156,-0.15057155928820806,-1.036316955539345,-1.3808607624481462,0.19471092455057434,-0.5876141015070175,-0.19641535211487987,0.03645305730778417]",s22g002_41f14f4a8ff648ab,0.03151064564506447,0.025307700054055755,0.10112634350949122,0.05035485483548241,0.06161828993039453,,,,,True,,11,-0.027182654999999945,0.0306051927,663.7018000000025,0.0409337825402583,0.0306051927,1.36445941800861,0.5817437020072838,0.7819332053556993,0.02345799616067098,1,0.6279867362113741,0.0,-0.3441197603990719,0,0,0,0,1,1,True,False,True,False,10000.0,True,1.0,1.0,0.0,0.02746899773947798,0.031206701600499404,0.04157407920320134,0.016562955785937555,0.6493050043456217,0.09016178607283107,0.10168277405940505,0.41445,285.7887258529663,1,True,False,0.0,2,0,1,True,True,1.0,10,10,1,True,True,1.0,10,10,3,POSITION_40MM_SPEED_FAIL,False,False,0.5285759638607177,4299.153395962319,1004299.1533959623,0.00233875586956882,0.00028317285350065355,1.0,0.4776792930265193,0.2584834520759121,0.07305363758314548,3000038.750479552,38.75047955177104,"[0.0312066435,0.030441419,0.0306051927]",0.0312066435,0.030751085066666666,0.0306051927,0.02753446100000001,0.0312066435,0.04022144999999999,0.0,0.016827740594050455,0.0,0.04022144999999999,0.05704919059405045,0.043599746485537653,5.211887100428901,1004299.1533959623,17
Stage2.2,2,s22g002_808bcd4e8e4164a1,56,corner_local_0024,corner_local,2.9428510015607627,48.716383293107384,"[2.3911854335466187,1.204177336495726,0.471384395947247,1.228470362389072,1.8376527815437083,0.09741850315332191,-0.3231951314210452,2.1390086200595024,-0.27563922043635175,-0.9129817698844473,-1.373291645634144,0.1414932268976499,-0.514830284966138,-0.08563354430732542,0.055537233162336275]",s22g002_808bcd4e8e4164a1,0.0314044313879738,0.027607816757587163,0.09897017313311303,0.04681437959912671,0.04681437959912671,,,,,True,,11,-0.02779847499999999,0.0303561562,746.3492000000006,0.041161285591735625,0.0303561562,1.3720428530578541,0.5817437020072838,0.7819332053556993,0.02345799616067098,1,0.6279867362113741,0.0,-0.3441197603990719,0,0,0,0,1,1,True,False,True,False,10000.0,True,1.0,1.0,0.0,0.027792810098896382,0.031128267329556796,0.041730196742091566,0.019329083608860917,0.6493175642681878,0.09129876308592007,0.10209284249097214,0.41450000000000004,277.8456747531891,1,True,False,0.0,2,0,1,True,True,1.0,10,10,1,True,True,1.0,10,10,3,POSITION_40MM_SPEED_FAIL,False,False,0.5259558686702485,4299.92171394045,1004299.9217139404,0.0022693204892810567,0.0004379989692018406,1.0,0.4675981585988325,0.25346709537556306,0.06119498485249956,3000038.886727602,38.88672760209625,"[0.0312016746,0.030360589,0.0303561562]",0.0312016746,0.030639473266666665,0.0303561562,0.02779847499999999,0.0312016746,0.040055820000000075,0.0,0.020928424909721244,0.0,0.040055820000000075,0.06098424490972132,0.04519366863924909,5.209065662219801,1004299.9217139404,18
Stage2.2,2,s22g002_f290a8581c6423e0,74,bridge_d09_p16_c00_049,boundary_bridge,2.9334450165443156,49.26893235443762,"[2.3911854335466187,1.204177336495726,0.471384395947247,1.2147541791210872,1.846594255344497,0.10546929720651013,-0.2949074518200567,2.0990889901804475,-0.2642943579603768,-0.965884922046772,-1.3343131150130763,0.17358809654333046,-0.5573775401301917,-0.021933316463166416,0.0544862348773487]",s22g002_f290a8581c6423e0,0.03142037301646939,0.027578154317190434,0.09947057490988231,0.04734576721564632,0.04734576721564632,,,,,True,,11,-0.027593230000000024,0.0303892467,730.8529000000017,0.041047443974337336,0.0303892467,1.368248132477911,0.5817437020072838,0.7819332053556993,0.02345799616067098,1,0.6279867362113741,0.0,-0.3441197603990719,0,0,0,0,1,1,True,False,True,False,10000.0,True,1.0,1.0,0.0,0.027695447126878874,0.03114025993590591,0.041674375585406556,0.009182448070290903,0.6493159931885438,0.08899004768271168,0.1020150066802805,0.41445,281.0193192958832,1,True,False,0.0,2,0,1,True,True,1.0,10,10,1,True,True,1.0,10,10,3,POSITION_40MM_SPEED_FAIL,False,False,0.5272669538283753,4302.767121090088,1004302.7671210901,0.002285497639762855,0.00040602519215750233,1.0,0.46814486243208847,0.2523477066881374,0.05300385115642819,3000038.781671146,38.78167114608764,"[0.0312034851,0.0303701323,0.0303892467]",0.0312034851,0.030654288033333334,0.0303892467,0.02769322399999996,0.0312034851,0.04011617000000012,0.0,0.020150066802804956,0.0,0.04011617000000012,0.06026623680280507,0.04489245245724956,5.192721421719161,1004302.7671210901,19
Stage2.2,2,s22g002_5a2247fba3914382,3,corner_archive_03,anchor_corner,2.925224678034833,46.38308504221151,"[2.4156833455235933,1.2134774513649513,0.47907036778035206,1.2209606746221755,1.825798890810067,0.1070612357205479,-0.3166939484790194,2.2086973358122193,-0.2529045027886017,-0.9782854707309516,-1.335869231055953,0.2012724813115775,-0.522579802252218,-0.06603837744821768,0.06204331512710955]",s22g002_5a2247fba3914382,0.03130160301080334,0.028784497373083095,0.10307898771895507,0.04338676702677802,0.07417664421632875,,,,,True,,11,-0.027517213999999957,0.0303753382,701.1671999999999,0.04098607369688115,0.0303753382,1.3662024565627051,0.5817437020072838,0.7819410457617871,0.023458231372853616,1,0.6280101555085302,0.0,-0.3441332378223096,0,0,0,0,1,1,True,False,True,False,10000.0,True,1.0,1.0,0.0,0.027681288763703397,0.031129872245681645,0.041657204582784865,0.005248403280990713,0.649446147325156,0.08883856404631182,0.10286413788207387,0.41455,290.1309380531311,1,True,False,0.0,2,0,1,True,True,1.0,10,10,1,True,True,1.0,10,10,3,POSITION_40MM_SPEED_FAIL,False,False,0.5279737398154493,4305.181912818574,1004305.1819128186,0.0022676050360671603,0.0008203285807530591,1.0,0.4701133991789401,0.25386406674954604,0.06881663943553927,3000038.814868153,38.81486815323688,"[0.0311931885,0.0303559862,0.0303753382]",0.0311931885,0.0306415043,0.0303753382,0.027703432000000028,0.0311931885,0.03977295000000014,0.0,0.028641378820738694,0.0,0.03977295000000014,0.06841432882073883,0.04901240794386224,5.217189591773946,1004305.1819128186,20
Stage2.2,2,s22g002_b3e306ed526b27c1,83,trust_mix_0035,trust_mix,2.928947869025762,46.051869980600365,"[2.4156833455235933,1.2134774513649513,0.47907036778035206,1.2324280921218194,1.827677456058084,0.10910659732783236,-0.34109267703818397,2.2255694298989566,-0.2514685273581255,-0.9470050130371074,-1.3634049375919626,0.19899021744339362,-0.47062305768898,0.010298593070037262,0.046981614987902626]",s22g002_b3e306ed526b27c1,0.03129795301206595,0.029439471288272772,0.10256719020905933,0.04326510040219844,0.06893700249279155,,,,,True,,11,-0.02756040400000004,0.0303349121,712.4073000000026,0.040985152930761944,0.0303349121,1.3661717643587317,0.5817437020072838,0.7819410457617871,0.023458231372853616,1,0.6280101555085302,0.0,-0.3441332378223096,0,0,0,0,1,1,True,False,True,False,10000.0,True,1.0,1.0,0.0,0.027697898334746448,0.031118725411621525,0.04165991650742773,0.0073547294317478275,0.6494458192672641,0.08927664934941727,0.10274363057385205,0.41455,274.47211146354675,1,True,False,0.0,2,0,1,True,True,1.0,10,10,1,True,True,1.0,10,10,3,POSITION_40MM_SPEED_FAIL,False,False,0.5279843440463147,4306.6018377220025,1004306.601837722,0.002258279715443627,0.0007527508725775738,1.0,0.4685008543192655,0.2567978148320787,0.07164222117766973,3000038.8120970745,38.81209707459224,"[0.0311951742,0.03034975,0.0303349121]",0.0311951742,0.030626612100000002,0.0303349121,0.027706911,0.0311951742,0.039839139999999995,0.0,0.027436305738520517,0.0,0.039839139999999995,0.06727544573852051,0.048372595015330457,5.21345975260053,1004306.601837722,21
Stage2.2,2,s22g002_6c0a81d032160a6b,1,corner_archive_01,anchor_corner,2.937491794991349,47.53988611617345,"[2.413946689140234,1.2100260733143955,0.4613863721475013,1.2220793333517084,1.8401236494395452,0.11182770269536833,-0.2907054552366149,2.144993810348946,-0.32607706802793784,-0.9406740570622067,-1.3339244057681552,0.11298138700819443,-0.4040272337461903,-0.11661957328049315,-0.0007773303144941457]",s22g002_6c0a81d032160a6b,0.031350021533807,0.0295121366440697,0.1017744117322859,0.045000717793566514,0.06274483511642548,,,,,True,,11,-0.027904936999999963,0.0302777786,797.0258000000031,0.04117559211383104,0.0302777786,1.3725197371277014,0.5817437020072838,0.7819341870162442,0.023458025610487324,1,0.6279889312000577,0.0,-0.3441214478441469,0,0,0,0,1,1,True,False,True,False,10000.0,True,1.0,1.0,0.0,0.02788602693978361,0.031096735871199536,0.04176885778100097,0.020311992498545484,0.6494045298806584,0.09272149906377852,0.1033953631719034,0.4147,272.83217549324036,1,True,False,0.0,2,0,1,True,True,1.0,10,10,1,True,True,1.0,10,10,3,POSITION_40MM_SPEED_FAIL,False,False,0.5257911040682305,4309.75985870813,1004309.7598587081,0.0022405370479422473,0.001152849106911783,1.0,0.46456298558777875,0.25023008423073245,0.06933345653507296,3000039.0076852436,39.00768524349217,"[0.0311874663,0.0303229739,0.0302777786]",0.0311874663,0.030596072933333333,0.0302777786,0.027904936999999963,0.0311874663,0.03958221000000006,0.0,0.03395363171903387,0.0,0.03958221000000006,0.07353584171903393,0.05214978864191003,5.245703189999742,1004309.7598587081,22
Stage2.2,2,s22g002_ac3713422f45ee57,93,random_corner_parent_09_0008,random_local,2.9355777200203934,70.5303236182245,"[2.3911854335466187,1.204177336495726,0.471384395947247,1.2318169980712295,1.883055007747129,0.12119893703168452,-0.29076826403446254,2.3194475601113753,-0.1800642642671767,-1.0643129593954297,-1.391221631897421,0.20638734792440702,-0.5349394702503039,-0.2792626207422988,0.015367322766555572]",s22g002_ac3713422f45ee57,0.031375991544370804,0.029279152201927904,0.10660253004312788,0.06602530043127874,0.1118916852436389,,,,,True,,11,-0.02721946900000005,0.0305735951,666.535100000001,0.04093463338031388,0.0305735951,1.3644877793437964,0.5817437020072838,0.7819332053556993,0.02345799616067098,1,0.6279867362113741,0.0,-0.3441197603990719,0,0,0,0,1,1,True,False,True,False,10000.0,True,1.0,1.0,0.0,0.02745184281287241,0.03119395495246771,0.041553176766635294,0.015878320586573548,0.6492965806447156,0.0907472609345949,0.10257342302094845,0.41435,273.79936051368713,1,True,False,0.0,2,0,1,True,True,1.0,10,10,1,True,True,1.0,10,10,3,POSITION_40MM_SPEED_FAIL,False,False,0.5285661649506679,4310.820146499318,1004310.8201464993,0.002333208973982983,0.0006622506044747452,1.0,0.4782464567340169,0.2580553810243036,0.07831812476547582,3000038.798754343,38.79875434281212,"[0.0311985933,0.0304170191,0.0305735951]",0.0311985933,0.030729735833333337,0.0305735951,0.02749491599999998,0.0311985933,0.039953110000000125,0.0,0.02573423020948451,0.0,0.039953110000000125,0.06568734020948463,0.04752369517563691,5.236090485731165,1004310.8201464993,23
Stage2.2,2,s22g002_197262077520ed7b,81,trust_mix_0031,trust_mix,2.9274412774519996,45.3804437758089,"[2.4156833455235933,1.2134774513649513,0.47907036778035206,1.2229470171400345,1.8255616315680705,0.11349569902801535,-0.32406938788059114,2.134812113370997,-0.3355611717217674,-0.8967309761491716,-1.256091854740133,0.15923272646900175,-0.5220172029029986,0.02040294996050306,0.08498394292825327]",s22g002_197262077520ed7b,0.03127997850014206,0.031368366336513374,0.10244645339527424,0.042665950004735276,0.06713048395747756,,,,,True,,11,-0.027639426000000022,0.0302005049,751.9536000000007,0.04093908115510656,0.0302005049,1.364636038503552,0.5817437020072838,0.7819410457617871,0.023458231372853616,1,0.6280101555085302,0.0,-0.3441332378223096,0,0,0,0,1,1,True,False,True,False,10000.0,True,1.0,1.0,0.0,0.02776360790178276,0.031070343699257846,0.04166754349987464,0.01167549789302544,0.6494331105471195,0.09138903918615364,0.10376506370689983,0.41450000000000004,281.64686131477356,1,True,False,0.0,2,0,1,True,True,1.0,10,10,1,True,True,1.0,10,10,3,POSITION_40MM_SPEED_FAIL,False,False,0.5285149410516172,4319.957699735998,1004319.957699736,0.0022204201000129986,0.00141757047170142,1.0,0.4619759172154347,0.24622935721450506,0.06937218334996768,3000038.9011101746,38.9011101747489,"[0.0311854434,0.0302969529,0.0302005049]",0.0311854434,0.030560967066666667,0.0302005049,0.027774673000000027,0.0311854434,0.03951477999999997,0.0,0.03765063706899818,0.0,0.03951477999999997,0.07716541706899815,0.054580109107163,5.237922352901242,1004319.957699736,24
Stage2.2,2,s22g002_b2f47e7ffda90d4d,46,corner_local_0020,corner_local,2.9206695718887987,47.25049076336609,"[2.3911854335466187,1.204177336495726,0.471384395947247,1.2395774412184712,1.8458210584486305,0.10967820507184732,-0.298327773743494,2.150374163140006,-0.28284790000447996,-1.000626550379388,-1.2832644468340668,0.17910809544629835,-0.5909548728207743,-0.04752876768022499,0.059365733646659896]",s22g002_b2f47e7ffda90d4d,0.03133206703662481,0.028987556927407676,0.10260740032830104,0.04440223455416037,0.07047623783717061,,,,,True,,11,-0.027502898000000053,0.0303042267,735.795100000003,0.040923777370660684,0.0303042267,1.3641259123553562,0.5817437020072838,0.7819332053556993,0.02345799616067098,1,0.6279867362113741,0.0,-0.3441197603990719,0,0,0,0,1,1,True,False,True,False,10000.0,True,1.0,1.0,0.0,0.027686773509304766,0.03106299524558102,0.041610901227713507,0.003018625735068518,0.6493222862605095,0.08923818344971045,0.1039534437935427,0.41450000000000004,273.7375614643097,1,True,False,0.0,2,0,1,True,True,1.0,10,10,1,True,True,1.0,10,10,3,POSITION_40MM_SPEED_FAIL,False,False,0.5286911908722778,4321.381591845653,1004321.3815918457,0.0021226495855435072,0.0015629717828701288,1.0,0.4693105955186496,0.24944955425267584,0.063883231712413,3000038.8593623177,38.85936231753084,"[0.0311254925,0.0302794145,0.0303042267]",0.0311254925,0.030569711233333335,0.0303042267,0.027721945000000026,0.0311254925,0.03751641666666683,0.0,0.03953443793542699,0.0,0.03953443793542699,0.07705085460209382,0.05450186512750812,5.232514767119659,1004321.3815918457,25
Stage2.2,2,s22g002_b31603bcf1ce6b8e,73,bridge_d04_p06_c23_054,boundary_bridge,2.9360417882344936,46.44737663746196,"[2.4156833455235933,1.2134774513649513,0.47907036778035206,1.2188317110414462,1.8313254319900654,0.10982986186799175,-0.3113466950838117,2.1353313977213553,-0.23166665716969834,-0.9520851892332021,-1.3796738085139653,0.17477090639749165,-0.5243166779371764,-0.14697557419236856,0.021500753692774377]",s22g002_b31603bcf1ce6b8e,0.031307545966381724,0.030302776690762655,0.1027243901291994,0.04358486554605756,0.0708287668380514,,,,,True,,11,-0.027764882000000046,0.030427009,714.7976000000017,0.04119091585726163,0.030427009,1.3730305285753879,0.5817437020072838,0.7819410457617871,0.023458231372853616,1,0.6280101555085302,0.0,-0.3441332378223096,0,0,0,0,1,1,True,False,True,False,10000.0,True,1.0,1.0,0.0,0.0277915778260483,0.03115630561808953,0.04175029554181739,0.017369667834638922,0.6494457592006836,0.09069933099813407,0.10200884694161669,0.41450000000000004,276.8694517612457,1,True,False,0.0,2,0,1,True,True,1.0,10,10,1,True,True,1.0,10,10,3,POSITION_40MM_SPEED_FAIL,False,False,0.5256146243849833,4324.996411533793,1004324.9964115338,0.0023092208531079943,0.0004035466034842653,1.0,0.47105034312157434,0.2547296786603131,0.05440424218695194,3000038.8813961316,38.88139613157892,"[0.0312099169,0.0303858224,0.030427009]",0.0312099169,0.03067424943333333,0.030427009,0.027764882000000046,0.0312099169,0.04033056333333329,0.0,0.02008846941616671,0.0,0.04033056333333329,0.0604190327495,0.04505664148899997,5.2073057134112375,1004324.9964115338,26
Stage2.2,2,s22g002_f1eb833836e195bf,5,damped_archive_00,anchor_damped,2.9546746160728903,51.426516051272436,"[2.3911854335466187,1.204177336495726,0.471384395947247,1.2313401768972367,1.8521570748969636,0.1161763421788616,-0.31250065205519467,2.201151881772964,-0.16986508593500527,-1.1243130457377541,-1.4208087584692328,0.20990607007822168,-0.6236494086987542,-0.2548030047699112,-0.024189279153778526]",s22g002_f1eb833836e195bf,0.031480339033119316,0.024911085744916264,0.10019637372577193,0.04934463443731052,0.051308371695029775,,,,,True,,11,-0.027418632000000054,0.0308806712,688.661500000002,0.041296455471552716,0.0308806712,1.376548515718424,0.5817437020072838,0.7819332053556993,0.02345799616067098,1,0.6279867362113741,0.0,-0.3441197603990719,0,0,0,0,1,1,True,False,True,False,10000.0,True,1.0,1.0,0.0,0.02759612708449518,0.03130964126181438,0.04173535510819476,0.03308223748723968,0.6493204618607247,0.0908707311620637,0.09956731401330152,0.41445,275.7329649925232,1,True,False,0.0,2,0,1,True,True,1.0,10,10,1,True,True,1.0,10,10,1,PASS_DAMPED_HOLD_40MM,False,True,0.5243991513000625,4325.788167966646,1004325.7881679666,0.002506567715010924,0.0,1.0,0.4828778246520502,0.26048070495125875,0.056133575669967135,1000038.9475780955,38.94757809551184,"[0.0312344516,0.0305542023,0.0308806712]",0.0312344516,0.030889775033333334,0.0308806712,0.027620777999999957,0.0312344516,0.04114838666666665,0.0,0.0,0.0,0.04114838666666665,0.04114838666666665,0.04114838666666665,5.207567966630894,1004325.7881679666,27
Stage2.2,2,s22g002_f1ddb5d6f77ddb98,4,corner_archive_04,anchor_corner,2.934248275174936,46.07700773397408,"[2.4156833455235933,1.2134774513649513,0.47907036778035206,1.2076693441429442,1.7951924962800323,0.11000970569433265,-0.30800068055680846,2.1853691005143565,-0.2959246331752649,-0.9450046374333884,-1.3163383207554125,0.18346056466245675,-0.5178255547065058,-0.009949582802316087,0.07766646058549811]",s22g002_f1ddb5d6f77ddb98,0.031315936208265796,0.027197621999291,0.10107135841168649,0.043864540275526664,0.054578124392391514,,,,,True,,11,-0.02772401400000002,0.0303204699,723.9891000000025,0.04108469115411485,0.0303204699,1.3694897051371617,0.5817437020072838,0.7819410457617871,0.023458231372853616,1,0.6280101555085302,0.0,-0.3441332378223096,0,0,0,0,1,1,True,False,True,False,10000.0,True,1.0,1.0,0.0,0.027817519454522883,0.031118473029446526,0.041739354957727244,0.009814969746258282,0.64945753712256,0.08993290231478723,0.1028049873717538,0.41455,280.19540143013,1,True,False,0.0,2,0,1,True,True,1.0,10,10,1,True,True,1.0,10,10,3,POSITION_40MM_SPEED_FAIL,False,False,0.5268379874652436,4332.278785852133,1004332.2787858521,0.0022724652048788188,0.0007867954155698215,1.0,0.46620604876845817,0.25149230655292754,0.07106241028877772,3000038.873544102,38.87354410215007,"[0.0312017193,0.0303465039,0.0303204699]",0.0312017193,0.030622897700000002,0.0303204699,0.027815047000000037,0.0312017193,0.040057310000000124,0.0,0.028049873717537865,0.0,0.040057310000000124,0.06810718371753799,0.04890177399651194,5.217276985462908,1004332.2787858521,28
Stage2.2,2,s22g002_8e6f615182bda5ba,44,corner_local_0083,corner_local,2.9417929788922432,47.15152904891592,"[2.4156833455235933,1.2134774513649513,0.47907036778035206,1.18475124398984,1.79996890652207,0.11898334296478248,-0.28610783918254373,2.241267212998318,-0.2830349480436559,-0.9156803077196013,-1.4174549109144703,0.20175416936255186,-0.47529718193662773,-0.006404381530281403,-0.004556460204838242]",s22g002_8e6f615182bda5ba,0.03135528587441962,0.0263574882827221,0.10034716868145041,0.04517619581398735,0.04864788262849129,,,,,True,,11,-0.027806236999999956,0.0302608106,738.4832000000024,0.04109627080732799,0.0302608106,1.3698756935775998,0.5817437020072838,0.7819410457617871,0.023458231372853616,1,0.6280101555085302,0.0,-0.3441332378223096,0,0,0,0,1,1,True,False,True,False,10000.0,True,1.0,1.0,0.0,0.027794760538276064,0.03109241906320625,0.04170476275657421,0.02031200873198541,0.6494303600836892,0.09319159011532473,0.10391289957681395,0.41445,277.39756321907043,1,True,False,0.0,2,0,1,True,True,1.0,10,10,1,True,True,1.0,10,10,3,POSITION_40MM_SPEED_FAIL,False,False,0.5267046275235019,4333.525770726963,1004333.525770727,0.0022502513355903628,0.0015310783098230656,1.0,0.46777595701960106,0.2585215779109151,0.07771995397289151,3000039.0169385755,39.01693857560142,"[0.0311873341,0.0303114478,0.0302608106]",0.0311873341,0.03058653083333333,0.0302608106,0.027806236999999956,0.0311873341,0.03957780333333338,0.0,0.03912899576813933,0.0,0.03957780333333338,0.07870679910147271,0.05565501618466282,5.2632248031577475,1004333.525770727,29
Stage2.2,2,s22g002_9ad56cffd0f25877,28,probe_c2_h02_m,multi_center_probes,2.95232588066122,45.2530694165828,"[2.4156833455235933,1.2134774513649513,0.47907036778035206,1.205913434942497,1.7869724869218462,0.12250045403562732,-0.32320984958283744,2.194878648757632,-0.3348340226543265,-0.8439112129819165,-1.3775296074137584,0.18561891051340607,-0.6327062891487809,0.09297819409651051,0.06832530769184574]",s22g002_9ad56cffd0f25877,0.03130452536993585,0.029869814644835506,0.09984150554377133,0.04348417899786172,0.04348417899786172,,,,,True,,11,-0.02800054299999999,0.0302135282,746.2704000000012,0.04119329671909064,0.0302135282,1.3731098906363548,0.5817437020072838,0.7819410457617871,0.023458231372853616,1,0.6280101555085302,0.0,-0.3441332378223096,0,0,0,0,1,1,True,False,True,False,10000.0,True,1.0,1.0,0.0,0.02795357786213456,0.031079649210809523,0.041801281204783575,0.022327437313826647,0.6494406969084225,0.09341220402679128,0.10352532429899793,0.41455,270.1210525035858,1,True,False,0.0,2,0,1,True,True,1.0,10,10,1,True,True,1.0,10,10,3,POSITION_40MM_SPEED_FAIL,False,False,0.5255872046005592,4340.247820246615,1004340.2478202466,0.002240778963303415,0.0012427911413105195,1.0,0.46542738378463355,0.25460846855589403,0.07837702702859885,3000039.05364824,39.053648239998076,"[0.031194462,0.0303039509,0.0302135282]",0.031194462,0.030570647033333332,0.0302135282,0.02800054299999999,0.031194462,0.039815399999999945,0.0,0.03525324298997923,0.0,0.039815399999999945,0.07506864298997917,0.053179481179027266,5.253767107726777,1004340.2478202466,30
Stage2.2,2,s22g002_b9f4ffc0c42aa510,47,corner_local_0038,corner_local,2.932253604761615,47.318047505261774,"[2.3911854335466187,1.204177336495726,0.471384395947247,1.2313269616693887,1.8750302395048433,0.09775068349414126,-0.28193950129421935,2.184127959917453,-0.2870892178218396,-0.9487374992647022,-1.3495153373904392,0.16816678766333537,-0.588833048695474,-0.06476772763937672,0.033458902264282366]",s22g002_b9f4ffc0c42aa510,0.031322847897879695,0.030194007140475057,0.10357499460679515,0.04409492992932318,0.07984487599727452,,,,,True,,11,-0.027612925999999982,0.0303502439,752.1037000000033,0.04103182895108336,0.0303502439,1.3677276317027787,0.5817437020072838,0.7819332053556993,0.02345799616067098,1,0.6279867362113741,0.0,-0.3441197603990719,0,0,0,0,1,1,True,False,True,False,10000.0,True,1.0,1.0,0.0,0.027687421667857703,0.031128294974171012,0.041660101615487645,0.012077763811634466,0.6493157173837063,0.09061736598111554,0.10306267778065654,0.4144,278.7980606555939,1,True,False,0.0,2,0,1,True,True,1.0,10,10,1,True,True,1.0,10,10,3,POSITION_40MM_SPEED_FAIL,False,False,0.5274467881077889,4345.129364019143,1004345.1293640191,0.0022911961100003262,0.0009379995188127281,1.0,0.4688748235079946,0.252435299230978,0.07057987015170518,3000038.86558358,38.86558358014279,"[0.031202008,0.0303469975,0.0303502439]",0.031202008,0.030633083133333336,0.0303502439,0.027671674000000035,0.031202008,0.04006693333333344,0.0,0.03062677780656542,0.0,0.04006693333333344,0.07069371113989886,0.05043172280966133,5.229463316465509,1004345.1293640191,31
Stage2.2,2,s22g002_41d186d18526876e,10,precise_archive_02,anchor_precise,2.9531369213282153,47.64541744670894,"[2.4156833455235933,1.2134774513649513,0.47907036778035206,1.188093434942497,1.8015524869218462,0.11602045403562732,-0.28855984958283737,2.2232286487576323,-0.2956840226543265,-0.9613612129819165,-1.4139796074137585,0.20019891051340608,-0.515256289148781,-0.02447180590348949,0.05374530769184573]",s22g002_41d186d18526876e,0.03137353517531238,0.02399006585934687,0.09900013657459715,0.045784505843745826,0.045784505843745826,,,,,True,,11,-0.027798796999999986,0.0304236941,714.9243999999999,0.04121133675746982,0.0304236941,1.373711225248994,0.5817437020072838,0.7819410457617871,0.023458231372853616,1,0.6280101555085302,0.0,-0.3441332378223096,0,0,0,0,1,1,True,False,True,False,10000.0,True,1.0,1.0,0.0,0.027800138161951978,0.03116137223581204,0.041759774920878776,0.01858899626855404,0.6494310312546883,0.09085234236880788,0.10187891322260367,0.41450000000000004,282.60818552970886,1,True,False,0.0,2,0,1,True,True,1.0,10,10,1,True,True,1.0,10,10,3,POSITION_40MM_SPEED_FAIL,False,False,0.5253794420343596,4349.0975595542695,1004349.0975595543,0.0023292495764861212,0.000353031489807492,1.0,0.46964893818950154,0.2580403694889855,0.0767829716663679,3000038.8966092775,38.89660927761895,"[0.0312184551,0.0303905759,0.0304236941]",0.0312184551,0.030677575033333335,0.0304236941,0.027798796999999986,0.0312184551,0.040615170000000145,0.0,0.01878913222603673,0.0,0.040615170000000145,0.059404302226036876,0.044750681826497385,5.212668823652417,1004349.0975595543,32
Stage2.2,2,s22g002_4926e3d444417c86,53,corner_local_0044,corner_local,2.9443738503832324,49.462931615520546,"[2.3911854335466187,1.204177336495726,0.471384395947247,1.2660385071924694,1.8570016136333662,0.10470602439297488,-0.3769506497998415,2.1408581448686297,-0.26446717133561637,-0.9774064250936187,-1.305892641861523,0.1642753617368049,-0.5533492495813076,-0.13920569536014982,0.021097077157371594]",s22g002_4926e3d444417c86,0.03142596599645241,0.028543134441503866,0.09979676707013062,0.04753219988174684,0.04753219988174684,,,,,True,,11,-0.027495351999999973,0.0305816371,744.5312000000013,0.04112457792269726,0.0305816371,1.3708192640899086,0.5817437020072838,0.7819332053556993,0.02345799616067098,1,0.6279867362113741,0.0,-0.3441197603990719,0,0,0,0,1,1,True,False,True,False,10000.0,True,1.0,1.0,0.0,0.027668738239328396,0.031222473464749278,0.041718124658395736,0.011505272429739356,0.6493257223837073,0.08712544317431144,0.0994570922636169,0.41455,272.8762803077698,1,True,False,0.0,2,0,1,True,True,1.0,10,10,1,True,True,1.0,10,10,1,PASS_DAMPED_HOLD_40MM,False,True,0.5263786216244449,4359.023495158646,1004359.0234951586,0.0023865930633030596,0.0,1.0,0.4698801347677136,0.25043316937575977,0.061449345064098104,1000038.7041857089,38.70418570887322,"[0.0312439669,0.0304750856,0.0305816371]",0.0312439669,0.030766896533333334,0.0305816371,0.02769628199999996,0.0312439669,0.0414655633333334,0.0,0.0,0.0,0.0414655633333334,0.0414655633333334,0.0414655633333334,5.139345158622397,1004359.0234951586,33
Stage2.2,2,s22g002_422a7557eda90739,49,corner_local_0033,corner_local,2.9414763367987176,47.515070197097124,"[2.4156833455235933,1.2134774513649513,0.47907036778035206,1.254424879423267,1.8195233517283687,0.10387914431481625,-0.37182731225446475,2.1761019499461427,-0.24881447193111866,-1.0319904203648966,-1.292929749909382,0.19696843701774067,-0.5061477648964752,-0.17203682004625032,0.05165392902816747]",s22g002_422a7557eda90739,0.031349739034997055,0.02848441505586574,0.10173675555124455,0.044991301166568576,0.062358856679014085,,,,,True,,11,-0.02747117499999996,0.0306495017,699.4372000000003,0.04115892868308073,0.0306495017,1.3719642894360244,0.5817437020072838,0.7819410457617871,0.023458231372853616,1,0.6280101555085302,0.0,-0.3441332378223096,0,0,0,0,1,1,True,False,True,False,10000.0,True,1.0,1.0,0.0,0.027695813399179356,0.03124608363881524,0.041753752197928276,0.015059401665036547,0.6494588800435576,0.08804321502794087,0.09971437817545217,0.41465,272.60831570625305,1,True,False,0.0,2,0,1,True,True,1.0,10,10,1,True,True,1.0,10,10,1,PASS_DAMPED_HOLD_40MM,False,True,0.5259830125920155,4368.618835747358,1004368.6188357474,0.0024207486264860964,0.0,1.0,0.471699397485719,0.2511941584973689,0.06401332764871152,1000038.7561760324,38.756176032411844,"[0.0312467033,0.03049892,0.0306495017]",0.0312467033,0.030798375,0.0306495017,0.027747049000000024,0.0312467033,0.041556776666666684,0.0,0.0,0.0,0.041556776666666684,0.041556776666666684,0.041556776666666684,5.157285747374715,1004368.6188357474,34
Stage2.2,2,s22g002_d22c841a439c12c0,17,probe_c0_h10_p,multi_center_probes,2.9518578745249173,51.95377423492364,"[2.3911854335466187,1.204177336495726,0.471384395947247,1.2459201768972368,1.8343370748969636,0.0952963421788616,-0.34085065205519466,2.2925018817729637,-0.15771508593500527,-1.1607630457377542,-1.376258758469233,0.19532607007822167,-0.5790994086987542,-0.1373530047699112,-0.009609279153778526]",s22g002_d22c841a439c12c0,0.03148923285732687,0.023802303937526685,0.10074379150545063,0.049641095244228994,0.05707901029873508,,,,,True,,11,-0.02716748499999999,0.0309165872,709.1200000000026,0.04115710880662572,0.0309165872,1.371903626887524,0.5817437020072838,0.7819332053556993,0.02345799616067098,1,0.6279867362113741,0.0,-0.3441197603990719,0,0,0,0,1,1,True,False,True,False,10000.0,True,1.0,1.0,0.0,0.02751249474625454,0.031327969264485514,0.04169387275606852,0.03476151382319404,0.6493260193274363,0.09184806434973658,0.10009749843438046,0.4146,267.2534112930298,1,True,False,0.0,2,0,1,True,True,1.0,10,10,1,True,True,1.0,10,10,3,POSITION_40MM_SPEED_FAIL,False,False,0.526003971649558,4369.012152662617,1004369.0121526626,0.00254166637394335,9.505944706638855e-07,1.0,0.4806125407060315,0.26106621742049946,0.06949429325528045,3000038.9568406334,38.95684063335786,"[0.0312456754,0.0305807292,0.0309165872]",0.0312456754,0.030914330599999998,0.0309165872,0.02760792099999998,0.0312456754,0.04152251333333323,0.0,0.0009749843438044969,0.0,0.04152251333333323,0.04249749767713773,0.04153395849166679,5.23687012914338,1004369.0121526626,35
Stage2.2,2,s22g002_0c1869ebf546baeb,14,probe_c0_h09_m,multi_center_probes,2.9245421126501103,51.77638655799097,"[2.3911854335466187,1.204177336495726,0.471384395947247,1.2167601768972367,1.8343370748969636,0.0952963421788616,-0.2841506520551947,2.2358018817729635,-0.15771508593500527,-1.1607630457377542,-1.3033587584692328,0.2244860700782217,-0.5790994086987542,-0.1373530047699112,-0.03876927915377852]",s22g002_0c1869ebf546baeb,0.03146443474182532,0.02516605280155949,0.10245017521729972,0.048814491394177484,0.07331624356717459,,,,,True,,11,-0.027005685999999973,0.0307242137,715.0600000000013,0.04090579890203664,0.0307242137,1.363526630067888,0.5817437020072838,0.7819332053556993,0.02345799616067098,1,0.6279867362113741,0.0,-0.3441197603990719,0,0,0,0,1,1,True,False,True,False,10000.0,True,1.0,1.0,0.0,0.027411550429036313,0.03124879658347425,0.04156778060997427,0.028145077435220624,0.6493152210684582,0.09345445661292055,0.10282788499017664,0.41450000000000004,275.46940565109253,1,True,False,0.0,2,0,1,True,True,1.0,10,10,1,True,True,1.0,10,10,3,POSITION_40MM_SPEED_FAIL,False,False,0.5288982443551563,4369.772799981409,1004369.7727999814,0.002408185461502344,0.0007996933517666291,1.0,0.4780594715388254,0.25610853672882034,0.059202802631780314,3000038.926374155,38.9263741549268,"[0.0312121333,0.0304794475,0.0307242137]",0.0312121333,0.030805264833333332,0.0307242137,0.027535447999999962,0.0312121333,0.040404443333333484,0.0,0.028278849901766323,0.0,0.040404443333333484,0.06868329323509981,0.049317465393541725,5.2778283139479685,1004369.7727999814,36
Stage2.2,2,s22g002_892d4e420d25fa5c,11,anchor_fill_11,anchor_fill,2.9321602494322327,46.68946675094927,"[2.4156833455235933,1.2134774513649513,0.47907036778035206,1.2067900718970233,1.818936887817145,0.11613457946536736,-0.3238013612679115,2.130654151108831,-0.326253935684422,-0.8966153628953288,-1.2718897420015214,0.20369951868870906,-0.5699454997941561,0.00640641205342608,0.11593613016039261]",s22g002_892d4e420d25fa5c,0.03133730397459385,0.030632884920978595,0.10075068507300382,0.04457679915312829,0.052083649883166494,,,,,True,,11,-0.027618142999999984,0.0302733522,710.4067000000032,0.04097850261043823,0.0302733522,1.3659500870146077,0.5817437020072838,0.7819410457617871,0.023458231372853616,1,0.6280101555085302,0.0,-0.3441332378223096,0,0,0,0,1,1,True,False,True,False,10000.0,True,1.0,1.0,0.0,0.027736552337416356,0.031111681855499267,0.04168036808191644,0.009921035883354554,0.6494312323690303,0.09001586907439177,0.10269311218129594,0.41450000000000004,286.4389441013336,1,True,False,0.0,2,0,1,True,True,1.0,10,10,1,True,True,1.0,10,10,3,POSITION_40MM_SPEED_FAIL,False,False,0.5280609341060176,4375.542433579452,1004375.5424335795,0.0022853370864470415,0.0007252853221044529,1.0,0.4638680033614493,0.2473007551838422,0.06721392316364465,3000038.824258508,38.82425850812004,"[0.0312155635,0.0303422705,0.0302733522]",0.0312155635,0.0306103954,0.0302733522,0.027743033000000028,0.0312155635,0.040518783333333364,0.0,0.026931121812959313,0.0,0.040518783333333364,0.06744990514629268,0.04865241129602999,5.212068364916854,1004375.5424335795,37
Stage2.2,2,s22g002_95b5f64c9d235686,71,bridge_d18_p00_c21_039,boundary_bridge,2.9493484617891186,45.97257659321411,"[2.4156833455235933,1.2134774513649513,0.47907036778035206,1.2245564680826382,1.8203215852695604,0.10925383353527292,-0.32956391225804704,2.173503986963406,-0.32015438083610775,-0.9360932354009328,-1.3364266392630844,0.1852906800686647,-0.574415388967615,-0.07831010015416293,0.050634413875564194]",s22g002_95b5f64c9d235686,0.03131681514718935,0.02790899177933253,0.10073372834841356,0.04389383823964499,0.051231121723780415,,,,,True,,11,-0.02780111900000004,0.0304516817,737.3664000000026,0.04123356807275206,0.0304516817,1.3744522690917353,0.5817437020072838,0.7819410457617871,0.023458231372853616,1,0.6280101555085302,0.0,-0.3441332378223096,0,0,0,0,1,1,True,False,True,False,10000.0,True,1.0,1.0,0.0,0.027841444143182695,0.03118515890298143,0.04180502538908647,0.014463582256859139,0.6494457671266262,0.0890944518910506,0.1007968156955932,0.41455,276.7047975063324,1,True,False,0.0,2,0,1,True,True,1.0,10,10,1,True,True,1.0,10,10,3,POSITION_40MM_SPEED_FAIL,False,False,0.5251234095905283,4395.625540188048,1004395.625540188,0.0023730603380020983,6.349152527436759e-05,1.0,0.4678693504334488,0.2511485413960097,0.0732623489671479,3000038.8312889975,38.83128899731686,"[0.0312450905,0.030424392,0.0304516817]",0.0312450905,0.030707054733333333,0.0304516817,0.02781629699999999,0.0312450905,0.04150301666666678,0.0,0.007968156955932004,0.0,0.04150301666666678,0.049471173622598785,0.042260997594803514,5.178181436225687,1004395.625540188,38
Stage2.2,2,s22g002_14c57d16ed11899e,63,bridge_d09_p06_c16_067,boundary_bridge,2.9366891740539036,45.01627565137985,"[2.4156833455235933,1.2134774513649513,0.47907036778035206,1.2256069953092046,1.8301603856507775,0.11097562435198069,-0.3331561411994363,2.1122124812852743,-0.286411907815672,-0.8623098364797208,-1.354903060192015,0.15087361829601614,-0.48787001844185085,0.022155362608932073,0.07477884467701233]",s22g002_14c57d16ed11899e,0.031275451352075725,0.03215152686797927,0.10192815471920194,0.042515045069190904,0.06179659226121026,,,,,True,,11,-0.02788114399999997,0.0302733045,741.3020000000033,0.04115618004745405,0.0302733045,1.3718726682484683,0.5817437020072838,0.7819410457617871,0.023458231372853616,1,0.6280101555085302,0.0,-0.3441332378223096,0,0,0,0,1,1,True,False,True,False,10000.0,True,1.0,1.0,0.0,0.027865342040718104,0.031118892112329242,0.04177155411694661,0.02072692395224629,0.6494454240095874,0.09215623406214307,0.10252262571053655,0.41450000000000004,281.4352276325226,1,True,False,0.0,2,0,1,True,True,1.0,10,10,1,True,True,1.0,10,10,3,POSITION_40MM_SPEED_FAIL,False,False,0.5260146679343903,4402.144610907184,1004402.1446109072,0.0023035125542079163,0.000636364047545999,1.0,0.46394630740052295,0.2529456571043986,0.05896792179622777,3000038.9439445403,38.94394454031613,"[0.031225387,0.030354953,0.0302733045]",0.031225387,0.0306178815,0.0302733045,0.02788114399999997,0.031225387,0.04084623333333348,0.0,0.025226257105365413,0.0,0.04084623333333348,0.0660724904386989,0.04800811207563907,5.223203743492663,1004402.1446109072,39
Stage2.2,2,s22g002_237c301c9b1fa6dd,20,probe_c1_h13_m,multi_center_probes,2.9536339626255046,51.18880356071998,"[2.3911854335466187,1.204177336495726,0.471384395947247,1.2167601768972367,1.8667370748969636,0.1096963421788616,-0.2841506520551947,2.229501881772964,-0.18201508593500526,-1.087863045737754,-1.457258758469233,0.2244860700782217,-0.6600994086987542,-0.21835300476991118,-0.03876927915377852]",s22g002_237c301c9b1fa6dd,0.03145661083346388,0.026354130848728674,0.10165856248586508,0.04855369444879587,0.06513931930744654,,,,,True,,11,-0.027458219999999978,0.0308206523,697.3735000000015,0.04127791726535986,0.0308206523,1.3759305755119957,0.5817437020072838,0.7819332053556993,0.02345799616067098,1,0.6279867362113741,0.0,-0.3441197603990719,0,0,0,0,1,1,True,False,True,False,10000.0,True,1.0,1.0,0.0,0.027576342568172593,0.03130797151443721,0.041721022875596175,0.029555023202327578,0.6493109287304325,0.09057330887300805,0.09978947600487098,0.41435,267.23640608787537,1,True,False,0.0,2,0,1,True,True,1.0,10,10,1,True,True,1.0,10,10,1,PASS_DAMPED_HOLD_40MM,False,True,0.5246126511391653,4409.736310707289,1004409.7363107073,0.0025442764986796872,0.0,1.0,0.4826422866848425,0.2622921088231114,0.0624282488411059,1000038.9080859041,38.908085904065906,"[0.0312584376,0.0305438924,0.0308206523]",0.0312584376,0.030874327433333335,0.0308206523,0.027572648000000033,0.0312584376,0.04194792000000014,0.0,0.0,0.0,0.04194792000000014,0.04194792000000014,0.04194792000000014,5.20471070728505,1004409.7363107073,40
Stage2.2,2,s22g002_a7ec57999087fc63,9,precise_archive_01,anchor_precise,2.9367573439018533,72.91274286539736,"[2.4156833455235933,1.2134774513649513,0.47907036778035206,1.25671386829527,1.869407993302751,0.11039209587785585,-0.3135698200043853,2.019165083523142,-0.27951237917391875,-0.9651869355305808,-1.237995903924138,0.18057809968567579,-0.5158661927695651,-0.07789027779866989,0.043584910252844646]",s22g002_a7ec57999087fc63,0.031206422310180424,0.03641601427337999,0.1068533473280498,0.06853347328049786,0.10874755028651206,,,,,True,,11,-0.027704457999999987,0.0304396869,738.2645000000011,0.04115958614519581,0.0304396869,1.3719862048398603,0.5817437020072838,0.7819410457617871,0.023458231372853616,1,0.6280101555085302,0.0,-0.3441332378223096,0,0,0,0,1,1,True,False,True,False,10000.0,True,1.0,1.0,0.0,0.0278277386668558,0.03118473281805508,0.04179558110906347,0.006028532758885007,0.6495003043297971,0.08745948911257172,0.10105889208469412,0.41450000000000004,272.53823709487915,1,True,False,0.0,2,0,1,True,True,1.0,10,10,1,True,True,1.0,10,10,3,POSITION_40MM_SPEED_FAIL,False,False,0.525975440766871,4419.318138977513,1004419.3181389775,0.002379794370534974,0.00011212524470278564,1.0,0.4639331573827448,0.245010169978456,0.04548844781127578,3000038.7869105777,38.78691057767463,"[0.0312487046,0.0304257912,0.0304396869]",0.0312487046,0.030704727566666663,0.0304396869,0.02784420200000004,0.0312487046,0.04162348666666671,0.0,0.010588920846941186,0.0,0.04162348666666671,0.052212407513607895,0.04294927108802857,5.170571168436114,1004419.3181389775,41
Stage2.2,2,s22g002_43510079d1f01858,80,trust_mix_0013,trust_mix,2.9188042961413942,45.33524608688816,"[2.4156833455235933,1.2134774513649513,0.47907036778035206,1.2192382281466205,1.8421471996778152,0.10456396903908362,-0.3006929242529113,2.130271476529793,-0.2747270088797361,-0.9281479905080848,-1.3020051335128806,0.18622933937409072,-0.47889133297295816,0.021945547518829614,0.07813404254117262]",s22g002_43510079d1f01858,0.03125914217697658,0.032246395984362235,0.10413948977184605,0.04197140589921955,0.08336630361767994,,,,,True,,11,-0.027607711000000035,0.0303139704,721.614800000003,0.04100149397365417,0.0303139704,1.3667164657884725,0.5817437020072838,0.7819410457617871,0.023458231372853616,1,0.6280101555085302,0.0,-0.3441332378223096,0,0,0,0,1,1,True,False,True,False,10000.0,True,1.0,1.0,0.0,0.027722727906579415,0.03113864761187446,0.041691306260163305,0.009670787907224513,0.6495008655309099,0.08991367986826965,0.10272531845021342,0.41450000000000004,274.3198273181915,1,True,False,0.0,2,0,1,True,True,1.0,10,10,1,True,True,1.0,10,10,3,POSITION_40MM_SPEED_FAIL,False,False,0.5277961483820757,4441.827369911713,1004441.8273699117,0.0023413201072166765,0.0007427360655073682,1.0,0.46468508018633675,0.2509728262362279,0.05987057278067531,3000038.8366063004,38.83660630020628,"[0.0312341112,0.0303697462,0.0303139704]",0.0312341112,0.030639275933333335,0.0303139704,0.02772656200000001,0.0312341112,0.04113704000000018,0.0,0.02725318450213421,0.0,0.04113704000000018,0.06839022450213439,0.04934563937643308,5.216832526694299,1004441.8273699117,42
Stage2.2,2,s22g002_4775e6a21eb6d1b8,62,bridge_d19_p19_c22_051,boundary_bridge,2.9419857829237266,44.77830864120994,"[2.415683345523593,1.2134774513649513,0.47907036778035206,1.2047410531002891,1.850030354736901,0.10451456067457633,-0.27066376532577563,2.092395297329384,-0.2630885465735075,-0.8828444725432735,-1.4393872497648934,0.15110265642702328,-0.576621913449204,0.022815513343230738,0.018032063274108636]",s22g002_4775e6a21eb6d1b8,0.031249722017801438,0.03313772506061616,0.10356298041566009,0.04165740059338141,0.07728720474998219,,,,,True,,11,-0.02800681599999999,0.0302961286,760.8651000000027,0.04125817677267857,0.0302961286,1.3752725590892856,0.5817437020072838,0.7819410457617871,0.023458231372853616,1,0.6280101555085302,0.0,-0.3441332378223096,0,0,0,0,1,1,True,False,True,False,10000.0,True,1.0,1.0,0.0,0.02788771245408265,0.03112517926668522,0.04179116282546931,0.02811318260225271,0.6494914398001221,0.09465436189174646,0.10379788414274033,0.4144,287.0498676300049,1,True,False,0.0,2,0,1,True,True,1.0,10,10,1,True,True,1.0,10,10,3,POSITION_40MM_SPEED_FAIL,False,False,0.5248399974081314,4445.287843532977,1004445.287843533,0.0023268859814349237,0.001442392396167834,1.0,0.4683842523072653,0.258129884868397,0.05207093234492236,3000039.143596558,39.14359655781654,"[0.0312208926,0.0303438612,0.0302961286]",0.0312208926,0.030620294133333333,0.0302961286,0.02800681599999999,0.0312208926,0.04069642000000018,0.0,0.037978841427403154,0.0,0.04069642000000018,0.07867526142740333,0.055664988969587055,5.279808853750577,1004445.287843533,43
Stage2.2,2,s22g002_2f2f0cf6be1702d7,79,trust_mix_0000,trust_mix,2.956625617785145,44.58883097274194,"[2.409019822811895,1.198039450629735,0.48122664718631664,1.2361169726477588,1.8314469129076483,0.11004717656168495,-0.3344778162403922,2.067326308801609,-0.287674874388932,-0.8722257087786537,-1.3432958965220914,0.1966037864015167,-0.513799811550051,-0.008231741851488804,0.06082552326473584]",s22g002_2f2f0cf6be1702d7,0.03126423616900434,0.033135569946914946,0.10183102714436741,0.04214120563347801,0.06045147707715204,,,,,True,,11,-0.028095866999999997,0.0303459317,720.4373000000014,0.04135520902163056,0.0303459317,1.3785069673876853,0.5817437020072838,0.7819326651391102,0.023457979954173303,1,0.6279832306637085,0.0,-0.3441188317829352,0,0,0,0,1,1,True,False,True,False,10000.0,True,1.0,1.0,0.0,0.028026370159247152,0.03115699948511555,0.04190746999305291,0.022922443716155056,0.6496347934164476,0.09182784197439162,0.10173033311576443,0.4146,276.16496562957764,1,True,False,0.0,2,0,1,True,True,1.0,10,10,1,True,True,1.0,10,10,3,POSITION_40MM_SPEED_FAIL,False,False,0.5237225015013792,4453.468329873169,1004453.4683298732,0.002362253794989669,0.00029940526915110276,1.0,0.46372908318784095,0.2517816465940171,0.052225294687334195,3000039.0007115207,39.00071152076915,"[0.0312501698,0.0303981219,0.0303459317]",0.0312501698,0.03066474113333333,0.0303459317,0.028095866999999997,0.0312501698,0.04167232666666654,0.0,0.017303331157644264,0.0,0.04167232666666654,0.0589756578243108,0.04512192459286804,5.211107316390972,1004453.4683298732,44
Stage2.2,2,s22g002_30b3127ab1994e3b,87,trust_mix_0044,trust_mix,2.9286268506001853,67.33122094074213,"[2.4156833455235933,1.2134774513649513,0.47907036778035206,1.2527887198171588,1.888334193224273,0.10910090307572583,-0.32650122304288154,2.1510164044783346,-0.23973987128608668,-0.9974919471648639,-1.3239445324651036,0.21034688077211566,-0.4706406905154297,-0.20867961379375463,0.01565120475000997]",s22g002_30b3127ab1994e3b,0.0312668623217733,0.03367107363429634,0.10630892162594921,0.06308921625949204,0.10531796031860208,,,,,True,,11,-0.027467019000000037,0.0305502057,698.470400000002,0.041082261391732995,0.0305502057,1.3694087130577666,0.5817437020072838,0.7819410457617871,0.023458231372853616,1,0.6280101555085302,0.0,-0.3441332378223096,0,0,0,0,1,1,True,False,True,False,10000.0,True,1.0,1.0,0.0,0.02762271911879726,0.031228885370533498,0.041692420090489936,0.010600317245767456,0.6494939595753065,0.08812727035677391,0.10077847530033675,0.41445,273.4441120624542,1,True,False,0.0,2,0,1,True,True,1.0,10,10,1,True,True,1.0,10,10,3,POSITION_40MM_SPEED_FAIL,False,False,0.5268659704249856,4457.908056416898,1004457.9080564169,0.0024468944288012135,6.0602379323438545e-05,1.0,0.47120199872490925,0.2520561455977756,0.060216884893964706,3000038.743994267,38.74399426718454,"[0.0312631076,0.0304695554,0.0305502057]",0.0312631076,0.03076095623333333,0.0305502057,0.027640302000000005,0.0312631076,0.04210358666666658,0.0,0.007784753003367451,0.0,0.04210358666666658,0.04988833967003403,0.042817220712243136,5.178810357946065,1004457.9080564169,45
Stage2.2,2,s22g002_41a1b010debca502,6,damped_archive_01,anchor_damped,2.9555740631863903,54.236235300023026,"[2.3911854335466187,1.204177336495726,0.471384395947247,1.2313401768972367,1.8197570748969636,0.1161763421788616,-0.37550065205519473,2.2641518817729636,-0.16986508593500527,-1.0433130457377542,-1.4208087584692328,0.20990607007822168,-0.5426494086987542,-0.2548030047699112,0.008210720846221473]",s22g002_41a1b010debca502,0.03156365421805936,0.023293272378765342,0.09720112365386761,0.05212180726864535,0.05212180726864535,,,,,True,,11,-0.027444537000000047,0.0308548001,669.8995000000032,0.04129432528030131,0.0308548001,1.376477509343377,0.5817437020072838,0.7819332053556993,0.02345799616067098,1,0.6279867362113741,0.0,-0.3441197603990719,0,0,0,0,1,1,True,False,True,False,10000.0,True,1.0,1.0,0.0,0.027609136977143275,0.03132706763683445,0.041757030681616486,0.027426240837389936,0.6493194042143073,0.0884430793356076,0.09775029460843611,0.41455,271.3030638694763,1,True,False,0.0,2,0,1,True,True,1.0,10,10,1,True,True,1.0,10,10,1,PASS_DAMPED_HOLD_40MM,False,True,0.5244236841747486,4473.618658629828,1004473.6186586298,0.00255794302533406,0.0,1.0,0.4792777187802069,0.2603625663893569,0.06625270630919095,1000038.821566991,38.821566990986526,"[0.0312767068,0.0305915849,0.0308548001]",0.0312767068,0.030907697266666662,0.0308548001,0.02762561699999999,0.0312767068,0.042556893333333345,0.0,0.0,0.0,0.042556893333333345,0.042556893333333345,0.042556893333333345,5.144858629853737,1004473.6186586298,46
Stage2.2,2,s22g002_7c947a638c6bc482,88,trust_mix_0016,trust_mix,2.9194587941792203,53.73388569104343,"[2.3911854335466187,1.204177336495726,0.471384395947247,1.191201256586034,1.8357700054883295,0.11056690566518879,-0.29531334507395385,2.237281554334127,-0.17377601192615527,-1.050294869230852,-1.2984993415055246,0.2275279395746287,-0.5189452870367943,-0.3037307957195644,-0.031522425790918504]",s22g002_7c947a638c6bc482,0.031538535894382165,0.025265220412586418,0.10092195024463298,0.0512845298127389,0.06050403225906864,,,,,True,,11,-0.027085205999999973,0.0305810872,678.6671000000024,0.040851086624427,0.0305810872,1.3617028874809,0.5817437020072838,0.7819332053556993,0.02345799616067098,1,0.6279867362113741,0.0,-0.3441197603990719,0,0,0,0,1,1,True,False,True,False,10000.0,True,1.0,1.0,0.0,0.027409941071080798,0.031228588720396844,0.04155152973101976,0.013540647564532528,0.6493129469901736,0.09025174378161599,0.10232421907804021,0.4144,275.07547211647034,1,True,False,0.0,2,0,1,True,True,1.0,10,10,1,True,True,1.0,10,10,3,POSITION_40MM_SPEED_FAIL,False,False,0.5295283518394022,4474.578642153996,1004474.578642154,0.0024346094085525185,0.0005401994322725993,1.0,0.47498113511214357,0.25182459253072487,0.061640056358969374,3000038.7549425554,38.75494255522358,"[0.031248666,0.0304590259,0.0305810872]",0.031248666,0.030762926366666665,0.0305810872,0.027495186999999977,0.031248666,0.041622200000000165,0.0,0.023242190780401906,0.0,0.041622200000000165,0.06486439078040207,0.047671867648673184,5.229211383706944,1004474.578642154,47
Stage2.2,2,s22g002_c66e2dbd5baf5788,65,bridge_d13_p14_c13_064,boundary_bridge,2.9425245178316617,45.29848261074181,"[2.4156833455235933,1.2134774513649513,0.47907036778035206,1.2231032799194916,1.84785774333841,0.11455099322091514,-0.32806456021419367,2.1897915727675468,-0.3320654768235667,-0.915610781738667,-1.3386394994834994,0.18273942312183858,-0.6139178189649532,0.24250984744891446,0.027917400966876338]",s22g002_c66e2dbd5baf5788,0.03129840235577205,0.029229735169334598,0.10064443924699772,0.04328007852573501,0.04972447099571209,,,,,True,,11,-0.02757550799999997,0.0304138375,790.9976999999999,0.04105374712415991,0.0304138375,1.3684582374719971,0.5817437020072838,0.7819410457617871,0.023458231372853616,1,0.6280101555085302,0.0,-0.3441332378223096,0,0,0,0,1,1,True,False,True,False,10000.0,True,1.0,1.0,0.0,0.027712477276197144,0.03118989633564518,0.04172278790076277,0.00460963710568476,0.6494841356003704,0.08691017539078215,0.10070850333021836,0.41445,277.289470911026,1,True,False,0.0,2,0,1,True,True,1.0,10,10,1,True,True,1.0,10,10,3,POSITION_40MM_SPEED_FAIL,False,False,0.5271943620436599,4475.07691911119,1004475.0769191112,0.0024155810314363396,5.019769689304871e-05,1.0,0.46548750583674203,0.25552234011935526,0.07808830861451044,3000038.7309200265,38.73092002661452,"[0.0312688509,0.0304325644,0.0304138375]",0.0312688509,0.030705084266666665,0.0304138375,0.02772348899999999,0.0312688509,0.04229503000000001,0.0,0.007085033302183463,0.0,0.04229503000000001,0.049380063302183475,0.0428843474894273,5.169318413029015,1004475.0769191112,48
Stage2.2,2,s22g002_e54f8a5f8c5978fa,72,bridge_d10_p04_c14_046,boundary_bridge,2.9269261123637733,49.22162428186649,"[2.4156833455235933,1.2134774513649513,0.47907036778035206,1.1946775109649215,1.825443449519633,0.10989064880042797,-0.3205369885920251,2.1785387586402214,-0.21955805456366498,-0.9678902766897017,-1.3531188443660969,0.19791390206746268,-0.5065375699966093,-0.06607524036984289,0.06016559838021118]",s22g002_e54f8a5f8c5978fa,0.03141410477828271,0.027758196343279952,0.10042514010068913,0.04713682594275692,0.051388226949648175,,,,,True,,11,-0.027372857000000028,0.0305152437,689.1616000000031,0.04099333358502136,0.0305152437,1.3664444528340454,0.5817437020072838,0.7819410457617871,0.023458231372853616,1,0.6280101555085302,0.0,-0.3441332378223096,0,0,0,0,1,1,True,False,True,False,10000.0,True,1.0,1.0,0.0,0.027555382738713104,0.031221814307881623,0.04164253602451236,0.006730546803411273,0.6494841284688737,0.08728456846956033,0.10072845095171466,0.41445,279.67406582832336,1,True,False,0.0,2,0,1,True,True,1.0,10,10,1,True,True,1.0,10,10,3,POSITION_40MM_SPEED_FAIL,False,False,0.5278901295171433,4477.30987587932,1004477.3098758793,0.0024460590842683913,5.306407890539855e-05,1.0,0.4702982785976913,0.2552720878228284,0.05920247405796348,3000038.6931433436,38.69314334345888,"[0.0312692505,0.030464456,0.0305152437]",0.0312692505,0.030749650066666665,0.0305152437,0.027579614999999946,0.0312692505,0.042308349999999884,0.0,0.007284509517146542,0.0,0.042308349999999884,0.049592859517146426,0.042930881176932396,5.172556633804294,1004477.3098758793,49
Stage2.2,2,s22g002_7569ebf93e67ba7e,76,bridge_d13_p04_c10_020,boundary_bridge,2.9292163073885717,54.89939098144567,"[2.3911854335466187,1.204177336495726,0.471384395947247,1.2045159283653541,1.8294936487920672,0.11005291883027342,-0.33084409890980027,2.1911265557342716,-0.2045220310054512,-1.083339356349685,-1.3119045720060603,0.2423719283842639,-0.5834596909890196,0.025495101433885448,-0.010377749562985704]",s22g002_7569ebf93e67ba7e,0.03158279131206842,0.022388706352743953,0.0964191910852815,0.05275971040228056,0.05275971040228056,,,,,True,,11,-0.027059161000000054,0.030762095,716.2661000000007,0.040969558001190946,0.030762095,1.3656519333730315,0.5817437020072838,0.7819332053556993,0.02345799616067098,1,0.6279867362113741,0.0,-0.3441197603990719,0,0,0,0,1,1,True,False,True,False,10000.0,True,1.0,1.0,0.0,0.027429440354583282,0.03130316448656167,0.04162045536798435,0.023685147760407213,0.649322526270294,0.09002320347451537,0.09986413550889632,0.41445,266.9608266353607,1,True,False,0.0,2,0,1,True,True,1.0,10,10,1,True,True,1.0,10,10,1,PASS_DAMPED_HOLD_40MM,False,True,0.5281639469118559,4487.151122829993,1004487.15112283,0.0025414265252615433,0.0,1.0,0.4740171508997829,0.25638514446183486,0.05873880072545406,1000038.7535711727,38.75357117272088,"[0.0312805602,0.0305584485,0.030762095]",0.0312805602,0.03086703456666667,0.030762095,0.027535584000000002,0.0312805602,0.042685340000000016,0.0,0.0,0.0,0.042685340000000016,0.042685340000000016,0.042685340000000016,5.190422830089023,1004487.15112283,50
Stage2.2,2,s22g002_898e63125dcfc20b,64,bridge_d11_p12_c21_052,boundary_bridge,2.9379988301121185,45.1925450577853,"[2.4156833455235933,1.2134774513649513,0.47907036778035206,1.2355410571034597,1.846526133245526,0.09720621539826242,-0.32923288978818827,2.1591270057586733,-0.26876767654944606,-0.9293866351766806,-1.3411576001833243,0.18007566017829035,-0.6662205011643152,0.026844437070086366,0.07448939721981916]",s22g002_898e63125dcfc20b,0.03125555609764808,0.03282348167279546,0.10409305087754309,0.041851869921602836,0.08278237869703364,,,,,True,,11,-0.02764753799999997,0.0304894971,732.5268000000033,0.04115818012099601,0.0304894971,1.3719393373665336,0.5817437020072838,0.7819410457617871,0.023458231372853616,1,0.6280101555085302,0.0,-0.3441332378223096,0,0,0,0,1,1,True,False,True,False,10000.0,True,1.0,1.0,0.0,0.027756077971051688,0.031216499153414838,0.0417716373120596,0.008748381889743636,0.6495057022522985,0.0876932201365821,0.10062641500926417,0.41455,277.13304686546326,1,True,False,0.0,2,0,1,True,True,1.0,10,10,1,True,True,1.0,10,10,3,POSITION_40MM_SPEED_FAIL,False,False,0.5259916335925041,4490.648812952568,1004490.6488129526,0.0024514787723880632,3.923957638314297e-05,1.0,0.46959069191578645,0.2533325334595796,0.06419211951017355,3000038.774081311,38.774081311183195,"[0.0312742747,0.0304547238,0.0304894971]",0.0312742747,0.030739498533333336,0.0304894971,0.027756224999999968,0.0312742747,0.04247582333333333,0.0,0.006264150092641696,0.0,0.04247582333333333,0.048739973425975025,0.0429352436143978,5.171342300949321,1004490.6488129526,51
Stage2.2,2,s22g002_3d82e87c07773f3a,67,bridge_d06_p01_c05_021,boundary_bridge,2.9524405043694846,45.33659166287537,"[2.4156833455235933,1.2134774513649513,0.47907036778035206,1.2475954094843074,1.8566898417052116,0.10950059313525225,-0.34757168838089453,2.0944889988562228,-0.27379056261670665,-0.9436419178488031,-1.3668903079627088,0.1798669119212038,-0.5187850032191539,0.014611321340282923,0.07403694778522547]",s22g002_3d82e87c07773f3a,0.031286405966434123,0.031163130917979176,0.10177915105362145,0.04288019888113759,0.060671709417352115,,,,,True,,11,-0.027806722000000006,0.0305713484,724.4169000000002,0.04132579256807384,0.0305713484,1.3775264189357945,0.5817437020072838,0.7819410457617871,0.023458231372853616,1,0.6280101555085302,0.0,-0.3441332378223096,0,0,0,0,1,1,True,False,True,False,10000.0,True,1.0,1.0,0.0,0.027832332434197887,0.031245715317596075,0.041844156753792536,0.01676102353736467,0.6494946052854963,0.08778019581123964,0.09893422972962962,0.41450000000000004,247.55206203460693,1,True,False,0.0,2,0,1,True,True,1.0,10,10,1,True,True,1.0,10,10,1,PASS_DAMPED_HOLD_40MM,False,True,0.52406128336819,4491.014622246032,1004491.014622246,0.0024708507869532423,0.0,1.0,0.46767967765231916,0.25510378801769495,0.05553775946245316,1000038.8022066099,38.80220660991273,"[0.0312816797,0.0305015574,0.0305713484]",0.0312816797,0.030784861833333333,0.0305713484,0.027806722000000006,0.0312816797,0.04272265666666675,0.0,0.0,0.0,0.04272265666666675,0.04272265666666675,0.04272265666666675,5.13567224600836,1004491.014622246,52
Stage2.2,2,s22g002_381cc4c1fb093bc2,7,damped_archive_02,anchor_damped,2.9425189192994456,45.88914197872663,"[2.4156833455235933,1.2134774513649513,0.47907036778035206,1.2498078611033498,1.856359172881685,0.0984126663248569,-0.33272266485685964,2.1544954035221413,-0.27187038940020275,-0.9762734075623282,-1.3247208499652159,0.17653074172450903,-0.5524302443921469,-0.09717901479571954,0.07544684427155904]",s22g002_381cc4c1fb093bc2,0.03125137354232887,0.03110523251442863,0.10424915564741301,0.04249155647412994,0.0842040078850923,,,,,True,,11,-0.027648450000000047,0.0305791251,718.7295000000013,0.04122523110043111,0.0305791251,1.3741743700143705,0.5817437020072838,0.7819410457617871,0.023458231372853616,1,0.6280101555085302,0.0,-0.3441332378223096,0,0,0,0,1,1,True,False,True,False,10000.0,True,1.0,1.0,0.0,0.02775772506209272,0.031249692567125936,0.041797542824460576,0.012235792969633263,0.6495056426623746,0.08757096322392008,0.09974941450099117,0.41455,270.38314843177795,1,True,False,0.0,2,0,1,True,True,1.0,10,10,1,True,True,1.0,10,10,1,PASS_DAMPED_HOLD_40MM,False,True,0.525219424395338,4496.538462245255,1004496.5384622453,0.0024894417109842812,0.0,1.0,0.4694027724131288,0.2516070103589912,0.06445570705949014,1000038.7761606318,38.77616063178822,"[0.0312832521,0.0304962167,0.0305791251]",0.0312832521,0.030786197966666668,0.0305791251,0.02776039500000005,0.0312832521,0.042775070000000026,0.0,0.0,0.0,0.042775070000000026,0.042775070000000026,0.042775070000000026,5.15611224532411,1004496.5384622453,53
Stage2.2,2,s22g002_abe5cd259581f312,12,probe_c0_h08_m,multi_center_probes,2.9561256609663453,56.19710736274788,"[2.3911854335466187,1.204177336495726,0.471384395947247,1.2167601768972367,1.8051770748969636,0.0952963421788616,-0.34085065205519466,2.2358018817729635,-0.18201508593500526,-1.1607630457377542,-1.376258758469233,0.2244860700782217,-0.5061994086987542,-0.1373530047699112,-0.009609279153778526]",s22g002_abe5cd259581f312,0.0316202176761386,0.01857381141603248,0.09491959206350457,0.05400725587128674,0.05400725587128674,,,,,True,,11,-0.027220487000000015,0.0309865146,697.1851999999999,0.04124462388691626,0.0309865146,1.374820796230542,0.5817437020072838,0.7819332053556993,0.02345799616067098,1,0.6279867362113741,0.0,-0.3441197603990719,0,0,0,0,1,1,True,False,True,False,10000.0,True,1.0,1.0,0.0,0.02752300902428066,0.03137412266637944,0.04173549567018054,0.034872534685521185,0.6493228804178092,0.09007480815111188,0.09822351219528146,0.4146,269.67101097106934,1,True,False,0.0,2,0,1,True,True,1.0,10,10,1,True,True,1.0,10,10,1,PASS_DAMPED_HOLD_40MM,False,True,0.5249960825708236,4499.46223012323,1004499.4622301232,0.0026497289833600753,0.0,1.0,0.47894084789241054,0.26086323001084794,0.06258749469346812,1000038.9222259562,38.92222595622406,"[0.0312840775,0.0306424623,0.0309865146]",0.0312840775,0.030971018133333333,0.0309865146,0.027600771999999996,0.0312840775,0.04280258333333342,0.0,0.0,0.0,0.04280258333333342,0.04280258333333342,0.04280258333333342,5.190980123211306,1004499.4622301232,54
Stage2.2,2,s22g002_a85f6e4cf761aef2,34,probe_c2_h05_m,multi_center_probes,2.9608067975890293,45.88171470705449,"[2.4156833455235933,1.2134774513649513,0.47907036778035206,1.205913434942497,1.8161324869218463,0.10954045403562732,-0.32320984958283744,2.2515786487576324,-0.3348340226543265,-0.8439112129819165,-1.4504296074137586,0.18561891051340607,-0.5598062891487809,0.02007819409651051,0.06832530769184574]",s22g002_a85f6e4cf761aef2,0.03132265692228111,0.027977503337553514,0.09932107376600349,0.04408856407603712,0.04408856407603712,,,,,True,,11,-0.028101224000000036,0.030332454,734.5677000000032,0.0413489607603419,0.030332454,1.3782986920113967,0.5817437020072838,0.7819410457617871,0.023458231372853616,1,0.6280101555085302,0.0,-0.3441332378223096,0,0,0,0,1,1,True,False,True,False,10000.0,True,1.0,1.0,0.0,0.027952352813483256,0.031156001468160225,0.041857262873884235,0.03119183494610184,0.6494454984964856,0.09407616403531119,0.10243851580357409,0.41450000000000004,269.5029730796814,1,True,False,0.0,2,0,1,True,True,1.0,10,10,1,True,True,1.0,10,10,3,POSITION_40MM_SPEED_FAIL,False,False,0.5237944611487111,4499.766448297654,1004499.7664482977,0.002379011093335764,0.000594635932428055,1.0,0.4672477603643959,0.2589208396201996,0.08790921600626893,3000039.128575313,39.12857531287087,"[0.0312543913,0.0303895402,0.030332454]",0.0312543913,0.030658795166666666,0.030332454,0.028101224000000036,0.0312543913,0.041813043333333466,0.0,0.024385158035740817,0.0,0.041813043333333466,0.06619820136907428,0.048404199458551914,5.26511002931573,1004499.7664482977,55
Stage2.2,2,s22g002_76aa5dbac370d9af,77,bridge_d01_p18_c22_032,boundary_bridge,2.9597995458839508,46.51665613073759,"[2.415683345523593,1.2134774513649513,0.47907036778035206,1.2296261245071467,1.84286368906309,0.10993258251563484,-0.33612346490922745,2.113552455729595,-0.2718584625389854,-0.9459578374436113,-1.4070321550473708,0.18949755567530988,-0.5824001676836212,-0.11577359608208485,0.0262444260455428]",s22g002_76aa5dbac370d9af,0.03133649970503644,0.029163625877913914,0.1003876709017052,0.044549990167881415,0.048426699184933364,,,,,True,,11,-0.027906207999999988,0.0306271418,724.0574000000015,0.04143402297359708,0.0306271418,1.3811340991199026,0.5817437020072838,0.7819410457617871,0.023458231372853616,1,0.6280101555085302,0.0,-0.3441332378223096,0,0,0,0,1,1,True,False,True,False,10000.0,True,1.0,1.0,0.0,0.027866351924769266,0.031264437013144505,0.04188076636528959,0.024356107458035098,0.6494459826614913,0.08919570693694143,0.09890121202736994,0.41450000000000004,280.01499128341675,1,True,False,0.0,2,0,1,True,True,1.0,10,10,1,True,True,1.0,10,10,1,PASS_DAMPED_HOLD_40MM,False,True,0.5228148211201782,4502.918808807153,1004502.9188088072,0.002499619720977915,0.0,1.0,0.47167246075749475,0.255830647836989,0.05738871336358245,1000038.8996942732,38.899694273223055,"[0.0312850754,0.0305161142,0.0306271418]",0.0312850754,0.030809443800000003,0.0306271418,0.027906207999999988,0.0312850754,0.04283584666666673,0.0,0.0,0.0,0.04283584666666673,0.04283584666666673,0.04283584666666673,5.154908807110893,1004502.9188088072,56
Stage2.2,2,s22g002_404fc1c15099f20e,23,probe_c1_h14_p,multi_center_probes,2.9529286173509823,51.46951246752877,"[2.3911854335466187,1.204177336495726,0.471384395947247,1.2459201768972368,1.8667370748969636,0.1096963421788616,-0.34085065205519466,2.1728018817729637,-0.18201508593500526,-1.087863045737754,-1.3843587584692327,0.19532607007822167,-0.6600994086987542,-0.21835300476991118,-0.009609279153778526]",s22g002_404fc1c15099f20e,0.031479976787980174,0.027418990217346957,0.10033530299510614,0.04933255959933924,0.05268558955040059,,,,,True,,11,-0.02733096300000004,0.0309125375,705.3235000000022,0.041262168062236836,0.0309125375,1.3754056020745613,0.5817437020072838,0.7819332053556993,0.02345799616067098,1,0.6279867362113741,0.0,-0.3441197603990719,0,0,0,0,1,1,True,False,True,False,10000.0,True,1.0,1.0,0.0,0.027549710077521362,0.031351442546483206,0.04173606923394822,0.030538360130917843,0.6493157026910822,0.08950206912318853,0.09834189002632293,0.41445,276.0579903125763,1,True,False,0.0,2,0,1,True,True,1.0,10,10,1,True,True,1.0,10,10,1,PASS_DAMPED_HOLD_40MM,False,True,0.5247940307342451,4504.333893249626,1004504.3338932496,0.0026200180504857883,0.0,1.0,0.4805406498944761,0.2574688375344428,0.054292153695232076,1000038.8692645356,38.86926453561648,"[0.0312854744,0.0306076141,0.0309125375]",0.0312854744,0.03093520866666667,0.0309125375,0.02759133199999997,0.0312854744,0.042849146666666726,0.0,0.0,0.0,0.042849146666666726,0.042849146666666726,0.042849146666666726,5.173493249541236,1004504.3338932496,57
Stage2.2,2,s22g002_61138ff2c1096bc8,55,corner_local_0034,corner_local,2.912564968200696,49.875236109803225,"[2.3911854335466187,1.204177336495726,0.471384395947247,1.200835603394473,1.8546779527247048,0.10435780747190218,-0.2765401987009758,2.177320409948011,-0.24034475106757053,-0.9696410912945143,-1.3324838044942995,0.18247131497413538,-0.5232463004007483,-0.1061574622570675,0.06343798974808734]",s22g002_61138ff2c1096bc8,0.03141931378706984,0.02819126859826118,0.10160808127091708,0.0473104595689946,0.06339127227816532,,,,,True,,11,-0.027370011000000027,0.0303031754,705.0537000000004,0.040833808804265216,0.0303031754,1.361126960142174,0.5817437020072838,0.7819332053556993,0.02345799616067098,1,0.6279867362113741,0.0,-0.3441197603990719,0,0,0,0,1,1,True,False,True,False,10000.0,True,1.0,1.0,0.0,0.0275367888966331,0.031102984299267677,0.041541188897986865,0.005900180052308022,0.6493116966910084,0.0902021437801865,0.10413341011565501,0.4144,284.9508328437805,1,True,False,0.0,2,0,1,True,True,1.0,10,10,1,True,True,1.0,10,10,3,POSITION_40MM_SPEED_FAIL,False,False,0.5297273361308819,4519.077181404689,1004519.0771814047,0.0022530925783239243,0.0017085079184199087,1.0,0.4698435266908863,0.2525185984511025,0.061461975146621696,3000038.848470975,38.84847097537748,"[0.0311844173,0.0303177318,0.0303031754]",0.0311844173,0.030601774833333335,0.0303031754,0.027555769000000008,0.0311844173,0.0394805766666666,0.0,0.04133410115655001,0.0,0.04133410115655001,0.08081467782321661,0.057159634816472085,5.248719640361572,1004519.0771814047,58
Stage2.2,2,s22g002_e8ff98f95470a160,18,probe_c0_h11_m,multi_center_probes,2.9458797552616836,54.23892158894525,"[2.3911854335466187,1.204177336495726,0.471384395947247,1.2167601768972367,1.8343370748969636,0.1082563421788616,-0.34085065205519466,2.2358018817729635,-0.15771508593500527,-1.087863045737754,-1.376258758469233,0.2244860700782217,-0.5790994086987542,-0.2102530047699112,-0.009609279153778526]",s22g002_e8ff98f95470a160,0.03156373450359786,0.023150815081012976,0.09830681341068566,0.05212448345326215,0.05212448345326215,,,,,True,,11,-0.02719751199999998,0.030862606,675.4896000000008,0.04113642070114242,0.030862606,1.371214023371414,0.5817437020072838,0.7819332053556993,0.02345799616067098,1,0.6279867362113741,0.0,-0.3441197603990719,0,0,0,0,1,1,True,False,True,False,10000.0,True,1.0,1.0,0.0,0.027480817128129154,0.03134092242953051,0.041682714987912255,0.026830939950356066,0.6493224368876472,0.08961962438846721,0.09900547209592794,0.41445,269.14351654052734,1,True,False,0.0,2,0,1,True,True,1.0,10,10,1,True,True,1.0,10,10,1,PASS_DAMPED_HOLD_40MM,False,True,0.5262422313358556,4526.398234127206,1004526.3982341272,0.002612864148720353,0.0,1.0,0.4790889889319244,0.25860875440358455,0.05977778960701257,1000038.8107445656,38.81074456561081,"[0.0312917762,0.0305958874,0.030862606]",0.0312917762,0.030916756533333336,0.030862606,0.027547145999999967,0.0312917762,0.04305920666666685,0.0,0.0,0.0,0.04305920666666685,0.04305920666666685,0.04305920666666685,5.181534127178823,1004526.3982341272,59
Stage2.2,2,s22g002_14c61dc4a6dd6d21,43,corner_local_0059,corner_local,2.9402662574339886,46.95072269599347,"[2.4156833455235933,1.2134774513649513,0.47907036778035206,1.2318902743428535,1.868151205578494,0.11513235752471523,-0.33877446986907156,2.1928530707784155,-0.30048420778696866,-0.9206854612353949,-1.3111591359601729,0.14408184328212817,-0.5895904527615994,-0.26259864939895006,0.051516306415033075]",s22g002_14c61dc4a6dd6d21,0.03131097030621361,0.03051599064563574,0.10368587354503474,0.043699010207120415,0.08055774565746776,,,,,True,,11,-0.02754332100000001,0.0305088641,731.2056000000011,0.04110261938588963,0.0305088641,1.3700873128629878,0.5817437020072838,0.7819410457617871,0.023458231372853616,1,0.6280101555085302,0.0,-0.3441332378223096,0,0,0,0,1,1,True,False,True,False,10000.0,True,1.0,1.0,0.0,0.02764728378429426,0.03123065799378695,0.04171002636506226,0.01235339477068793,0.6494860168779075,0.08835950332936293,0.10040240589037958,0.4144,278.9632148742676,1,True,False,0.0,2,0,1,True,True,1.0,10,10,1,True,True,1.0,10,10,3,POSITION_40MM_SPEED_FAIL,False,False,0.5266315125474713,4531.280230146716,1004531.2802301467,0.002481261916543032,1.619305006121702e-05,1.0,0.46978925648683284,0.24736472612790492,0.07460618210715808,3000038.751046244,38.75104624402445,"[0.0312885203,0.0304713589,0.0305088641]",0.0312885203,0.030756247766666665,0.0305088641,0.02764239700000004,0.0312885203,0.04295067666666652,0.0,0.0040240589037956465,0.0,0.04295067666666652,0.04697473557046217,0.04313877230735419,5.174848890898237,1004531.2802301467,60
Stage2.2,2,s22g002_f5f7603b7ad325db,31,probe_c2_h03_p,multi_center_probes,2.9535181071017633,43.477377645211746,"[2.4156833455235933,1.2134774513649513,0.47907036778035206,1.235073434942497,1.7869724869218462,0.10954045403562732,-0.32320984958283744,2.2515786487576324,-0.3348340226543265,-0.9168112129819165,-1.3775296074137584,0.21477891051340608,-0.6327062891487809,0.02007819409651051,0.06832530769184574]",s22g002_f5f7603b7ad325db,0.03123109782217974,0.028682787235384706,0.10192446157144096,0.04103659407265803,0.060281209787067525,,,,,True,,11,-0.028040182999999996,0.030226676,723.6113000000005,0.041229889700100636,0.030226676,1.3743296566700214,0.5817437020072838,0.7819410457617871,0.023458231372853616,1,0.6280101555085302,0.0,-0.3441332378223096,0,0,0,0,1,1,True,False,True,False,10000.0,True,1.0,1.0,0.0,0.028015594269302613,0.031042784625259244,0.041815403854948155,0.01848822235680696,0.6494576980882775,0.09303946326387617,0.1042158680975007,0.4147,273.8165934085846,1,True,False,0.0,2,0,1,True,True,1.0,10,10,1,True,True,1.0,10,10,3,POSITION_40MM_SPEED_FAIL,False,False,0.5251657724794222,4597.234280150384,1004597.2342801504,0.0021240453224796365,0.0017773543815524145,1.0,0.46898807455003233,0.25526496340519583,0.08759433993874072,3000039.088791313,39.088791312944544,"[0.0311317342,0.0302582453,0.030226676]",0.0311317342,0.03053888516666667,0.030226676,0.028040182999999996,0.0311317342,0.037724473333333286,0.0,0.04215868097500697,0.0,0.04215868097500697,0.07988315430834025,0.056572875742972345,5.260689673441051,1004597.2342801504,61
Stage2.2,2,s22g002_4dedadde8029267b,69,bridge_d15_p03_c21_034,boundary_bridge,2.9449683583158834,47.44901922905241,"[2.4156833455235933,1.2134774513649513,0.47907036778035206,1.2230168833379471,1.8604451163202258,0.1001880548140481,-0.3111637762861765,2.109283942365199,-0.288684649625298,-1.0054180419240877,-1.3033713891105145,0.17203659731286602,-0.5082207012361661,-0.12317307400158739,0.057089643159039694]",s22g002_4dedadde8029267b,0.0313480293747472,0.02835864597299099,0.10171971138558251,0.044934312491573314,0.06213142634739843,,,,,True,,11,-0.02756399899999995,0.0306487837,731.1987000000008,0.0412204073628753,0.0306487837,1.37401357876251,0.5817437020072838,0.7819410457617871,0.023458231372853616,1,0.6280101555085302,0.0,-0.3441332378223096,0,0,0,0,1,1,True,False,True,False,10000.0,True,1.0,1.0,0.0,0.02769352261784628,0.03129531839465413,0.041789091260853485,0.01259143205383626,0.6494940486409446,0.08693453177565084,0.09895837443513773,0.41445,267.58657455444336,1,True,False,0.0,2,0,1,True,True,1.0,10,10,1,True,True,1.0,10,10,1,PASS_DAMPED_HOLD_40MM,False,True,0.5252749781625863,4623.564944777521,1004623.5649447775,0.00259377713641935,0.0,1.0,0.4682610761483074,0.24972547031084616,0.05926785862159931,1000038.7494879348,38.74948793473161,"[0.0313195493,0.0305468845,0.0306487837]",0.0313195493,0.030838405833333332,0.0306487837,0.027704877000000017,0.0313195493,0.043984976666666675,0.0,0.0,0.0,0.043984976666666675,0.043984976666666675,0.043984976666666675,5.142394777667474,1004623.5649447775,62
Stage2.2,2,s22g002_5fcd097a4a3f78e7,29,probe_c2_h02_p,multi_center_probes,2.9766488940710887,47.82116833613351,"[2.4156833455235933,1.2134774513649513,0.47907036778035206,1.235073434942497,1.8161324869218463,0.10954045403562732,-0.3799098495828374,2.2515786487576324,-0.3105340226543265,-0.9168112129819165,-1.4504296074137586,0.21477891051340608,-0.5598062891487809,0.02007819409651051,0.03916530769184573]",s22g002_5fcd097a4a3f78e7,0.031378598130207484,0.025015030587584842,0.09701074995462287,0.04595327100691615,0.04595327100691615,,,,,True,,11,-0.027955748999999974,0.0306742226,728.9429000000018,0.04150219071645918,0.0306742226,1.383406357215306,0.5817437020072838,0.7819410457617871,0.023458231372853616,1,0.6280101555085302,0.0,-0.3441332378223096,0,0,0,0,1,1,True,False,True,False,10000.0,True,1.0,1.0,0.0,0.027907770112758988,0.031302397504498265,0.04193666322200924,0.024533850222877088,0.6494569811525,0.08800427994708143,0.09751429175344425,0.4146,275.8150064945221,1,True,False,0.0,2,0,1,True,True,1.0,10,10,1,True,True,1.0,10,10,1,PASS_DAMPED_HOLD_40MM,False,True,0.5220297504406496,4632.68883952708,1004632.6888395271,0.0025839755884654687,0.0,1.0,0.4703915926016986,0.2611260918681865,0.0849627181611784,1000038.8950273478,38.895027347829554,"[0.0313221591,0.0305679793,0.0306742226]",0.0313221591,0.030854786999999998,0.0306742226,0.027955748999999974,0.0313221591,0.04407196999999985,0.0,0.0,0.0,0.04407196999999985,0.04407196999999985,0.04407196999999985,5.131989527139278,1004632.6888395271,63
Stage2.2,2,s22g002_708eac04cd1617f1,86,trust_mix_0014,trust_mix,2.9462315560008383,50.65825026135535,"[2.4156833455235933,1.2134774513649513,0.47907036778035206,1.185949486020159,1.8173833316054866,0.11312214689957224,-0.3388732181769293,2.1841336791270773,-0.2779295791652741,-0.892302827536771,-1.3895876405861236,0.1599082176519492,-0.5156514766549246,0.018818958403656365,0.030695930294809985]",s22g002_708eac04cd1617f1,0.03146044580612871,0.02512296377232021,0.09687490686987041,0.04868152687095706,0.04868152687095706,,,,,True,,11,-0.027629307999999964,0.0305446378,751.9993000000031,0.04118681292467349,0.0305446378,1.372893764155783,0.5817437020072838,0.7819410457617871,0.023458231372853616,1,0.6280101555085302,0.0,-0.3441332378223096,0,0,0,0,1,1,True,False,True,False,10000.0,True,1.0,1.0,0.0,0.027683450583842206,0.03127144666649474,0.04176454013686082,0.014655593110213387,0.6494870999203549,0.08744401491256144,0.09881276646222403,0.41445,283.8189582824707,1,True,False,0.0,2,0,1,True,True,1.0,10,10,1,True,True,1.0,10,10,1,PASS_DAMPED_HOLD_40MM,False,True,0.5256618768234504,4670.458073547343,1004670.4580735473,0.0025793006838055886,0.0,1.0,0.46677833322278867,0.2562913326883807,0.06864501388442437,1000038.7410846944,38.74108469444688,"[0.0313329483,0.0305281189,0.0305446378]",0.0313329483,0.03080190166666667,0.0305446378,0.02765378399999996,0.0313329483,0.04443161000000018,0.0,0.0,0.0,0.04443161000000018,0.04443161000000018,0.04443161000000018,5.139023547404804,1004670.4580735473,64
Stage2.2,2,s22g002_521a6911794b17e2,32,probe_c2_h04_m,multi_center_probes,2.9638117729404203,49.72882606956418,"[2.4156833455235933,1.2134774513649513,0.47907036778035206,1.205913434942497,1.7869724869218462,0.10954045403562732,-0.3799098495828374,2.2515786487576324,-0.3105340226543265,-0.8439112129819165,-1.3775296074137584,0.18561891051340607,-0.6327062891487809,0.02007819409651051,0.03916530769184573]",s22g002_521a6911794b17e2,0.03143363042168754,0.026065945387289284,0.09664958049411022,0.04778768072291806,0.04778768072291806,,,,,True,,11,-0.02781237000000003,0.0305132271,746.3509000000013,0.04128661954039197,0.0305132271,1.3762206513463993,0.5817437020072838,0.7819410457617871,0.023458231372853616,1,0.6280101555085302,0.0,-0.3441332378223096,0,0,0,0,1,1,True,False,True,False,10000.0,True,1.0,1.0,0.0,0.027842853060381527,0.03126546085940266,0.04186589912199231,0.015509061571018475,0.6494577763557807,0.0876966622033144,0.09875768323444906,0.4146,269.1048665046692,1,True,False,0.0,2,0,1,True,True,1.0,10,10,1,True,True,1.0,10,10,1,PASS_DAMPED_HOLD_40MM,False,True,0.5245124292352845,4700.273899215157,1004700.2738992152,0.0025805408342664767,0.0,1.0,0.46668158023321443,0.2550117250184726,0.08455946115524608,1000038.8049623414,38.80496234146298,"[0.031341466,0.0305219165,0.0305132271]",0.031341466,0.030792203199999996,0.0305132271,0.02781237000000003,0.031341466,0.044715533333333335,0.0,0.0,0.0,0.044715533333333335,0.044715533333333335,0.044715533333333335,5.142899215155523,1004700.2738992152,65
Stage2.2,2,s22g002_5f7ccdf4d3a0af51,39,corner_local_0005,corner_local,2.9776016848838505,45.61790177959154,"[2.415683345523593,1.2134774513649513,0.47907036778035206,1.190541370548761,1.8542289168217374,0.09730336831267349,-0.2552251700199275,2.011566800411508,-0.26113495882966675,-0.8322866907204921,-1.5400435025521895,0.1541049821629126,-0.6811422078443409,0.12286663840603304,0.03656839880789528]",s22g002_5f7ccdf4d3a0af51,0.03128817489069033,0.037279998344030126,0.10232849054702836,0.04293916302301093,0.06622406849329443,,,,,True,,11,-0.02846783900000005,0.0304303796,762.1732000000011,0.04167044348132163,0.0304303796,1.389014782710721,0.5817437020072838,0.7819410457617871,0.023458231372853616,1,0.6280101555085302,0.0,-0.3441332378223096,0,0,0,0,1,1,True,False,True,False,10000.0,True,1.0,1.0,0.0,0.028116175316521556,0.031219306950618305,0.04201386010480709,0.04570963141796911,0.6494916162104993,0.09723367025016223,0.10328445008056805,0.4144,266.89210534095764,1,True,False,0.0,2,0,1,True,True,1.0,10,10,1,True,True,1.0,10,10,3,POSITION_40MM_SPEED_FAIL,False,False,0.5200920258381152,4706.066566596623,1004706.0665665966,0.002517011085471493,0.0010787612331743374,1.0,0.4698298987936699,0.26459640644179244,0.03940712229789377,3000039.5322975973,39.532297597055766,"[0.0313023756,0.0304513288,0.0304303796]",0.0313023756,0.030728028,0.0304303796,0.02846783900000005,0.0313023756,0.043412520000000177,0.0,0.032844500805680354,0.0,0.043412520000000177,0.07625702080568053,0.054437194324512654,5.349289049375593,1004706.0665665966,66
Stage2.2,2,s22g002_ce2c205d739a9466,26,probe_c1_h00_m,multi_center_probes,2.980294940836946,57.41852836311369,"[2.3911854335466187,1.204177336495726,0.471384395947247,1.2167601768972367,1.8375770748969635,0.1096963421788616,-0.34085065205519466,2.1728018817729637,-0.18201508593500526,-1.1607630457377542,-1.457258758469233,0.19532607007822167,-0.6600994086987542,-0.2912530047699112,-0.03876927915377852]",s22g002_ce2c205d739a9466,0.03165544400231842,0.020247153489574114,0.09396313814306552,0.055181466743947416,0.055181466743947416,,,,,True,,11,-0.027412597999999955,0.0312399742,705.854800000001,0.04156183967446902,0.0312399742,1.385394655815634,0.5817437020072838,0.7819332053556993,0.02345799616067098,1,0.6279867362113741,0.0,-0.3441197603990719,0,0,0,0,1,1,True,False,True,False,10000.0,True,1.0,1.0,0.0,0.027574869884686156,0.03149228625690737,0.0418585420534969,0.04770825027183808,0.6493225113731855,0.08982471102915228,0.09639002837644993,0.41445,270.2056312561035,1,True,False,0.0,2,0,1,True,True,1.0,10,10,1,True,True,1.0,10,10,1,PASS_DAMPED_HOLD_40MM,False,True,0.521342788454939,4723.133736310992,1004723.133736311,0.002950789096663255,0.0,1.0,0.4865992659384213,0.2624679803957632,0.05297109252586473,1000039.1890020024,39.18900200236494,"[0.0313479765,0.0307684844,0.0312399742]",0.0313479765,0.0311188117,0.0312399742,0.027591279999999996,0.0313479765,0.04493254999999996,0.0,0.0,0.0,0.04493254999999996,0.04493254999999996,0.04493254999999996,5.215986310973106,1004723.133736311,67
Stage2.2,2,s22g002_5b3b3185c2002424,94,random_corner_parent_15_0009,random_local,2.9191173059492943,48.3503400646045,"[2.4156833455235933,1.2134774513649513,0.47907036778035206,1.2035625551895504,1.859286403300219,0.10254489838325397,-0.32707803024450877,2.2830564504638127,-0.27461712253041365,-0.8828806122535053,-1.3034238071725648,0.20560964395331974,-0.6050279388188837,-0.012193116696157733,0.04003620742948272]",s22g002_5b3b3185c2002424,0.03134243102975597,0.03161167659226982,0.10445884965001156,0.04474770099186576,0.0893361974919813,,,,,True,,11,-0.027253005000000052,0.030422467,729.9647000000004,0.040844250267278955,0.030422467,1.3614750089092986,0.5817437020072838,0.7819410457617871,0.023458231372853616,1,0.6280101555085302,0.0,-0.3441332378223096,0,0,0,0,1,1,True,False,True,False,10000.0,True,1.0,1.0,0.0,0.02748563693404278,0.031239898846188857,0.04160999300156308,0.005421106012614066,0.6494892759217968,0.08819719788441843,0.10171750780019247,0.4144,275.7286500930786,1,True,False,0.0,2,0,1,True,True,1.0,10,10,1,True,True,1.0,10,10,3,POSITION_40MM_SPEED_FAIL,False,False,0.5296070844382293,4766.211204097257,1004766.2112040973,0.002588408800124235,0.0002949833043721956,1.0,0.46660974561545265,0.2510816377019912,0.08483790516828037,3000038.7240454317,38.72404543166518,"[0.0313397449,0.030476675,0.030422467]",0.0313397449,0.030746295633333337,0.030422467,0.027528785999999972,0.0313397449,0.04465816333333339,0.0,0.017175078001924637,0.0,0.04465816333333339,0.06183324133525803,0.04784699422825721,5.214911194501543,1004766.2112040973,68
Stage2.2,2,s22g002_90e5b64bc5ec10c3,30,probe_c2_h03_m,multi_center_probes,2.9703390572337103,50.17800305639997,"[2.4156833455235933,1.2134774513649513,0.47907036778035206,1.205913434942497,1.8161324869218463,0.12250045403562732,-0.3799098495828374,2.194878648757632,-0.3105340226543265,-0.8439112129819165,-1.4504296074137586,0.18561891051340607,-0.5598062891487809,0.09297819409651051,0.03916530769184573]",s22g002_90e5b64bc5ec10c3,0.03144658556728349,0.025766702367232372,0.09470691090436162,0.048219518909449643,0.048219518909449643,,,,,True,,11,-0.027887631000000024,0.0306033679,747.7424000000028,0.04140393809307169,0.0306033679,1.3801312697690564,0.5817437020072838,0.7819410457617871,0.023458231372853616,1,0.6280101555085302,0.0,-0.3441332378223096,0,0,0,0,1,1,True,False,True,False,10000.0,True,1.0,1.0,0.0,0.02782468742893445,0.031306031540056886,0.04188413591450753,0.02393363510585779,0.6494400920302542,0.08799977898555497,0.09733497983705022,0.41445,278.79491996765137,1,True,False,0.0,2,0,1,True,True,1.0,10,10,1,True,True,1.0,10,10,1,PASS_DAMPED_HOLD_40MM,False,True,0.5231613010915832,4768.803867194918,1004768.8038671949,0.002642531985596275,0.0,1.0,0.4672138752129306,0.2606154951047618,0.07561983845714092,1000038.8461928116,38.84619281161003,"[0.0313610513,0.0305757109,0.0306033679]",0.0313610513,0.030846710033333332,0.0306033679,0.027887631000000024,0.0313610513,0.0453683766666666,0.0,0.0,0.0,0.0453683766666666,0.0453683766666666,0.0453683766666666,5.124317194825134,1004768.8038671949,69
Stage2.2,2,s22g002_cdd00823a1dfd692,84,trust_mix_0041,trust_mix,2.9104799857836032,86.70248485535876,"[2.4156833455235933,1.2134774513649513,0.47907036778035206,1.2283325525689184,1.8821534019646395,0.10108111041300018,-0.24973549328679906,2.0880543227827673,-0.2889813440586179,-0.9965657771865543,-1.256004024033845,0.16964429672791584,-0.48697431519728857,0.07201159604555735,0.07392484299698171]",s22g002_cdd00823a1dfd692,0.031169072001081016,0.03458512760555737,0.10818409782571087,0.08184097825710857,0.12081004495980907,,,,,True,,11,-0.02749746799999997,0.030280279,749.4120000000003,0.04090239654016453,0.030280279,1.3634132180054843,0.5817437020072838,0.7819410457617871,0.023458231372853616,1,0.6280101555085302,0.0,-0.3441332378223096,0,0,0,0,1,1,True,False,True,False,10000.0,True,1.0,1.0,0.0,0.02768247563112899,0.03110944243092156,0.04164272884227057,0.004627399842989556,0.6494915488453741,0.09015767617162077,0.10437293071929064,0.4144,274.0069570541382,1,True,False,0.0,2,0,1,True,True,1.0,10,10,1,True,True,1.0,10,10,3,POSITION_40MM_SPEED_FAIL,False,False,0.5289374284976083,4772.652164779836,1004772.6521647798,0.0022929054031365294,0.0019122523075715712,1.0,0.46423533094328084,0.24874925521177665,0.056164104351621724,3000038.9198249127,38.9198249127088,"[0.0312018241,0.0303262227,0.030280279]",0.0312018241,0.03060277526666667,0.030280279,0.02772028400000004,0.0312018241,0.040060803333333395,0.0,0.04372930719290635,0.0,0.04372930719290635,0.08379011052623975,0.05930531402229978,5.2556893619344915,1004772.6521647798,70
Stage2.2,2,s22g002_c1d3315ee1afedc3,24,probe_c1_h15_m,multi_center_probes,2.9700176233730486,56.508523413765985,"[2.3911854335466187,1.204177336495726,0.471384395947247,1.2167601768972367,1.8667370748969636,0.1226563421788616,-0.34085065205519466,2.229501881772964,-0.18201508593500526,-1.1607630457377542,-1.3843587584692327,0.2244860700782217,-0.6600994086987542,-0.2912530047699112,-0.009609279153778526]",s22g002_c1d3315ee1afedc3,0.031629196824159586,0.021772284896072525,0.09732379445678918,0.05430656080531948,0.05430656080531948,,,,,True,,11,-0.027065722000000014,0.0312083525,675.6169000000009,0.04130998151954974,0.0312083525,1.3769993839849914,0.5817437020072838,0.7819332053556993,0.02345799616067098,1,0.6279867362113741,0.0,-0.3441197603990719,0,0,0,0,1,1,True,False,True,False,10000.0,True,1.0,1.0,0.0,0.027390751530301644,0.0314961164998838,0.041740371631898227,0.0439028041917246,0.649296591586479,0.09058504277816745,0.09725921836285444,0.41435,280.2939429283142,1,True,False,0.0,2,0,1,True,True,1.0,10,10,1,True,True,1.0,10,10,1,PASS_DAMPED_HOLD_40MM,False,True,0.5242433752211355,4799.3239586768905,1004799.3239586769,0.0029763650825025117,0.0,1.0,0.48408564580081825,0.25834466996803884,0.0632676621322139,1000039.0669163394,39.066916339493034,"[0.0313697418,0.0307729488,0.0312083525]",0.0313697418,0.031117014366666668,0.0312083525,0.02747333900000004,0.0313697418,0.045658060000000056,0.0,0.0,0.0,0.045658060000000056,0.045658060000000056,0.045658060000000056,5.227658676877501,1004799.3239586769,71
Stage2.2,2,s22g002_ec9901d90f312f54,82,trust_mix_0002,trust_mix,2.956450479813148,45.62919176477196,"[2.4528035550849707,1.2568238840729706,0.48274927294798753,1.1861794832134425,1.8447351084055366,0.10184355787517553,-0.30873741835657925,2.0625871098973736,-0.32652734103661923,-0.8687287157317771,-1.3856942488478707,0.17470374637385042,-0.6145785776100424,0.18910000279528003,0.05725082908469941]",s22g002_ec9901d90f312f54,0.03129137367053104,0.03351642984829623,0.10208001670391095,0.0430457890177014,0.06384595605681076,,,,,True,,11,-0.027709748000000034,0.0305506971,776.4194000000025,0.04124530552098571,0.0305506971,1.3748435173661904,0.5817437020072838,0.781928100002112,0.023457843000063358,1,0.6279591681789314,0.0,-0.3441109844491652,0,0,0,0,1,1,True,False,True,False,10000.0,True,1.0,1.0,0.0,0.027691143734673455,0.031303677175192224,0.04179377520663808,0.017874968938664554,0.6492789201594168,0.08769524642514157,0.09821079333866634,0.41424999999999995,278.8162200450897,1,True,False,0.0,2,0,1,True,True,1.0,10,10,1,True,True,1.0,10,10,1,PASS_DAMPED_HOLD_40MM,False,True,0.5249882323633849,4831.321260382421,1004831.3212603824,0.002688684098501086,0.0,1.0,0.4641657247990199,0.25541275436302796,0.058539691436486664,1000038.7660324791,38.7660324791272,"[0.0313789112,0.0305613662,0.0305506971]",0.0313789112,0.03083032483333333,0.0305506971,0.027709748000000034,0.0313789112,0.045963706666666715,0.0,0.0,0.0,0.045963706666666715,0.045963706666666715,0.045963706666666715,5.132060382449102,1004831.3212603824,72
Stage2.2,2,s22g002_462b6d3ba1f8e89c,27,probe_c1_h00_p,multi_center_probes,2.930914141893038,71.92464918494126,"[2.3911854335466187,1.204177336495726,0.471384395947247,1.2459201768972368,1.8667370748969636,0.1226563421788616,-0.2841506520551947,2.229501881772964,-0.15771508593500527,-1.087863045737754,-1.3843587584692327,0.2244860700782217,-0.5871994086987542,-0.21835300476991118,-0.009609279153778526]",s22g002_462b6d3ba1f8e89c,0.03130886980796227,0.030357807308136982,0.10674520964418968,0.06745209644189676,0.11108109004063915,,,,,True,,11,-0.02734581700000005,0.0304474193,669.4292000000023,0.040924797487922944,0.0304474193,1.3641599162640983,0.5817437020072838,0.7819332053556993,0.02345799616067098,1,0.6279867362113741,0.0,-0.3441197603990719,0,0,0,0,1,1,True,False,True,False,10000.0,True,1.0,1.0,0.0,0.027566185044809382,0.0310820365120206,0.04154500633841875,0.015979904966679434,0.6493077453668523,0.09241718201186291,0.10456105531502441,0.4144,271.8456470966339,1,True,False,0.0,2,0,1,True,True,1.0,10,10,1,True,True,1.0,10,10,3,POSITION_40MM_SPEED_FAIL,False,False,0.5286794424393878,4951.864488926716,1004951.8644889267,0.002085858038424052,0.002080322558671231,1.0,0.47926923509212893,0.2584988471761753,0.0598246294228079,3000038.9371556207,38.93715562047566,"[0.0310864615,0.0302884472,0.0304474193]",0.0310864615,0.030607442666666665,0.0304474193,0.027609251999999973,0.0310864615,0.036215383333333406,0.0,0.04561055315024398,0.0,0.04561055315024398,0.08182593648357739,0.05823981927042283,5.265608697516222,1004951.8644889267,73
Stage2.2,2,s22g002_6d1dc02e3a3e927e,50,corner_local_0025,corner_local,2.9877272490393048,55.66023467665627,"[2.413946689140234,1.2100260733143955,0.4613863721475013,1.198523045467162,1.834024966709705,0.1073117898505159,-0.33587211220841307,2.173937397357955,-0.366205573461719,-0.9834312041465267,-1.4089104291321632,0.10383180893172779,-0.39209458566895306,0.037868121648007694,-0.00592894429311149]",s22g002_6d1dc02e3a3e927e,0.03160472184819709,0.01988953197579867,0.09154829565801416,0.05349072827323642,0.05349072827323642,,,,,True,,11,-0.02789633300000005,0.0308939562,835.0546000000031,0.04162501561002002,0.0308939562,1.3875005203340007,0.5817437020072838,0.7819341870162442,0.023458025610487324,1,0.6279889312000577,0.0,-0.3441214478441469,0,0,0,0,1,1,True,False,True,False,10000.0,True,1.0,1.0,0.0,0.02785564262454544,0.03144562653587247,0.042009097279755485,0.02634303772632214,0.649391991352807,0.08533053153348473,0.09428724963512662,0.41465,276.8452649116516,1,True,False,0.0,2,0,1,True,True,1.0,10,10,1,True,True,1.0,10,10,1,PASS_DAMPED_HOLD_40MM,False,True,0.5206152071595863,5033.408756016754,1005033.4087560168,0.0029378458150743445,0.0,1.0,0.46512078378286625,0.2575367903995594,0.0803494896619068,1000038.8661371067,38.86613710671078,"[0.0314366664,0.0307373682,0.0308939562]",0.0314366664,0.0310226636,0.0308939562,0.02789633300000005,0.0314366664,0.047888880000000134,0.0,0.0,0.0,0.047888880000000134,0.047888880000000134,0.047888880000000134,5.076356016687658,1005033.4087560168,74
Stage2.2,2,s22g002_04d565e3ae6a5984,90,random_corner_parent_13_0002,random_local,2.9273021669249784,50.38417508155052,"[2.4156833455235933,1.2134774513649513,0.47907036778035206,1.1926267570022948,1.855920907572726,0.10871066679965737,-0.33959982497397984,2.175055398503334,-0.29043676757950854,-0.9062449866656572,-1.2553777298521145,0.1425859704280112,-0.46602643266902705,1.8991632498599822e-05,0.0545618103190114]",s22g002_04d565e3ae6a5984,0.03144976079702021,0.028534855189798012,0.10024131940795165,0.04832535990067366,0.050738553980190115,,,,,True,,11,-0.027218819999999977,0.0306128151,761.1390000000029,0.04096350339679441,0.0306128151,1.3654501132264802,0.5817437020072838,0.7819410457617871,0.023458231372853616,1,0.6280101555085302,0.0,-0.3441332378223096,0,0,0,0,1,1,True,False,True,False,10000.0,True,1.0,1.0,0.0,0.02748197500713184,0.031362612710911904,0.04169978928420709,0.00299921768606447,0.6494885753962506,0.08477519143293272,0.09850071865904432,0.41435,284.70914936065674,1,True,False,0.0,2,0,1,True,True,1.0,10,10,1,True,True,1.0,10,10,1,PASS_DAMPED_HOLD_40MM,False,True,0.528233676261667,5044.316294358228,1005044.3162943582,0.002845243949614565,0.0,1.0,0.46187942839981533,0.24740947813761716,0.06969872352687671,1000038.6441370777,38.644137077704016,"[0.031439764,0.0306314329,0.0306128151]",0.031439764,0.030894670666666665,0.0306128151,0.027541449999999967,0.031439764,0.04799213333333352,0.0,0.0,0.0,0.04799213333333352,0.04799213333333352,0.04799213333333352,5.142294358145557,1005044.3162943582,75
Stage2.2,2,s22g002_e66fb8b248b46533,58,corner_local_0076,corner_local,2.956140357831291,58.046290199446375,"[2.3911854335466187,1.204177336495726,0.471384395947247,1.1933289621186378,1.8372189280910176,0.10983315169765231,-0.37819104507947054,2.1398741735245332,-0.29441008756638437,-0.9196148923676775,-1.310906582737987,0.18446901041852423,-0.6123570383020945,-0.06513165996609745,0.04384139339374735]",s22g002_e66fb8b248b46533,0.03167355948449619,0.022760350933649746,0.0920598688787331,0.05578531614987314,0.05578531614987314,,,,,True,,11,-0.02735616900000004,0.0308257613,740.9024000000027,0.04121392412863814,0.0308257613,1.3737974709546046,0.5817437020072838,0.7819332053556993,0.02345799616067098,1,0.6279867362113741,0.0,-0.3441197603990719,0,0,0,0,1,1,True,False,True,False,10000.0,True,1.0,1.0,0.0,0.02753791428534447,0.0314244531703139,0.04178316623043579,0.01239653987732595,0.649314019602587,0.08351736656638876,0.09498881938965426,0.4144,276.880224943161,1,True,False,0.0,2,0,1,True,True,1.0,10,10,1,True,True,1.0,10,10,1,PASS_DAMPED_HOLD_40MM,False,True,0.5253496439340262,5046.509790207492,1005046.5097902075,0.0029067433925011724,0.0,1.0,0.46745758269918775,0.24996006087783817,0.06434790027355466,1000038.6174459198,38.617445919772685,"[0.0314404141,0.0307080564,0.0308257613]",0.0314404141,0.0309914106,0.0308257613,0.027562587000000027,0.0314404141,0.048013803333333493,0.0,0.0,0.0,0.048013803333333493,0.048013803333333493,0.048013803333333493,5.0604402074342625,1005046.5097902075,76
Stage2.2,2,s22g002_12d9abf4ae1d4c6c,66,bridge_d18_p00_c06_005,boundary_bridge,2.9275525466371004,45.3305066247866,"[2.4156833455235933,1.2134774513649513,0.47907036778035206,1.2186648035138208,1.8229519357947537,0.11671993018655084,-0.31923257079007417,2.1953962537067926,-0.3092655207203756,-0.88198341479019,-1.3245754606481954,0.18311702575054306,-0.5474022698244961,-0.05575284819407389,0.043066053228389654]",s22g002_12d9abf4ae1d4c6c,0.0312709802351556,0.030859015270010285,0.10310145736814869,0.04236600783851996,0.07338058152000682,,,,,True,,11,-0.027700509999999956,0.0301617935,735.1105000000025,0.04095182586157472,0.0301617935,1.3650608620524907,0.5817437020072838,0.7819410457617871,0.023458231372853616,1,0.6280101555085302,0.0,-0.3441332378223096,0,0,0,0,1,1,True,False,True,False,10000.0,True,1.0,1.0,0.0,0.027761470477015843,0.03104354350187155,0.04164613831075834,0.01645150916420427,0.649430994011297,0.09319935644908613,0.10465696128578218,0.41450000000000004,276.03415989875793,1,True,False,0.0,2,0,1,True,True,1.0,10,10,1,True,True,1.0,10,10,3,POSITION_40MM_SPEED_FAIL,False,False,0.528368163485759,5063.994487887947,1005063.994487888,0.002181911280657172,0.002168728841727391,1.0,0.4657276208943907,0.25041043583244627,0.07495180625163397,3000039.0032756417,39.00327564168575,"[0.0311618803,0.0302601805,0.0301617935]",0.0311618803,0.03052795143333333,0.0301617935,0.027741122000000007,0.0311618803,0.03872934333333333,0.0,0.046569612857821685,0.0,0.046569612857821685,0.08529895619115502,0.06056971914049628,5.267658200581438,1005063.994487888,77
Stage2.2,2,s22g002_582446cb0f42e3b7,89,trust_mix_0030,trust_mix,2.9125065193271182,73.88803354743764,"[2.4156833455235933,1.2134774513649513,0.47907036778035206,1.2497404242785524,1.8470686859569678,0.1110035558279823,-0.31824101424983725,2.0945858379888183,-0.3112871675265045,-0.9291920224819047,-1.2046109930446862,0.15126048128777508,-0.5015463150130705,0.010464722319096422,0.05971077840988446]",s22g002_582446cb0f42e3b7,0.03118595602330921,0.03580270611200683,0.10694977247927874,0.06949772479278726,0.10902959223642772,,,,,True,,11,-0.02755392999999995,0.0301737612,764.5556000000033,0.04086165590623467,0.0301737612,1.362055196874489,0.5817437020072838,0.7819410457617871,0.023458231372853616,1,0.6280101555085302,0.0,-0.3441332378223096,0,0,0,0,1,1,True,False,True,False,10000.0,True,1.0,1.0,0.0,0.02775523048764654,0.031052268621342152,0.04164848383740247,0.010191449911568614,0.6494460948678336,0.09189924449436945,0.10469512290409408,0.41455,262.6169681549072,1,True,False,0.0,2,0,1,True,True,1.0,10,10,1,True,True,1.0,10,10,3,POSITION_40MM_SPEED_FAIL,False,False,0.5294066280899792,5105.0826431516325,1005105.0826431516,0.0021914572577671205,0.002204417908454866,1.0,0.46159926930226197,0.24357539335323733,0.06028715725633919,3000038.9547619913,38.954761991467166,"[0.0311690956,0.0302754922,0.0301737612]",0.0311690956,0.030539449666666666,0.0301737612,0.027802537000000016,0.0311690956,0.03896985333333336,0.0,0.04695122904094062,0.0,0.04695122904094062,0.08592108237427398,0.061016943362285685,5.2584661981871434,1005105.0826431516,78
Stage2.2,2,s22g002_7c6e154f97133e1e,95,random_corner_parent_11_0015,random_local,2.9344628105487076,51.54101723468158,"[2.4156833455235933,1.2134774513649513,0.47907036778035206,1.182229012909423,1.8579818339313718,0.1133709736170752,-0.36458163015322087,2.166582638963045,-0.32429680610335165,-0.7707628216996574,-1.2355352114988845,0.21814135094447834,-0.6739524069740129,0.011786690505885628,0.0470702781050823]",s22g002_7c6e154f97133e1e,0.03147800145918696,0.03617469066556595,0.10068572172023689,0.049266715306232056,0.05612393250860093,,,,,True,,11,-0.027309948999999945,0.0304625254,735.1165000000001,0.04091208584426175,0.0304625254,1.3637361948087252,0.5817437020072838,0.7819410457617871,0.023458231372853616,1,0.6280101555085302,0.0,-0.3441332378223096,0,0,0,0,1,1,True,False,True,False,10000.0,True,1.0,1.0,0.0,0.02751188088936674,0.031331682358809905,0.04169625773980277,0.01303464018708881,0.6494736550141053,0.08790500423006979,0.09911191050735153,0.4143,271.41076612472534,1,True,False,0.0,2,0,1,True,True,1.0,10,10,1,True,True,1.0,10,10,1,PASS_DAMPED_HOLD_40MM,False,True,0.5288258392292479,5134.914852057002,1005134.914852057,0.0028591254815105143,0.0,1.0,0.460524004310754,0.24421964309737537,0.07371331223078845,1000038.6919453952,38.69194539516015,"[0.0314656431,0.0305919941,0.0304625254]",0.0314656431,0.030840054199999998,0.0304625254,0.027544259000000015,0.0314656431,0.04885477000000016,0.0,0.0,0.0,0.04885477000000016,0.04885477000000016,0.04885477000000016,5.16400205691308,1005134.914852057,79
Stage2.2,2,s22g002_ae183a2664daa660,54,corner_local_0053,corner_local,2.944869517478446,52.91428881948138,"[2.4156833455235933,1.2134774513649513,0.47907036778035206,1.1832889945139082,1.833914729373787,0.08164683891201041,-0.35587389002297837,2.132286884044008,-0.25271896317250536,-0.8825817765918247,-1.3240771641418831,0.17325000634347765,-0.4602128890124276,-0.02537913354123253,0.07791638216201704]",s22g002_ae183a2664daa660,0.031525524234355,0.02772093812359201,0.09678963546353483,0.050850807811833265,0.050850807811833265,,,,,True,,11,-0.027457198999999988,0.0307337543,721.7036000000007,0.041212394134512116,0.0307337543,1.373746471150404,0.5817437020072838,0.7819410457617871,0.023458231372853616,1,0.6280101555085302,0.0,-0.3441332378223096,0,0,0,0,1,1,True,False,True,False,10000.0,True,1.0,1.0,0.0,0.027583652700082187,0.03142699377083908,0.04181523446964168,0.009328980937182953,0.6494955084912529,0.08369648950957496,0.0957835325342053,0.41445,276.24039793014526,1,True,False,0.0,2,0,1,True,True,1.0,10,10,1,True,True,1.0,10,10,1,PASS_DAMPED_HOLD_40MM,False,True,0.5253672644899924,5193.615802897955,1005193.615802898,0.0029843260803980457,0.0,1.0,0.46369409862719935,0.2518717072306462,0.057363909108339925,1000038.6505203238,38.650520323729886,"[0.031482439,0.0307089651,0.0307337543]",0.031482439,0.0309750528,0.0307337543,0.027584684999999998,0.031482439,0.0494146333333334,0.0,0.0,0.0,0.0494146333333334,0.0494146333333334,0.0494146333333334,5.079302897852921,1005193.615802898,80
Stage2.2,2,s22g002_0ce0240b5b269194,41,corner_local_0078,corner_local,2.936404676640918,45.94650266664859,"[2.3911854335466187,1.204177336495726,0.471384395947247,1.2348512709726072,1.8113355787796444,0.1096078597445383,-0.28753683997194646,2.1603413712319486,-0.2976287424467371,-0.9966460465676522,-1.3660458182586372,0.2113660509758945,-0.5195705148072679,0.046612318404684314,0.06102018395498805]",s22g002_0ce0240b5b269194,0.03132453284480429,0.025970031702480672,0.09978171425623118,0.04415109482680979,0.04415109482680979,,,,,True,,11,-0.027864391000000044,0.030210383,722.9760999999999,0.041098558695014754,0.030210383,1.3699519565004916,0.5817437020072838,0.7819332053556993,0.02345799616067098,1,0.6279867362113741,0.0,-0.3441197603990719,0,0,0,0,1,1,True,False,True,False,10000.0,True,1.0,1.0,0.0,0.027890264047195034,0.030991103773462723,0.04169310904357931,0.013966430376737678,0.6493212884024748,0.09244141323144243,0.10486601715323093,0.4146,278.6682319641113,1,True,False,0.0,2,0,1,True,True,1.0,10,10,1,True,True,1.0,10,10,3,POSITION_40MM_SPEED_FAIL,False,False,0.5266782784987944,5267.1169914993225,1005267.1169914993,0.0019883112194836843,0.002367812293553752,1.0,0.46914747420142655,0.25618597883679445,0.06692405083068194,3000039.0354124596,39.03541245970149,"[0.0310582772,0.0302020921,0.030210383]",0.0310582772,0.03049025076666667,0.030210383,0.027864391000000044,0.0310582772,0.0352759066666668,0.0,0.04866017153230917,0.0,0.04866017153230917,0.08393607819897597,0.06010159635741083,5.253929115037602,1005267.1169914993,81
Stage2.2,2,s22g002_2c5d479c3b031848,85,trust_mix_0011,trust_mix,2.911163352262994,102.31835339846788,"[2.4528035550849707,1.2568238840729706,0.48274927294798753,1.226589190044794,1.8203904127296997,0.10799862534282441,-0.295036894096646,2.196482112842898,-0.25958001850613527,-1.0429966859088937,-1.283838805083495,0.2400881057434782,-0.5838725065683313,0.0025118835487499824,0.03183604978959663]",s22g002_2c5d479c3b031848,0.03114023528911222,0.034267609228440375,0.10968932000443547,0.09689320004435475,0.13490104301476213,,,,,True,,11,-0.027235506999999992,0.0303146297,710.5895000000019,0.04075229582974646,0.0303146297,1.3584098609915487,0.5817437020072838,0.781928100002112,0.023457843000063358,1,0.6279591681789314,0.0,-0.3441109844491652,0,0,0,0,1,1,True,False,True,False,10000.0,True,1.0,1.0,0.0,0.027525345346457814,0.03105682242470917,0.041499046441595314,0.008360422447876718,0.6492358751861442,0.09137752352819692,0.10494241557528271,0.41445,275.08281993865967,1,True,False,0.0,2,0,1,True,True,1.0,10,10,1,True,True,1.0,10,10,3,POSITION_40MM_SPEED_FAIL,False,False,0.5306661004732085,5355.054106527474,1005355.0541065275,0.002101690688798175,0.0024427471718797013,1.0,0.47113769828819774,0.251956562365071,0.06908903448109546,3000038.8929391536,38.892939153532815,"[0.0311095867,0.0302687534,0.0303146297]",0.0311095867,0.030564323266666665,0.0303146297,0.027601027999999972,0.0311095867,0.036986223333333346,0.0,0.04942415575282699,0.0,0.04942415575282699,0.08641037908616034,0.06173109336746688,5.265921532711347,1005355.0541065275,82
Stage2.2,2,s22g002_e27ba9a82f29bbc7,48,corner_local_0036,corner_local,2.924041587928349,47.44481701186306,"[2.3911854335466187,1.204177336495726,0.471384395947247,1.2242570378943514,1.8469258961977757,0.09617680694157714,-0.2732425399265107,2.1425308166959924,-0.24068884861553808,-0.9645516849686168,-1.3693084665220054,0.1493259896478129,-0.5255907072016883,-0.15649995701463865,0.024076388278871114]",s22g002_e27ba9a82f29bbc7,0.031334755435318,0.029525970125741357,0.10286013709573218,0.04449184784393356,0.07309321880125519,,,,,True,,11,-0.027674458000000013,0.0302434369,739.5419000000002,0.04099440329018153,0.0302434369,1.3664801096727177,0.5817437020072838,0.7819332053556993,0.02345799616067098,1,0.6279867362113741,0.0,-0.3441197603990719,0,0,0,0,1,1,True,False,True,False,10000.0,True,1.0,1.0,0.0,0.027718436219649003,0.031046343588603156,0.04161955257669585,0.015581549247712946,0.649315563709787,0.09303389621947505,0.10498047879829617,0.41450000000000004,270.60299611091614,1,True,False,0.0,2,0,1,True,True,1.0,10,10,1,True,True,1.0,10,10,3,POSITION_40MM_SPEED_FAIL,False,False,0.527877809992956,5397.373832309968,1005397.37383231,0.002133627468444714,0.002480516906027747,1.0,0.47085609829226477,0.25357877530761197,0.05628827195228255,3000039.019293557,39.01929355695708,"[0.0311253997,0.0302533002,0.0302434369]",0.0311253997,0.03054071226666667,0.0302434369,0.02769015100000005,0.0311253997,0.03751332333333335,0.0,0.04980478798296151,0.0,0.04980478798296151,0.08731811131629486,0.06235195533051838,5.2706334181567085,1005397.37383231,83
Stage2.2,2,s22g002_8a538450c922bbd1,38,corner_local_0008,corner_local,2.938255193912863,45.244636134098414,"[2.3911854335466187,1.204177336495726,0.471384395947247,1.2565720374289544,1.8244037971817366,0.10247610966735878,-0.2973040285972831,2.1660809984117564,-0.2722282433467732,-1.0204603081909345,-1.3666390681471636,0.18869830178794925,-0.6068794828259304,-0.02582479997526204,0.0287941041735177]",s22g002_8a538450c922bbd1,0.03127695938502773,0.027946396000549645,0.10236832058632796,0.042565312834257796,0.06624851869753723,,,,,True,,11,-0.02780648600000002,0.0302583329,740.4623000000029,0.04109461489727601,0.0302583329,1.3698204965758671,0.5817437020072838,0.7819332053556993,0.02345799616067098,1,0.6279867362113741,0.0,-0.3441197603990719,0,0,0,0,1,1,True,False,True,False,10000.0,True,1.0,1.0,0.0,0.027869091828367935,0.030993392817274815,0.04168065111852149,0.01278762153799117,0.6493240611135562,0.09219911373376752,0.10500869232536923,0.41465,270.3497657775879,1,True,False,0.0,2,0,1,True,True,1.0,10,10,1,True,True,1.0,10,10,3,POSITION_40MM_SPEED_FAIL,False,False,0.5267236982213888,5413.912207301473,1005413.9122073015,0.001962703139891258,0.0025086998810212565,1.0,0.47269832609168816,0.25569008119268843,0.06465536815852707,3000039.0356469424,39.035646942469896,"[0.0310402337,0.0301986896,0.0302583329]",0.0310402337,0.0304990854,0.0302583329,0.027855513,0.0310402337,0.034674456666666575,0.0,0.05008692325369224,0.0,0.05008692325369224,0.08476137992035881,0.06091812395461465,5.256238296275853,1005413.9122073015,84
Stage2.2,2,s22g002_e70dbffe0954a04b,68,bridge_d13_p08_c04_028,boundary_bridge,2.9201268293628946,45.369928084064526,"[2.4156833455235933,1.2134774513649513,0.47907036778035206,1.2125848479466403,1.8253369609978818,0.11366789259324635,-0.3073117998872485,2.152325046490058,-0.3446356227398445,-0.8891829117823512,-1.2434793951673129,0.20976912462170616,-0.61991879025711,0.19409648797515125,0.0353757650159221]",s22g002_e70dbffe0954a04b,0.031272819330323866,0.03341822307549534,0.1030408084113588,0.042427311010795554,0.07283539512438364,,,,,True,,11,-0.027539962999999945,0.0301022686,772.2529000000031,0.0407994624585657,0.0301022686,1.35998208195219,0.5817437020072838,0.7819410457617871,0.023458231372853616,1,0.6280101555085302,0.0,-0.3441332378223096,0,0,0,0,1,1,True,False,True,False,10000.0,True,1.0,1.0,0.0,0.027728771027329978,0.03102640685928411,0.04161156888755729,0.013950191709439438,0.6494314409321044,0.0934667063068506,0.10542664174197126,0.41450000000000004,281.04330229759216,1,True,False,0.0,2,0,1,True,True,1.0,10,10,1,True,True,1.0,10,10,3,POSITION_40MM_SPEED_FAIL,False,False,0.5301228943205111,5870.74566535803,1005870.745665358,0.0021842634420354426,0.002944844059570476,1.0,0.46212401131705966,0.24783437245256876,0.07324336534548086,3000039.026121066,39.02612106585319,"[0.031162978,0.0302414335,0.0301022686]",0.031162978,0.0305022267,0.0301022686,0.027766717999999968,0.031162978,0.03876593333333345,0.0,0.0542664174197125,0.0,0.0542664174197125,0.09303235075304594,0.06669064137324614,5.2838790012773496,1005870.745665358,85
Stage2.2,2,s22g002_d6d3055017f81100,60,bridge_d10_p07_c04_027,boundary_bridge,2.9261372532891756,44.35413941084255,"[2.4156833455235933,1.2134774513649513,0.47907036778035206,1.2128326970970764,1.8155293780313309,0.1081040116708599,-0.2992565681833096,2.168824827237895,-0.29686828065792875,-0.8736185328994168,-1.3506384742557291,0.17576659834959807,-0.5139763801459232,-0.002277382459902038,0.07986418973371094]",s22g002_d6d3055017f81100,0.03124004935603104,0.031567052420850804,0.10334125090641744,0.04133497853436796,0.07474748759854233,,,,,True,,11,-0.02788913500000001,0.0301148341,727.6223000000027,0.04104518344359967,0.0301148341,1.3681727814533222,0.5817437020072838,0.7819410457617871,0.023458231372853616,1,0.6280101555085302,0.0,-0.3441332378223096,0,0,0,0,1,1,True,False,True,False,10000.0,True,1.0,1.0,0.0,0.02787368191315489,0.031026160126174197,0.041708089809660905,0.022591163380279413,0.6494458866218471,0.09525371418346919,0.10552065415857877,0.41455,274.6867105960846,1,True,False,0.0,2,0,1,True,True,1.0,10,10,1,True,True,1.0,10,10,3,POSITION_40MM_SPEED_FAIL,False,False,0.5272929877900089,5968.115901435493,1005968.1159014355,0.002175585194446202,0.0030477622338633,1.0,0.46503530628904116,0.2525053009911237,0.06864134874330569,3000039.177927024,39.17792702396955,"[0.0311551922,0.0302390679,0.0301148341]",0.0311551922,0.030503031400000002,0.0301148341,0.02788913500000001,0.0311551922,0.038506406666666715,0.0,0.05520654158578764,0.0,0.05520654158578764,0.09371294825245435,0.067309030510341,5.300919336599378,1005968.1159014355,86
Stage2.2,2,s22g002_2564437dd4257b63,78,trust_mix_0039,trust_mix,2.918392769582291,44.563258707861124,"[2.4156833455235933,1.2134774513649513,0.47907036778035206,1.2131303574349874,1.8131903954769326,0.10536908186943503,-0.286646420293682,2.144167147467787,-0.27741406381786765,-0.9323625615367656,-1.3094212914319991,0.17772040963827998,-0.5121656587699795,0.001734125106942458,0.093848893621033]",s22g002_2564437dd4257b63,0.031237821830197098,0.03109236635773406,0.10405729499999801,0.04126072767323663,0.0818336776732167,,,,,True,,11,-0.027719096,0.0301416571,716.7518000000018,0.04094957601479161,0.0301416571,1.3649858671597206,0.5817437020072838,0.7819410457617871,0.023458231372853616,1,0.6280101555085302,0.0,-0.3441332378223096,0,0,0,0,1,1,True,False,True,False,10000.0,True,1.0,1.0,0.0,0.027806096592525253,0.031019404842180156,0.041657922229462116,0.013098796538320929,0.6494459235485496,0.0932795199078232,0.1056568521519599,0.41455,272.04917907714844,1,True,False,0.0,2,0,1,True,True,1.0,10,10,1,True,True,1.0,10,10,3,POSITION_40MM_SPEED_FAIL,False,False,0.528394074402986,6107.27556711121,1006107.2755671112,0.002135944181188699,0.0031999976269133368,1.0,0.4657502252599378,0.25088492849427035,0.06185504206030647,3000039.0840710658,39.08407106573909,"[0.0311315606,0.0302282203,0.0301416571]",0.0311315606,0.030500479333333334,0.0301416571,0.027801041999999998,0.0311315606,0.03771868666666678,0.0,0.05656852151959901,0.0,0.05656852151959901,0.09428720818626579,0.06799041808057606,5.284164325653843,1006107.2755671112,87
Stage2.2,2,s22g002_e597a2a077e9fac3,40,corner_local_0010,corner_local,2.9188548044375495,45.71726156657763,"[2.3911854335466187,1.204177336495726,0.471384395947247,1.245145448693263,1.8599195877987835,0.10627285643715208,-0.2903219139905428,2.1345909342054723,-0.274458411168445,-0.9295517027600644,-1.3349802360473464,0.1490247672797386,-0.4903168423292255,-0.040425832723454166,0.0463019748915725]",s22g002_e597a2a077e9fac3,0.031269118638771735,0.031917729214883055,0.1042299005194496,0.04230395462572445,0.08460295982022026,,,,,True,,11,-0.027693230000000013,0.0300939277,746.2963000000018,0.04089693719883835,0.0300939277,1.3632312399612785,0.5817437020072838,0.7819332053556993,0.02345799616067098,1,0.6279867362113741,0.0,-0.3441197603990719,0,0,0,0,1,1,True,False,True,False,10000.0,True,1.0,1.0,0.0,0.027751645439669268,0.030981694390127337,0.04159349963506754,0.01613241380788978,0.6493162096929281,0.09446498901109354,0.10627116401002427,0.41450000000000004,267.4946024417877,1,True,False,0.0,2,0,1,True,True,1.0,10,10,1,True,True,1.0,10,10,3,POSITION_40MM_SPEED_FAIL,False,False,0.5290003023529652,6746.054253228009,1006746.054253228,0.002068285314719728,0.003932749804062378,1.0,0.46634627296791203,0.2518796054709081,0.06060877267257013,3000039.132755046,39.132755045943576,"[0.0310962294,0.030186706,0.0300939277]",0.0310962294,0.030458954366666666,0.0300939277,0.027731599999999967,0.0310962294,0.036540980000000056,0.0,0.06271164010024277,0.0,0.06271164010024277,0.09925262010024283,0.07258094118584286,5.2988216168905735,1006746.054253228,88
Stage2.2,2,s22g002_71f5e739111d0bc4,16,probe_c0_h10_m,multi_center_probes,2.9122997350271964,50.290836282781065,"[2.3911854335466187,1.204177336495726,0.471384395947247,1.2167601768972367,1.8051770748969636,0.1082563421788616,-0.2841506520551947,2.2358018817729635,-0.18201508593500526,-1.087863045737754,-1.3033587584692328,0.2244860700782217,-0.5061994086987542,-0.2102530047699112,-0.03876927915377852]",s22g002_71f5e739111d0bc4,0.03141983474436648,0.025850356282861222,0.10260193870181544,0.04732782481221598,0.0733472118303704,,,,,True,,11,-0.027250596000000016,0.0302966241,697.6772000000019,0.0407489927999689,0.0302966241,1.3582997599989635,0.5817437020072838,0.7819332053556993,0.02345799616067098,1,0.6279867362113741,0.0,-0.3441197603990719,0,0,0,0,1,1,True,False,True,False,10000.0,True,1.0,1.0,0.0,0.02755606267519988,0.031012439879406106,0.04148623889235227,0.010300499637995753,0.649321520487177,0.09303295984757935,0.1064172893630992,0.41455,275.7572569847107,1,True,False,0.0,2,0,1,True,True,1.0,10,10,1,True,True,1.0,10,10,3,POSITION_40MM_SPEED_FAIL,False,False,0.5307041406330129,6892.314154381864,1006892.3141543819,0.001995254193086772,0.0041181602769746126,1.0,0.47514299864526166,0.25377598539948126,0.0620253831263337,3000039.0474557052,39.047455705291796,"[0.0310495645,0.0302133773,0.0302966241]",0.0310495645,0.0305198553,0.0302966241,0.02763846000000003,0.0310495645,0.0349854833333334,0.0,0.06417289363099199,0.0,0.06417289363099199,0.09915837696432539,0.07308997414859005,5.301309276869866,1006892.3141543819,89
Stage2.2,2,s22g002_51c54d2e5dcf6540,51,corner_local_0048,corner_local,2.9053900542199393,67.59195455419015,"[2.3911854335466187,1.204177336495726,0.471384395947247,1.2235361290309132,1.868941018140866,0.07978289416700271,-0.24384655947429026,2.116527740918136,-0.2634336601314633,-0.9875336686499577,-1.2403087590052406,0.13918649042923648,-0.5611722958276163,-0.005191854021851169,0.0359923384045905]",s22g002_51c54d2e5dcf6540,0.031284354458304395,0.032885355178825376,0.10633177192717072,0.06331771927170715,0.10612953454852025,,,,,True,,11,-0.02735421299999996,0.0301380397,773.7676000000029,0.04070079121845352,0.0301380397,1.3566930406151172,0.5817437020072838,0.7819332053556993,0.02345799616067098,1,0.6279867362113741,0.0,-0.3441197603990719,0,0,0,0,1,1,True,False,True,False,10000.0,True,1.0,1.0,0.0,0.02759315411632942,0.031019807075508245,0.041516389355160194,0.008544605351073872,0.649359182227886,0.09343535483187461,0.10693007253447046,0.41445,245.47624230384827,1,True,False,0.0,2,0,1,True,True,1.0,10,10,1,True,True,1.0,10,10,3,POSITION_40MM_SPEED_FAIL,False,False,0.5312592660745459,7442.398142523947,1007442.398142524,0.0021551477797236936,0.00480259053330216,1.0,0.46540581402999937,0.24658977804458715,0.05607371354789934,3000039.1173524465,39.11735244631617,"[0.0311317576,0.0302173931,0.0301380397]",0.0311317576,0.030495730133333333,0.0301380397,0.027651890000000012,0.0311317576,0.03772525333333343,0.0,0.06930072534470444,0.0,0.06930072534470444,0.10702597867803787,0.07890364549478272,5.318047846448909,1007442.398142524,90
Stage2.2,2,s22g002_b4fc9310e821016c,45,corner_local_0040,corner_local,2.9282851475653033,47.21155593156929,"[2.3911854335466187,1.204177336495726,0.471384395947247,1.2092066815543145,1.7998172996612214,0.11856059873919453,-0.2675388009916166,2.1423113712683075,-0.3121153848235814,-0.9549820166122499,-1.3332933751046105,0.16497604707004604,-0.5043419248736214,-0.003245556514723677,0.04878082883158539]",s22g002_b4fc9310e821016c,0.03136102710807962,0.025937080193645518,0.09960636622605831,0.04536757026932081,0.04536757026932081,,,,,True,,11,-0.02780722400000002,0.0300333805,748.823900000003,0.04092976485204817,0.0300333805,1.3643254950682722,0.5817437020072838,0.7819332053556993,0.02345799616067098,1,0.6279867362113741,0.0,-0.3441197603990719,0,0,0,0,1,1,True,False,True,False,10000.0,True,1.0,1.0,0.0,0.02784077635741779,0.03091855763129849,0.041606081697075,0.016290350956773576,0.6493063301795097,0.09511651255895509,0.1070444623490671,0.41450000000000004,270.13845801353455,1,True,False,0.0,2,0,1,True,True,1.0,10,10,1,True,True,1.0,10,10,3,POSITION_40MM_SPEED_FAIL,False,False,0.5286222345612107,7547.124473734293,1007547.1244737343,0.0019439749999178152,0.004962444978742403,1.0,0.46605392563846704,0.25177636127508757,0.06587587515264234,3000039.230557899,39.23055789884121,"[0.0310291512,0.0301173262,0.0300333805]",0.0310291512,0.030393285966666666,0.0300333805,0.027814262000000034,0.0310291512,0.03430504000000001,0.0,0.07044462349067104,0.0,0.07044462349067104,0.10474966349067105,0.07835356244705154,5.309908257602613,1007547.1244737343,91
Stage2.2,2,s22g002_c8208a6f29064c0b,19,probe_c0_h11_p,multi_center_probes,2.918473147118107,53.41526425674482,"[2.3911854335466187,1.204177336495726,0.471384395947247,1.2459201768972368,1.8051770748969636,0.0952963421788616,-0.2841506520551947,2.2925018817729637,-0.18201508593500526,-1.1607630457377542,-1.3033587584692328,0.19532607007822167,-0.5061994086987542,-0.1373530047699112,-0.03876927915377852]",s22g002_c8208a6f29064c0b,0.031343517303816744,0.02653928423886142,0.10496103106924852,0.04961031069248523,0.09439422081971016,,,,,True,,11,-0.027208597,0.030356887,727.3376000000026,0.04076577411308631,0.030356887,1.358859137102877,0.5817437020072838,0.7819332053556993,0.02345799616067098,1,0.6279867362113741,0.0,-0.3441197603990719,0,0,0,0,1,1,True,False,True,False,10000.0,True,1.0,1.0,0.0,0.027581968250321623,0.031006584169094666,0.04149907510290925,0.01965522471545359,0.6493252817729346,0.09549612310591475,0.1070486294271245,0.41465,278.5358238220215,1,True,False,0.0,2,0,1,True,True,1.0,10,10,1,True,True,1.0,10,10,3,POSITION_40MM_SPEED_FAIL,False,False,0.5305108744877758,7548.988298983546,1007548.9882989835,0.0019348120390576932,0.004968317680092542,1.0,0.47670759616054714,0.25635106468279106,0.07139769074257805,3000039.187028899,39.18702889891094,"[0.0310120145,0.0302065813,0.030356887]",0.0310120145,0.030525160933333333,0.030356887,0.027695900999999967,0.0310120145,0.03373381666666675,0.0,0.07048629427124498,0.0,0.07048629427124498,0.10422011093791173,0.07814274161425888,5.335686493122416,1007548.9882989835,92
Stage2.2,2,s22g002_62ba88e9c9841bb5,13,probe_c0_h08_p,multi_center_probes,2.9083344546978176,90.95550162124302,"[2.3911854335466187,1.204177336495726,0.471384395947247,1.2459201768972368,1.8343370748969636,0.1082563421788616,-0.2841506520551947,2.2925018817729637,-0.15771508593500527,-1.087863045737754,-1.3033587584692328,0.19532607007822167,-0.5790994086987542,-0.2102530047699112,-0.03876927915377852]",s22g002_62ba88e9c9841bb5,0.03128940321461304,0.03138797378823222,0.10857761672986013,0.08577616729860127,0.12875627445236937,,,,,True,,11,-0.027208294999999993,0.030266344,709.3188000000009,0.040698192784610975,0.030266344,1.3566064261536992,0.5817437020072838,0.7819332053556993,0.02345799616067098,1,0.6279867362113741,0.0,-0.3441197603990719,0,0,0,0,1,1,True,False,True,False,10000.0,True,1.0,1.0,0.0,0.027551028701494267,0.030986425249056333,0.041463450558605425,0.012658651191969843,0.6493219450392576,0.09465265617395643,0.10761720049987666,0.41455,269.940411567688,1,True,False,0.0,2,0,1,True,True,1.0,10,10,1,True,True,1.0,10,10,3,POSITION_40MM_SPEED_FAIL,False,False,0.5312891915809045,8147.2214814926265,1008147.2214814926,0.001953138017062013,0.00580217434553213,1.0,0.4768174453508593,0.2540149458343725,0.06897133946547056,3000039.191597116,39.191597116255345,"[0.0310239423,0.030178194,0.030266344]",0.0310239423,0.030489493433333334,0.030266344,0.027649400000000046,0.0310239423,0.034131410000000084,0.0,0.07617200499876664,0.0,0.07617200499876664,0.11030341499876672,0.08346932067604382,5.338000944829023,1008147.2214814926,93
Stage2.2,2,s22g002_5583760045093e4d,36,corner_local_0027,corner_local,2.935328879868017,42.69253249212562,"[2.4156833455235933,1.2134774513649513,0.47907036778035206,1.2281350535860018,1.795381698816335,0.12126726441273462,-0.3286025523294962,2.2143774096764304,-0.2793305553839406,-0.7958192011560971,-1.464213373793436,0.222983596777103,-0.6000537097666561,0.08092891318939495,0.010099282979975949]",s22g002_5583760045093e4d,0.03119055580415824,0.03570869863340659,0.10347644498126993,0.03968519347194133,0.07444964328464043,,,,,True,,11,-0.028184615999999996,0.0299523964,724.5384000000013,0.04112807592351226,0.0299523964,1.3709358641170755,0.5817437020072838,0.7819410457617871,0.023458231372853616,1,0.6280101555085302,0.0,-0.3441332378223096,0,0,0,0,1,1,True,True,True,True,10000.0,True,1.0,1.0,0.25,0.02801753115027343,0.03091673053731131,0.04172321031360434,0.03568425676110867,0.6494429857122863,0.09997249852802083,0.10800046650767692,0.4146,275.6370687484741,1,True,True,0.25,2,1,1,True,True,1.0,10,10,1,True,True,1.0,10,10,3,POSITION_40MM_SPEED_FAIL,False,False,0.5263383360324403,8555.450460815337,1008555.4504608153,0.002008180101149412,0.00640074643404601,0.6666666666666666,0.46858192229719126,0.26152356117378345,0.07340338000244225,3000031.313223453,31.313223452585788,"[0.0310652978,0.0301188669,0.0299523964]",0.0310652978,0.0303788537,0.0299523964,0.028184615999999996,0.0310652978,0.03550992666666675,0.0,0.08000466507676918,0.0,0.08000466507676918,0.11551459174343592,0.08753114489093616,5.3944412737156116,1008555.4504608153,94
Stage2.2,2,s22g002_b7a7e1c1c095b0ec,59,corner_local_0091,corner_local,2.9058808270120244,127.02431831601359,"[2.4156833455235933,1.2134774513649513,0.47907036778035206,1.2177723933055489,1.8662165877863954,0.10991018521585971,-0.24594260332873735,2.336961321184123,-0.2937846758707263,-0.8976966580320562,-1.3443271227125138,0.19491895485515046,-0.5257238410213431,-0.025861153984487704,0.03695193704897336]",s22g002_b7a7e1c1c095b0ec,0.031115686911658103,0.03585924563172163,0.11206804586142942,0.12068045861429422,0.15787002233623104,,,,,True,,11,-0.027557567999999977,0.0300128394,727.4500000000007,0.040745430209102165,0.0300128394,1.358181006970072,0.5817437020072838,0.7819410457617871,0.023458231372853616,1,0.6280101555085302,0.0,-0.3441332378223096,0,0,0,0,1,1,True,False,True,False,10000.0,True,1.0,1.0,0.0,0.027664227946924153,0.030994197332159135,0.04154455170253014,0.019685347665662687,0.649490957871984,0.09729132800283104,0.108384458352724,0.4144,277.4128842353821,1,True,False,0.0,2,0,1,True,True,1.0,10,10,1,True,True,1.0,10,10,3,POSITION_40MM_SPEED_FAIL,False,False,0.5307451700923319,8970.541015852476,1008970.5410158525,0.0022051191831336725,0.007029914186856307,1.0,0.4665329452467928,0.25343553940514785,0.09596903287924893,3000039.411215857,39.41121585707135,"[0.0311485821,0.0301827053,0.0300128394]",0.0311485821,0.03044804226666667,0.0300128394,0.027659674999999995,0.0311485821,0.03828607000000006,0.0,0.08384458352723989,0.0,0.08384458352723989,0.12213065352723995,0.09217232417000892,5.387724849466037,1008970.5410158525,95
Stage2.2,2,s22g002_b1db56002a34c99e,92,random_corner_parent_30_0022,random_local,2.9095805370701093,169.3883889189321,"[2.4156833455235933,1.2134774513649513,0.47907036778035206,1.280423790477453,1.9250695079369922,0.10304080503885259,-0.2666347533474003,2.0739196811270904,-0.3346879299280494,-0.8508298167140238,-1.2180357020582167,0.16756855039718344,-0.46593120403296345,-0.19006951704898273,0.05061325037109837]",s22g002_b1db56002a34c99e,0.030978986728607896,0.04683820760925135,0.11615903629571324,0.16159036295713225,0.19422325391072892,,,,,True,,11,-0.027863046000000002,0.0298797316,742.2609000000011,0.0408552039878172,0.0298797316,1.3618401329272403,0.5817437020072838,0.7819410457617871,0.023458231372853616,1,0.6280101555085302,0.0,-0.3441332378223096,0,0,0,0,1,1,True,True,True,True,10000.0,True,1.0,1.0,0.25,0.027870921526834902,0.030940795530003954,0.04164277962365747,0.030063174789639758,0.649494132054754,0.10064872905599043,0.10966565546686685,0.41445,274.0703458786011,1,True,True,0.25,2,1,1,True,True,1.0,10,10,1,True,True,1.0,10,10,3,POSITION_40MM_SPEED_FAIL,False,False,0.5294809332050321,10312.223196502542,1010312.2231965025,0.002168479341670027,0.009342489560417284,0.6666666666666666,0.4597455082409118,0.23987713007360206,0.06421264086475405,3000031.41851288,31.41851288000433,"[0.0311307212,0.0301296851,0.0298797316]",0.0311307212,0.030380045966666668,0.0298797316,0.027863046000000002,0.0311307212,0.03769070666666674,0.0,0.0966565546686684,0.0,0.0966565546686684,0.13434726133533514,0.1037452597926768,5.433424501761438,1010312.2231965025,96
